index,checkpoint,method,n_tokens,spearman,top10_jaccard,random_floor_spearman,random_floor_top10_jaccard
0,final_quarter,Semantic,70,0.8523313795818388,0.5555555555555556,-0.009168051788994838,0.05064102564102563
0,final_quarter,Temperature,70,0.8955821887848832,0.5555555555555556,-0.02027819088443706,0.05064102564102564
0,final_quarter,Fisher,70,0.7501880850319307,0.2727272727272727,-0.024340827574140494,0.05576923076923076
4,final_quarter,Semantic,85,0.8210084033613446,0.6363636363636364,0.009550517881571236,0.05404411764705882
4,final_quarter,Temperature,85,0.9033027164354113,0.5,-0.026464725425053744,0.05183823529411765
4,final_quarter,Fisher,85,0.8919288645690834,0.8,-0.01540355677154583,0.05220588235294118
8,final_quarter,Semantic,76,0.7436773752563227,0.45454545454545453,-0.003298701298701302,0.048095238095238094
8,final_quarter,Temperature,76,0.6954477101845523,0.6,-0.015238550922761449,0.06963369963369963
8,final_quarter,Fisher,76,0.7186329460013671,0.45454545454545453,-0.010114832535885169,0.07010989010989012
14,final_quarter,Semantic,68,0.8078787647440545,0.5555555555555556,0.0020899339619040364,0.06794871794871794
14,final_quarter,Temperature,68,0.7429094934534488,0.5555555555555556,-0.014820399282360572,0.052564102564102565
14,final_quarter,Fisher,68,0.7889071267702407,0.4,0.05304424170706569,0.04679487179487179
20,final_quarter,Semantic,78,0.5698984559744054,0.45454545454545453,-0.004841993449588383,0.04428571428571428
20,final_quarter,Temperature,78,0.8947128820546542,0.7777777777777778,-0.019658822190467756,0.06809523809523808
20,final_quarter,Fisher,78,0.8484300509616965,0.7777777777777778,-0.03483984370060318,0.0545054945054945
22,final_quarter,Semantic,74,0.8562014068863382,0.3333333333333333,0.016861902998889296,0.062380952380952384
22,final_quarter,Temperature,74,0.7456645686782671,0.6,0.03415327656423546,0.06355311355311355
22,final_quarter,Fisher,74,0.6372898926323582,0.23076923076923078,0.05693446871529062,0.06523809523809523
23,final_quarter,Semantic,71,0.838262910798122,0.45454545454545453,-0.0028755868544600985,0.05963369963369962
23,final_quarter,Temperature,71,0.8683433936955063,0.6,0.005538229376257543,0.06677655677655678
23,final_quarter,Fisher,71,0.8741784037558683,0.7777777777777778,-0.01521797451374916,0.07677655677655677
24,final_quarter,Semantic,81,0.8635049683830172,0.8,-0.022820686540198736,0.06014705882352941
24,final_quarter,Temperature,81,0.7249322493224931,0.6363636363636364,-0.043693541102077675,0.060661764705882346
24,final_quarter,Fisher,81,0.7634823848238482,0.8,0.017663730803974705,0.06808823529411764
26,final_quarter,Semantic,90,0.8254763962629131,0.5,0.005680536691772646,0.05441176470588236
26,final_quarter,Temperature,90,0.8290817796435773,0.5,-0.025047536732929986,0.04566176470588235
26,final_quarter,Fisher,90,0.8950981602666995,0.38461538461538464,0.020876651438449193,0.05485294117647059
29,final_quarter,Semantic,71,0.8528169014084507,0.6,-0.006495640509725019,0.04095238095238095
29,final_quarter,Temperature,71,0.9431254191817571,0.6,0.01719483568075117,0.054285714285714284
29,final_quarter,Fisher,71,0.8733400402414487,0.7777777777777778,-0.009398054996646544,0.06058608058608058
32,final_quarter,Semantic,103,0.5275007687914599,0.375,0.021547577208628037,0.06567251461988306
32,final_quarter,Temperature,103,0.7349756183279885,0.375,0.005486974476123534,0.06035087719298247
32,final_quarter,Fisher,103,0.6771295523437157,0.375,-0.02515979879629223,0.06329156223893066
34,final_quarter,Semantic,91,0.7545309762701068,0.3333333333333333,0.0010089186176142715,0.07003783969728242
34,final_quarter,Temperature,91,0.8767638158942507,0.42857142857142855,-0.002974996018474284,0.046250429996560025
34,final_quarter,Fisher,91,0.8628921802834848,0.42857142857142855,0.012576047141264538,0.057705538355693156
37,final_quarter,Semantic,65,0.8268356643356644,0.4,-0.04073863636363636,0.03974358974358974
37,final_quarter,Temperature,65,0.8771416083916084,0.5555555555555556,0.007915209790209788,0.05641025641025641
37,final_quarter,Fisher,65,0.9283653846153845,0.4,-0.00629589160839161,0.05641025641025641
43,final_quarter,Semantic,93,0.814702634955686,0.5384615384615384,0.04543731908925427,0.05730994152046783
43,final_quarter,Temperature,93,0.8241323744442122,0.6666666666666666,0.009605801080242306,0.04712762297901617
43,final_quarter,Fisher,93,0.790427023962281,0.5384615384615384,0.015016710930739158,0.06578947368421052
46,final_quarter,Semantic,65,0.919798951048951,0.4,0.036824737762237755,0.05128205128205129
46,final_quarter,Temperature,65,0.8470279720279721,0.2727272727272727,-0.020804195804195798,0.06474358974358975
46,final_quarter,Fisher,65,0.91875,0.5555555555555556,-0.029628496503496506,0.05576923076923077
47,final_quarter,Semantic,57,0.6558205859476277,0.5,-0.023039279232564176,0.038181818181818185
47,final_quarter,Temperature,57,0.778714026445424,0.3333333333333333,0.009210526315789478,0.07636363636363636
47,final_quarter,Fisher,57,0.7505833549390719,0.5,-0.024766658024371273,0.04181818181818182
49,final_quarter,Semantic,73,0.8674256448229052,0.45454545454545453,0.024365975564605707,0.06619047619047619
49,final_quarter,Temperature,73,0.9150623225965693,0.7777777777777778,0.018988337652721222,0.07985347985347985
49,final_quarter,Fisher,73,0.700543008762187,0.14285714285714285,-0.029524558805380723,0.03428571428571429
50,final_quarter,Semantic,79,0.856572541382668,1.0,0.02428919182083739,0.030952380952380953
50,final_quarter,Temperature,79,0.8195959104186953,1.0,-0.0031365628042843265,0.05582417582417583
50,final_quarter,Fisher,79,0.8438412852969815,1.0,0.024330574488802333,0.0787912087912088
51,final_quarter,Semantic,60,0.7699360933592667,0.3333333333333333,0.006079466518477355,0.05727272727272727
51,final_quarter,Temperature,60,0.8836899138649627,0.5,-0.04876910252848013,0.034848484848484844
51,final_quarter,Fisher,60,0.8462350652959159,0.7142857142857143,0.047463184217838295,0.05545454545454546
53,final_quarter,Semantic,79,0.891333982473223,0.45454545454545453,0.035704722492697176,0.03809523809523809
53,final_quarter,Temperature,79,0.8818889970788706,0.23076923076923078,-0.03485516066212269,0.04201465201465201
53,final_quarter,Fisher,79,0.8879990262901656,0.3333333333333333,0.008481012658227849,0.048095238095238094
60,final_quarter,Semantic,75,0.9407681365576103,0.7777777777777778,0.021977240398293026,0.07010989010989009
60,final_quarter,Temperature,75,0.8900426742532005,0.7777777777777778,0.010371266002844954,0.05857142857142857
60,final_quarter,Fisher,75,0.9273399715504979,0.7777777777777778,0.04158748221906117,0.0657142857142857
61,final_quarter,Semantic,82,0.6833295240582928,0.5,0.03306341898760354,0.06227941176470588
61,final_quarter,Temperature,82,0.8344597903810365,0.38461538461538464,0.011216682447948979,0.06485294117647059
61,final_quarter,Fisher,82,0.7506992740610138,0.2857142857142857,0.022533494411249334,0.04852941176470589
64,final_quarter,Semantic,63,0.7771217357910907,0.75,-0.020638920890937017,0.05641025641025641
64,final_quarter,Temperature,63,0.8829205069124423,0.4,0.036285522273425505,0.046794871794871795
64,final_quarter,Fisher,63,0.7835541474654377,0.4,0.0169786866359447,0.07307692307692308
75,final_quarter,Semantic,160,0.804570491034806,0.8823529411764706,-0.0069972459861713295,0.05186132740081571
75,final_quarter,Temperature,160,0.8476561584436891,0.8823529411764706,0.00016011367631548027,0.04808676307007786
75,final_quarter,Fisher,160,0.7806926051798899,0.8823529411764706,-0.014616488925348647,0.039938556067588324
79,final_quarter,Semantic,57,0.8285584651283382,0.3333333333333333,0.04690173710137414,0.07909090909090907
79,final_quarter,Temperature,57,0.8505963183821624,0.7142857142857143,-0.012253694581280792,0.052727272727272734
79,final_quarter,Fisher,57,0.7738527352864921,0.3333333333333333,0.05877949183303086,0.0809090909090909
80,final_quarter,Semantic,84,0.5885187810063784,0.5,-0.003259086767237019,0.05522058823529412
80,final_quarter,Temperature,84,0.7419256859370255,0.6363636363636364,-0.014074111572339782,0.05772058823529412
80,final_quarter,Fisher,84,0.5836387567075022,0.6363636363636364,0.023615470284499344,0.05147058823529412
81,final_quarter,Semantic,93,0.7768046313150905,0.5384615384615384,-0.014184894512249704,0.054437564499484004
81,final_quarter,Temperature,93,0.8336068753543612,0.8181818181818182,-0.019269045984900483,0.04712762297901617
81,final_quarter,Fisher,93,0.7698218495419414,0.6666666666666666,0.005393751305541461,0.05319487444100447
82,final_quarter,Semantic,59,0.8767387492694332,0.3333333333333333,-0.006043249561659846,0.038181818181818185
82,final_quarter,Temperature,59,0.9115137346580947,0.5,-0.001843950905902982,0.1196969696969697
82,final_quarter,Fisher,59,0.8954997077732321,0.7142857142857143,-0.0068176504967855074,0.05090909090909092
87,final_quarter,Semantic,91,0.8254021340977863,0.5384615384615384,-0.01085125019907629,0.04327485380116958
87,final_quarter,Temperature,91,0.8362318840579711,0.6666666666666666,-0.03964644051600574,0.05997162022703818
87,final_quarter,Fisher,91,0.8872591176939004,0.5384615384615384,0.006679407548972766,0.061558307533539726
88,final_quarter,Semantic,86,0.8433133638379167,0.5,-0.00014434643143545063,0.05889705882352941
88,final_quarter,Temperature,86,0.8984103023727533,0.5,0.02083117128166423,0.06816176470588235
88,final_quarter,Fisher,86,0.8496910231614698,0.8,0.0021217981980282117,0.06852941176470588
89,final_quarter,Semantic,80,0.7365682137834038,0.3333333333333333,0.008368495077355837,0.037142857142857144
89,final_quarter,Temperature,80,0.9031645569620255,0.45454545454545453,0.006101734646038444,0.0676190476190476
89,final_quarter,Fisher,80,0.8697843413033287,0.3333333333333333,0.052046413502109715,0.07058608058608058
93,final_quarter,Semantic,88,0.8805607410799199,0.5,-0.002083406713395095,0.06441176470588236
93,final_quarter,Temperature,88,0.8791870663238351,0.6363636363636364,0.018482969955267516,0.04852941176470589
93,final_quarter,Fisher,88,0.7464865626430912,0.38461538461538464,-0.006131344440139487,0.03977941176470588
94,final_quarter,Semantic,62,0.7787514794389464,0.2727272727272727,0.025909697564906454,0.04807692307692308
94,final_quarter,Temperature,62,0.8556067588325652,0.5555555555555556,0.01443176953488958,0.03910256410256411
94,final_quarter,Fisher,62,0.8650751680894462,0.75,0.03492231371660245,0.09137529137529138
96,final_quarter,Semantic,183,0.7971380009868962,0.6521739130434783,-0.011618842668379373,0.05144570850453204
96,final_quarter,Temperature,183,0.9165328612940874,0.7272727272727273,-0.003293472386487354,0.05536048653695712
96,final_quarter,Fisher,183,0.8352137883499253,0.5833333333333334,-0.030002819703461192,0.061652775770422816
99,final_quarter,Semantic,117,0.8455618996238516,0.6,-0.030805571790375998,0.07154714850367024
99,final_quarter,Temperature,117,0.8704311468776693,0.6,-0.018792054429108786,0.05375494071146245
99,final_quarter,Fisher,117,0.8071303331385155,0.3333333333333333,-0.0017095265926358877,0.035770750988142294
101,final_quarter,Semantic,174,0.911380164583274,0.8,0.008595802841766564,0.04745798319327731
101,final_quarter,Temperature,174,0.7888595916740225,0.8,-0.024986588456391127,0.06533246876463193
101,final_quarter,Fisher,174,0.9019448161963608,0.7142857142857143,-0.004746376605256415,0.04987299465240642
102,final_quarter,Semantic,101,0.7194641817122888,0.5714285714285714,0.006676761793826438,0.0493233082706767
102,final_quarter,Temperature,101,0.8271869539895165,0.8333333333333334,-0.01899068142108328,0.056134453781512605
102,final_quarter,Fisher,101,0.7674432149097262,0.5714285714285714,-0.00466394874781596,0.05265664160401003
106,final_quarter,Semantic,104,0.6775525445428359,0.5714285714285714,0.032460258188413534,0.07796992481203009
106,final_quarter,Temperature,104,0.5268430598527687,0.4666666666666667,-0.005743625306732101,0.0635672514619883
106,final_quarter,Fisher,104,0.7008321775312067,0.6923076923076923,0.01710711618478609,0.06796992481203008
107,final_quarter,Semantic,124,0.8264547600314712,0.625,0.003543981117230527,0.05171014492753623
107,final_quarter,Temperature,124,0.7582313139260424,0.625,-0.03160566483084186,0.05011264822134387
107,final_quarter,Fisher,124,0.73454602675059,0.4444444444444444,-0.011079150275373718,0.03466666666666667
108,final_quarter,Semantic,190,0.7900667900116785,0.46153846153846156,-0.00437971018296177,0.045883740883740885
108,final_quarter,Temperature,190,0.8192916847091551,0.6521739130434783,0.007643016791542552,0.05111891111891111
108,final_quarter,Fisher,190,0.8767074754950205,0.8095238095238095,-0.005638266696409435,0.040981780099427156
109,final_quarter,Semantic,75,0.8860028449502133,0.3333333333333333,0.014652916073968703,0.07890109890109889
109,final_quarter,Temperature,75,0.9000853485064012,0.6,-0.015972972972972968,0.058571428571428566
109,final_quarter,Fisher,75,0.9116927453769559,0.45454545454545453,-0.01271977240398293,0.058681318681318685
110,final_quarter,Semantic,90,0.8505988393628842,0.5,0.008108820018932377,0.0474264705882353
110,final_quarter,Temperature,90,0.9074289006873276,0.6363636363636364,0.01432440218957073,0.06227941176470588
110,final_quarter,Fisher,90,0.7294810058855002,0.6363636363636364,-0.009593777009507346,0.04558823529411765
115,final_quarter,Semantic,87,0.8102901509076328,0.5,-0.04212655828533935,0.058529411764705885
115,final_quarter,Temperature,87,0.9092184880075818,0.8,-0.034259495516512355,0.0636029411764706
115,final_quarter,Fisher,87,0.8647845738864182,0.38461538461538464,0.02847288036742728,0.06029411764705883
120,final_quarter,Semantic,85,0.7612468243111197,0.6363636363636364,-0.003477623607582569,0.061911764705882354
120,final_quarter,Temperature,85,0.7832323627125268,0.8,0.02282587453586086,0.05926470588235294
120,final_quarter,Fisher,85,0.7334180183701389,0.38461538461538464,-0.024657025600938052,0.05558823529411765
121,final_quarter,Semantic,70,0.737905695039804,0.4,-0.04468900358673781,0.07231934731934732
121,final_quarter,Temperature,70,0.8739567841833612,0.5555555555555556,-0.017127110489021085,0.04294871794871794
121,final_quarter,Fisher,70,0.7937888198757764,0.16666666666666666,0.0009955384480797801,0.06346153846153847
122,final_quarter,Semantic,88,0.6989715050544189,0.38461538461538464,0.01882726920502976,0.05676470588235294
122,final_quarter,Temperature,88,0.7599239195519708,1.0,-0.005284245007220599,0.052647058823529415
122,final_quarter,Fisher,88,0.8648515374590542,0.6363636363636364,0.02223151703004473,0.044852941176470595
123,final_quarter,Semantic,83,0.7646614331892028,0.5,0.004052096889299354,0.0731827731092437
123,final_quarter,Temperature,83,0.7783678267075269,0.6363636363636364,0.016329079383737035,0.0795063025210084
123,final_quarter,Fisher,83,0.5774316779312371,0.2857142857142857,-0.02414466227278452,0.042279411764705885
129,final_quarter,Semantic,121,0.6718398590976831,0.3,0.03387786207830916,0.06713438735177865
129,final_quarter,Temperature,121,0.8126270153095784,0.4444444444444444,-0.017434968161495725,0.0435909090909091
129,final_quarter,Fisher,121,0.7752675789188456,0.5294117647058824,0.003624847581628504,0.05734453227931489
133,final_quarter,Semantic,59,0.7174751607247225,0.5,-0.006668614845119815,0.0609090909090909
133,final_quarter,Temperature,59,0.8715955581531268,0.7142857142857143,-0.05306838106370544,0.05181818181818182
133,final_quarter,Fisher,59,0.7831092928112217,0.7142857142857143,-0.023717124488603164,0.057272727272727274
135,final_quarter,Semantic,145,0.7512124074948827,0.5789473684210527,0.006157298063297118,0.06252736726874658
135,final_quarter,Temperature,145,0.8185443237285467,0.5789473684210527,-0.024271374586679263,0.049521072796934865
135,final_quarter,Fisher,145,0.8423319162336639,0.6666666666666666,0.0005821917808219192,0.07513620479137721
140,final_quarter,Semantic,85,0.6229040453390658,0.38461538461538464,-0.006371897596247794,0.06656512605042017
140,final_quarter,Temperature,85,0.7837600156341605,0.6363636363636364,0.018065272620676177,0.03389705882352941
140,final_quarter,Fisher,85,0.6763728747312879,0.2,0.011565370334180182,0.07127100840336134
143,final_quarter,Semantic,181,0.8504300487725903,0.5833333333333334,-0.016898083500293443,0.06167359490888903
143,final_quarter,Temperature,181,0.8062109161556674,0.7272727272727273,-0.013978204116325657,0.06061091266973621
143,final_quarter,Fisher,181,0.749998988120535,0.7272727272727273,0.00013457996883411218,0.06769873244137949
146,final_quarter,Semantic,100,0.8161416141614162,0.42857142857142855,0.011017101710171012,0.045906432748538006
146,final_quarter,Temperature,100,0.8820762076207619,0.6666666666666666,0.048323432343234315,0.06396198830409358
146,final_quarter,Fisher,100,0.7876867686768676,0.42857142857142855,0.005741974197419739,0.05829033367733059
148,final_quarter,Semantic,57,0.8014648690692249,0.5,0.044393310863365315,0.07999999999999999
148,final_quarter,Temperature,57,0.8217526575058337,0.7142857142857143,0.01994749805548354,0.04818181818181818
148,final_quarter,Fisher,57,0.8426886180969666,0.7142857142857143,0.019127560280010374,0.06999999999999999
149,final_quarter,Semantic,84,0.8410651007390909,0.5,-0.032825756808747594,0.06441176470588236
149,final_quarter,Temperature,84,0.82363065708211,0.5,-0.05840133643818972,0.0773529411764706
149,final_quarter,Fisher,84,0.8340184266477676,0.38461538461538464,-0.007110458641287835,0.03566176470588235
152,final_quarter,Semantic,180,0.7397841497165549,0.44,0.03901540170992932,0.05510408708938121
152,final_quarter,Temperature,180,0.8577486959474058,0.8,-0.03640719363766372,0.050490832696715046
152,final_quarter,Fisher,180,0.8339598958815602,0.6363636363636364,0.01948218566416659,0.05431054239877768
153,final_quarter,Semantic,66,0.8132136520196224,0.5555555555555556,0.004673833629057514,0.06346153846153847
153,final_quarter,Temperature,66,0.842605156037992,0.5555555555555556,0.024665483769961388,0.04358974358974359
153,final_quarter,Fisher,66,0.7298403089447866,0.5555555555555556,0.0097317607765369,0.055128205128205134
154,final_quarter,Semantic,77,0.9360113570639886,0.6,-0.013546979336453015,0.04868131868131868
154,final_quarter,Temperature,77,0.8963405016036594,0.6,0.0346259004153741,0.06952380952380952
154,final_quarter,Fisher,77,0.9254692675745307,0.45454545454545453,-0.017603449182396553,0.10058608058608058
158,final_quarter,Semantic,65,0.8204108391608391,0.5555555555555556,-0.03352928321678322,0.054195804195804186
158,final_quarter,Temperature,65,0.8289335664335664,0.16666666666666666,0.020533216783216783,0.05192307692307692
158,final_quarter,Fisher,65,0.8764423076923078,0.2727272727272727,-0.004285402097902087,0.04294871794871794
165,final_quarter,Semantic,61,0.829032258064516,0.75,0.005666314119513484,0.07564102564102564
165,final_quarter,Temperature,61,0.7236382866208354,0.75,-0.004087784241142249,0.07534965034965034
165,final_quarter,Fisher,61,0.8264939185616076,0.75,0.010309360126916975,0.06620046620046618
168,final_quarter,Semantic,79,0.7003407984420643,0.3333333333333333,0.031761197663096395,0.07615384615384616
168,final_quarter,Temperature,79,0.871178188899708,0.6,-0.0038096397273612486,0.047619047619047616
168,final_quarter,Fisher,79,0.6749026290165531,0.45454545454545453,0.047947906523855895,0.06391941391941391
171,final_quarter,Semantic,61,0.8783712321523002,0.5555555555555556,0.0056478053939714445,0.0747086247086247
171,final_quarter,Temperature,61,0.7704389212057112,0.5555555555555556,0.00020359598096245796,0.06491841491841492
171,final_quarter,Fisher,61,0.686832363828662,0.5555555555555556,-0.009843997884717084,0.05337995337995338
173,final_quarter,Semantic,147,0.860592070963891,0.5789473684210527,-0.0028972640518628774,0.05028735632183908
173,final_quarter,Temperature,147,0.907785476278627,0.7647058823529411,0.011529743330134717,0.06698349543177129
173,final_quarter,Fisher,147,0.8930592599868529,0.5789473684210527,-0.0032019509025379865,0.05060629026146267
174,final_quarter,Semantic,75,0.814736842105263,0.3333333333333333,-0.017682788051209104,0.04582417582417582
174,final_quarter,Temperature,75,0.9118634423897581,0.45454545454545453,0.0737041251778094,0.055714285714285716
174,final_quarter,Fisher,75,0.8633285917496443,0.45454545454545453,-0.028937411095305836,0.0783150183150183
175,final_quarter,Semantic,62,0.8454836191483468,0.75,-0.003341643373372616,0.07179487179487179
175,final_quarter,Temperature,62,0.9066757321648914,1.0,0.0030243509355090516,0.06410256410256411
175,final_quarter,Fisher,62,0.7587066555866132,0.16666666666666666,-0.024431517715494455,0.06794871794871796
179,final_quarter,Semantic,60,0.850347318699639,0.3333333333333333,-0.002909141428174495,0.06545454545454546
179,final_quarter,Temperature,60,0.8768546818560713,0.7142857142857143,-0.03716587941094749,0.07181818181818181
179,final_quarter,Fisher,60,0.9288135593220339,0.5,0.03240622395109753,0.04818181818181818
180,final_quarter,Semantic,117,0.873435837491945,0.7142857142857143,0.02257301922702273,0.06113079140539095
180,final_quarter,Temperature,117,0.7247973145109322,0.5,-0.0015825203434788452,0.07225861095426311
180,final_quarter,Fisher,117,0.8221238142336914,0.7142857142857143,-0.0019170825278364695,0.08184790038336948
188,final_quarter,Semantic,114,0.7712237500253135,0.8461538461538461,0.013612928049249712,0.052653867871259176
188,final_quarter,Temperature,114,0.7615763147769385,0.8461538461538461,-0.009967801381097994,0.07174477696216827
188,final_quarter,Fisher,114,0.7455782588444949,0.8461538461538461,-0.019792632793989594,0.05417843026538679
190,final_quarter,Semantic,87,0.7838630895968505,0.38461538461538464,-0.02034154698549245,0.06325630252100842
190,final_quarter,Temperature,87,0.8519173288619959,0.6363636363636364,0.00947273456295108,0.0773529411764706
190,final_quarter,Fisher,87,0.8262557410512501,0.5,-0.02383629802434934,0.05154411764705882
192,final_quarter,Semantic,84,0.8141540953730889,0.5,-0.020739090817049714,0.04933823529411765
192,final_quarter,Temperature,84,0.7380176166852284,0.38461538461538464,-0.01361040801862913,0.058529411764705885
192,final_quarter,Fisher,84,0.8257365596841147,0.6363636363636364,0.008908575478384124,0.04566176470588236
193,final_quarter,Semantic,53,0.7901144976616675,0.3333333333333333,0.008309143686502169,0.0609090909090909
193,final_quarter,Temperature,53,0.8899371069182389,0.5,0.015594258990485405,0.05636363636363636
193,final_quarter,Fisher,53,0.7620545073375261,0.09090909090909091,-0.012868892114175131,0.061818181818181814
195,final_quarter,Semantic,55,0.7497113997114,0.3333333333333333,-0.00305555555555556,0.05636363636363636
195,final_quarter,Temperature,55,0.762842712842713,0.3333333333333333,0.009310966810966805,0.07181818181818181
195,final_quarter,Fisher,55,0.7507215007215008,0.3333333333333333,-0.0383874458874459,0.045454545454545456
196,final_quarter,Semantic,97,0.8816010940458656,0.6666666666666666,-0.02455357142857143,0.06652906776745784
196,final_quarter,Temperature,97,0.8356958762886597,0.8181818181818182,0.007424915842625714,0.052098383212934286
196,final_quarter,Fisher,97,0.8566957710919418,0.6666666666666666,0.024728460972017675,0.0632610939112487
199,final_quarter,Semantic,134,0.9577500966346214,0.6470588235294118,-0.016271773962268858,0.054860398860398854
199,final_quarter,Temperature,134,0.8975298943877107,0.6470588235294118,-0.007577151834810914,0.062071225071225054
199,final_quarter,Fisher,134,0.883898801730695,0.75,0.029675432361999533,0.059150997150997156
201,final_quarter,Semantic,215,0.7939747397908666,0.6923076923076923,0.010981489531261318,0.040832725603003536
201,final_quarter,Temperature,215,0.8844997464319352,0.6296296296296297,0.02239036199859934,0.05827350565864463
201,final_quarter,Fisher,215,0.8395831823999613,0.6923076923076923,-0.007214796300321185,0.06455107610524514
202,final_quarter,Semantic,140,0.8818000918414206,0.3333333333333333,-0.005408584986114447,0.04403418803418803
202,final_quarter,Temperature,140,0.8674028558308371,0.5555555555555556,0.006747064354595352,0.06374358974358973
202,final_quarter,Fisher,140,0.9358378342918372,0.6470588235294118,0.007750322538321926,0.07002849002849001
205,final_quarter,Semantic,102,0.7807080536723005,0.5714285714285714,0.02792180988515756,0.1085171261487051
205,final_quarter,Temperature,102,0.9054684451883224,0.8333333333333334,-0.009556066971631486,0.05031328320802005
205,final_quarter,Fisher,102,0.829404413885135,0.4666666666666667,0.015895301694646907,0.08454297508477077
207,final_quarter,Semantic,173,0.84713138121086,0.44,0.0006885890298566281,0.04895435446906035
207,final_quarter,Temperature,173,0.7920998836513994,0.38461538461538464,-0.003614223268793082,0.04013082505729564
207,final_quarter,Fisher,173,0.7899560100310109,0.5,-0.0011739156634883257,0.06647742674782522
210,final_quarter,Semantic,66,0.8903663500678427,0.5555555555555556,0.04126917858261143,0.06107226107226107
210,final_quarter,Temperature,66,0.9549107608809103,0.75,0.08077653689593989,0.06491841491841492
210,final_quarter,Fisher,66,0.886400166997182,0.2727272727272727,-0.02102703266882372,0.03461538461538462
211,final_quarter,Semantic,71,0.78859825620389,0.45454545454545453,0.0029795439302481557,0.07285714285714286
211,final_quarter,Temperature,71,0.7562374245472836,0.7777777777777778,0.050326961770623735,0.07296703296703297
211,final_quarter,Fisher,71,0.7977531857813547,0.6,-0.026277665995975856,0.04915750915750915
212,final_quarter,Semantic,187,0.8686573025666248,0.46153846153846156,-0.0004773195233044214,0.06249905367552426
212,final_quarter,Temperature,187,0.8973331767348481,0.5833333333333334,-0.019558447326019694,0.05822859528741882
212,final_quarter,Fisher,187,0.7898839825441627,0.46153846153846156,0.002023790735486808,0.0608000858000858
213,final_quarter,Semantic,135,0.8203492342210518,0.3333333333333333,0.018580138523070923,0.06021937321937321
213,final_quarter,Temperature,135,0.7877963125548728,0.47368421052631576,-0.0057194420056579836,0.06525356125356126
213,final_quarter,Fisher,135,0.8193639644912692,0.47368421052631576,-0.012074431762754854,0.04789743589743589
221,final_quarter,Semantic,87,0.8766311875774586,0.8,-0.0073412553765400635,0.05154411764705883
221,final_quarter,Temperature,87,0.8720930232558138,0.8,-0.06443555442152074,0.04272058823529412
221,final_quarter,Fisher,87,0.7867427280017496,0.5,-0.01612870890136327,0.04933823529411765
225,final_quarter,Semantic,58,0.8388753883539944,0.2,-0.008034698083607617,0.05636363636363636
225,final_quarter,Temperature,58,0.8746193361838261,0.3333333333333333,0.03182195699652404,0.055454545454545444
225,final_quarter,Fisher,58,0.7742778922759852,0.2,-0.023332000369128553,0.061818181818181814
231,final_quarter,Semantic,145,0.8950165328294756,0.42857142857142855,-0.022687372067390965,0.03758894362342638
231,final_quarter,Temperature,145,0.9013777357896394,0.5789473684210527,0.016485986458825375,0.050193676055745005
231,final_quarter,Fisher,145,0.9185010234608721,0.5789473684210527,-0.0022980632971185654,0.048332701780977635
233,final_quarter,Semantic,93,0.804616394616693,0.42857142857142855,0.00266554265763481,0.06642586859305126
233,final_quarter,Temperature,93,0.9110888961833428,0.5384615384615384,0.027057533347259112,0.06815875472996216
233,final_quarter,Fisher,93,0.857986929664886,0.6666666666666666,-0.0035003431708991056,0.04683522531819745
234,final_quarter,Semantic,73,0.885474515611502,0.45454545454545453,0.01720196223620881,0.06857142857142856
234,final_quarter,Temperature,73,0.8788411699370605,0.6,0.03012001727755153,0.0482051282051282
234,final_quarter,Fisher,73,0.5986980130815748,0.3333333333333333,-0.011139392817475011,0.0519047619047619
235,final_quarter,Semantic,67,0.9538670284938944,1.0,0.05462726474578977,0.08094405594405593
235,final_quarter,Temperature,67,0.8706600686407535,0.75,-0.012644664378641552,0.05256410256410256
235,final_quarter,Fisher,67,0.8827520153244476,0.5555555555555556,-0.0029511533242876494,0.06346153846153846
236,final_quarter,Semantic,73,0.8665000617055413,0.7777777777777778,-0.0014701345180797253,0.0663003663003663
236,final_quarter,Temperature,73,0.7634209552017772,0.45454545454545453,-0.024745464642724913,0.05523809523809523
236,final_quarter,Fisher,73,0.8324386029865483,0.6,-0.01577347895841047,0.06736263736263735
238,final_quarter,Semantic,65,0.7623251748251748,0.2727272727272727,-0.023323863636363632,0.06491841491841491
238,final_quarter,Temperature,65,0.8747377622377621,0.5555555555555556,0.008468094405594406,0.07628205128205129
238,final_quarter,Fisher,65,0.8018356643356643,0.2727272727272727,0.02913461538461538,0.0423076923076923
240,final_quarter,Semantic,55,0.7595959595959598,0.5,-0.021439393939393946,0.061818181818181814
240,final_quarter,Temperature,55,0.8186147186147187,0.5,0.01592352092352093,0.04272727272727273
240,final_quarter,Fisher,55,0.5635642135642138,0.2,-0.014448051948051942,0.07090909090909091
243,final_quarter,Semantic,109,0.8129181725512001,0.29411764705882354,0.020908627560003706,0.049323308270676686
243,final_quarter,Temperature,109,0.9279770178852749,0.5714285714285714,0.02859790566212585,0.050672514619883036
243,final_quarter,Fisher,109,0.8391900657955703,0.4666666666666667,0.037045222870910936,0.05535087719298246
245,final_quarter,Semantic,129,0.7518727638640431,0.5294117647058824,0.0038277057245080528,0.0781304347826087
245,final_quarter,Temperature,129,0.821511627906977,0.625,-0.0001800089445438302,0.054565217391304356
245,final_quarter,Fisher,129,0.7691972271914134,0.5294117647058824,-0.025345483005366737,0.062188405797101456
246,final_quarter,Semantic,142,0.7615839359920871,0.42857142857142855,0.015372880041744294,0.04645593869731801
246,final_quarter,Temperature,142,0.7842499125088278,0.5,-0.04147395906460935,0.04607279693486589
246,final_quarter,Fisher,142,0.9451833752103456,0.5789473684210527,-0.029814895922177915,0.05083680687128962
248,final_quarter,Semantic,113,0.8983881163084704,0.5,-0.002200745225896597,0.05426877470355731
248,final_quarter,Temperature,113,0.8906780224898531,0.7142857142857143,-0.035133325570563576,0.04096555618294749
248,final_quarter,Fisher,113,0.8044114711557656,0.5,0.0014792235012309578,0.06570863918690005
249,final_quarter,Semantic,82,0.895190518170242,0.6363636363636364,-0.03204144491244109,0.08082983193277311
249,final_quarter,Temperature,82,0.7529630717993928,0.38461538461538464,-0.002769887136622372,0.04308823529411765
249,final_quarter,Fisher,82,0.8865053710778071,0.6363636363636364,-0.041677822400713965,0.045294117647058825
250,final_quarter,Semantic,125,0.8394654377880183,0.3684210526315789,-0.011152688172043007,0.06963438735177865
250,final_quarter,Temperature,125,0.8009155145929339,0.4444444444444444,-0.0049207373271889406,0.06565612648221344
250,final_quarter,Fisher,125,0.8758279569892472,0.4444444444444444,0.008328725038402457,0.07474703557312254
251,final_quarter,Semantic,104,0.8471033820548385,0.4666666666666667,0.020878587431985493,0.09481448719838813
251,final_quarter,Temperature,104,0.884455350474768,0.5714285714285714,0.019783953910167504,0.050075187969924814
251,final_quarter,Fisher,104,0.8592339699135817,0.6923076923076923,0.0026944414808492507,0.04146616541353383
252,final_quarter,Semantic,128,0.8720644112799854,0.7333333333333333,0.0340616988646768,0.04823188405797102
252,final_quarter,Temperature,128,0.9229136147225783,0.625,0.017701943325398276,0.05421014492753623
252,final_quarter,Fisher,128,0.9343698498443508,0.625,0.005434558688884819,0.051521739130434785
255,final_quarter,Semantic,65,0.8560314685314686,0.5555555555555556,-0.020087412587412583,0.044405594405594405
255,final_quarter,Temperature,65,0.9465472027972028,0.5555555555555556,0.0028387237762237776,0.06217948717948718
255,final_quarter,Fisher,65,0.8015734265734266,0.5555555555555556,-0.00021634615384615168,0.08927738927738929
259,final_quarter,Semantic,59,0.7406195207481007,0.3333333333333333,0.0037112799532437167,0.06545454545454545
259,final_quarter,Temperature,59,0.8438924605493864,0.5,-0.01613091759205143,0.04636363636363637
259,final_quarter,Fisher,59,0.8139684395090592,0.5,0.05014319111630626,0.0818181818181818
261,final_quarter,Semantic,113,0.8045279127021093,0.2631578947368421,0.008810466431565639,0.051609260304912474
261,final_quarter,Temperature,113,0.9059484995675029,0.6,0.009443409408476947,0.07897797854319592
261,final_quarter,Fisher,113,0.8434609754474683,0.4117647058823529,0.035387417659192226,0.054664031620553354
263,final_quarter,Semantic,92,0.8314812816916605,0.3333333333333333,-0.015280581970624046,0.05736154110767113
263,final_quarter,Temperature,92,0.7561456776043031,0.5384615384615384,-0.003090177704483456,0.06477468180254559
263,final_quarter,Fisher,92,0.7409953300556386,0.42857142857142855,0.011930706040102962,0.060629514963880284
264,final_quarter,Semantic,64,0.8463369963369962,0.4,-0.0009913003663003623,0.04889277389277389
264,final_quarter,Temperature,64,0.8159798534798534,0.2727272727272727,0.006449175824175822,0.05128205128205128
264,final_quarter,Fisher,64,0.7887362637362636,0.16666666666666666,-0.02635302197802198,0.046794871794871795
265,final_quarter,Semantic,112,0.8231028120408652,0.4117647058823529,-0.0005620664912700336,0.05245623941276115
265,final_quarter,Temperature,112,0.9173813510096697,0.8461538461538461,0.007710903064885364,0.047882552230378315
265,final_quarter,Fisher,112,0.779888611747019,0.7142857142857143,0.010367051628113574,0.06677583286278937
269,final_quarter,Semantic,88,0.798633369729844,0.5,0.03648427318516432,0.05073529411764706
269,final_quarter,Temperature,88,0.6813602902328204,0.8,-0.013350181395512662,0.054485294117647055
269,final_quarter,Fisher,88,0.7636751083089713,0.6363636363636364,0.01154679299778099,0.04602941176470589
271,final_quarter,Semantic,69,0.8715381804895873,0.4,0.020294117647058824,0.035256410256410256
271,final_quarter,Temperature,69,0.8343441724515894,0.5555555555555556,-0.00820606503470954,0.05512820512820512
271,final_quarter,Fisher,69,0.8690171720862258,0.5555555555555556,-0.03524113993423457,0.057226107226107215
272,final_quarter,Semantic,104,0.9232476261602476,0.5714285714285714,0.01394217433052385,0.057969924812030074
272,final_quarter,Temperature,104,0.883495145631068,0.5714285714285714,0.024448949109143293,0.046942355889724306
272,final_quarter,Fisher,104,0.9226928411394432,0.5714285714285714,-0.0273130267790462,0.06440267335004177
278,final_quarter,Semantic,55,0.7513708513708516,1.0,-0.014531024531024533,0.07848484848484848
278,final_quarter,Temperature,55,0.8108225108225109,0.7142857142857143,-0.00961038961038961,0.05484848484848485
278,final_quarter,Fisher,55,0.7707792207792209,0.7142857142857143,0.01738816738816739,0.07303030303030303
279,final_quarter,Semantic,65,0.7331293706293706,0.5555555555555556,-0.00673951048951049,0.058508158508158506
279,final_quarter,Temperature,65,0.9226398601398602,0.75,0.027298951048951046,0.06555944055944055
279,final_quarter,Fisher,65,0.826486013986014,0.75,0.017012674825174826,0.06794871794871794
280,final_quarter,Semantic,148,0.7522923553604283,0.5,-0.025136134627985064,0.04090038314176245
280,final_quarter,Temperature,148,0.8434609105750046,0.42857142857142855,0.009334337761950418,0.03590796177003073
280,final_quarter,Fisher,148,0.888486212551409,0.42857142857142855,-0.0103538204688732,0.06045366510883752
281,final_quarter,Semantic,80,0.8326066572902016,0.3333333333333333,0.02916549460853259,0.06677655677655678
281,final_quarter,Temperature,80,0.8379043600562589,0.45454545454545453,-0.0032911392405063334,0.04428571428571428
281,final_quarter,Fisher,80,0.8498827941865917,0.23076923076923078,-0.016905766526019696,0.056776556776556776
284,final_quarter,Semantic,72,0.92784101871503,0.3333333333333333,-0.0634574570711943,0.05523809523809523
284,final_quarter,Temperature,72,0.9277767058974855,0.45454545454545453,0.0005257572834265909,0.0826007326007326
284,final_quarter,Fisher,72,0.8782879927969647,0.6,0.0063203421441893354,0.0757142857142857
286,final_quarter,Semantic,98,0.8592531670587634,0.5384615384615384,0.02786437911622005,0.054729962160302716
286,final_quarter,Temperature,98,0.9196297075531242,0.8181818181818182,-0.012114199006687958,0.04717922256621947
286,final_quarter,Fisher,98,0.6517542349648388,0.42857142857142855,0.06256335711416713,0.05799793601651186
289,final_quarter,Semantic,68,0.7881436805741114,0.4,0.010306523647745926,0.07004662004662005
289,final_quarter,Temperature,68,0.7435965950299652,0.2727272727272727,0.005006298431118064,0.06666666666666667
289,final_quarter,Fisher,68,0.7462686567164178,0.4,0.002731228766652673,0.04807692307692307
296,final_quarter,Semantic,95,0.7893477043673012,0.3333333333333333,-0.00528065509518477,0.05531475748194015
296,final_quarter,Temperature,95,0.8585946248600224,0.42857142857142855,-0.012822648376259798,0.05146198830409356
296,final_quarter,Fisher,95,0.8421192609182531,0.5384615384615384,-0.024405795072788356,0.02134502923976608
297,final_quarter,Semantic,93,0.7494852436513383,0.5384615384615384,-0.027744621169168326,0.04951840385276916
297,final_quarter,Temperature,93,0.9253081077855031,0.6666666666666666,-0.014383336814777237,0.058406432748538004
297,final_quarter,Fisher,93,0.8634030616812388,0.42857142857142855,0.02582584822893975,0.05794633642930856
298,final_quarter,Semantic,82,0.9157606033891666,0.6363636363636364,-0.006397405339515242,0.058602941176470594
298,final_quarter,Temperature,82,0.731587597000468,0.2857142857142857,0.03039801482352173,0.04852941176470589
298,final_quarter,Fisher,82,0.8964094861832154,0.38461538461538464,-0.04845289015139147,0.05772058823529412
299,final_quarter,Semantic,103,0.7987523612880553,0.5714285714285714,0.03913423098888547,0.07483291562238932
299,final_quarter,Temperature,103,0.7704059218907877,0.4666666666666667,0.010989873918200587,0.056942355889724315
299,final_quarter,Fisher,103,0.75702895048983,0.5714285714285714,-0.04135109607696701,0.07273182957393484
303,final_quarter,Semantic,154,0.8326983579355497,0.6842105263157895,0.0369570467483181,0.07449758991472007
303,final_quarter,Temperature,154,0.844839284687482,0.6842105263157895,-0.00048760853314933143,0.052337517877006204
303,final_quarter,Fisher,154,0.6152985534389709,0.45454545454545453,0.02368450019303909,0.06258753111923301
304,final_quarter,Semantic,66,0.7299238075357479,0.2727272727272727,-0.003953658282016493,0.058974358974358966
304,final_quarter,Temperature,66,0.7555578749608602,0.4,-0.004147792506001456,0.06282051282051282
304,final_quarter,Fisher,66,0.7674981734683228,0.5555555555555556,-0.0014820999895626733,0.04358974358974359
306,final_quarter,Semantic,85,0.8656439319914012,0.6363636363636364,-0.03560680085987883,0.05808823529411765
306,final_quarter,Temperature,85,0.8820793433652531,0.6363636363636364,-0.04228356458862615,0.05522058823529412
306,final_quarter,Fisher,85,0.7637678327144812,0.5,-0.01662204416650381,0.0563235294117647
309,final_quarter,Semantic,71,0.8336351441985245,0.45454545454545453,-0.04018779342723005,0.08117216117216117
309,final_quarter,Temperature,71,0.9128437290409122,0.6,-0.031683433936955066,0.054761904761904755
309,final_quarter,Fisher,71,0.7026827632461435,0.23076923076923078,0.03507377598926894,0.052967032967032965
310,final_quarter,Semantic,89,0.8070309839972764,0.38461538461538464,-0.03032941777323801,0.04154411764705882
310,final_quarter,Temperature,89,0.8117126319373512,0.6363636363636364,0.03552774940415391,0.03529411764705882
310,final_quarter,Fisher,89,0.8845590738849167,0.6363636363636364,-0.002298263534218587,0.04933823529411765
313,final_quarter,Semantic,91,0.8640229335881512,0.6666666666666666,0.03038381907947125,0.045906432748538006
313,final_quarter,Temperature,91,0.85303392259914,0.6666666666666666,0.0441965281095716,0.04946680426556588
313,final_quarter,Fisher,91,0.7752826883261666,0.42857142857142855,-0.008736263736263735,0.06969384244926038
317,final_quarter,Semantic,85,0.9142270861833105,0.5,-0.002530779753761972,0.04852941176470589
317,final_quarter,Temperature,85,0.8641000586281025,0.6363636363636364,-0.018493257768223574,0.07147058823529412
317,final_quarter,Fisher,85,0.9087355872581592,0.5,-0.024185069376587844,0.06816176470588235
318,final_quarter,Semantic,86,0.8602009528751356,0.5,0.025817255530921263,0.04522058823529412
318,final_quarter,Temperature,86,0.8061795367706023,0.38461538461538464,0.003345440822680317,0.0773529411764706
318,final_quarter,Fisher,86,0.8659748101325533,0.2857142857142857,0.039666965422897306,0.07397058823529412
319,final_quarter,Semantic,99,0.8513419913419913,0.5384615384615384,-0.022381570810142234,0.04327485380116959
319,final_quarter,Temperature,99,0.9327396413110698,0.6666666666666666,-0.026104514533085953,0.04035087719298245
319,final_quarter,Fisher,99,0.782795299938157,0.42857142857142855,0.010427952999381573,0.06618507051943584
322,final_quarter,Semantic,66,0.7538461538461539,0.4,-0.011107400062623946,0.07325174825174824
322,final_quarter,Temperature,66,0.7871203423442231,0.5555555555555556,-0.00679469783947396,0.03910256410256411
322,final_quarter,Fisher,66,0.8133388999060641,0.5555555555555556,0.01878092057196535,0.08735431235431235
323,final_quarter,Semantic,97,0.6313907006101409,0.42857142857142855,-0.025543735535451296,0.042397660818713434
323,final_quarter,Temperature,97,0.8162344834841152,0.5384615384615384,-0.006948243214811698,0.060629514963880284
323,final_quarter,Fisher,97,0.8087129181569533,0.6666666666666666,-0.008315800547022936,0.06028551771585826
328,final_quarter,Semantic,140,0.8453215543067069,0.47368421052631576,-0.004803743631234834,0.05653276353276352
328,final_quarter,Temperature,140,0.8435022195009952,0.5555555555555556,0.016722573309133848,0.03605698005698005
328,final_quarter,Fisher,140,0.7598434322450855,0.2727272727272727,0.009153528241236799,0.06623646723646723
333,final_quarter,Semantic,60,0.871408724645735,0.7142857142857143,-0.0031814392886913047,0.06999999999999999
333,final_quarter,Temperature,60,0.8381772714642958,0.3333333333333333,-0.02153375937760489,0.04272727272727274
333,final_quarter,Fisher,60,0.7887746596276745,0.3333333333333333,0.01860238955265351,0.027272727272727275
338,final_quarter,Semantic,76,0.8818591934381408,0.45454545454545453,0.021838687628161314,0.0338095238095238
338,final_quarter,Temperature,76,0.8936705399863295,0.6,0.03152016404647983,0.06915750915750915
338,final_quarter,Fisher,76,0.8206425153793574,0.6,0.005667805878332192,0.07142857142857142
340,final_quarter,Semantic,61,0.894553146483342,0.5555555555555556,0.00661025912215759,0.06346153846153846
340,final_quarter,Temperature,61,0.8053939714436805,0.4,0.02657852987837122,0.06410256410256411
340,final_quarter,Fisher,61,0.8112638815441564,0.2727272727272727,-0.03358011634056055,0.04807692307692307
341,final_quarter,Semantic,88,0.7688175830368779,0.6363636363636364,-0.003651685393258431,0.043529411764705886
341,final_quarter,Temperature,88,0.6845303089007081,0.6363636363636364,0.006559296960304323,0.03602941176470588
341,final_quarter,Fisher,88,0.850163784297841,0.5,-0.05248318128984538,0.04308823529411765
343,final_quarter,Semantic,126,0.7827371578552681,0.5294117647058824,0.011663742032245968,0.06965612648221343
343,final_quarter,Temperature,126,0.8661207349081366,0.8571428571428571,-0.005354930633670799,0.0433768115942029
343,final_quarter,Fisher,126,0.8257217847769031,0.5294117647058824,-0.0026936632920884886,0.060967720685111984
346,final_quarter,Semantic,77,0.7737788527262212,0.6,0.023972080551027918,0.04714285714285714
346,final_quarter,Temperature,77,0.8275671696724327,0.7777777777777778,-0.022055576002944423,0.03428571428571429
346,final_quarter,Fisher,77,0.6710657763289342,0.6,0.02204900362795099,0.09153846153846153
350,final_quarter,Semantic,77,0.8848257006151743,0.45454545454545453,0.0012211472737788515,0.054761904761904755
350,final_quarter,Temperature,77,0.793574846206425,0.6,-0.02668515694831484,0.05047619047619047
350,final_quarter,Fisher,77,0.80367001419633,0.45454545454545453,-0.06532940743467057,0.06677655677655678
351,final_quarter,Semantic,92,0.7863693109134905,0.3333333333333333,0.0018417767365873972,0.08016855865153079
351,final_quarter,Temperature,92,0.8423161691043879,0.5384615384615384,0.00016568284450472343,0.04595803233574132
351,final_quarter,Fisher,92,0.8900328283217482,0.6666666666666666,0.014615538738960893,0.0757094943240454
355,final_quarter,Semantic,101,0.7967268491555037,0.4666666666666667,0.012591147350029128,0.05436090225563911
355,final_quarter,Temperature,101,0.8883517763541059,0.5714285714285714,-0.006821782178217825,0.05221804511278196
355,final_quarter,Fisher,101,0.7288759464181711,0.4666666666666667,0.0005824111822946985,0.055672514619883054
360,final_quarter,Semantic,60,0.8808557932759101,0.5,0.035923867741039194,0.05181818181818182
360,final_quarter,Temperature,60,0.8562934148374549,0.7142857142857143,0.016282300639066404,0.03272727272727273
360,final_quarter,Fisher,60,0.9393164767991111,0.2,-0.019988885801611563,0.07393939393939393
361,final_quarter,Semantic,116,0.8289855072463769,0.7142857142857143,-0.004307461653788492,0.07129305477131563
361,final_quarter,Temperature,116,0.8601391611886365,0.6,0.0008249721293199528,0.04748729531338226
361,final_quarter,Fisher,116,0.7882212739783954,0.7142857142857143,0.011347403221466195,0.05894974590626765
363,final_quarter,Semantic,78,0.7623389268958888,0.45454545454545453,0.01746354910911873,0.05142857142857142
363,final_quarter,Temperature,78,0.8520972698187887,0.6,-0.004740828791461704,0.047619047619047616
363,final_quarter,Fisher,78,0.8800187154617534,0.3333333333333333,-0.04511058561691472,0.04201465201465201
366,final_quarter,Semantic,67,0.7748822731263469,0.5555555555555556,-0.00036914358687844314,0.06637529137529136
366,final_quarter,Temperature,67,0.7608747705323651,0.75,0.052586000478888985,0.0694055944055944
366,final_quarter,Fisher,67,0.7414398595259001,0.4,-0.017471466198419668,0.039102564102564095
367,final_quarter,Semantic,57,0.8327715841327458,0.5,-0.022990666320974858,0.06
367,final_quarter,Temperature,57,0.8379569613689396,0.2,0.055110837438423654,0.041818181818181824
367,final_quarter,Fisher,57,0.8481332641949703,0.09090909090909091,-0.02967332123411979,0.061818181818181814
368,final_quarter,Semantic,72,0.9283876776641586,0.45454545454545453,0.018668403112740373,0.06904761904761904
368,final_quarter,Temperature,72,0.8840118335584283,0.6,0.011573091517139377,0.07498168498168498
368,final_quarter,Fisher,72,0.8965849893883853,0.7777777777777778,-0.02439706733551997,0.07142857142857142
369,final_quarter,Semantic,97,0.8866505365032611,0.42857142857142855,0.022728408373658745,0.07466460268317852
369,final_quarter,Temperature,97,0.9123448348411528,0.42857142857142855,-0.011884599200504945,0.04069487444100447
369,final_quarter,Fisher,97,0.8752629917946559,0.5384615384615384,0.028714759099516086,0.07554179566563467
370,final_quarter,Semantic,79,0.7583495618305744,0.23076923076923078,-0.04411027263875365,0.04428571428571428
370,final_quarter,Temperature,79,0.913242453748783,0.3333333333333333,0.0055160662122687425,0.057838827838827836
370,final_quarter,Fisher,79,0.8321324245374878,0.3333333333333333,0.0026436222005842254,0.06190476190476191
372,final_quarter,Semantic,65,0.7183566433566434,0.4,-0.020799825174825183,0.046794871794871795
372,final_quarter,Temperature,65,0.7277097902097902,0.4,-0.01807910839160839,0.049533799533799536
372,final_quarter,Fisher,65,0.7225961538461538,0.16666666666666666,-0.0001923076923076892,0.04294871794871795
373,final_quarter,Semantic,62,0.584095087003601,0.5555555555555556,-0.026501473143461518,0.1148018648018648
373,final_quarter,Temperature,62,0.8311802775049734,0.75,0.008090957165520885,0.06555944055944055
373,final_quarter,Fisher,62,0.7229483014781798,0.2727272727272727,-0.023620659263176445,0.05641025641025641
375,final_quarter,Semantic,68,0.712638851776921,0.4,0.036263694316143076,0.05804195804195804
375,final_quarter,Temperature,68,0.7479864106577088,0.4,0.020544337137840207,0.044230769230769226
375,final_quarter,Fisher,68,0.8328434553574837,0.5555555555555556,-0.04506432034202389,0.05192307692307692
383,final_quarter,Semantic,68,0.8400961942207124,0.2727272727272727,-0.019721723861510852,0.05128205128205128
383,final_quarter,Temperature,68,0.8591060045043324,0.5555555555555556,0.006023590487460394,0.03974358974358975
383,final_quarter,Fisher,68,0.85448715501775,0.5555555555555556,-0.014831850975302518,0.052564102564102565
386,final_quarter,Semantic,99,0.8865677179962893,0.8181818181818182,0.017177489177489173,0.07110423116615067
386,final_quarter,Temperature,99,0.8068274582560296,0.6666666666666666,-0.029502164502164502,0.045321637426900575
386,final_quarter,Fisher,99,0.9222139764996907,0.6666666666666666,-0.03393753865182436,0.04946680426556588
390,final_quarter,Semantic,70,0.8490420785583063,0.4,0.022494969818913475,0.05641025641025641
390,final_quarter,Temperature,70,0.8267518152392617,0.2727272727272727,-0.0018686029218791026,0.027564102564102567
390,final_quarter,Fisher,70,0.8554107252208906,0.4,-0.05115387980054239,0.05576923076923076
392,final_quarter,Semantic,64,0.8478479853479852,0.4,0.005258699633699631,0.07961538461538462
392,final_quarter,Temperature,64,0.8869505494505494,0.5555555555555556,0.00823489010989011,0.057226107226107215
392,final_quarter,Fisher,64,0.8864468864468863,0.4,-0.040521978021978024,0.05337995337995337
393,final_quarter,Semantic,48,0.5946591402518454,0.42857142857142855,-0.03141554494138081,0.06944444444444445
393,final_quarter,Temperature,48,0.7025618758141555,0.25,-0.0013894919669995612,0.04583333333333334
393,final_quarter,Fisher,48,0.6879070777247069,0.42857142857142855,-0.04889817629179331,0.05694444444444444
407,final_quarter,Semantic,82,0.7967588511226478,0.5,0.0024107269185141616,0.055955882352941175
407,final_quarter,Temperature,82,0.9193739728561944,0.6363636363636364,0.014385999281679562,0.06308823529411764
407,final_quarter,Fisher,82,0.7983043284248105,0.6363636363636364,0.0052546228273527675,0.08022058823529413
410,final_quarter,Semantic,70,0.8054763362785408,0.4,-0.024860467150730467,0.07406759906759905
410,final_quarter,Temperature,70,0.9076546233925291,0.75,-0.018855743154579656,0.06252913752913752
410,final_quarter,Fisher,70,0.9342489720934302,0.5555555555555556,0.0005843758201382221,0.047435897435897434
412,final_quarter,Semantic,59,0.7874342489772065,0.5,-0.0242489772063121,0.05636363636363636
412,final_quarter,Temperature,59,0.8633547632963181,0.7142857142857143,0.014210987726475749,0.06272727272727271
412,final_quarter,Fisher,59,0.8146113383985973,0.2,0.040964348334307434,0.07848484848484848
415,final_quarter,Semantic,47,0.9027520814061055,1.0,0.0001503237742830673,0.051388888888888894
415,final_quarter,Temperature,47,0.9237974098057354,0.42857142857142855,-0.00495490286771508,0.03333333333333334
415,final_quarter,Fisher,47,0.7620259019426456,0.1111111111111111,-0.049311979648473635,0.038888888888888896
416,final_quarter,Semantic,73,0.8834690855238801,0.3333333333333333,0.010804640256695058,0.07164835164835164
416,final_quarter,Temperature,73,0.8420646674071333,0.23076923076923078,-0.021325435024065153,0.048095238095238094
416,final_quarter,Fisher,73,0.8048870788596818,0.7777777777777778,0.004194434160187588,0.07164835164835164
417,final_quarter,Semantic,91,0.8982799808886767,0.6666666666666666,-0.029698996655518395,0.06286549707602339
417,final_quarter,Temperature,91,0.8838827838827839,0.6666666666666666,-0.02020066889632107,0.06028551771585826
417,final_quarter,Fisher,91,0.8321707278229017,0.6666666666666666,0.005121038381907944,0.05765393876848984
418,final_quarter,Semantic,147,0.8723828665120251,0.5,-0.016412666510513874,0.046499094774956846
418,final_quarter,Temperature,147,0.8799424249522098,0.42857142857142855,0.014998602180598269,0.05045366510883752
418,final_quarter,Fisher,147,0.8638939470642015,0.5,0.013000853803202142,0.061304787166856146
421,final_quarter,Semantic,182,0.8176029205827232,0.6521739130434783,-0.01307086175304634,0.06014483926248633
421,final_quarter,Temperature,182,0.808332777629037,0.5833333333333334,0.008377466207372916,0.06276603188367894
421,final_quarter,Fisher,182,0.8471929302470015,0.4074074074074074,-0.0038637207371923455,0.04477048477048477
423,final_quarter,Semantic,71,0.9069416498993962,0.6,0.008636820925553313,0.05688644688644688
423,final_quarter,Temperature,71,0.891985244802146,0.45454545454545453,0.033172367538564715,0.07344322344322343
423,final_quarter,Fisher,71,0.852112676056338,0.7777777777777778,-0.009170020120724345,0.07106227106227106
424,final_quarter,Semantic,133,0.8147947888717724,0.6470588235294118,0.015356403219718226,0.054039886039886034
424,final_quarter,Temperature,133,0.8914875383846318,0.6470588235294118,0.005159608655288153,0.06837321937321936
424,final_quarter,Fisher,133,0.8483743279501331,0.75,-0.023574540149559783,0.059276353276353264
425,final_quarter,Semantic,77,0.7257742257742258,0.45454545454545453,-0.008876649666123351,0.06582417582417582
425,final_quarter,Temperature,77,0.7796151217203847,0.6,-0.023920816026079178,0.04915750915750915
425,final_quarter,Fisher,77,0.7401282927598717,0.45454545454545453,0.05154845154845154,0.09117216117216118
426,final_quarter,Semantic,79,0.8448636806231743,0.45454545454545453,0.015659688412852975,0.05095238095238095
426,final_quarter,Temperature,79,0.7342502434274586,0.6,0.007866358325219086,0.04380952380952381
426,final_quarter,Fisher,79,0.8668208373904576,0.3333333333333333,-0.011353456669912367,0.04095238095238095
429,final_quarter,Semantic,149,0.9023544349718847,0.5789473684210527,0.03247995646653365,0.048576902025177886
429,final_quarter,Temperature,149,0.8954725194993652,0.5789473684210527,0.029002539452203886,0.06370152835670079
429,final_quarter,Fisher,149,0.8556067476872847,0.6666666666666666,-0.009761654271721387,0.06382468106606037
430,final_quarter,Semantic,99,0.868051948051948,0.8181818181818182,0.020118119975262836,0.05350877192982455
430,final_quarter,Temperature,99,0.8987631416202844,0.5384615384615384,0.007693259121830552,0.05302717578259373
430,final_quarter,Fisher,99,0.7949659863945577,0.42857142857142855,0.01738589981447124,0.04649122807017544
432,final_quarter,Semantic,88,0.8363565918777077,0.6363636363636364,0.003587404459159592,0.05227941176470589
432,final_quarter,Temperature,88,0.9027332605403121,0.8,0.04227043781480047,0.05933823529411765
432,final_quarter,Fisher,88,0.8084428163854744,0.6363636363636364,-0.03316015638758762,0.055661764705882355
434,final_quarter,Semantic,63,0.8904569892473119,0.75,-0.03948492703533027,0.08158508158508157
434,final_quarter,Temperature,63,0.9098502304147467,0.4,0.0016033026113671314,0.051923076923076926
434,final_quarter,Fisher,63,0.844758064516129,0.16666666666666666,-0.027875384024577576,0.05273892773892773
438,final_quarter,Semantic,95,0.8092525195968645,0.5384615384615384,0.024790733482642775,0.07049793601651187
438,final_quarter,Temperature,95,0.8514837625979843,0.5384615384615384,-0.020906354983202688,0.06430598555211557
438,final_quarter,Fisher,95,0.837863941769317,0.3333333333333333,0.014075447928331467,0.07113433092535258
440,final_quarter,Semantic,76,0.839207108680793,0.23076923076923078,-0.0036637047163362974,0.06344322344322342
440,final_quarter,Temperature,76,0.869254955570745,0.3333333333333333,0.04137935748462065,0.06296703296703296
440,final_quarter,Fisher,76,0.8302392344497609,0.23076923076923078,0.03320437457279563,0.06523809523809523
441,final_quarter,Semantic,60,0.8777438177271467,0.3333333333333333,0.01055570991942206,0.08303030303030304
441,final_quarter,Temperature,60,0.8007779938871911,0.5,0.010397332592386772,0.06393939393939393
441,final_quarter,Fisher,60,0.8540705751597668,0.7142857142857143,-0.045379272020005565,0.02727272727272727
442,final_quarter,Semantic,115,0.7423735500670717,0.4117647058823529,-0.0032024777085141675,0.06651609260304911
442,final_quarter,Temperature,115,0.7770456876824746,0.5,-0.009642547147478893,0.07106154714850366
442,final_quarter,Fisher,115,0.789592046082222,0.5,-0.015336936794760517,0.06434217955957086
443,final_quarter,Semantic,80,0.8186357243319269,0.45454545454545453,0.02360173464603844,0.04476190476190476
443,final_quarter,Temperature,80,0.8653539615564931,0.3333333333333333,0.014709329582747307,0.07450549450549451
443,final_quarter,Fisher,80,0.8951711204875763,0.3333333333333333,-0.024181903422409754,0.03380952380952381
445,final_quarter,Semantic,116,0.7325798639141968,0.4117647058823529,-0.03496290316380272,0.05090344438170524
445,final_quarter,Temperature,116,0.8589320724253258,0.5,0.010001922115865144,0.05999435347261434
445,final_quarter,Fisher,116,0.8762388036750857,0.7142857142857143,-0.021305116672433018,0.047063805759457934
446,final_quarter,Semantic,124,0.7414634146341463,0.625,-0.0290287962234461,0.058376811594202896
446,final_quarter,Temperature,124,0.6328623131392603,0.4444444444444444,0.025463729346970887,0.055855072463768106
446,final_quarter,Fisher,124,0.8791565696302124,0.5294117647058824,8.182533438238354e-06,0.07732505175983435
449,final_quarter,Semantic,72,0.6940317705318672,0.3333333333333333,-0.003794456235127663,0.05523809523809523
449,final_quarter,Temperature,72,0.8920509357514954,0.45454545454545453,-0.05591677921409738,0.05523809523809524
449,final_quarter,Fisher,72,0.8062254807383112,0.3333333333333333,-0.0012605312238729155,0.059047619047619036
451,final_quarter,Semantic,62,0.5865125531968473,0.16666666666666666,-0.04706252675581073,0.04807692307692307
451,final_quarter,Temperature,62,0.825136612021858,0.2727272727272727,0.022960892447936344,0.05576923076923077
451,final_quarter,Fisher,62,0.6723326030570875,0.75,-0.05236584321724459,0.07179487179487179
453,final_quarter,Semantic,66,0.534578853981839,0.07692307692307693,0.002947500260933094,0.0738927738927739
453,final_quarter,Temperature,66,0.7610270326688239,0.4,-0.010320425842813907,0.045046620046620044
453,final_quarter,Fisher,66,0.7606930383049787,0.4,-0.050973802317085905,0.05576923076923077
455,final_quarter,Semantic,91,0.8080108297499603,0.5384615384615384,-0.008773690078037907,0.05209838321293429
455,final_quarter,Temperature,91,0.8260073260073261,0.5384615384615384,-0.002701067048893134,0.06905744754041968
455,final_quarter,Fisher,91,0.7580506450071668,0.5384615384615384,0.016365663322185066,0.07232542139662883
458,final_quarter,Semantic,50,0.7306122448979592,0.25,0.03546698679471789,0.08194444444444444
458,final_quarter,Temperature,50,0.6284273709483794,0.0,0.0026362545018007236,0.029166666666666664
458,final_quarter,Fisher,50,0.5294117647058822,0.6666666666666666,0.029887154861944775,0.06805555555555556
460,final_quarter,Semantic,60,0.7711586551819951,0.09090909090909091,0.036737982772992506,0.07545454545454544
460,final_quarter,Temperature,60,0.8256182272853573,0.2,-0.004584606835232019,0.0715151515151515
460,final_quarter,Fisher,60,0.8853014726312867,0.2,-0.030828007779938875,0.05393939393939394
461,final_quarter,Semantic,62,0.7576490141270681,0.4,0.010425322958374256,0.05448717948717948
461,final_quarter,Temperature,62,0.866787539976329,0.75,0.02434086273324771,0.06346153846153846
461,final_quarter,Fisher,62,0.7927526378081641,0.5555555555555556,0.021608622296089248,0.08304195804195805
467,final_quarter,Semantic,62,0.7547279091435622,0.2727272727272727,-0.02403112487723804,0.047435897435897434
467,final_quarter,Temperature,62,0.9112084812772281,0.4,-0.03343909747928785,0.03141025641025641
467,final_quarter,Fisher,62,0.8572184029613961,0.2727272727272727,0.0022865201077786963,0.0694055944055944
470,final_quarter,Semantic,53,0.7578616352201256,0.3333333333333333,0.017206902112562494,0.06636363636363636
470,final_quarter,Temperature,53,0.777697145621674,0.5,0.034937913239800035,0.08969696969696969
470,final_quarter,Fisher,53,0.7017416545718432,0.2,0.0258305112078697,0.06303030303030302
475,final_quarter,Semantic,116,0.8780609695152424,0.7142857142857143,-0.021526159996924615,0.05437605872388481
475,final_quarter,Temperature,116,0.7987237150655442,0.7142857142857143,0.007742667127974475,0.061349520045172225
475,final_quarter,Fisher,116,0.9289662860877254,0.7142857142857143,0.026026217660400575,0.06826651609260305
477,final_quarter,Semantic,85,0.878874340433848,0.2857142857142857,0.0020695720148524526,0.07470588235294118
477,final_quarter,Temperature,85,0.8950556966972835,0.6363636363636364,-0.008476646472542506,0.06433823529411765
477,final_quarter,Fisher,85,0.7835645886261482,0.38461538461538464,-0.005436779362907952,0.07147058823529412
478,final_quarter,Semantic,69,0.8637559371574719,0.5555555555555556,0.06809828279137742,0.08222610722610722
478,final_quarter,Temperature,69,0.9100109609061016,0.5555555555555556,0.004775301424917789,0.06043123543123543
478,final_quarter,Fisher,69,0.8666423090975521,0.4,-0.03302155644866642,0.023076923076923078
482,final_quarter,Semantic,47,0.5925069380203516,0.6666666666666666,-0.007891998149861239,0.08194444444444444
482,final_quarter,Temperature,47,0.8488667900092508,0.42857142857142855,-0.024786077705827938,0.0625
482,final_quarter,Fisher,47,0.6253469010175764,0.1111111111111111,-0.061811979648473646,0.05694444444444444
483,final_quarter,Semantic,68,0.7700500057258463,0.4,-0.014152383860747414,0.07004662004662005
483,final_quarter,Temperature,68,0.7856243081268847,0.75,0.010300797801274958,0.051923076923076926
483,final_quarter,Fisher,68,0.6950795892659463,0.75,0.008050540138183765,0.05256410256410256
484,final_quarter,Semantic,52,0.6592674805771366,0.3333333333333333,-0.05210449927431059,0.061818181818181814
484,final_quarter,Temperature,52,0.8321523093998121,0.2,0.01586271663963118,0.08545454545454545
484,final_quarter,Fisher,52,0.7144198753521727,0.3333333333333333,-0.0237343123025698,0.04727272727272728
488,final_quarter,Semantic,83,0.881952898702825,0.5,-0.026340204021661557,0.05477941176470589
488,final_quarter,Temperature,83,0.8907896393938122,0.38461538461538464,0.015811678770832466,0.055955882352941175
488,final_quarter,Fisher,83,0.8797069812350445,0.2857142857142857,-0.019624490995340242,0.0672794117647059
492,final_quarter,Semantic,57,0.8448275862068967,0.7142857142857143,0.04188812548612912,0.07636363636363634
492,final_quarter,Temperature,57,0.9238397718434017,0.7142857142857143,0.024102281565983926,0.03272727272727273
492,final_quarter,Fisher,57,0.9092558983666063,0.5,-0.0023528649209229985,0.05181818181818182
494,final_quarter,Semantic,93,0.8439467637492166,0.5384615384615384,-0.005608606129330662,0.07483230134158926
494,final_quarter,Temperature,93,0.9264420637999462,0.5384615384615384,0.010749455402703587,0.05502235982112143
494,final_quarter,Fisher,93,0.8652830413893944,0.6666666666666666,-0.014346781653785324,0.06647746818025456
495,final_quarter,Semantic,68,0.8833835935412452,0.5555555555555556,0.011556666793907695,0.0641025641025641
495,final_quarter,Temperature,68,0.9468259724395921,0.5555555555555556,-0.002381952131923502,0.04807692307692307
495,final_quarter,Fisher,68,0.9308317746306829,0.5555555555555556,-0.001656678245600647,0.07068764568764568
496,final_quarter,Semantic,101,0.779662201514269,0.6923076923076923,0.04641234711706464,0.07963241436925647
496,final_quarter,Temperature,101,0.7668025626092022,0.6923076923076923,0.025459522422830515,0.07796992481203009
496,final_quarter,Fisher,101,0.787128712871287,0.6923076923076923,0.011105416423995337,0.06805346700083545
497,final_quarter,Semantic,93,0.8503625675151442,0.6666666666666666,-0.018382769836770015,0.0672299621603027
497,final_quarter,Temperature,93,0.7357584076870279,0.3333333333333333,-0.019719644295902835,0.05146198830409356
497,final_quarter,Fisher,93,0.8882456506818655,0.6666666666666666,-0.01725925815403897,0.061966804265565875
0,final_half,Semantic,70,0.6856617968681655,0.2727272727272727,-0.004102878138395594,0.039102564102564095
0,final_half,Temperature,70,0.819228413962033,0.4,-0.006489371008660661,0.0488927738927739
0,final_half,Fisher,70,0.6159916017846208,0.4,0.005628553932289389,0.05337995337995338
4,final_half,Semantic,85,0.5849130349814344,0.38461538461538464,-0.015023451240961497,0.07066176470588235
4,final_half,Temperature,85,0.8021692397889388,0.5,0.00801153019347274,0.05301470588235294
4,final_half,Fisher,85,0.678405315614618,0.38461538461538464,0.01608950556966973,0.07066176470588235
8,final_half,Semantic,76,0.6484483937115516,0.45454545454545453,0.0034996582365003437,0.06238095238095237
8,final_half,Temperature,76,0.43289131920710866,0.45454545454545453,-0.025771701982228296,0.08058608058608058
8,final_half,Fisher,76,0.5612576896787423,0.23076923076923078,0.01336431989063568,0.052490842490842494
14,final_half,Semantic,68,0.7512310569912585,0.2727272727272727,-0.016436996602664428,0.05512820512820512
14,final_half,Temperature,68,0.7050807344352407,0.2727272727272727,-0.026886666412184602,0.06427738927738927
14,final_half,Fisher,68,0.798984616559148,0.4,-0.018551742565942657,0.06089743589743589
20,final_half,Semantic,78,0.4125874125874126,0.23076923076923078,-0.027271462714500684,0.05523809523809524
20,final_half,Temperature,78,0.6693686060774668,0.3333333333333333,0.018271601815905612,0.048681318681318676
20,final_half,Fisher,78,0.47025126771962206,0.3333333333333333,-0.032719179554622585,0.04047619047619048
22,final_half,Semantic,74,0.41479452054794513,0.23076923076923078,0.028562754535357275,0.05344322344322344
22,final_half,Temperature,74,0.44651610514624207,0.3333333333333333,0.02515660866345797,0.06010989010989011
22,final_half,Fisher,74,0.3151573491299518,0.14285714285714285,-0.03174972232506478,0.06677655677655678
23,final_half,Semantic,71,0.8474178403755868,0.45454545454545453,0.006207243460764583,0.06344322344322344
23,final_half,Temperature,71,0.7961099932930918,0.6,0.025481220657276992,0.04153846153846154
23,final_half,Fisher,71,0.7176391683433937,0.6,0.012659289067739773,0.0787912087912088
24,final_half,Semantic,81,0.6984191508581753,0.6363636363636364,-0.012574525745257456,0.06066176470588236
24,final_half,Temperature,81,0.7068428184281842,0.6363636363636364,-0.014263775971093046,0.05816176470588236
24,final_half,Fisher,81,0.6151761517615175,0.5,0.009751580849141826,0.07433823529411765
26,final_half,Semantic,90,0.670642466148084,0.2857142857142857,-0.020054327694777132,0.0636029411764706
26,final_half,Temperature,90,0.7561838910153517,0.5,0.0031114952463267066,0.06558823529411764
26,final_half,Fisher,90,0.7367905502736962,0.2,0.025319175206815658,0.04816176470588236
29,final_half,Semantic,71,0.6575788061703554,0.7777777777777778,-0.0078672032193159,0.06344322344322344
29,final_half,Temperature,71,0.7511401743796109,0.6,-0.009708249496981888,0.0663003663003663
29,final_half,Fisher,71,0.76757209926224,0.7777777777777778,-0.03201710261569417,0.048571428571428564
32,final_half,Semantic,103,0.43077582041031504,0.29411764705882354,0.0008808153582568242,0.05983709273182958
32,final_half,Temperature,103,0.5696964372007206,0.4666666666666667,0.006081140447216976,0.06517857142857145
32,final_half,Fisher,103,0.33885032728550724,0.375,0.021073123050564517,0.07729741019214705
34,final_half,Semantic,91,0.64824016563147,0.17647058823529413,0.02079550883898711,0.061330409356725145
34,final_half,Temperature,91,0.6635451505016723,0.42857142857142855,-0.0011124382863513284,0.054093567251461985
34,final_half,Fisher,91,0.64951425386208,0.25,-0.04639512661251792,0.04269005847953217
37,final_half,Semantic,65,0.7798076923076923,0.2727272727272727,0.010314685314685311,0.06410256410256411
37,final_half,Temperature,65,0.8586538461538462,0.5555555555555556,0.0020760489510489514,0.06410256410256408
37,final_half,Fisher,65,0.8908653846153847,0.4,-0.01747814685314685,0.04807692307692307
43,final_half,Semantic,93,0.4659514786189609,0.5384615384615384,0.01501074274118946,0.052390780873753005
43,final_half,Temperature,93,0.6234072394139237,0.42857142857142855,0.0003043776670347047,0.04951840385276918
43,final_half,Fisher,93,0.5185163080779446,0.42857142857142855,-0.03234460326459968,0.05502235982112143
46,final_half,Semantic,65,0.602229020979021,0.4,0.01578452797202797,0.0694055944055944
46,final_half,Temperature,65,0.48610139860139856,0.16666666666666666,0.0028758741258741267,0.0608974358974359
46,final_half,Fisher,65,0.5835664335664336,0.2727272727272727,0.05186407342657342,0.05192307692307692
47,final_half,Semantic,57,0.438099559242935,0.3333333333333333,-0.04179414052372309,0.04727272727272728
47,final_half,Temperature,57,0.7595929478869589,0.5,-0.026250972258231788,0.05181818181818182
47,final_half,Fisher,57,0.5068058076225046,0.3333333333333333,0.016936738397718438,0.07545454545454544
49,final_half,Semantic,73,0.6129211403184006,0.23076923076923078,-0.01209582870541775,0.0557142857142857
49,final_half,Temperature,73,0.6650314698259905,0.6,-0.011839750709613722,0.045347985347985356
49,final_half,Fisher,73,0.5174935209181786,0.14285714285714285,-0.01773417252869309,0.0763003663003663
50,final_half,Semantic,79,0.488510223953262,0.6,-0.015983446932814022,0.048095238095238094
50,final_half,Temperature,79,0.49413339824732233,0.6,0.030021908471275553,0.06509157509157508
50,final_half,Fisher,79,0.4879016553067186,0.45454545454545453,0.010035296981499514,0.051428571428571435
51,final_half,Semantic,60,0.8011669908307866,0.7142857142857143,-0.002895248680188934,0.04636363636363637
51,final_half,Temperature,60,0.7533759377604892,0.2,0.014801333703806624,0.05484848484848485
51,final_half,Fisher,60,0.7079744373437068,0.3333333333333333,-0.02124201166990831,0.053030303030303025
53,final_half,Semantic,79,0.8971032132424537,0.3333333333333333,-0.02471275559883155,0.047619047619047616
53,final_half,Temperature,79,0.8233203505355404,0.23076923076923078,0.02939264849074975,0.07164835164835164
53,final_half,Fisher,79,0.7531402142161635,0.3333333333333333,-0.001751460564751707,0.052380952380952375
60,final_half,Semantic,75,0.7227596017069701,0.3333333333333333,0.02237980085348506,0.07344322344322343
60,final_half,Temperature,75,0.7393741109530583,0.45454545454545453,-0.02393741109530583,0.07164835164835165
60,final_half,Fisher,75,0.7407681365576103,0.6,0.04873968705547652,0.062014652014652005
61,final_half,Semantic,82,0.36835689642036984,0.2857142857142857,-0.0429316180712008,0.05485294117647059
61,final_half,Temperature,82,0.6015062961874599,0.2,-0.01951219512195122,0.07066176470588235
61,final_half,Fisher,82,0.565307299659342,0.2,0.01728213667678845,0.07514705882352941
64,final_half,Semantic,63,0.5196332565284179,0.2727272727272727,0.006902841781874036,0.08158508158508158
64,final_half,Temperature,63,0.6407930107526882,0.2727272727272727,0.013846486175115209,0.09586247086247086
64,final_half,Fisher,63,0.4067780337941629,0.16666666666666666,0.014184907834101378,0.0641025641025641
75,final_half,Semantic,160,0.7681589124575178,0.6,-0.01812609867572952,0.06328989882938715
75,final_half,Temperature,160,0.8214578694480253,0.5238095238095238,-0.02531246337747568,0.03807563959955505
75,final_half,Fisher,160,0.6980428923004804,0.5238095238095238,-0.006274610336341263,0.0555633243286191
79,final_half,Semantic,57,0.6143375680580764,0.2,-0.043142338605133536,0.04181818181818182
79,final_half,Temperature,57,0.7892792325641691,0.3333333333333333,-0.013203266787658808,0.05181818181818182
79,final_half,Fisher,57,0.5610578169561836,0.3333333333333333,0.03075576873217527,0.07636363636363637
80,final_half,Semantic,84,0.6950086058519793,0.38461538461538464,0.01545104788903513,0.06595588235294117
80,final_half,Temperature,84,0.7348587627822213,0.38461538461538464,-0.011088387162093752,0.04602941176470589
80,final_half,Fisher,84,0.6633390705679862,0.2857142857142857,-0.01286726738888327,0.045220588235294124
81,final_half,Semantic,93,0.5861508161499208,0.42857142857142855,-0.044507773566888474,0.05736154110767113
81,final_half,Temperature,93,0.5472979021813732,0.42857142857142855,-2.9840947748504404e-06,0.04975920192638459
81,final_half,Fisher,93,0.6852973650443136,0.42857142857142855,0.015650831070394795,0.07015393876848985
82,final_half,Semantic,59,0.7269433080070135,0.3333333333333333,0.025271770894213914,0.08121212121212121
82,final_half,Temperature,59,0.7992402104032732,0.5,-0.055423728813559336,0.06545454545454546
82,final_half,Fisher,59,0.7282875511396845,0.5,0.0027878433664523744,0.04363636363636364
87,final_half,Semantic,91,0.6420926899187769,0.42857142857142855,-0.06384137601528905,0.061988304093567245
87,final_half,Temperature,91,0.5602643733078516,0.42857142857142855,0.002640547857939162,0.04327485380116959
87,final_half,Fisher,91,0.727711419015767,0.6666666666666666,0.022939162286988373,0.07536549707602339
88,final_half,Semantic,86,0.817991414689372,0.2857142857142857,-0.02209821217981981,0.06066176470588236
88,final_half,Temperature,86,0.893428935327138,0.6363636363636364,-0.021934996933817633,0.03855042016806723
88,final_half,Fisher,86,0.7703287890938252,0.8,0.013777064955894147,0.046764705882352944
89,final_half,Semantic,80,0.773089545241444,0.45454545454545453,0.0006458040318799812,0.03761904761904762
89,final_half,Temperature,80,0.7043600562587904,0.23076923076923078,0.023781059540553214,0.049157509157509154
89,final_half,Fisher,80,0.7473511486169714,0.3333333333333333,-0.023291139240506332,0.03761904761904762
93,final_half,Semantic,88,0.6645063576485507,0.2857142857142857,-0.015343770913317603,0.05889705882352941
93,final_half,Temperature,88,0.5412806875418267,0.38461538461538464,0.024206614772286993,0.0657563025210084
93,final_half,Fisher,88,0.4502483181289846,0.2,0.032866929660808,0.06227941176470588
94,final_half,Semantic,62,0.6929314295787062,0.16666666666666666,-0.02921608622296089,0.08525641025641026
94,final_half,Temperature,62,0.8188914910226385,0.2727272727272727,0.009858729319332177,0.05641025641025641
94,final_half,Fisher,62,0.7849462365591398,0.2727272727272727,-0.0519654503789882,0.04038461538461538
96,final_half,Semantic,183,0.8882712084779085,0.5833333333333334,0.014280231528984203,0.062403916521563574
96,final_half,Temperature,183,0.8852459016393444,0.5833333333333334,0.011318074299186204,0.06728984140748846
96,final_half,Fisher,183,0.7916806999130592,0.46153846153846156,-3.7204420668429662e-06,0.06549466817849171
99,final_half,Semantic,117,0.6865605658709106,0.2631578947368421,-0.009118973759534835,0.04797289666854885
99,final_half,Temperature,117,0.7027004750558228,0.2631578947368421,0.0028990393981627198,0.06089779785431959
99,final_half,Fisher,117,0.570239326229975,0.4117647058823529,0.0006998456443225567,0.05369996136586526
101,final_half,Semantic,174,0.8432688857883197,0.8,-0.024941484666419884,0.06334430986470832
101,final_half,Temperature,174,0.8158694723653861,0.5652173913043478,0.010044705145362907,0.051795263559969426
101,final_half,Fisher,174,0.8379224920982942,0.7142857142857143,0.019365243885076457,0.05349121466768526
102,final_half,Semantic,101,0.6529178800232963,0.5714285714285714,0.012923704135119393,0.04860902255639099
102,final_half,Temperature,101,0.6506115317414095,0.5714285714285714,-0.012889924286546301,0.05269423558897244
102,final_half,Fisher,101,0.6976470588235294,0.4666666666666667,-0.02587303436225975,0.04218045112781956
106,final_half,Semantic,104,0.5866104769017391,0.5714285714285714,-0.03256588072122053,0.057456140350877205
106,final_half,Temperature,104,0.432198869092073,0.5714285714285714,-0.004315053878160674,0.05218045112781955
106,final_half,Fisher,104,0.6198442334364666,0.29411764705882354,0.010440093886695832,0.054598997493734334
107,final_half,Semantic,124,0.6236223446105428,0.3684210526315789,-0.007892997639653817,0.05404347826086957
107,final_half,Temperature,124,0.5842328874901652,0.3,0.0046986624704956756,0.05896772068511199
107,final_half,Fisher,124,0.5131392604248622,0.23809523809523808,0.010155468135326513,0.04411264822134388
108,final_half,Semantic,190,0.7397910133098891,0.35714285714285715,0.005668534337589174,0.05366871072753426
108,final_half,Temperature,190,0.7707007483805501,0.52,0.005182065110420026,0.053349105407928935
108,final_half,Fisher,190,0.7889943007606276,0.4074074074074074,-0.021154544301416722,0.04036536010800716
109,final_half,Semantic,75,0.6852062588904694,0.45454545454545453,-0.021664295874822187,0.047619047619047616
109,final_half,Temperature,75,0.7165576102418207,0.45454545454545453,-0.020955903271692746,0.06190476190476189
109,final_half,Fisher,75,0.8138264580369843,0.45454545454545453,-0.017261735419630147,0.062380952380952384
110,final_half,Semantic,90,0.5579536568300613,0.38461538461538464,0.0010700909577314038,0.07522058823529412
110,final_half,Temperature,90,0.6976087582829155,0.38461538461538464,-0.0499337366753097,0.04566176470588236
110,final_half,Fisher,90,0.37124747911264766,0.2857142857142857,-0.022664526484751195,0.05816176470588236
115,final_half,Semantic,87,0.710559889188598,0.38461538461538464,-0.006830939709849096,0.04522058823529412
115,final_half,Temperature,87,0.7593314864766347,0.5,-0.021589997812932853,0.042279411764705885
115,final_half,Fisher,87,0.7636691696435081,0.5,0.01109298680469491,0.07316176470588236
120,final_half,Semantic,85,0.7816494039476255,0.38461538461538464,-0.006889779167480947,0.05191176470588236
120,final_half,Temperature,85,0.641469611100254,0.8,0.002713504006253666,0.05147058823529412
120,final_half,Fisher,85,0.4427398866523354,0.2857142857142857,-0.0008217705686925966,0.042279411764705885
121,final_half,Semantic,70,0.6205756276791182,0.16666666666666666,-0.002358498819000957,0.03141025641025641
121,final_half,Temperature,70,0.7045227889073571,0.2727272727272727,-0.020125973230688477,0.059615384615384605
121,final_half,Fisher,70,0.6690053363660222,0.16666666666666666,0.021266730819700815,0.05641025641025641
122,final_half,Semantic,88,0.622838223380649,0.2,0.006092599767531959,0.07477941176470589
122,final_half,Temperature,88,0.8651509281110212,0.6363636363636364,0.012465217850727347,0.06558823529411764
122,final_half,Fisher,88,0.8642175337254766,0.6363636363636364,-0.008542319749216305,0.04602941176470589
123,final_half,Semantic,83,0.6122538936232735,0.2857142857142857,-0.017568531967591623,0.07183823529411765
123,final_half,Temperature,83,0.684375131186768,0.2857142857142857,-0.0011240082280340902,0.0926470588235294
123,final_half,Fisher,83,0.614080013433525,0.5,0.03409596574451114,0.06477941176470589
129,final_half,Semantic,121,0.5621799214198617,0.3684210526315789,-0.04811136702343855,0.04135507246376812
129,final_half,Temperature,121,0.695481642053922,0.4444444444444444,0.009292778756266084,0.060210144927536235
129,final_half,Fisher,121,0.7654450616447634,0.5294117647058824,-0.010989025877252397,0.058043478260869565
133,final_half,Semantic,59,0.5667445938047925,0.3333333333333333,-0.007472238457042662,0.07181818181818181
133,final_half,Temperature,59,0.7835184102863825,0.5,0.017881355932203403,0.09090909090909091
133,final_half,Fisher,59,0.7102279368790183,0.3333333333333333,0.07747808299240211,0.0809090909090909
135,final_half,Semantic,145,0.5208667926310817,0.36363636363636365,-0.012629900803023142,0.05701907288114185
135,final_half,Temperature,145,0.5439064714218234,0.36363636363636365,-0.007507872775940798,0.058989516230895545
135,final_half,Fisher,145,0.5595929774838607,0.36363636363636365,-0.004719729176507638,0.04857690202517788
140,final_half,Semantic,85,0.49544655071330856,0.2857142857142857,-0.026572210279460617,0.05227941176470589
140,final_half,Temperature,85,0.49769396130545235,0.2,-0.022890365448504986,0.036029411764705886
140,final_half,Fisher,85,0.7219073675982021,0.2857142857142857,0.033314442055892124,0.055955882352941175
143,final_half,Semantic,181,0.7742092161981664,0.5833333333333334,-0.024292190314289763,0.04638075049839756
143,final_half,Temperature,181,0.7533260478011857,0.7272727272727273,0.006154453281525104,0.048824538824538834
143,final_half,Fisher,181,0.757810697589703,0.7272727272727273,0.022557930099366564,0.05141682553447259
146,final_half,Semantic,100,0.7572277227722771,0.42857142857142855,0.009553555355535554,0.05933522531819746
146,final_half,Temperature,100,0.7716531653165316,0.3333333333333333,0.007279327932793282,0.06881664946680427
146,final_half,Fisher,100,0.6576177617761775,0.3333333333333333,0.014458445844584455,0.0585827313381493
148,final_half,Semantic,57,0.6845346123930517,0.3333333333333333,-0.07308465128338087,0.022727272727272728
148,final_half,Temperature,57,0.7862328234379051,0.5,-0.04939395903551984,0.05545454545454546
148,final_half,Fisher,57,0.7165543168265492,0.7142857142857143,-0.0003338086595799823,0.053030303030303025
149,final_half,Semantic,84,0.6310620633795686,0.38461538461538464,-0.028531942897640994,0.03933823529411765
149,final_half,Temperature,84,0.6571023590158956,0.38461538461538464,-0.02919104991394148,0.04816176470588236
149,final_half,Fisher,84,0.7352637440518377,0.5,0.029735749721575378,0.08058823529411765
152,final_half,Semantic,180,0.720736236715125,0.44,0.021948105394199408,0.06854197984179008
152,final_half,Temperature,180,0.7638569091638631,0.6363636363636364,0.004908999248948014,0.05570584538800857
152,final_half,Fisher,180,0.6988384415156846,0.5652173913043478,-0.024204553638486788,0.058237203972498076
153,final_half,Semantic,66,0.6551508193299239,0.4,0.04760880910134642,0.06474358974358975
153,final_half,Temperature,66,0.6004592422502871,0.16666666666666666,0.014153011167936547,0.06794871794871794
153,final_half,Fisher,66,0.4468635841770171,0.2727272727272727,-0.00599937376056779,0.07325174825174825
154,final_half,Semantic,77,0.8229402176770597,0.3333333333333333,0.046704611178295385,0.07391941391941391
154,final_half,Temperature,77,0.7449392712550607,0.45454545454545453,-0.014623534360376467,0.05714285714285714
154,final_half,Fisher,77,0.7729901677270097,0.45454545454545453,-0.025772911299227087,0.056776556776556776
158,final_half,Semantic,65,0.7076048951048951,0.4,0.018448426573426574,0.07243589743589743
158,final_half,Temperature,65,0.6833041958041958,0.16666666666666666,-0.004652534965034964,0.0967948717948718
158,final_half,Fisher,65,0.5118006993006994,0.07692307692307693,-0.0013352272727272727,0.07628205128205129
165,final_half,Semantic,61,0.7663670015864621,0.5555555555555556,0.015372818614489686,0.080011655011655
165,final_half,Temperature,61,0.7654151242728713,0.5555555555555556,-0.020835536753040722,0.06940559440559439
165,final_half,Fisher,61,0.8093601269169751,0.75,-0.0320386039132734,0.06555944055944055
168,final_half,Semantic,79,0.5187439143135346,0.23076923076923078,-0.020906767283349562,0.04307692307692308
168,final_half,Temperature,79,0.700194741966894,0.45454545454545453,0.017462268743914315,0.08439560439560437
168,final_half,Fisher,79,0.4846884128529699,0.23076923076923078,0.02023855890944499,0.08106227106227105
171,final_half,Semantic,61,0.5656266525647804,0.2727272727272727,0.05790851401374932,0.06025641025641025
171,final_half,Temperature,61,0.7427287149656265,0.5555555555555556,-0.01766525647805393,0.055256410256410246
171,final_half,Fisher,61,0.5866737176097302,0.4,-0.0381253305129561,0.06701631701631701
173,final_half,Semantic,147,0.6355507030653802,0.42857142857142855,0.00031828725566494483,0.05230095574923162
173,final_half,Temperature,147,0.6706775268419105,0.5,0.008483630401438621,0.06779293503431436
173,final_half,Fisher,147,0.6262155361959667,0.36363636363636365,0.02852609388812911,0.038806787082649154
174,final_half,Semantic,75,0.7468847795163585,0.3333333333333333,0.001938833570412516,0.06296703296703296
174,final_half,Temperature,75,0.6954765291607397,0.45454545454545453,-0.008675675675675672,0.07904761904761905
174,final_half,Fisher,75,0.7844381223328593,0.23076923076923078,0.007176386913229018,0.07058608058608058
175,final_half,Semantic,62,0.6179396137090478,0.2727272727272727,-0.01536601949082118,0.06107226107226107
175,final_half,Temperature,62,0.8510740097202286,0.4,0.0004255747777693858,0.06089743589743589
175,final_half,Fisher,62,0.7662108735614818,0.4,0.01893933670771323,0.06427738927738927
179,final_half,Semantic,60,0.5345373714920812,0.3333333333333333,-0.0368435676576827,0.05272727272727272
179,final_half,Temperature,60,0.7232564601278134,0.3333333333333333,0.02438455126424007,0.0809090909090909
179,final_half,Fisher,60,0.6966935259794388,0.3333333333333333,-0.007304806890803002,0.057272727272727274
180,final_half,Semantic,117,0.7615354643408413,0.5,0.01898949482234111,0.05183512140033879
180,final_half,Temperature,117,0.8856718967765138,0.6,-0.004493548532122468,0.03774703557312253
180,final_half,Fisher,117,0.7953888114612836,0.6,0.03589069220279039,0.05183512140033878
188,final_half,Semantic,114,0.7033190903383894,0.6,-0.05015734796784188,0.04096555618294749
188,final_half,Temperature,114,0.666616714930844,0.7142857142857143,0.03393774933678946,0.07911349520045172
188,final_half,Fisher,114,0.7518154755877767,0.6,-0.030015593041858208,0.07389045736871823
190,final_half,Semantic,87,0.7310454180943354,0.2857142857142857,-0.0037544652620835487,0.061470588235294124
190,final_half,Temperature,87,0.6554457971859735,0.2857142857142857,-0.010885215426113582,0.06183823529411765
190,final_half,Fisher,87,0.6133994313625427,0.38461538461538464,-0.0435618210979077,0.05147058823529412
192,final_half,Semantic,84,0.6413283385643415,0.38461538461538464,-0.008947048698997675,0.04558823529411765
192,final_half,Temperature,84,0.6710539637541764,0.5,-0.018855927913334007,0.07316176470588236
192,final_half,Fisher,84,0.5581046876581959,0.2857142857142857,-0.012799433026222534,0.0845798319327731
193,final_half,Semantic,53,0.3856636026447347,0.3333333333333333,0.00545879696823093,0.05090909090909092
193,final_half,Temperature,53,0.37421383647798734,0.3333333333333333,-0.009970166102241574,0.07181818181818181
193,final_half,Fisher,53,0.14094500886953718,0.09090909090909091,0.04198113207547168,0.04636363636363637
195,final_half,Semantic,55,0.42842712842712855,0.2,-0.03068903318903319,0.06454545454545454
195,final_half,Temperature,55,0.5571428571428573,0.5,-0.007640692640692641,0.07212121212121211
195,final_half,Fisher,55,0.5686147186147187,0.3333333333333333,0.009094516594516601,0.08545454545454544
196,final_half,Semantic,97,0.6296944035346097,0.42857142857142855,0.008903587208079105,0.054729962160302716
196,final_half,Temperature,97,0.6545076793604039,0.5384615384615384,-0.027593099095308223,0.07371431028551771
196,final_half,Fisher,97,0.6514306753629286,0.5384615384615384,0.019805254576057228,0.05765393876848984
199,final_half,Semantic,134,0.8452499407723287,0.5555555555555556,-0.003652663998304216,0.042823361823361814
199,final_half,Temperature,134,0.8706467661691545,0.47368421052631576,-0.006629010336787242,0.05252706552706553
199,final_half,Fisher,134,0.8727016546340979,0.6470588235294118,-0.03121086297834138,0.05989743589743589
201,final_half,Semantic,215,0.701605931077785,0.41935483870967744,-0.01480897872443189,0.054990650302618536
201,final_half,Temperature,215,0.6696080562196625,0.375,0.013643108985969234,0.052302404534395455
201,final_half,Fisher,215,0.727891279673501,0.41935483870967744,-0.003110616049651039,0.0585071442076547
202,final_half,Semantic,140,0.7928363692025104,0.2727272727272727,-0.0009474973212919059,0.05683475783475783
202,final_half,Temperature,140,0.7861450657103498,0.4,-0.014226892042596927,0.051923076923076926
202,final_half,Fisher,140,0.8286807635958103,0.47368421052631576,-0.018270319914281345,0.0538974358974359
205,final_half,Semantic,102,0.5672967639425279,0.29411764705882354,0.02485142860373987,0.05848370927318297
205,final_half,Temperature,102,0.7239936443672923,0.375,-0.03253473262803151,0.07094820384294069
205,final_half,Fisher,102,0.7380732933373292,0.15789473684210525,-0.0023251211471803923,0.062218045112781964
207,final_half,Semantic,173,0.7447191177902112,0.38461538461538464,0.024645275829621147,0.05038292589763178
207,final_half,Temperature,173,0.7455303132141418,0.3333333333333333,0.018543579735874775,0.06905330470746292
207,final_half,Fisher,173,0.7752803259614984,0.6363636363636364,-0.017242422275889884,0.04953987900145395
210,final_half,Semantic,66,0.7728003339943639,0.2727272727272727,0.024684270952927672,0.09603729603729602
210,final_half,Temperature,66,0.8315833420311034,0.2727272727272727,-0.004849180670076195,0.08525641025641026
210,final_half,Fisher,66,0.6958981317190273,0.2727272727272727,-0.04881118881118883,0.06684149184149184
211,final_half,Semantic,71,0.7203554661301139,0.45454545454545453,0.009584171696847754,0.05963369963369962
211,final_half,Temperature,71,0.5105969148222669,0.3333333333333333,0.012949362843729037,0.04476190476190476
211,final_half,Fisher,71,0.7310194500335345,0.6,-0.03420523138832997,0.06619047619047619
212,final_half,Semantic,187,0.7065925515398649,0.3103448275862069,0.015614275909402883,0.05109002814885168
212,final_half,Temperature,187,0.7320459225057716,0.4074074074074074,-0.017843969184354345,0.054017199017199015
212,final_half,Fisher,187,0.6707779886148009,0.26666666666666666,0.012540051897716722,0.04646869558634263
213,final_half,Semantic,135,0.5474929275192665,0.21739130434782608,-0.011616671544239584,0.054341880341880346
213,final_half,Temperature,135,0.6650668227490002,0.47368421052631576,-0.016358160179494687,0.06203418803418802
213,final_half,Fisher,135,0.6459857574870745,0.3333333333333333,0.009321285728221636,0.05188603988603988
221,final_half,Semantic,87,0.7313370270467302,0.8,-0.020851862652183417,0.04816176470588236
221,final_half,Temperature,87,0.7869614347160456,0.5,-0.0010725741780272665,0.03676470588235294
221,final_half,Fisher,87,0.6010060508857622,0.5,-0.02105234380695487,0.04051470588235294
225,final_half,Semantic,58,0.4755913746962381,0.2,0.03633455350825926,0.04727272727272727
225,final_half,Temperature,58,0.6153065304992464,0.5,0.034633486111538346,0.05636363636363636
225,final_half,Fisher,58,0.39389092251376545,0.2,0.014349872343043465,0.055454545454545444
231,final_half,Semantic,145,0.6446307668083766,0.30434782608695654,-0.012499212722405919,0.052590417245589646
231,final_half,Temperature,145,0.6311801291135254,0.5,0.006938474256022671,0.05896004378762999
231,final_half,Fisher,145,0.5489844119036372,0.42857142857142855,0.0007872775940796738,0.05004105090311987
233,final_half,Semantic,93,0.5735877771478022,0.25,0.00775342424875414,0.04824561403508772
233,final_half,Temperature,93,0.7194503297424725,0.5384615384615384,0.05390319596550387,0.06584107327141384
233,final_half,Fisher,93,0.5946704067321177,0.42857142857142855,0.0013137477246277368,0.0585827313381493
234,final_half,Semantic,73,0.7666913488831297,0.45454545454545453,-0.012998272244847592,0.07344322344322343
234,final_half,Temperature,73,0.8490373935579417,0.3333333333333333,-0.018912748364803167,0.05868131868131867
234,final_half,Fisher,73,0.5747254103418489,0.45454545454545453,-0.03467234357645317,0.0657142857142857
235,final_half,Semantic,67,0.7144624471226755,0.4,-0.03697222443930083,0.03910256410256411
235,final_half,Temperature,67,0.7077580014366671,0.75,0.005690797350147662,0.07576923076923077
235,final_half,Fisher,67,0.7586399553036955,0.5555555555555556,-0.024076143347433954,0.06217948717948717
236,final_half,Semantic,73,0.6580587436751821,0.6,0.001505615204245339,0.05963369963369963
236,final_half,Temperature,73,0.629828458595582,0.7777777777777778,0.017245156115019138,0.07296703296703297
236,final_half,Fisher,73,0.62140565222757,0.7777777777777778,-0.0010906454399605095,0.054761904761904755
238,final_half,Semantic,65,0.523513986013986,0.16666666666666666,0.024805506993006994,0.06743589743589742
238,final_half,Temperature,65,0.5377622377622377,0.2727272727272727,-0.02187281468531468,0.06923076923076923
238,final_half,Fisher,65,0.6039335664335664,0.2727272727272727,0.02068618881118881,0.04294871794871795
240,final_half,Semantic,55,0.5176767676767677,0.3333333333333333,0.042417027417027416,0.10878787878787877
240,final_half,Temperature,55,0.5889610389610391,0.2,-0.014877344877344878,0.04727272727272728
240,final_half,Fisher,55,0.4633477633477635,0.3333333333333333,0.03468253968253969,0.09212121212121212
243,final_half,Semantic,109,0.556621258456121,0.15789473684210525,0.004769252154573253,0.07011278195488722
243,final_half,Temperature,109,0.7185061625428599,0.4666666666666667,0.00686544342507645,0.07062656641604012
243,final_half,Fisher,109,0.6615698267074415,0.375,-0.034992123065517564,0.046666666666666676
245,final_half,Semantic,129,0.6259112254025045,0.3,0.03654600849731665,0.08157641633728589
245,final_half,Temperature,129,0.5791759838998212,0.23809523809523808,-0.0068861806797853335,0.06706521739130435
245,final_half,Fisher,129,0.6089724955277281,0.23809523809523808,-0.01610437164579607,0.0538768115942029
246,final_half,Semantic,142,0.46166210175799627,0.30434782608695654,0.01926084104687641,0.0840490926697823
246,final_half,Temperature,142,0.5608928081208573,0.36363636363636365,-0.014937205437654946,0.05269778114605701
246,final_half,Fisher,142,0.504906840237976,0.15384615384615385,0.017264784960319877,0.06670982274430551
248,final_half,Semantic,113,0.3973734114046178,0.4117647058823529,-0.010934277064342272,0.04943534726143422
248,final_half,Temperature,113,0.5993911770576885,0.5,-0.004115376937920025,0.07329757199322415
248,final_half,Fisher,113,0.42523620999401157,0.3333333333333333,-0.020024619069798397,0.04511575381140598
249,final_half,Semantic,82,0.5641754007901525,0.5,-0.03861081181092936,0.030147058823529416
249,final_half,Temperature,82,0.4444988626593094,0.2857142857142857,0.040443617287578504,0.07147058823529412
249,final_half,Fisher,82,0.6797596891631567,0.5,0.008262861745083314,0.08147058823529411
250,final_half,Semantic,125,0.6940153609831029,0.18181818181818182,-0.009370814132104454,0.05515612648221344
250,final_half,Temperature,125,0.6971490015360982,0.3684210526315789,0.011988632872503843,0.0713768115942029
250,final_half,Fisher,125,0.7951889400921659,0.3684210526315789,7.403993855606539e-05,0.056445981554677206
251,final_half,Semantic,104,0.7514243038514884,0.4666666666666667,0.003387922756854793,0.054598997493734334
251,final_half,Temperature,104,0.7957644297450124,0.6923076923076923,0.0013938973647711537,0.04904761904761905
251,final_half,Fisher,104,0.6837085244852236,0.4666666666666667,0.0062573348981116,0.06642857142857143
252,final_half,Semantic,128,0.7523232924372826,0.3684210526315789,-0.007377597967405239,0.05168840579710145
252,final_half,Temperature,128,0.6171431514374657,0.4444444444444444,0.005175906427394248,0.05185507246376812
252,final_half,Fisher,128,0.6580411096868705,0.5294117647058824,-0.03009550677531587,0.051543478260869566
255,final_half,Semantic,65,0.7303758741258741,0.16666666666666666,-0.003927010489510491,0.09137529137529138
255,final_half,Temperature,65,0.7851835664335663,0.4,0.024313811188811187,0.07773892773892774
255,final_half,Fisher,65,0.760708041958042,0.5555555555555556,-0.004571678321678327,0.07628205128205129
259,final_half,Semantic,59,0.4997077732320282,0.3333333333333333,0.017445938047925193,0.07363636363636364
259,final_half,Temperature,59,0.47936879018118067,0.3333333333333333,0.0043600233781414385,0.05181818181818182
259,final_half,Fisher,59,0.6226767971946231,0.3333333333333333,-0.02683518410286383,0.04272727272727273
261,final_half,Semantic,113,0.6499184909175595,0.4117647058823529,0.044436173398097016,0.08184790038336949
261,final_half,Temperature,113,0.6256237939982701,0.4117647058823529,0.014455386253243729,0.07287972896668547
261,final_half,Fisher,113,0.648471288841573,0.4117647058823529,0.0012833521857741684,0.06141163184641444
263,final_half,Semantic,92,0.5096404296965307,0.5384615384615384,0.0032651079635651822,0.052442380460956305
263,final_half,Temperature,92,0.6368386172032736,0.25,-0.0026108533822418864,0.073421912624699
263,final_half,Fisher,92,0.4415332213368679,0.5384615384615384,-0.05934451243006642,0.059335225318197446
264,final_half,Semantic,64,0.7613553113553112,0.2727272727272727,-0.010086996336996334,0.025174825174825177
264,final_half,Temperature,64,0.7434981684981684,0.2727272727272727,-0.002239010989010988,0.05576923076923076
264,final_half,Fisher,64,0.7844322344322343,0.16666666666666666,0.016641483516483514,0.05576923076923077
265,final_half,Semantic,112,0.5809016981583354,0.14285714285714285,0.012535022380155126,0.07645398080180688
265,final_half,Temperature,112,0.6891123107937267,0.3333333333333333,-0.018240680630061158,0.07470504324051233
265,final_half,Fisher,112,0.5985324768510609,0.5,-0.019155106433867496,0.05175190941781331
269,final_half,Semantic,88,0.5726638723539151,0.2857142857142857,0.05021309569934136,0.06183823529411765
269,final_half,Temperature,88,0.5378112782219718,0.6363636363636364,0.02704378148004649,0.07308823529411765
269,final_half,Fisher,88,0.7529146560529747,0.38461538461538464,0.023776901130639995,0.026838235294117645
271,final_half,Semantic,69,0.4481549141395689,0.16666666666666666,-0.02353489221775667,0.027564102564102567
271,final_half,Temperature,69,0.4787723785166241,0.2727272727272727,-0.04123858238947753,0.0391025641025641
271,final_half,Fisher,69,0.6044208987943004,0.2727272727272727,-0.0001753744976251398,0.039102564102564095
272,final_half,Semantic,104,0.8262776058892564,0.29411764705882354,-0.035911661154379604,0.04670426065162907
272,final_half,Temperature,104,0.6665848714392404,0.2222222222222222,0.011326683025712153,0.041190476190476194
272,final_half,Fisher,104,0.8656886802517871,0.4666666666666667,-0.014643123866424839,0.05959899749373435
278,final_half,Semantic,55,0.707864357864358,0.7142857142857143,0.028358585858585868,0.09136363636363636
278,final_half,Temperature,55,0.6605339105339106,0.7142857142857143,0.024715007215007224,0.04181818181818182
278,final_half,Fisher,55,0.6592352092352094,0.7142857142857143,-0.007543290043290044,0.04636363636363637
279,final_half,Semantic,65,0.6348776223776224,0.4,0.028328234265734265,0.07004662004662005
279,final_half,Temperature,65,0.7067744755244756,0.2727272727272727,0.006767919580419585,0.0558974358974359
279,final_half,Fisher,65,0.6431381118881119,0.2727272727272727,0.02203234265734266,0.07453379953379954
280,final_half,Semantic,148,0.7300814031398883,0.5,-0.02002372870062228,0.05028735632183908
280,final_half,Temperature,148,0.7164808967301777,0.30434782608695654,0.006076731436271225,0.04831691297208538
280,final_half,Fisher,148,0.6076681532596743,0.30434782608695654,-0.01392645213354705,0.06313628899835796
281,final_half,Semantic,80,0.5636193155180497,0.14285714285714285,0.009900375058602907,0.048095238095238094
281,final_half,Temperature,80,0.6938115330520395,0.3333333333333333,-0.024226441631504926,0.04476190476190476
281,final_half,Fisher,80,0.48907641819034225,0.14285714285714285,0.01883731833098922,0.06190476190476189
284,final_half,Semantic,72,0.8480288121422601,0.45454545454545453,0.021392050935751493,0.0839194139194139
284,final_half,Temperature,72,0.9184191909447553,0.3333333333333333,-0.03156794649173581,0.04476190476190476
284,final_half,Fisher,72,0.8334298025596503,0.45454545454545453,-0.030456942568653934,0.04523809523809523
286,final_half,Semantic,98,0.7846973841082824,0.42857142857142855,-0.03851730007841936,0.03508771929824561
286,final_half,Temperature,98,0.6696057992081554,0.5384615384615384,0.021275876798704484,0.04683522531819745
286,final_half,Fisher,98,0.5334493685009148,0.5384615384615384,0.038688165050462554,0.07144822841417268
289,final_half,Semantic,68,0.4231018818948734,0.16666666666666666,0.033360690155361306,0.055128205128205134
289,final_half,Temperature,68,0.5662098713593159,0.16666666666666666,0.039542695728518526,0.05897435897435897
289,final_half,Fisher,68,0.48410123296560664,0.16666666666666666,-0.03938809787380233,0.04743589743589744
296,final_half,Semantic,95,0.6882278835386337,0.25,0.010349944008958566,0.055366357069143446
296,final_half,Temperature,95,0.5797032474804032,0.42857142857142855,-0.04240831466965285,0.030168558651530786
296,final_half,Fisher,95,0.6087346024636058,0.3333333333333333,0.010221864501679738,0.050395596835225306
297,final_half,Semantic,93,0.6274059264122227,0.25,0.005579511205275879,0.05502235982112143
297,final_half,Temperature,93,0.7219718898272207,0.42857142857142855,0.04612067679269493,0.06910904712762299
297,final_half,Fisher,93,0.7681507564680253,0.42857142857142855,0.009795291098445288,0.05116959064327485
298,final_half,Semantic,82,0.6579706359312589,0.2857142857142857,0.03094328533646783,0.0956827731092437
298,final_half,Temperature,82,0.6236218587085469,0.2857142857142857,-0.0093544911352728,0.05036764705882353
298,final_half,Fisher,82,0.6470434583863911,0.2,-0.010944591373624583,0.07913865546218488
299,final_half,Semantic,103,0.6439397267495498,0.4666666666666667,0.0027605104775293232,0.062456140350877196
299,final_half,Temperature,103,0.6243355445240083,0.4666666666666667,-0.01678436497825419,0.05908521303258146
299,final_half,Fisher,103,0.6227320651935159,0.375,0.031111342968852974,0.07273182957393484
303,final_half,Semantic,154,0.7094654870745953,0.45454545454545453,-0.018064351840442926,0.07539358840804891
303,final_half,Temperature,154,0.7953654188948307,0.45454545454545453,-0.03479960899315738,0.03531490015360983
303,final_half,Fisher,154,0.6649958517131194,0.391304347826087,0.0009693026770825591,0.05748663440543307
304,final_half,Semantic,66,0.45609017847823824,0.16666666666666666,-0.007278989667049374,0.06089743589743589
304,final_half,Temperature,66,0.6511846362592633,0.2727272727272727,0.058290366350067846,0.06858974358974358
304,final_half,Fisher,66,0.6371568729777686,0.4,0.034036113140590754,0.08397435897435898
306,final_half,Semantic,85,0.8241156927887434,0.2857142857142857,0.005716239984365839,0.04264705882352941
306,final_half,Temperature,85,0.7824311119796755,0.6363636363636364,-0.03665526675786593,0.048161764705882355
306,final_half,Fisher,85,0.8190345905804182,0.6363636363636364,-0.040728942739886656,0.04264705882352941
309,final_half,Semantic,71,0.6910127431254192,0.45454545454545453,0.0013380281690140792,0.07439560439560439
309,final_half,Temperature,71,0.7684775318578135,0.7777777777777778,0.04671696847753186,0.06952380952380952
309,final_half,Fisher,71,0.5875586854460093,0.23076923076923078,-0.006960093896713618,0.062380952380952384
310,final_half,Semantic,89,0.6607763023493362,0.38461538461538464,-0.025589036431733058,0.02095588235294118
310,final_half,Temperature,89,0.7552945182158667,0.2857142857142857,0.004885086823289071,0.04779411764705883
310,final_half,Fisher,89,0.7901940755873341,0.38461538461538464,-0.05074310520939734,0.04889705882352942
313,final_half,Semantic,91,0.7823379519031693,0.42857142857142855,-0.03687529861442905,0.08219384244926041
313,final_half,Temperature,91,0.8076445293836599,0.5384615384615384,0.01382544991240644,0.060745614035087714
313,final_half,Fisher,91,0.7962892180283485,0.42857142857142855,0.030754100971492275,0.06228070175438597
317,final_half,Semantic,85,0.8535470001954271,0.38461538461538464,-0.004946257572796564,0.07779411764705882
317,final_half,Temperature,85,0.7100449482118428,0.8,-0.0024096150087942123,0.05183823529411764
317,final_half,Fisher,85,0.7547781903459058,0.38461538461538464,0.0049443033027164384,0.07139705882352941
318,final_half,Semantic,86,0.567904146422001,0.38461538461538464,-0.001954809189112695,0.055514705882352945
318,final_half,Temperature,86,0.801877447049389,0.5,0.04069059861314213,0.07264705882352941
318,final_half,Fisher,86,0.6640218878248973,0.2857142857142857,0.041504787961696314,0.05522058823529412
319,final_half,Semantic,99,0.7732838589981446,0.42857142857142855,-0.006395794681508965,0.04853801169590642
319,final_half,Temperature,99,0.7872108843537414,0.5384615384615384,-0.004437229437229436,0.08085655314757481
319,final_half,Fisher,99,0.7557204700061844,0.42857142857142855,0.0025157699443413744,0.04064327485380117
322,final_half,Semantic,66,0.5866402254461957,0.2727272727272727,-0.04419162926625614,0.044230769230769226
322,final_half,Temperature,66,0.6819121177330134,0.2727272727272727,0.009641999791253525,0.06282051282051282
322,final_half,Fisher,66,0.7483769961381903,0.2727272727272727,-0.011996660056361554,0.08076923076923076
323,final_half,Semantic,97,0.5233799705449189,0.25,0.013820876288659795,0.061850705194358445
323,final_half,Temperature,97,0.6329555017883441,0.42857142857142855,0.002773248474647589,0.06028551771585827
323,final_half,Fisher,97,0.5423153797601514,0.5384615384615384,0.005977146013044391,0.05999312005503956
328,final_half,Semantic,140,0.6550829852835058,0.4,0.012948328267477207,0.050230769230769225
328,final_half,Temperature,140,0.8305656994161512,0.47368421052631576,0.040056854212678496,0.06388603988603989
328,final_half,Fisher,140,0.483190833351556,0.16666666666666666,-0.005877850910760753,0.07147132416697634
333,final_half,Semantic,60,0.6402889691580996,0.3333333333333333,-0.03970547374270632,0.03727272727272728
333,final_half,Temperature,60,0.6887468741317033,0.2,0.0035343150875243147,0.04636363636363637
333,final_half,Fisher,60,0.7326479577660463,0.3333333333333333,-0.026157265907196442,0.05636363636363637
338,final_half,Semantic,76,0.7773615857826384,0.23076923076923078,-0.008406015037593983,0.06783882783882783
338,final_half,Temperature,76,0.8234586466165414,0.45454545454545453,0.01947368421052632,0.07666666666666666
338,final_half,Fisher,76,0.7125905673274093,0.6,-0.005578947368421052,0.06523809523809523
340,final_half,Semantic,61,0.6538339502908512,0.2727272727272727,0.044957694341618185,0.0662004662004662
340,final_half,Temperature,61,0.6039132734003173,0.4,-0.0020333157059756767,0.058974358974358966
340,final_half,Fisher,61,0.720306716023268,0.16666666666666666,-0.052734003172924385,0.04294871794871794
341,final_half,Semantic,88,0.5517417491458562,0.38461538461538464,0.019218238174069244,0.045220588235294124
341,final_half,Temperature,88,0.594765946955021,0.38461538461538464,-0.008409355077313236,0.07102941176470588
341,final_half,Fisher,88,0.6204254869500899,0.5,0.02257229403684266,0.07323529411764705
343,final_half,Semantic,126,0.6440164979377578,0.3,-0.019815223097112866,0.0623768115942029
343,final_half,Temperature,126,0.5749471316085489,0.3,0.02169208848893888,0.055876811594202894
343,final_half,Fisher,126,0.6148601424821898,0.3684210526315789,-0.0064125984251968485,0.060945981554677196
346,final_half,Semantic,77,0.41103633208896356,0.45454545454545453,0.020981649929018346,0.05095238095238095
346,final_half,Temperature,77,0.5525527104474472,0.45454545454545453,0.029247068720752927,0.06249084249084249
346,final_half,Fisher,77,0.2966244282033755,0.45454545454545453,0.00977837951522162,0.06190476190476191
350,final_half,Semantic,77,0.5921709869078289,0.3333333333333333,-0.0484015984015984,0.03761904761904762
350,final_half,Temperature,77,0.5697460434302539,0.23076923076923078,0.006634155318365842,0.07238095238095238
350,final_half,Fisher,77,0.5536568694463431,0.3333333333333333,-0.0025934591724065424,0.08333333333333333
351,final_half,Semantic,92,0.6786061063760923,0.25,0.012410800980225947,0.0687951496388029
351,final_half,Temperature,92,0.6754619854199096,0.25,-0.015269022702402792,0.036842105263157884
351,final_half,Fisher,92,0.8178413451905737,0.5384615384615384,0.02083596627776151,0.057997936016511875
355,final_half,Semantic,101,0.353849737914968,0.29411764705882354,0.034967967384973785,0.05987468671679199
355,final_half,Temperature,101,0.5401863715783343,0.29411764705882354,-0.0862737332556785,0.045158730158730155
355,final_half,Fisher,101,0.27849737914967965,0.29411764705882354,0.013999417588817703,0.05959899749373435
360,final_half,Semantic,60,0.6754098360655738,0.2,-0.014765212559044182,0.06999999999999999
360,final_half,Temperature,60,0.766824117810503,0.2,0.022331203111975548,0.038181818181818185
360,final_half,Fisher,60,0.7742150597388165,0.0,-0.015282022784106694,0.07999999999999999
361,final_half,Semantic,116,0.8493368700265252,0.7142857142857143,-0.007513166493676238,0.06908526256352343
361,final_half,Temperature,116,0.8543189943489794,0.5,0.010143774266712799,0.045539243365330315
361,final_half,Fisher,116,0.833275669857379,0.8461538461538461,-0.01680928766386037,0.03797289666854884
363,final_half,Semantic,78,0.6090491786694318,0.3333333333333333,-0.04111711073736389,0.059157509157509156
363,final_half,Temperature,78,0.5935962771405809,0.23076923076923078,-0.019754928615688113,0.03380952380952381
363,final_half,Fisher,78,0.49397438005032934,0.14285714285714285,0.05511829942209688,0.07498168498168498
366,final_half,Semantic,67,0.6101444648415676,0.16666666666666666,0.03884787293479129,0.0738927738927739
366,final_half,Temperature,67,0.5434990821294596,0.4,-0.04162742437544896,0.047435897435897434
366,final_half,Fisher,67,0.6228350227472265,0.16666666666666666,0.00014965280549125628,0.06730769230769232
367,final_half,Semantic,57,0.6131708581799327,0.2,0.031387736582836404,0.055454545454545444
367,final_half,Temperature,57,0.8122245268343273,0.2,0.07498055483536428,0.0609090909090909
367,final_half,Fisher,57,0.6513481980814104,0.0,-0.013786621726730619,0.061818181818181814
368,final_half,Semantic,72,0.7851630329924756,0.45454545454545453,-0.01359412180847643,0.04380952380952381
368,final_half,Temperature,72,0.7717216541256673,0.45454545454545453,-0.04017943276094926,0.05047619047619049
368,final_half,Fisher,72,0.7906296224837612,0.6,0.017195639590970486,0.05582417582417583
369,final_half,Semantic,97,0.8192588891226592,0.17647058823529413,-0.011429623395750047,0.045906432748538006
369,final_half,Temperature,97,0.8825478645066274,0.42857142857142855,0.03783531453818641,0.07015393876848985
369,final_half,Fisher,97,0.8064380391331789,0.3333333333333333,0.04449295181990322,0.05706914344685241
370,final_half,Semantic,79,0.6814508276533594,0.23076923076923078,-0.04040043816942551,0.041428571428571426
370,final_half,Temperature,79,0.835321324245375,0.3333333333333333,-0.013972736124634861,0.037142857142857144
370,final_half,Fisher,79,0.7084225900681597,0.3333333333333333,-0.011815968841285298,0.05095238095238095
372,final_half,Semantic,65,0.5667395104895104,0.2727272727272727,0.0755769230769231,0.06025641025641025
372,final_half,Temperature,65,0.5988636363636364,0.5555555555555556,-0.036536276223776226,0.04358974358974359
372,final_half,Fisher,65,0.5209353146853147,0.07692307692307693,0.013660402097902096,0.06491841491841492
373,final_half,Semantic,62,0.23779305482108232,0.4,0.01873032660975548,0.07897435897435898
373,final_half,Temperature,62,0.44136385384402305,0.4,0.04322983556193499,0.06555944055944056
373,final_half,Fisher,62,0.2926896829593815,0.4,0.02203167887990733,0.0673076923076923
375,final_half,Semantic,68,0.2854525327327556,0.2727272727272727,0.012037637897469176,0.04038461538461538
375,final_half,Temperature,68,0.4852464022598007,0.4,0.027401992594571895,0.06794871794871794
375,final_half,Fisher,68,0.545596824063824,0.4,-0.02659655685765545,0.06427738927738927
383,final_half,Semantic,68,0.7032484635645303,0.2727272727272727,0.0013722945375424685,0.059615384615384605
383,final_half,Temperature,68,0.6810321792571667,0.5555555555555556,-0.026300721456655345,0.0715034965034965
383,final_half,Fisher,68,0.6716417910447761,0.2727272727272727,-0.009346490056113294,0.035256410256410256
386,final_half,Semantic,99,0.7213729128014842,0.5384615384615384,0.028010513296227578,0.06688596491228069
386,final_half,Temperature,99,0.8735930735930736,0.5384615384615384,0.030918985776128633,0.04619883040935672
386,final_half,Fisher,99,0.8215831787260358,0.5384615384615384,0.005931972789115653,0.06647746818025455
390,final_half,Semantic,70,0.6788732394366197,0.2727272727272727,-0.05589712186160441,0.03974358974358974
390,final_half,Temperature,70,0.7084069635202519,0.2727272727272727,-0.031467063249059575,0.05128205128205129
390,final_half,Fisher,70,0.504225352112676,0.2727272727272727,-0.0036672207155979365,0.046794871794871795
392,final_half,Semantic,64,0.7585164835164835,0.16666666666666666,0.011668956043956043,0.06089743589743589
392,final_half,Temperature,64,0.839102564102564,0.2727272727272727,-0.03584706959706959,0.0770979020979021
392,final_half,Fisher,64,0.7723443223443223,0.4,-0.025272435897435892,0.0858974358974359
393,final_half,Semantic,48,0.3897090751194094,0.25,-0.000331089882761619,0.06527777777777778
393,final_half,Temperature,48,0.506838905775076,0.1111111111111111,-0.0011018237082066863,0.03333333333333334
393,final_half,Fisher,48,0.4469170646982197,0.25,0.01122991749891446,0.034722222222222224
407,final_half,Semantic,82,0.4980463860863508,0.2,-0.022139506535627608,0.06470588235294118
407,final_half,Temperature,82,0.7877907293129157,0.38461538461538464,-0.005832544269217796,0.04264705882352941
407,final_half,Fisher,82,0.5271710146820344,0.5,0.013731892339003713,0.05367647058823529
410,final_half,Semantic,70,0.5138133146706325,0.16666666666666666,-0.02675881375207768,0.05128205128205128
410,final_half,Temperature,70,0.7379756801679642,0.4,0.009992126673081969,0.046794871794871795
410,final_half,Fisher,70,0.5340740092730294,0.16666666666666666,-0.005889248534686383,0.05658508158508159
412,final_half,Semantic,59,0.40450029222676803,0.2,-0.029520748100526007,0.06303030303030302
412,final_half,Temperature,59,0.5649327878433666,0.3333333333333333,0.006297486849795442,0.07181818181818181
412,final_half,Fisher,59,0.6992402104032731,0.3333333333333333,-0.032822910578609,0.034848484848484844
415,final_half,Semantic,47,0.8087419056429233,0.42857142857142855,-0.026919518963922296,0.06944444444444445
415,final_half,Temperature,47,0.8216928769657725,0.25,0.015812904717853838,0.06805555555555556
415,final_half,Fisher,47,0.769195189639223,0.25,0.05858001850138761,0.06944444444444445
416,final_half,Semantic,73,0.5429470566456869,0.14285714285714285,-0.0007420091324200871,0.05809523809523809
416,final_half,Temperature,73,0.6534616808589412,0.3333333333333333,0.0033907194866098986,0.08604395604395604
416,final_half,Fisher,73,0.4535048747377516,0.3333333333333333,0.02703319758114279,0.06677655677655678
417,final_half,Semantic,91,0.7177576047141265,0.17647058823529413,-0.04274964166268514,0.057309941520467846
417,final_half,Temperature,91,0.7005414874980093,0.3333333333333333,0.006802038541168981,0.06028551771585827
417,final_half,Fisher,91,0.5924191750278707,0.3333333333333333,0.02422519509476032,0.05021929824561403
418,final_half,Semantic,147,0.7632509501394041,0.25,-0.015981231441114026,0.04691170898067449
418,final_half,Temperature,147,0.7557140590408693,0.42857142857142855,0.03787259442836742,0.060253252494631815
418,final_half,Fisher,147,0.7821932919780279,0.5,0.018258921487884307,0.05374931581828133
421,final_half,Semantic,182,0.6918836982237037,0.26666666666666666,-0.011173637520888674,0.05176533676533677
421,final_half,Temperature,182,0.5830963710684751,0.22580645161290322,-0.0019248933296573893,0.05654881772528832
421,final_half,Fisher,182,0.6771215380037044,0.3103448275862069,-0.02732671730045157,0.03763191763191763
423,final_half,Semantic,71,0.4939302481556002,0.23076923076923078,0.008120389000670688,0.07058608058608058
423,final_half,Temperature,71,0.37283702213279674,0.23076923076923078,0.01683098591549296,0.048095238095238094
423,final_half,Fisher,71,0.41438631790744457,0.3333333333333333,0.02013246143527833,0.08058608058608059
424,final_half,Semantic,133,0.7134491588537148,0.6470588235294118,0.02814907009722406,0.05728205128205127
424,final_half,Temperature,133,0.7929882372144744,0.5555555555555556,0.040554830087430244,0.06253276353276353
424,final_half,Fisher,133,0.7953448750777894,0.75,0.0014025055855377924,0.054982905982905984
425,final_half,Semantic,77,0.4101687785898312,0.3333333333333333,-0.007014038592985959,0.047619047619047616
425,final_half,Temperature,77,0.7250906987749092,0.45454545454545453,0.020183763604816236,0.05523809523809523
425,final_half,Fisher,77,0.3700247121299753,0.23076923076923078,0.0047229086702770965,0.06344322344322342
426,final_half,Semantic,79,0.6553067185978578,0.45454545454545453,-0.004845423563777995,0.05296703296703296
426,final_half,Temperature,79,0.6290895813047712,0.6,0.008686708860759495,0.03761904761904762
426,final_half,Fisher,79,0.602653359298929,0.45454545454545453,-0.012548685491723468,0.059157509157509156
429,final_half,Semantic,149,0.8663232359876656,0.5789473684210527,-0.016817159441320513,0.059688013136289
429,final_half,Temperature,149,0.8010919644476692,0.36363636363636365,0.03099582804280791,0.059580649235821646
429,final_half,Fisher,149,0.8051587157627426,0.6666666666666666,-0.003244512969345183,0.08171392783461748
430,final_half,Semantic,99,0.6543475572047001,0.3333333333333333,0.022627087198515767,0.03801169590643274
430,final_half,Temperature,99,0.7528014842300557,0.42857142857142855,0.028075448361162637,0.08314413484692122
430,final_half,Fisher,99,0.6653061224489795,0.42857142857142855,0.006168212739641311,0.09084107327141383
432,final_half,Semantic,88,0.7172343348244162,0.2857142857142857,0.003329400162023177,0.04191176470588236
432,final_half,Temperature,88,0.8383466591525485,0.38461538461538464,0.019669965834243255,0.03977941176470588
432,final_half,Fisher,88,0.6706878940509318,0.2857142857142857,-0.00239776689796062,0.07022058823529412
434,final_half,Semantic,63,0.7644009216589861,0.2727272727272727,-0.021500576036866358,0.05128205128205128
434,final_half,Temperature,63,0.8472542242703534,0.4,0.005220334101382484,0.047435897435897434
434,final_half,Fisher,63,0.7133736559139786,0.2727272727272727,0.0257584485407066,0.10145687645687644
438,final_half,Semantic,95,0.569974804031355,0.3333333333333333,-0.020680291153415457,0.04035087719298245
438,final_half,Temperature,95,0.5961786114221724,0.42857142857142855,-0.01020506718924972,0.048830409356725134
438,final_half,Fisher,95,0.4684490481522956,0.25,0.0017210246360582309,0.0561188510491916
440,final_half,Semantic,76,0.7537662337662338,0.3333333333333333,0.0409336978810663,0.07604395604395604
440,final_half,Temperature,76,0.8024333561175667,0.23076923076923078,0.009521531100478469,0.07164835164835165
440,final_half,Fisher,76,0.5363226247436774,0.23076923076923078,0.009274094326725903,0.04095238095238095
441,final_half,Semantic,60,0.35798833009169223,0.2,-0.019405390386218396,0.05545454545454546
441,final_half,Temperature,60,0.49891636565712705,0.5,-0.04469852736871355,0.07757575757575758
441,final_half,Fisher,60,0.7559322033898306,0.5,0.018860794665184775,0.050909090909090904
442,final_half,Semantic,115,0.5686104316262921,0.2,-0.01732857255582735,0.04683794466403162
442,final_half,Temperature,115,0.5947289513138168,0.3333333333333333,-0.0018062021620768587,0.06326933935629588
442,final_half,Fisher,115,0.41689418448670407,0.2,0.021034088219048376,0.06002823263692828
443,final_half,Semantic,80,0.7164556962025317,0.23076923076923078,-0.026827238631036105,0.05095238095238095
443,final_half,Temperature,80,0.709774964838256,0.14285714285714285,-0.014055321143928745,0.07831501831501832
443,final_half,Fisher,80,0.7746601031411158,0.23076923076923078,-0.003669714017815283,0.05523809523809523
445,final_half,Semantic,116,0.7090916080421328,0.3333333333333333,-0.022051282051282046,0.061970638057594576
445,final_half,Temperature,116,0.7986929612117019,0.5,-0.022002075885134358,0.04291360813099944
445,final_half,Fisher,116,0.8493599354169069,0.6,0.0035812862799369503,0.038368153585544885
446,final_half,Semantic,124,0.614036191974823,0.4444444444444444,-0.008176868607395752,0.050753623188405796
446,final_half,Temperature,124,0.810473642800944,0.5294117647058824,-0.045706372934697086,0.04171014492753623
446,final_half,Fisher,124,0.5666907946498818,0.3,-0.00759150275373722,0.05621014492753623
449,final_half,Semantic,72,0.17840375586854465,0.23076923076923078,-0.0027365103865200366,0.048571428571428564
449,final_half,Temperature,72,0.3706990803267092,0.23076923076923078,-0.05915975303878064,0.06677655677655678
449,final_half,Fisher,72,0.40619975561129346,0.23076923076923078,0.054463309537590855,0.08545787545787545
451,final_half,Semantic,62,0.6484097605197553,0.2727272727272727,-0.014953035682808286,0.05128205128205128
451,final_half,Temperature,62,0.7002845559164967,0.4,-0.056485608521568344,0.06794871794871794
451,final_half,Fisher,62,0.6398479010853416,0.5555555555555556,0.0007050943063634735,0.06346153846153844
453,final_half,Semantic,66,0.382152176182027,0.16666666666666666,-0.027155829245381485,0.04358974358974359
453,final_half,Temperature,66,0.5780398705771841,0.2727272727272727,0.012635424277215318,0.0694055944055944
453,final_half,Fisher,66,0.4746268656716418,0.07692307692307693,-0.0395157081724246,0.060256410256410264
455,final_half,Semantic,91,0.5192865105908584,0.42857142857142855,-0.04143892339544514,0.05180598555211559
455,final_half,Temperature,91,0.6215639433030737,0.5384615384615384,0.007003503742634178,0.07237702098383213
455,final_half,Fisher,91,0.5052556139512662,0.25,0.002228061793279186,0.04981080151358789
458,final_half,Semantic,50,0.6978631452581032,0.0,-0.0038607442977190874,0.075
458,final_half,Temperature,50,0.6989195678271308,0.1111111111111111,0.06046098439375751,0.07361111111111111
458,final_half,Fisher,50,0.6870108043217288,0.1111111111111111,-0.00887875150060024,0.04166666666666667
460,final_half,Semantic,60,0.5897193664906919,0.2,0.007574326201722705,0.06
460,final_half,Temperature,60,0.5422617393720479,0.09090909090909091,0.09874965268130037,0.07303030303030303
460,final_half,Fisher,60,0.8085579327590999,0.2,-0.06246179494303974,0.041818181818181824
461,final_half,Semantic,62,0.5024552391025158,0.2727272727272727,0.004381657475258746,0.05192307692307692
461,final_half,Temperature,62,0.7720530835284934,0.5555555555555556,0.01401878572687669,0.07628205128205127
461,final_half,Fisher,62,0.632545138626577,0.5555555555555556,-0.005673490972274686,0.059615384615384605
467,final_half,Semantic,62,0.36904132356274083,0.07692307692307693,-0.03916043413663721,0.058974358974358966
467,final_half,Temperature,62,0.6209614464506057,0.2727272727272727,-0.022527763088313068,0.08543123543123542
467,final_half,Fisher,62,0.5731661252549671,0.16666666666666666,-0.0257132784367052,0.05897435897435897
470,final_half,Semantic,53,0.5034671827124657,0.3333333333333333,-0.009288824383164002,0.07181818181818181
470,final_half,Temperature,53,0.4475890985324947,0.3333333333333333,0.0379414610546686,0.08212121212121211
470,final_half,Fisher,53,0.36373165618448633,0.2,0.007188356716658607,0.07999999999999999
475,final_half,Semantic,116,0.5235843616653212,0.2,-0.04137085303502096,0.054664031620553354
475,final_half,Temperature,116,0.6733786952677507,0.2631578947368421,-0.008923230692346133,0.058594014680971196
475,final_half,Fisher,116,0.5747818398493061,0.2,0.038910929150809216,0.06635234330886505
477,final_half,Semantic,85,0.8142075434825091,0.2857142857142857,0.0312702755520813,0.06441176470588235
477,final_half,Temperature,85,0.8359976548759039,0.38461538461538464,-0.027807308970099663,0.04485294117647059
477,final_half,Fisher,85,0.7782685167090092,0.38461538461538464,-0.009197772132108657,0.05227941176470589
478,final_half,Semantic,69,0.749689440993789,0.2727272727272727,-0.012753014249177935,0.04358974358974359
478,final_half,Temperature,69,0.7791377420533432,0.4,0.007906466934599923,0.06730769230769232
478,final_half,Fisher,69,0.810266715381805,0.4,-0.0044282060650347056,0.05192307692307692
482,final_half,Semantic,47,0.30793246993524515,0.25,-0.03608926919518964,0.06944444444444445
482,final_half,Temperature,47,0.8241211840888067,0.42857142857142855,0.00232423681776133,0.05694444444444444
482,final_half,Fisher,47,0.8625115633672525,0.42857142857142855,0.037922062904717856,0.051388888888888894
483,final_half,Semantic,68,0.575218536473642,0.4,0.008932320494713136,0.0391025641025641
483,final_half,Temperature,68,0.681299385425812,0.5555555555555556,-0.02774554338283009,0.03141025641025641
483,final_half,Fisher,68,0.4318433408405542,0.4,-0.019677825705233423,0.045046620046620044
484,final_half,Semantic,52,0.5724408776573038,0.2,-0.019098437633398784,0.0609090909090909
484,final_half,Temperature,52,0.7219328950738496,0.09090909090909091,-0.043105950653120464,0.05545454545454546
484,final_half,Fisher,52,0.6478272005464014,0.3333333333333333,0.02451549560317596,0.061818181818181814
488,final_half,Semantic,83,0.8287015658452626,0.38461538461538464,-0.011827799000881573,0.06441176470588236
488,final_half,Temperature,83,0.7588262457495487,0.2857142857142857,0.03383149322026783,0.0544327731092437
488,final_half,Fisher,83,0.7403551488182696,0.38461538461538464,-0.007007472398304018,0.045220588235294124
492,final_half,Semantic,57,0.8554576095410942,0.3333333333333333,-0.0032927145449831406,0.05181818181818182
492,final_half,Temperature,57,0.7963443090484834,0.5,0.0004439979258491045,0.05545454545454546
492,final_half,Fisher,57,0.8201322271195229,0.5,-0.03740925589836661,0.07515151515151515
494,final_half,Semantic,93,0.6451314493748319,0.5384615384615384,-0.010709916146936824,0.04619883040935672
494,final_half,Temperature,93,0.5335263047954402,0.3333333333333333,0.0022447852943809484,0.06028551771585827
494,final_half,Fisher,93,0.6368505863746231,0.8181818181818182,-0.0067977678971084116,0.054729962160302716
495,final_half,Semantic,68,0.833110661526129,0.4,0.04790624880711531,0.06923076923076923
495,final_half,Temperature,68,0.8910562278123448,0.5555555555555556,0.00014696339275488968,0.08474358974358974
495,final_half,Fisher,68,0.8381112341107759,0.75,-0.03580180936748484,0.059102564102564106
496,final_half,Semantic,101,0.674152591729761,0.5714285714285714,-0.02320733838089691,0.05753968253968254
496,final_half,Temperature,101,0.8445894001164822,0.8333333333333334,-0.013726266744321486,0.06166666666666667
496,final_half,Fisher,101,0.8158765288293536,0.8333333333333334,-0.0003838089691322072,0.03642857142857143
497,final_half,Semantic,93,0.7405031183790396,0.3333333333333333,-0.00959535674853033,0.06647746818025456
497,final_half,Temperature,93,0.6152158992569603,0.25,0.012079615648592994,0.051754385964912275
497,final_half,Fisher,93,0.7111097848467666,0.6666666666666666,0.006447136761063531,0.08085655314757481
0,all_blocks,Semantic,70,-0.06412387367684368,0.07692307692307693,0.04108301985828012,0.05641025641025641
0,all_blocks,Temperature,70,-0.13267430670982416,0.16666666666666666,-0.04069110314058262,0.08286713286713286
0,all_blocks,Fisher,70,-0.13480885311871227,0.16666666666666666,-0.014980316682704923,0.04038461538461537
4,all_blocks,Semantic,85,0.2452218096540942,0.2,0.02774574946257573,0.06514705882352942
4,all_blocks,Temperature,85,0.04356068008598788,0.2,0.017237639241743208,0.06433823529411765
4,all_blocks,Fisher,85,0.17856165722102796,0.125,-0.010893101426617157,0.05522058823529412
8,all_blocks,Semantic,76,0.2562132604237867,0.14285714285714285,0.06783321941216679,0.07439560439560437
8,all_blocks,Temperature,76,0.3262064251537936,0.14285714285714285,-0.010421052631578947,0.05523809523809523
8,all_blocks,Fisher,76,0.32924128503075867,0.14285714285714285,0.004028708133971286,0.06523809523809523
14,all_blocks,Semantic,68,-0.040615337634080234,0.16666666666666666,-0.022914837576821768,0.06538461538461539
14,all_blocks,Temperature,68,0.0356529373592396,0.2727272727272727,-0.03232431194411574,0.046794871794871795
14,all_blocks,Fisher,68,-0.0548536091918922,0.16666666666666666,0.02239951139443447,0.04807692307692308
20,all_blocks,Semantic,78,0.027681179579913756,0.14285714285714285,-0.0027668533997647917,0.05344322344322344
20,all_blocks,Temperature,78,0.06445453280896318,0.14285714285714285,0.050607620227873386,0.07725274725274725
20,all_blocks,Fisher,78,0.012911139493417973,0.14285714285714285,-0.058020460552106114,0.04095238095238095
22,all_blocks,Semantic,74,0.41384672343576445,0.23076923076923078,-0.0341340244353943,0.04201465201465201
22,all_blocks,Temperature,74,0.26726397630507215,0.23076923076923078,0.02586597556460571,0.07344322344322343
22,all_blocks,Fisher,74,0.43558681969640867,0.23076923076923078,0.004725657164013334,0.06619047619047617
23,all_blocks,Semantic,71,0.03558014755197853,0.23076923076923078,-0.01999496981891348,0.06391941391941391
23,all_blocks,Temperature,71,0.11666666666666664,0.23076923076923078,-0.005095573440643865,0.0657142857142857
23,all_blocks,Fisher,71,0.1448692152917505,0.23076923076923078,-0.02769114688128772,0.07142857142857142
24,all_blocks,Semantic,81,0.036291779584462516,0.2,0.033064588979223125,0.07869747899159664
24,all_blocks,Temperature,81,0.08229448961156278,0.2857142857142857,0.0065672990063233945,0.06852941176470588
24,all_blocks,Fisher,81,-0.08864046973803072,0.125,0.015768970189701893,0.05404411764705883
26,all_blocks,Semantic,90,0.14098036794666008,0.125,-0.03502325389965839,0.06227941176470588
26,all_blocks,Temperature,90,0.18584187348232292,0.2,-0.01323455570646582,0.039411764705882354
26,all_blocks,Fisher,90,0.14168827427254393,0.058823529411764705,0.046221344198872284,0.05147058823529412
29,all_blocks,Semantic,71,0.2259221998658618,0.23076923076923078,0.0015560026827632412,0.06999999999999999
29,all_blocks,Temperature,71,0.22266934942991282,0.3333333333333333,-0.009911133467471496,0.05963369963369962
29,all_blocks,Fisher,71,0.2861837692823608,0.23076923076923078,-0.004864185110663979,0.06344322344322342
32,all_blocks,Semantic,103,0.304309625269077,0.2222222222222222,-0.01691066643236832,0.045434419381787806
32,all_blocks,Temperature,103,0.29350261389096344,0.375,0.02792854632517682,0.05857142857142857
32,all_blocks,Fisher,103,0.27119667882089354,0.29411764705882354,0.0340217677810482,0.07141014300457027
34,all_blocks,Semantic,91,0.18889950629081065,0.25,0.00540930084408345,0.05999312005503956
34,all_blocks,Temperature,91,0.23905080426819558,0.17647058823529413,-0.002127727345118649,0.049466804265565864
34,all_blocks,Fisher,91,0.27571269310399743,0.17647058823529413,-0.01002309284917981,0.05999312005503955
37,all_blocks,Semantic,65,0.36153846153846153,0.4,-0.015098339160839159,0.046153846153846156
37,all_blocks,Temperature,65,0.3113199300699301,0.2727272727272727,0.0709659090909091,0.09522144522144523
37,all_blocks,Fisher,65,0.32661713286713284,0.2727272727272727,0.0012762237762237757,0.055128205128205134
43,all_blocks,Semantic,93,-0.00731103219838262,0.17647058823529413,0.017060069827817725,0.05799793601651186
43,all_blocks,Temperature,93,0.07473665363611948,0.17647058823529413,-0.019508519590582196,0.05302717578259373
43,all_blocks,Fisher,93,0.03318313389633254,0.1111111111111111,0.007421443705052074,0.061382008943928444
46,all_blocks,Semantic,65,-0.01700174825174825,0.16666666666666666,-0.02775568181818182,0.05192307692307692
46,all_blocks,Temperature,65,0.22941433566433564,0.16666666666666666,0.04605113636363636,0.07453379953379953
46,all_blocks,Fisher,65,0.15310314685314685,0.16666666666666666,-0.030609702797202785,0.10076923076923075
47,all_blocks,Semantic,57,0.2562872698988851,0.2,-0.06916969147005445,0.031818181818181815
47,all_blocks,Temperature,57,0.2884366087632875,0.2,0.002015815400570398,0.05636363636363636
47,all_blocks,Fisher,57,0.3284288306974332,0.2,0.005502981591910814,0.07545454545454544
49,all_blocks,Semantic,73,0.12279402690361596,0.14285714285714285,0.048122608910280154,0.06772893772893773
49,all_blocks,Temperature,73,0.31571640133283974,0.45454545454545453,-0.02916358138960879,0.04380952380952381
49,all_blocks,Fisher,73,0.15574478588177224,0.0,-0.057822719980254234,0.04476190476190476
50,all_blocks,Semantic,79,0.3236611489776047,0.23076923076923078,0.001714946445959105,0.06498168498168497
50,all_blocks,Temperature,79,0.30243427458617334,0.23076923076923078,0.013154819863680629,0.06285714285714286
50,all_blocks,Fisher,79,0.19150438169425513,0.23076923076923078,-0.04447297955209347,0.04047619047619048
51,all_blocks,Semantic,60,0.29980550152820234,0.3333333333333333,0.011264240066685194,0.05848484848484847
51,all_blocks,Temperature,60,0.17382606279522092,0.2,0.030511253125868304,0.04636363636363637
51,all_blocks,Fisher,60,0.2622950819672132,0.2,-0.040013892747985565,0.042727272727272725
53,all_blocks,Semantic,79,-0.06526290165530672,0.14285714285714285,-0.0015834956183057435,0.0738095238095238
53,all_blocks,Temperature,79,-0.015652385589094448,0.23076923076923078,0.024266066212268744,0.0745054945054945
53,all_blocks,Fisher,79,-0.14914800389483934,0.06666666666666667,0.00851752677702045,0.07963369963369962
60,all_blocks,Semantic,75,0.10184921763869131,0.14285714285714285,0.0519701280227596,0.06666666666666665
60,all_blocks,Temperature,75,0.09368421052631577,0.23076923076923078,-0.012089615931721195,0.05190476190476191
60,all_blocks,Fisher,75,-0.007027027027027026,0.23076923076923078,0.030129445234708386,0.08879120879120879
61,all_blocks,Semantic,82,0.22009991184249195,0.125,0.0039823249638118886,0.05639705882352941
61,all_blocks,Temperature,82,0.23821029374952385,0.2,-0.03550570847073933,0.06183823529411765
61,all_blocks,Fisher,82,0.17205951175977624,0.2,0.024416364645574173,0.07404411764705883
64,all_blocks,Semantic,63,0.35152649769585254,0.4,-0.05381384408602152,0.06876456876456877
64,all_blocks,Temperature,63,0.28547427035330264,0.2727272727272727,0.00036722350230414675,0.07837995337995338
64,all_blocks,Fisher,63,0.3928571428571429,0.2727272727272727,-0.0400681643625192,0.06923076923076923
75,all_blocks,Semantic,160,-0.05401675846712762,0.14285714285714285,-0.011822776280323449,0.0649028020551936
75,all_blocks,Temperature,160,-0.24456521739130435,0.06666666666666667,0.00011645962732919276,0.05675695828087374
75,all_blocks,Fisher,160,-0.1883188796437361,0.10344827586206896,-0.027932878237431145,0.05392658509454949
79,all_blocks,Semantic,57,0.07583614207933628,0.2,0.015397329530723364,0.07727272727272727
79,all_blocks,Temperature,57,0.07136375421311901,0.3333333333333333,0.003983017889551467,0.04636363636363637
79,all_blocks,Fisher,57,0.2766398755509464,0.3333333333333333,0.023969406274306455,0.06999999999999998
80,all_blocks,Semantic,84,0.004677533664068037,0.38461538461538464,0.02792447099321656,0.06735294117647059
80,all_blocks,Temperature,84,-0.21915561405285006,0.2857142857142857,0.015965374101447806,0.06558823529411764
80,all_blocks,Fisher,84,-0.24647160068846818,0.2,0.005497620735041006,0.06445135746606336
81,all_blocks,Semantic,93,0.24426307779535072,0.17647058823529413,0.024930619796484726,0.054729962160302716
81,all_blocks,Temperature,93,0.2544836023992122,0.17647058823529413,-0.0397153173584793,0.061674406604747156
81,all_blocks,Fisher,93,0.24462116916833276,0.17647058823529413,0.02512906209901226,0.06642586859305125
82,all_blocks,Semantic,59,0.11127995324371713,0.2,0.005455873758036238,0.06151515151515151
82,all_blocks,Temperature,59,0.030450029222676797,0.2,0.01310637054354179,0.03939393939393939
82,all_blocks,Fisher,59,0.008357685563997663,0.2,0.004649327878433664,0.05636363636363636
87,all_blocks,Semantic,91,0.06757445453097627,0.25,-0.0017152412804586695,0.04917440660474716
87,all_blocks,Temperature,91,0.05975473801560758,0.25,0.04664835164835165,0.07828947368421052
87,all_blocks,Fisher,91,0.1456601369644848,0.17647058823529413,0.013248128682911291,0.07079033367733059
88,all_blocks,Semantic,86,0.08157931977923488,0.125,0.02116043209585357,0.0732563025210084
88,all_blocks,Temperature,86,0.16262087834331806,0.2,-0.015112033586489928,0.04191176470588236
88,all_blocks,Fisher,86,0.019368838152743054,0.2,-0.002277465918203687,0.04823529411764706
89,all_blocks,Semantic,80,0.4530942334739803,0.6,0.008725972808251287,0.04047619047619048
89,all_blocks,Temperature,80,0.2701593999062354,0.23076923076923078,0.030409048288795128,0.04915750915750915
89,all_blocks,Fisher,80,0.34338959212376935,0.3333333333333333,0.04375175808720112,0.052490842490842494
93,all_blocks,Semantic,88,0.06866612658941215,0.2,0.04098922193652919,0.06654411764705882
93,all_blocks,Temperature,88,0.026557711950970384,0.2857142857142857,-0.006443062942481767,0.04264705882352941
93,all_blocks,Fisher,88,0.1030608291359938,0.2,-0.028614701842133078,0.05816176470588236
94,all_blocks,Semantic,62,0.1469869809372718,0.16666666666666666,0.024499508952179495,0.059615384615384605
94,all_blocks,Temperature,62,0.1684923572813578,0.2727272727272727,0.03403087305784291,0.05641025641025641
94,all_blocks,Fisher,62,0.15675757346830851,0.16666666666666666,0.03552164387701141,0.08671328671328671
96,all_blocks,Semantic,183,0.0481131484338897,0.11764705882352941,-0.032756240552035285,0.04287430287430287
96,all_blocks,Temperature,183,0.11857244679767846,0.11764705882352941,0.01824446045757521,0.06108788314670668
96,all_blocks,Fisher,183,-0.004041574961033265,0.08571428571428572,-0.005028862797929084,0.05152721858604211
99,all_blocks,Semantic,117,-0.038161818699515945,0.14285714285714285,-0.02580662080954308,0.05745906267645399
99,all_blocks,Temperature,117,-0.0934076638343149,0.2,-0.032832426681053205,0.04963297571993224
99,all_blocks,Fisher,117,0.04121896027214554,0.14285714285714285,-0.030018058115661855,0.05180688876341051
101,all_blocks,Semantic,174,0.12036447507047467,0.16129032258064516,-0.015283920384976793,0.05662433155080213
101,all_blocks,Temperature,174,-0.05495942367379481,0.09090909090909091,0.01615364902189698,0.06314266615737203
101,all_blocks,Fisher,174,0.030017939007374924,0.125,0.011072980437939575,0.06666392431098311
102,all_blocks,Semantic,101,0.37170646476412345,0.15789473684210525,0.010514269073966222,0.07884294068504596
102,all_blocks,Temperature,101,0.28257425742574255,0.15789473684210525,0.020870704717530577,0.05067251461988305
102,all_blocks,Fisher,101,0.2842516016307513,0.2222222222222222,-0.014175305765870708,0.06329156223893066
106,all_blocks,Semantic,104,0.39268110530246464,0.15789473684210525,-0.028013442867811805,0.044561403508771934
106,all_blocks,Temperature,104,0.4035314200362744,0.15789473684210525,0.022179131548063592,0.040396825396825396
106,all_blocks,Fisher,104,0.35714285714285726,0.2222222222222222,-0.012598954443614637,0.05904761904761906
107,all_blocks,Semantic,124,0.05659166011014948,0.3,0.020421085759244686,0.05877931488801054
107,all_blocks,Temperature,124,0.06272226593233673,0.18181818181818182,0.012598583792289533,0.0628768115942029
107,all_blocks,Fisher,124,0.1214917387883556,0.13043478260869565,0.0026457907159716763,0.08624929418407679
108,all_blocks,Semantic,190,0.1884405603887555,0.22580645161290322,0.013768452544975005,0.065412597471421
108,all_blocks,Temperature,190,0.1092075739085935,0.11764705882352941,-0.02157969093764079,0.03890819390819391
108,all_blocks,Fisher,190,0.00730884803632117,0.11764705882352941,-0.009823774094923174,0.05251643163407869
109,all_blocks,Semantic,75,0.3244665718349929,0.23076923076923078,-0.010257467994310094,0.07296703296703297
109,all_blocks,Temperature,75,0.20435277382645806,0.45454545454545453,-0.03278093883357041,0.05736263736263736
109,all_blocks,Fisher,75,0.14238975817923188,0.45454545454545453,-0.019578947368421057,0.04666666666666667
110,all_blocks,Semantic,90,0.3917767625632794,0.2857142857142857,0.014436350166687244,0.06397058823529413
110,all_blocks,Temperature,90,0.10932213853562167,0.2,-0.03175618389101535,0.030147058823529416
110,all_blocks,Fisher,90,0.37024323990616126,0.2857142857142857,-0.007413260896406965,0.047205882352941174
115,all_blocks,Semantic,87,0.45500109353357143,0.2857142857142857,0.020216701902748407,0.05558823529411765
115,all_blocks,Temperature,87,0.5092950353575855,0.2,-0.028211343588248144,0.048161764705882355
115,all_blocks,Fisher,87,0.4437923744258948,0.2,-0.004001421593642924,0.05816176470588236
120,all_blocks,Semantic,85,0.17658784444010164,0.2,-0.03217119405901896,0.03566176470588235
120,all_blocks,Temperature,85,0.20142661715849133,0.2,-0.016495993746335744,0.042279411764705885
120,all_blocks,Fisher,85,-0.009419581786202854,0.125,-0.018898768809849517,0.06397058823529413
121,all_blocks,Semantic,70,0.42356749190796955,0.16666666666666666,-0.019921266730819696,0.03141025641025641
121,all_blocks,Temperature,70,0.41198495319744555,0.2727272727272727,-0.019592336628466447,0.07692307692307691
121,all_blocks,Fisher,70,0.31274604146618845,0.16666666666666666,-0.04708074534161491,0.05337995337995337
122,all_blocks,Semantic,88,0.2881194744813498,0.2,-0.03265647564368991,0.052647058823529415
122,all_blocks,Temperature,88,0.05824028741502589,0.2,0.018755943785002296,0.0706827731092437
122,all_blocks,Fisher,88,0.04073473988235709,0.2,0.0026240710084181585,0.04683823529411765
123,all_blocks,Semantic,83,-0.026447252424331474,0.2,-0.03847865328911464,0.05735294117647059
123,all_blocks,Temperature,83,0.10431971789597412,0.2857142857142857,0.03824881407161747,0.08127100840336135
123,all_blocks,Fisher,83,-0.020129297678518954,0.2,0.002975315897737287,0.03897058823529412
129,all_blocks,Semantic,121,0.17337759111231535,0.13043478260869565,-0.029222666305378668,0.06419960474308299
129,all_blocks,Temperature,121,0.18766427313372167,0.13043478260869565,0.00722056631892697,0.0587536231884058
129,all_blocks,Fisher,121,0.1717246985503319,0.13043478260869565,0.007980964638937816,0.06148945981554678
133,all_blocks,Semantic,59,0.4083576855639977,0.3333333333333333,0.0023553477498538923,0.0715151515151515
133,all_blocks,Temperature,59,0.18603156049094102,0.3333333333333333,0.020482174167153717,0.03727272727272727
133,all_blocks,Fisher,59,0.07872589129164233,0.3333333333333333,-0.030160724722384576,0.031818181818181815
135,all_blocks,Semantic,145,0.21771374586679262,0.15384615384615385,0.006831798142024882,0.06990021472780095
135,all_blocks,Temperature,145,0.22361832782239016,0.2,-0.023244961423397888,0.06811650035787968
135,all_blocks,Fisher,145,0.15387734215084237,0.15384615384615385,0.008473075106282474,0.06643404488232074
140,all_blocks,Semantic,85,0.38217705686925935,0.125,0.017116474496775454,0.06551470588235295
140,all_blocks,Temperature,85,0.34373656439319916,0.2,0.03380789525112371,0.048161764705882355
140,all_blocks,Fisher,85,0.14623803009575922,0.125,0.05207543482509284,0.06558823529411764
143,all_blocks,Semantic,181,0.08715317831339929,0.22580645161290322,-0.023966061562746645,0.05929934135816489
143,all_blocks,Temperature,181,0.047687855422662045,0.15151515151515152,0.0031503855260761326,0.052249476367123425
143,all_blocks,Fisher,181,0.050126484933114765,0.15151515151515152,0.0035075789771922385,0.043765992883639936
146,all_blocks,Semantic,100,0.31398739873987397,0.25,-0.004913291329132914,0.04917440660474716
146,all_blocks,Temperature,100,0.26797479747974795,0.25,0.004163816381638164,0.04824561403508772
146,all_blocks,Fisher,100,0.23257125712571255,0.25,-0.020091809180918088,0.04162366701066391
148,all_blocks,Semantic,57,0.2997796214674618,0.2,0.0039279232564169075,0.05363636363636363
148,all_blocks,Temperature,57,0.22783251231527094,0.3333333333333333,-0.005904848327715838,0.045454545454545456
148,all_blocks,Fisher,57,0.271843401607467,0.2,-0.007927145449831478,0.06272727272727273
149,all_blocks,Semantic,84,0.0010934494279639566,0.2,0.02606560696567784,0.06845588235294117
149,all_blocks,Temperature,84,-0.00020249063480814013,0.2,-0.036269110053660014,0.052647058823529415
149,all_blocks,Fisher,84,-0.07858661536903919,0.125,0.01746987951807229,0.06171218487394958
152,all_blocks,Semantic,180,0.006611315164048273,0.09090909090909091,-0.029790014095085242,0.05895626432391138
152,all_blocks,Temperature,180,0.07296727265244812,0.09090909090909091,0.015016718623002768,0.05550626555607581
152,all_blocks,Fisher,180,-0.02676420054116897,0.09090909090909091,0.0218992355731144,0.05045836516424752
153,all_blocks,Semantic,66,0.16113140590752534,0.16666666666666666,0.02202066590126292,0.07243589743589743
153,all_blocks,Temperature,66,0.20434192672998644,0.16666666666666666,0.04525623630101243,0.06620046620046621
153,all_blocks,Fisher,66,0.1497755975367916,0.2727272727272727,-0.051873499634693676,0.06252913752913752
154,all_blocks,Semantic,77,0.18166044481833954,0.3333333333333333,0.014682685735317313,0.06582417582417582
154,all_blocks,Temperature,77,0.16162784583837214,0.23076923076923078,0.034406383090593615,0.052967032967032965
154,all_blocks,Fisher,77,0.06572374993427624,0.14285714285714285,0.03150139334349861,0.06058608058608058
158,all_blocks,Semantic,65,0.19685314685314687,0.16666666666666666,0.021396416083916077,0.07179487179487179
158,all_blocks,Temperature,65,0.12242132867132868,0.16666666666666666,-0.03886582167832168,0.07325174825174825
158,all_blocks,Fisher,65,0.011538461538461537,0.0,0.005085227272727271,0.0770979020979021
165,all_blocks,Semantic,61,0.27593865679534635,0.2727272727272727,-0.04517451084082496,0.05512820512820512
165,all_blocks,Temperature,61,0.24569011105235325,0.2727272727272727,-0.003466419883659439,0.09522144522144523
165,all_blocks,Fisher,61,0.2727657324167107,0.4,0.011530936012691699,0.0488927738927739
168,all_blocks,Semantic,79,0.19036027263875363,0.23076923076923078,0.0021044303797468377,0.05523809523809524
168,all_blocks,Temperature,79,0.22385589094449856,0.23076923076923078,-0.0437232229795521,0.043333333333333335
168,all_blocks,Fisher,79,0.17332035053554043,0.23076923076923078,-0.013573515092502434,0.04428571428571428
171,all_blocks,Semantic,61,0.21692226335272338,0.2727272727272727,-0.007371760973030139,0.07628205128205129
171,all_blocks,Temperature,61,0.31359069275515594,0.2727272727272727,-0.027654680063458476,0.06346153846153844
171,all_blocks,Fisher,61,0.21729243786356423,0.2727272727272727,0.01710735060814384,0.0685897435897436
173,all_blocks,Semantic,147,0.25594073245736654,0.1111111111111111,0.011824040982553703,0.048606374468443424
173,all_blocks,Temperature,147,0.3246416671074205,0.1111111111111111,0.003776001329817376,0.0587000547345375
173,all_blocks,Fisher,147,0.3339428329643594,0.1111111111111111,-0.0012725823391185442,0.05945749652646206
174,all_blocks,Semantic,75,0.20768136557610242,0.23076923076923078,-0.015285917496443813,0.052490842490842494
174,all_blocks,Temperature,75,0.36068278805120907,0.23076923076923078,-0.028527738264580372,0.06571428571428571
174,all_blocks,Fisher,75,0.2673115220483641,0.14285714285714285,-0.03874395448079659,0.05619047619047618
175,all_blocks,Semantic,62,0.2840270957669159,0.16666666666666666,0.0025408576968598126,0.05576923076923076
175,all_blocks,Temperature,62,0.27450832263100905,0.2727272727272727,-0.012812570824204884,0.08012820512820512
175,all_blocks,Fisher,62,0.16874417667648764,0.07692307692307693,0.023935433507088724,0.07453379953379953
179,all_blocks,Semantic,60,0.35954431786607394,0.2,0.041867185329258136,0.0609090909090909
179,all_blocks,Temperature,60,0.2921367046401779,0.3333333333333333,0.011258682967490974,0.05727272727272727
179,all_blocks,Fisher,60,0.34126146151708814,0.3333333333333333,-0.04412614615170881,0.05030303030303031
180,all_blocks,Semantic,117,0.29807130333138515,0.2,-0.03896619161084385,0.0424901185770751
180,all_blocks,Temperature,117,0.32674699156288867,0.2,0.022744608790780618,0.06677583286278937
180,all_blocks,Fisher,117,0.237430502480181,0.2631578947368421,-0.0357003701539061,0.04797289666854884
188,all_blocks,Semantic,114,0.07688382171280453,0.14285714285714285,-0.006272452967740626,0.05976849237718803
188,all_blocks,Temperature,114,0.15689030193799236,0.14285714285714285,-0.00406188615054373,0.036617730095990966
188,all_blocks,Fisher,114,0.10653895222858996,0.14285714285714285,-0.020252728782325195,0.05892151326933935
190,all_blocks,Semantic,87,0.29135379456149296,0.2,-0.03180086753663337,0.060735294117647054
190,all_blocks,Temperature,87,0.12865422468469778,0.2,0.05335532550849311,0.06404411764705883
190,all_blocks,Fisher,87,0.3701246628271488,0.2,-0.003303382663847776,0.07683823529411765
192,all_blocks,Semantic,84,0.24643110256150652,0.2857142857142857,-0.005229320643920214,0.04897058823529412
192,all_blocks,Temperature,84,0.22120076946441225,0.2857142857142857,-0.006650804900273363,0.07183823529411765
192,all_blocks,Fisher,84,0.3415814518578516,0.38461538461538464,-0.010293611420471803,0.06066176470588236
193,all_blocks,Semantic,53,0.26382841477181096,0.2,0.0738388969521045,0.08545454545454545
193,all_blocks,Temperature,53,0.19956458635703916,0.3333333333333333,-0.0036526366715045958,0.08181818181818182
193,all_blocks,Fisher,53,0.21972262538300272,0.09090909090909091,-0.0397718109982261,0.11303030303030304
195,all_blocks,Semantic,55,0.17316017316017318,0.2,-0.03756493506493507,0.027272727272727275
195,all_blocks,Temperature,55,0.1746753246753247,0.2,0.02220057720057721,0.06272727272727271
195,all_blocks,Fisher,55,0.15598845598845604,0.2,-0.03301948051948052,0.05727272727272727
196,all_blocks,Semantic,97,0.27255154639175255,0.17647058823529413,-0.015022748790237739,0.055366357069143446
196,all_blocks,Temperature,97,0.16699978960656425,0.17647058823529413,-0.0035543341047759303,0.052442380460956305
196,all_blocks,Fisher,97,0.24153166421207656,0.17647058823529413,-0.0016371239217336437,0.04758771929824561
199,all_blocks,Semantic,134,0.07629770944774873,0.12,0.010022319480292769,0.05836752136752136
199,all_blocks,Temperature,134,0.06555942094041073,0.12,-0.028448484395067274,0.06025641025641025
199,all_blocks,Fisher,134,0.01920971583186823,0.12,-0.034097432636317156,0.06404843304843304
201,all_blocks,Semantic,215,-0.10703953246878697,0.07317073170731707,-0.006634910285203699,0.03845177322205115
201,all_blocks,Temperature,215,-0.07089883841676929,0.07317073170731707,-0.02283404573884904,0.037357318423682576
201,all_blocks,Fisher,215,-0.02402738535101065,0.07317073170731707,0.026380376246709653,0.05705533021755369
202,all_blocks,Semantic,140,0.265955260108023,0.21739130434782608,0.03706807198618005,0.0582051282051282
202,all_blocks,Temperature,140,0.1994270844722399,0.16666666666666666,0.008237738077015593,0.059951566951566934
202,all_blocks,Fisher,140,0.24514224486672068,0.12,0.028578644683037772,0.06355617490400098
205,all_blocks,Semantic,102,-0.07783388276006356,0.2222222222222222,-0.07380450209498392,0.038809523809523815
205,all_blocks,Temperature,102,-0.10790439409446372,0.2222222222222222,-0.006961792695545969,0.04428571428571428
205,all_blocks,Fisher,102,-0.08451747516270759,0.15789473684210525,0.012056476921250092,0.0593609022556391
207,all_blocks,Semantic,173,0.06762125053886554,0.2,0.003904283575378596,0.05065030557677617
207,all_blocks,Temperature,173,-0.02872095340957026,0.09090909090909091,-0.005043433720698464,0.05896596761871904
207,all_blocks,Fisher,173,-0.03841357987493685,0.09090909090909091,-0.00806826557147559,0.052170550038197094
210,all_blocks,Semantic,66,0.07191316146540029,0.16666666666666666,-0.03216365723828411,0.045046620046620044
210,all_blocks,Temperature,66,0.21423650975889785,0.2727272727272727,-0.023266882371359987,0.05576923076923077
210,all_blocks,Fisher,66,0.1088612879657656,0.16666666666666666,0.003164596597432418,0.08094405594405593
211,all_blocks,Semantic,71,0.37900737759892683,0.23076923076923078,-0.0024865861837692787,0.06963369963369963
211,all_blocks,Temperature,71,0.4038564721663313,0.23076923076923078,-0.028400402414486915,0.07556776556776557
211,all_blocks,Fisher,71,0.33732394366197177,0.23076923076923078,-0.017525150905432583,0.07677655677655679
212,all_blocks,Semantic,187,-0.07714371703632474,0.08571428571428572,-0.009311492738356963,0.05545725251607604
212,all_blocks,Temperature,187,-0.11744519358876016,0.11764705882352941,-0.005225189845077609,0.06355597623979978
212,all_blocks,Fisher,187,-0.21329998274969814,0.08571428571428572,-0.015910283749114552,0.05124661330543684
213,all_blocks,Semantic,135,0.3134035703833773,0.16666666666666666,-0.007876304750756027,0.035897435897435895
213,all_blocks,Temperature,135,0.11225246317432445,0.12,-0.019363232855331192,0.057886039886039874
213,all_blocks,Fisher,135,0.2565944785874549,0.21739130434782608,0.018608184567359288,0.05623076923076923
221,all_blocks,Semantic,87,-0.1922249763067726,0.2,-0.06735893416927899,0.04933823529411765
221,all_blocks,Temperature,87,-0.24640956477363854,0.125,0.04018371364000874,0.074359243697479
221,all_blocks,Fisher,87,-0.033261646132536266,0.2,-0.023470875555879563,0.052647058823529415
225,all_blocks,Semantic,58,0.19265434187455785,0.09090909090909091,0.016992217539758225,0.061818181818181814
225,all_blocks,Temperature,58,0.14165308068534868,0.09090909090909091,0.013393214186840566,0.06636363636363636
225,all_blocks,Fisher,58,0.3225260697037744,0.2,0.02406718139592113,0.06303030303030303
231,all_blocks,Semantic,145,0.11249015903007399,0.1111111111111111,0.018763186899700836,0.05402509368026609
231,all_blocks,Temperature,145,0.20601873720673905,0.15384615384615385,-0.0038897417729491417,0.044608648056923904
231,all_blocks,Fisher,145,0.1894504802393324,0.1111111111111111,0.004890962053219964,0.04448549534756431
233,all_blocks,Semantic,93,0.3261167974694876,0.1111111111111111,0.019931515024917187,0.0654970760233918
233,all_blocks,Temperature,93,0.06139774999253976,0.17647058823529413,0.0019985974754558205,0.06028551771585827
233,all_blocks,Fisher,93,0.14368416340902984,0.17647058823529413,0.011599922413535847,0.057602339181286544
234,all_blocks,Semantic,73,0.3961804270023449,0.23076923076923078,0.014551709243490063,0.05952380952380952
234,all_blocks,Temperature,73,0.23694927804516847,0.3333333333333333,0.04812723682586697,0.09307692307692306
234,all_blocks,Fisher,73,0.40756509934592133,0.14285714285714285,-0.015890719486609903,0.04915750915750915
235,all_blocks,Semantic,67,0.22200494851943495,0.2727272727272727,-0.008260834863117572,0.05273892773892773
235,all_blocks,Temperature,67,0.01153324287652646,0.2727272727272727,0.04108268816346078,0.06730769230769232
235,all_blocks,Fisher,67,0.10938622396041187,0.2727272727272727,0.02626306967834624,0.07628205128205127
236,all_blocks,Semantic,73,0.0489324941379736,0.23076923076923078,0.015275206713562878,0.07117216117216117
236,all_blocks,Temperature,73,-0.037763791188448734,0.23076923076923078,-0.0075496729606318634,0.04095238095238095
236,all_blocks,Fisher,73,0.06303221029248428,0.23076923076923078,-0.019981796865358514,0.05201465201465201
238,all_blocks,Semantic,65,0.08308566433566433,0.2727272727272727,0.03362543706293705,0.06171328671328672
238,all_blocks,Temperature,65,-0.0053758741258741255,0.2727272727272727,-0.0017504370629370602,0.06491841491841491
238,all_blocks,Fisher,65,0.012412587412587411,0.16666666666666666,0.024224213286713286,0.055128205128205134
240,all_blocks,Semantic,55,0.17972582972582976,0.2,-0.025541125541125552,0.061818181818181814
240,all_blocks,Temperature,55,-0.11392496392496396,0.2,-0.03832611832611834,0.04636363636363637
240,all_blocks,Fisher,55,0.30923520923520925,0.2,-0.04963203463203464,0.07727272727272726
243,all_blocks,Semantic,109,0.20690390139931425,0.2222222222222222,0.008635436938189231,0.05888888888888889
243,all_blocks,Temperature,109,0.3710036141228802,0.15789473684210525,-0.04017051246409045,0.05384711779448622
243,all_blocks,Fisher,109,0.2892688351403948,0.15789473684210525,-0.029389769252154578,0.026190476190476188
245,all_blocks,Semantic,129,0.20338215563506265,0.13043478260869565,0.016135957066189623,0.0478768115942029
245,all_blocks,Temperature,129,0.23364825581395354,0.23809523809523808,0.022741782200357784,0.04318840579710145
245,all_blocks,Fisher,129,0.14222383720930235,0.13043478260869565,0.005555120751341686,0.0498768115942029
246,all_blocks,Semantic,142,0.23679197637843127,0.15384615384615385,-0.021640600933378884,0.0542850827333586
246,all_blocks,Temperature,142,0.1465932928324298,0.25,-0.007854297335867608,0.05785651130478716
246,all_blocks,Fisher,142,0.14940139273372718,0.15384615384615385,-0.02344658637736253,0.04263820470717022
248,all_blocks,Semantic,113,0.02222370084503294,0.14285714285714285,0.0010841539689932817,0.049632975719932235
248,all_blocks,Temperature,113,-0.05872812562379401,0.14285714285714285,-0.014145152704770774,0.04251835121400338
248,all_blocks,Fisher,113,0.018489254108723135,0.14285714285714285,0.01663866524718877,0.058949745906267635
249,all_blocks,Semantic,82,0.22199366571978973,0.2,0.012636997855922335,0.06808823529411764
249,all_blocks,Temperature,82,0.29907162525440517,0.2,0.028558679161088805,0.05987394957983193
249,all_blocks,Fisher,82,0.2280232039268184,0.125,0.024730901927493172,0.06808823529411764
250,all_blocks,Semantic,125,0.07055606758832565,0.13043478260869565,0.011462980030721964,0.06330105401844532
250,all_blocks,Temperature,125,0.2123870967741935,0.23809523809523808,0.013322273425499232,0.05027931488801054
250,all_blocks,Fisher,125,0.013222734254992319,0.13043478260869565,-0.02821382488479262,0.0567536231884058
251,all_blocks,Semantic,104,-0.07682705643870694,0.15789473684210525,-0.031082364237704045,0.0593233082706767
251,all_blocks,Temperature,104,-0.09813293502613891,0.15789473684210525,0.0005382481596073827,0.04269423558897243
251,all_blocks,Fisher,104,-0.037554678331377364,0.15789473684210525,0.020811906540061886,0.07673767752715123
252,all_blocks,Semantic,128,0.27315281084050536,0.13043478260869565,-0.02168759155832265,0.056445981554677206
252,all_blocks,Temperature,128,0.26314434169566014,0.18181818181818182,0.003981928676066654,0.06746772068511199
252,all_blocks,Fisher,128,0.2470815784654825,0.13043478260869565,-0.00150785112616737,0.054634387351778654
255,all_blocks,Semantic,65,0.33749999999999997,0.2727272727272727,-0.012672639860139862,0.06043123543123543
255,all_blocks,Temperature,65,0.21695804195804197,0.2727272727272727,-0.005067744755244752,0.07470862470862472
255,all_blocks,Fisher,65,0.28133741258741257,0.4,2.1853146853145766e-05,0.0673076923076923
259,all_blocks,Semantic,59,0.06949152542372883,0.3333333333333333,-0.02571887784921099,0.061818181818181814
259,all_blocks,Temperature,59,0.019345412039742844,0.3333333333333333,0.02668907071887785,0.05181818181818182
259,all_blocks,Fisher,59,0.07545295149035652,0.3333333333333333,-0.008147282291057866,0.0609090909090909
261,all_blocks,Semantic,113,0.24204870583538496,0.2,-0.00029817353117306733,0.0667476002258611
261,all_blocks,Temperature,113,0.23176026349058487,0.14285714285714285,0.010841123827267284,0.0585262563523433
261,all_blocks,Fisher,113,0.24337946636502764,0.2,0.0058694856610553,0.051609260304912474
263,all_blocks,Semantic,92,0.302590817317325,0.25,-0.01770263397191868,0.03771929824561403
263,all_blocks,Temperature,92,0.29064624015535656,0.25,-0.025419601436431728,0.056725146198830415
263,all_blocks,Fisher,92,0.37945224480988854,0.25,0.0008769631490529159,0.060921912624699
264,all_blocks,Semantic,64,0.2053113553113553,0.16666666666666666,-0.005325091575091571,0.0673076923076923
264,all_blocks,Temperature,64,0.22770146520146517,0.16666666666666666,0.010721153846153847,0.07773892773892775
264,all_blocks,Fisher,64,0.24125457875457873,0.16666666666666666,0.024828296703296702,0.07389277389277389
265,all_blocks,Semantic,112,0.28013633102128677,0.2,0.019960194075238323,0.06005646527385657
265,all_blocks,Temperature,112,0.22087163016366557,0.14285714285714285,-0.008780366966207674,0.06985883681535855
265,all_blocks,Fisher,112,0.2188471657498206,0.14285714285714285,0.011115334677281583,0.05635234330886504
269,all_blocks,Semantic,88,0.28591807262864993,0.125,0.04761720263463774,0.06514705882352942
269,all_blocks,Temperature,88,0.39301186995878984,0.2,-0.012772533549364242,0.07987394957983193
269,all_blocks,Fisher,88,0.23801556831390233,0.125,0.03312493395794443,0.036397058823529414
271,all_blocks,Semantic,69,0.34665692363902084,0.2727272727272727,0.0036572890025575477,0.0967948717948718
271,all_blocks,Temperature,69,0.29897698209718676,0.16666666666666666,0.017447935696017533,0.06876456876456877
271,all_blocks,Fisher,69,0.35250274022652545,0.16666666666666666,0.032482645232005856,0.03974358974358975
272,all_blocks,Semantic,104,0.28976848394324123,0.15789473684210525,-0.016087698709057935,0.0593233082706767
272,all_blocks,Temperature,104,0.32526405633201755,0.15789473684210525,-0.018895764429745006,0.04875350140056023
272,all_blocks,Fisher,104,0.28177744585511577,0.15789473684210525,-0.017371172516803583,0.03932330827067669
278,all_blocks,Semantic,55,0.530880230880231,0.3333333333333333,0.027460317460317473,0.05181818181818182
278,all_blocks,Temperature,55,0.38694083694083703,0.3333333333333333,-0.009830447330447328,0.05545454545454546
278,all_blocks,Fisher,55,0.35901875901875907,0.3333333333333333,-0.021287878787878793,0.05636363636363637
279,all_blocks,Semantic,65,0.27058566433566433,0.16666666666666666,-0.013804632867132866,0.044871794871794865
279,all_blocks,Temperature,65,0.2699300699300699,0.16666666666666666,0.005378059440559441,0.04358974358974359
279,all_blocks,Fisher,65,0.2951486013986014,0.2727272727272727,0.004582604895104889,0.05576923076923077
280,all_blocks,Semantic,148,0.16732991037880782,0.2,2.7208416470165393e-05,0.05512862616310893
280,all_blocks,Temperature,148,0.017546652254226563,0.2,-0.019341667376183196,0.04621384362763673
280,all_blocks,Fisher,148,0.17212747605844442,0.15384615384615385,0.033892062175858925,0.06773335859542756
281,all_blocks,Semantic,80,0.2814814814814815,0.14285714285714285,0.04238982653539615,0.08926739926739927
281,all_blocks,Temperature,80,0.26057196436943275,0.23076923076923078,0.015857946554149092,0.0663003663003663
281,all_blocks,Fisher,80,0.2077121425222691,0.14285714285714285,-0.03998241912798876,0.030476190476190473
284,all_blocks,Semantic,72,0.1629043668403113,0.14285714285714285,0.05036336741912665,0.055824175824175815
284,all_blocks,Temperature,72,0.12994404784873628,0.23076923076923078,0.03462119750466268,0.05534798534798535
284,all_blocks,Fisher,72,0.3394752074088367,0.23076923076923078,0.010323815036336741,0.06963369963369963
286,all_blocks,Semantic,98,0.10570038699641056,0.17647058823529413,-0.029789797831034935,0.0585827313381493
286,all_blocks,Temperature,98,0.018482744550491235,0.17647058823529413,-0.021363221952323576,0.05010319917440661
286,all_blocks,Fisher,98,0.147026758219689,0.25,0.01115212720514635,0.037134502923976596
289,all_blocks,Semantic,68,0.3647364202007863,0.16666666666666666,0.0031644844829560653,0.05273892773892773
289,all_blocks,Temperature,68,0.27506966446539677,0.16666666666666666,-0.008119250295835401,0.06743589743589742
289,all_blocks,Fisher,68,0.34713898538000526,0.16666666666666666,0.03951024926518303,0.07756410256410257
296,all_blocks,Semantic,95,0.13076707726763717,0.17647058823529413,-0.010929451287793953,0.06366959064327485
296,all_blocks,Temperature,95,0.16478163493840986,0.17647058823529413,-0.008683510638297871,0.06103801169590641
296,all_blocks,Fisher,95,0.08520436730123179,0.17647058823529413,-0.0009245520716685343,0.04975920192638459
297,all_blocks,Semantic,93,0.227343260421951,0.17647058823529413,0.008900062665990268,0.06454678362573099
297,all_blocks,Temperature,93,0.23092417415177102,0.17647058823529413,-0.021143803527200026,0.07003783969728242
297,all_blocks,Fisher,93,0.31835815105487747,0.17647058823529413,0.010865089075229028,0.06722996216030272
298,all_blocks,Semantic,82,0.042740065954876415,0.2,-0.017444302957085794,0.04558823529411765
298,all_blocks,Temperature,82,0.0062798619954071025,0.125,0.010225182573110874,0.07316176470588236
298,all_blocks,Fisher,82,-0.03766828832946964,0.125,-0.033919961689576734,0.05301470588235294
299,all_blocks,Semantic,103,0.113111189210561,0.1,0.01273997276281685,0.06170426065162908
299,all_blocks,Temperature,103,0.02773140622940737,0.15789473684210525,0.010216689364319295,0.04166666666666667
299,all_blocks,Fisher,103,-0.05700039537846505,0.15789473684210525,0.010889931028423318,0.07224556489262372
303,all_blocks,Semantic,154,0.2127389372171156,0.18518518518518517,-0.008963914011352344,0.06650458181047725
303,all_blocks,Temperature,154,0.00961252536205098,0.18518518518518517,-0.007233626588465292,0.05958631283436623
303,all_blocks,Fisher,154,-0.06637423297764854,0.10344827586206896,-0.013192209435093685,0.04309103000982867
304,all_blocks,Semantic,66,0.17198622273249142,0.07692307692307693,0.03043314894061163,0.03910256410256411
304,all_blocks,Temperature,66,0.04001669971819226,0.16666666666666666,-0.027439724454649827,0.04294871794871795
304,all_blocks,Fisher,66,0.09942594718714123,0.16666666666666666,0.03110322513307589,0.06474358974358975
306,all_blocks,Semantic,85,-0.07819034590580419,0.125,0.010739691225327336,0.06477941176470589
306,all_blocks,Temperature,85,-0.052608950556966974,0.058823529411764705,-0.020863787375415284,0.04852941176470589
306,all_blocks,Fisher,85,0.06880984952120384,0.2,0.01372581590775845,0.05036764705882353
309,all_blocks,Semantic,71,0.14624413145539902,0.23076923076923078,0.04818578135479544,0.07857142857142857
309,all_blocks,Temperature,71,0.10918846411804158,0.3333333333333333,-0.01136653252850436,0.0706959706959707
309,all_blocks,Fisher,71,0.12652582159624412,0.14285714285714285,-0.01558853118712274,0.06010989010989011
310,all_blocks,Semantic,89,0.06331290432414029,0.2857142857142857,-0.003688287368062651,0.06772058823529412
310,all_blocks,Temperature,89,-0.13207354443309502,0.2,0.001901600272386786,0.03566176470588235
310,all_blocks,Fisher,89,-0.05861423220973784,0.2,-0.004141130405175348,0.055514705882352945
313,all_blocks,Semantic,91,-0.006243032329988852,0.17647058823529413,0.011774167861124382,0.05438596491228069
313,all_blocks,Temperature,91,-0.09163879598662208,0.17647058823529413,-0.0001903169294473636,0.05010319917440661
313,all_blocks,Fisher,91,-0.027902532250358342,0.17647058823529413,0.020922121356903967,0.07758857929136567
317,all_blocks,Semantic,85,0.34217314832909906,0.2,0.013172757475083055,0.044852941176470595
317,all_blocks,Temperature,85,0.14182137971467657,0.125,0.020265780730897014,0.044852941176470595
317,all_blocks,Fisher,85,0.14250537424272036,0.058823529411764705,0.010588235294117647,0.04663865546218487
318,all_blocks,Semantic,86,0.11071276947025803,0.38461538461538464,0.0014462946365394528,0.07656512605042017
318,all_blocks,Temperature,86,0.062408604179442426,0.2857142857142857,-0.00452757205528563,0.06698529411764706
318,all_blocks,Fisher,86,0.026218217840464172,0.2,-0.04409075899806594,0.04522058823529412
319,all_blocks,Semantic,99,0.11235621521335806,0.17647058823529413,-0.006259740259740261,0.03567251461988304
319,all_blocks,Temperature,99,0.18761904761904763,0.17647058823529413,0.026235003092145943,0.06413828689370485
319,all_blocks,Fisher,99,-0.025182436611008035,0.1111111111111111,0.028354359925788497,0.06028551771585827
322,all_blocks,Semantic,66,0.26049472915144556,0.2727272727272727,0.030024005844901374,0.04504662004662004
322,all_blocks,Temperature,66,0.12384928504331491,0.16666666666666666,0.03713391086525415,0.047435897435897434
322,all_blocks,Fisher,66,0.16200814111261874,0.2727272727272727,-0.012716835403402568,0.05722610722610723
323,all_blocks,Semantic,97,0.16379128971176096,0.1111111111111111,-0.003762755102040815,0.06167440660474717
323,all_blocks,Temperature,97,0.0629207868714496,0.17647058823529413,0.019874289922154422,0.06781475748194013
323,all_blocks,Fisher,97,0.03850199873763938,0.1111111111111111,0.020893383126446462,0.029824561403508764
328,all_blocks,Semantic,140,0.14682381754171134,0.07692307692307693,0.02376877829043756,0.05186894586894587
328,all_blocks,Temperature,140,0.08520259780017933,0.16666666666666666,-0.017347313638450948,0.0607008547008547
328,all_blocks,Fisher,140,0.32512737530340474,0.12,0.017669195950230705,0.054700854700854694
333,all_blocks,Semantic,60,0.259016393442623,0.3333333333333333,0.024584606835232007,0.08939393939393939
333,all_blocks,Temperature,60,0.08824673520422341,0.09090909090909091,-0.0155821061405946,0.04636363636363637
333,all_blocks,Fisher,60,0.2707974437343707,0.3333333333333333,0.010614059460961379,0.06393939393939393
338,all_blocks,Semantic,76,0.35294600136705395,0.23076923076923078,0.01774025974025974,0.0787912087912088
338,all_blocks,Temperature,76,0.23209842788790155,0.14285714285714285,-0.00568421052631579,0.06296703296703296
338,all_blocks,Fisher,76,0.4131237183868763,0.23076923076923078,-0.009753930280246069,0.05857142857142857
340,all_blocks,Semantic,61,0.29032258064516125,0.07692307692307693,-0.037964040190375456,0.059615384615384605
340,all_blocks,Temperature,61,0.2912215758857747,0.16666666666666666,-0.026787414066631415,0.04358974358974359
340,all_blocks,Fisher,61,0.2356425171866737,0.07692307692307693,0.030208884188260177,0.07576923076923077
341,all_blocks,Semantic,88,0.2167059983797683,0.2,-0.00363055193547251,0.04308823529411765
341,all_blocks,Temperature,88,0.3042513472579339,0.2857142857142857,0.0028433306329470596,0.05808823529411765
341,all_blocks,Fisher,88,0.19263146771864326,0.2857142857142857,0.021682927688351943,0.05227941176470589
343,all_blocks,Semantic,126,-0.07631946006749157,0.08333333333333333,0.00952050993625797,0.0538768115942029
343,all_blocks,Temperature,126,-0.11422272215973003,0.13043478260869565,0.007891713535808023,0.0498768115942029
343,all_blocks,Fisher,126,-0.12985676790401202,0.13043478260869565,0.01824191976003,0.06178157349896479
346,all_blocks,Semantic,77,0.08948945791051052,0.14285714285714285,-0.005152741994847258,0.048571428571428564
346,all_blocks,Temperature,77,-0.08601924391398073,0.14285714285714285,-0.012386297912613699,0.06582417582417581
346,all_blocks,Fisher,77,-0.00946421999053578,0.14285714285714285,0.0368591934381408,0.06523809523809523
350,all_blocks,Semantic,77,0.13741521636258477,0.14285714285714285,-0.021224827803775173,0.04476190476190476
350,all_blocks,Temperature,77,0.2464377727535622,0.23076923076923078,0.02495662232504337,0.05761904761904761
350,all_blocks,Fisher,77,0.13589042536410956,0.14285714285714285,-0.060419843314580154,0.03761904761904762
351,all_blocks,Semantic,92,0.07831018910962809,0.17647058823529413,-0.00457978206926314,0.052442380460956305
351,all_blocks,Temperature,92,0.04939660619885023,0.25,-0.028165312947921635,0.060921912624699
351,all_blocks,Fisher,92,0.04047285113203766,0.17647058823529413,0.03192130450194967,0.05701754385964912
355,all_blocks,Semantic,101,0.21111240535818288,0.15789473684210525,-0.06477868375072801,0.05956140350877194
355,all_blocks,Temperature,101,0.14030285381479324,0.2222222222222222,0.006735585323238205,0.06456140350877194
355,all_blocks,Fisher,101,0.16159580663948747,0.29411764705882354,0.023668608037274313,0.05829156223893067
360,all_blocks,Semantic,60,0.14809669352597948,0.0,0.009872186718532924,0.05272727272727272
360,all_blocks,Temperature,60,0.1079744373437066,0.2,-0.01394831897749375,0.061818181818181814
360,all_blocks,Fisher,60,0.17115865518199505,0.0,-0.0315087524312309,0.0809090909090909
361,all_blocks,Semantic,116,-0.11157498173989928,0.14285714285714285,-0.0009095452273863075,0.05894974590626765
361,all_blocks,Temperature,116,-0.03196863106908084,0.2,-0.0144420097643486,0.06609260304912477
361,all_blocks,Fisher,116,-0.04731480413639334,0.14285714285714285,0.02706915772882789,0.05420666290231507
363,all_blocks,Semantic,78,0.10524918119854827,0.23076923076923078,-0.007501359400093578,0.04523809523809523
363,all_blocks,Temperature,78,0.04032676184574919,0.14285714285714285,0.017144880436019683,0.04761904761904762
363,all_blocks,Fisher,78,0.004312143552649882,0.14285714285714285,-0.0005576701779233348,0.07952380952380952
366,all_blocks,Semantic,67,0.4784899034240563,0.16666666666666666,-0.005487269534679545,0.03974358974358975
366,all_blocks,Temperature,67,0.4884268497086759,0.2727272727272727,-0.011722803096815384,0.06940559440559439
366,all_blocks,Fisher,67,0.3657115492058425,0.16666666666666666,0.011479367866549607,0.05064102564102564
367,all_blocks,Semantic,57,0.167393171417677,0.2,0.0031371532278973344,0.050909090909090904
367,all_blocks,Temperature,57,0.09061446720248899,0.2,0.015779751101892663,0.08393939393939394
367,all_blocks,Fisher,57,0.13319937775473167,0.2,0.019759528130671507,0.05181818181818182
368,all_blocks,Semantic,72,0.337127789568461,0.23076923076923078,0.0047896970866293615,0.048095238095238094
368,all_blocks,Temperature,72,0.35384912213004055,0.23076923076923078,-0.04670718374171974,0.054761904761904755
368,all_blocks,Fisher,72,0.08502154479387744,0.14285714285714285,-0.003532381503633673,0.07831501831501832
369,all_blocks,Semantic,97,0.2704476120345045,0.1111111111111111,0.005246028823900696,0.04269005847953215
369,all_blocks,Temperature,97,0.23002577319587628,0.17647058823529413,-0.018130654323585103,0.038355693154454765
369,all_blocks,Fisher,97,0.1760335577529981,0.25,0.025579239427729855,0.07110423116615067
370,all_blocks,Semantic,79,0.11314508276533594,0.14285714285714285,-0.016534810126582283,0.047619047619047616
370,all_blocks,Temperature,79,0.11497078870496594,0.14285714285714285,-0.0006499513145082798,0.05095238095238095
370,all_blocks,Fisher,79,0.10060856864654331,0.14285714285714285,0.041254868549172354,0.06963369963369964
372,all_blocks,Semantic,65,0.14890734265734265,0.2727272727272727,0.05583916083916085,0.05897435897435897
372,all_blocks,Temperature,65,0.014117132867132866,0.2727272727272727,0.039473339160839165,0.08525641025641026
372,all_blocks,Fisher,65,-0.060533216783216784,0.07692307692307693,0.027725087412587408,0.09230769230769231
373,all_blocks,Semantic,62,0.3398806376067085,0.2727272727272727,0.022583163355241624,0.05192307692307692
373,all_blocks,Temperature,62,0.4877489864269346,0.4,-0.057752260079071305,0.03141025641025641
373,all_blocks,Fisher,62,0.3559970788950165,0.2727272727272727,-0.05535242124348416,0.05641025641025641
375,all_blocks,Semantic,68,0.30213383211818146,0.2727272727272727,-0.030127495514753595,0.0564102564102564
375,all_blocks,Temperature,68,0.3426346528228422,0.2727272727272727,-0.010676795052868648,0.03846153846153846
375,all_blocks,Fisher,68,0.2599916020918425,0.2727272727272727,-0.03827919227392449,0.05576923076923077
383,all_blocks,Semantic,68,0.21124556246898496,0.16666666666666666,-0.008800626025880828,0.0738927738927739
383,all_blocks,Temperature,68,0.4172996908042905,0.4,-0.009266328205519717,0.058974358974358966
383,all_blocks,Fisher,68,0.21498644883001866,0.16666666666666666,0.007840592434248195,0.05850815850815851
386,all_blocks,Semantic,99,0.03464440321583179,0.17647058823529413,0.028295609152752005,0.08899208806329548
386,all_blocks,Temperature,99,0.025949288806431665,0.17647058823529413,-0.024996289424860853,0.04098727210182318
386,all_blocks,Fisher,99,0.12985776128633272,0.17647058823529413,0.001931972789115645,0.06257309941520467
390,all_blocks,Semantic,70,0.20157466538360597,0.16666666666666666,0.005646050214329455,0.06474358974358975
390,all_blocks,Temperature,70,0.10408538185635552,0.16666666666666666,0.0073851806491120634,0.05209790209790209
390,all_blocks,Fisher,70,0.11370833697839208,0.16666666666666666,0.009913393403901665,0.06474358974358974
392,all_blocks,Semantic,64,0.22815934065934063,0.16666666666666666,-0.039743589743589734,0.04294871794871795
392,all_blocks,Temperature,64,0.08209706959706958,0.16666666666666666,0.03223672161172161,0.04294871794871794
392,all_blocks,Fisher,64,0.1338369963369963,0.2727272727272727,0.012307692307692304,0.04294871794871794
393,all_blocks,Semantic,48,0.2591185410334346,0.25,-0.042249240121580545,0.05138888888888889
393,all_blocks,Temperature,48,0.3760312635692575,0.25,0.0643454190186713,0.05972222222222222
393,all_blocks,Fisher,48,0.21710811984368214,0.25,0.028158923143725572,0.0875
407,all_blocks,Semantic,82,0.016641090105680174,0.2,0.010519040933381222,0.07352941176470588
407,all_blocks,Temperature,82,0.08908261773380786,0.125,-0.015756249931977235,0.05514705882352942
407,all_blocks,Fisher,82,0.07330133542299279,0.2,-0.034262796443225475,0.05404411764705882
410,all_blocks,Semantic,70,0.22470475024057388,0.16666666666666666,0.013241186247922315,0.07756410256410257
410,all_blocks,Temperature,70,0.17931939462864138,0.2727272727272727,0.0037092117924940908,0.06794871794871794
410,all_blocks,Fisher,70,0.14030268567929313,0.2727272727272727,0.012427609133059228,0.03076923076923077
412,all_blocks,Semantic,59,0.38077147866744604,0.2,0.022171244886031567,0.04727272727272728
412,all_blocks,Temperature,59,0.24792518994739926,0.3333333333333333,-0.001765049678550556,0.06848484848484848
412,all_blocks,Fisher,59,0.1565166569257744,0.2,0.011066627703097614,0.07666666666666665
415,all_blocks,Semantic,47,0.42402867715078635,0.25,0.024381359851988905,0.0625
415,all_blocks,Temperature,47,0.3157955596669751,0.25,0.004631128584643852,0.05833333333333333
415,all_blocks,Fisher,47,0.27104532839962997,0.1111111111111111,0.022907030527289547,0.06726190476190477
416,all_blocks,Semantic,73,0.15611501912871778,0.14285714285714285,0.044461927681105774,0.049999999999999996
416,all_blocks,Temperature,73,0.1586449463161792,0.3333333333333333,-0.04643496235961989,0.04476190476190476
416,all_blocks,Fisher,73,0.047173886214982114,0.23076923076923078,0.0004905590522028865,0.0563003663003663
417,all_blocks,Semantic,91,0.12129319955406911,0.17647058823529413,0.0186868928173276,0.05285087719298245
417,all_blocks,Temperature,91,0.0014811275680840898,0.1111111111111111,0.007135690396559964,0.058926728586171304
417,all_blocks,Fisher,91,0.1265965918139831,0.17647058823529413,-0.008935340022296545,0.06389748882008943
418,all_blocks,Semantic,147,0.005285268494661841,0.15384615384615385,-0.01588432855556143,0.04848322175908382
418,all_blocks,Temperature,147,-0.01678516649162442,0.1111111111111111,-0.0033324770115376713,0.0415866700349459
418,all_blocks,Fisher,147,-0.04078988129868757,0.15384615384615385,-0.008230700647530394,0.07411266894025514
421,all_blocks,Semantic,182,0.2505357155298284,0.1875,0.005554820145889797,0.07014269426034131
421,all_blocks,Temperature,182,0.27285213654201973,0.22580645161290322,0.0047409704687125225,0.04494069699952054
421,all_blocks,Fisher,182,0.28331264786296034,0.15151515151515152,-0.01225800736714603,0.041604461604461594
423,all_blocks,Semantic,71,-0.018209255533199194,0.14285714285714285,0.020063715627095906,0.06904761904761904
423,all_blocks,Temperature,71,0.013480885311871227,0.23076923076923078,-0.03398725687458082,0.0338095238095238
423,all_blocks,Fisher,71,-0.14081153588195838,0.23076923076923078,-0.011545942320590205,0.059157509157509156
424,all_blocks,Semantic,133,0.037333836626845265,0.12,-0.0020434396710908923,0.060663817663817655
424,all_blocks,Temperature,133,0.03800716173064955,0.12,-0.00506728150090287,0.056658119658119656
424,all_blocks,Fisher,133,0.029641607410656898,0.12,0.047940492343477414,0.06634188034188034
425,all_blocks,Semantic,77,0.36566065513433926,0.3333333333333333,0.04552815605447184,0.05619047619047618
425,all_blocks,Temperature,77,0.1755612808244387,0.23076923076923078,-0.0005560229244439753,0.04095238095238095
425,all_blocks,Fisher,77,0.31670960618329036,0.23076923076923078,-0.0151204059098796,0.05582417582417583
426,all_blocks,Semantic,79,0.2189873417721519,0.23076923076923078,0.04290774099318402,0.06296703296703296
426,all_blocks,Temperature,79,0.08763388510223953,0.23076923076923078,-0.020631694255111976,0.048571428571428564
426,all_blocks,Fisher,79,0.18347127555988316,0.14285714285714285,0.07161027263875366,0.05523809523809523
429,all_blocks,Semantic,149,0.08951206239796844,0.1111111111111111,-0.031084708869943765,0.05607279693486589
429,all_blocks,Temperature,149,0.23027752584799566,0.1111111111111111,-0.013518229639035012,0.059443812892088756
429,all_blocks,Fisher,149,0.18899328859060402,0.1111111111111111,-0.01053999637221114,0.03960254305081891
430,all_blocks,Semantic,99,0.3163512677798392,0.17647058823529413,-0.011933828076685216,0.04975920192638459
430,all_blocks,Temperature,99,0.34467532467532463,0.17647058823529413,0.0027390228818800276,0.045300137598899205
430,all_blocks,Fisher,99,0.3727272727272727,0.17647058823529413,-0.021559059987631413,0.052442380460956305
432,all_blocks,Semantic,88,0.1502060512134127,0.2,-0.0037098024021696998,0.06433823529411765
432,all_blocks,Temperature,88,0.2529674896974394,0.2,0.02296414356662323,0.05477941176470589
432,all_blocks,Fisher,88,0.062449367757387915,0.125,0.009492444788841533,0.048161764705882355
434,all_blocks,Semantic,63,0.16921082949308758,0.2727272727272727,0.06484975038402459,0.08543123543123542
434,all_blocks,Temperature,63,-0.1814516129032258,0.2727272727272727,-0.020521313364055296,0.05128205128205128
434,all_blocks,Fisher,63,-0.1709389400921659,0.07692307692307693,-0.0323324692780338,0.05402097902097902
438,all_blocks,Semantic,95,0.1968505039193729,0.17647058823529413,0.02480823068309071,0.06028551771585827
438,all_blocks,Temperature,95,0.3372620380739082,0.17647058823529413,-0.03516447368421053,0.054385964912280704
438,all_blocks,Fisher,95,0.11664333706606943,0.17647058823529413,0.059265117581186987,0.06355349157206742
440,all_blocks,Semantic,76,0.2771565276828435,0.14285714285714285,-0.015181134654818861,0.07391941391941391
440,all_blocks,Temperature,76,0.2877375256322625,0.23076923076923078,-0.00921394395078606,0.04534798534798535
440,all_blocks,Fisher,76,0.40308954203691044,0.14285714285714285,0.053312371838687624,0.05095238095238095
441,all_blocks,Semantic,60,0.43134203945540434,0.2,0.024812447902195063,0.08227272727272728
441,all_blocks,Temperature,60,0.40411225340372336,0.3333333333333333,-0.05353987218671854,0.08848484848484847
441,all_blocks,Fisher,60,0.36032231175326485,0.3333333333333333,0.007379827729924982,0.06545454545454546
442,all_blocks,Semantic,115,0.24219206186380496,0.14285714285714285,-0.02313067150635209,0.04923771880293619
442,all_blocks,Temperature,115,0.134427523080565,0.2,0.004104000631263318,0.05697346132128741
442,all_blocks,Fisher,115,0.08337410242247298,0.09090909090909091,-0.04764262605539336,0.05245623941276115
443,all_blocks,Semantic,80,0.3709798406000938,0.23076923076923078,0.05234294421003283,0.05963369963369963
443,all_blocks,Temperature,80,0.27243319268635724,0.14285714285714285,-0.0294479606188467,0.059047619047619036
443,all_blocks,Fisher,80,0.30021097046413503,0.23076923076923078,-0.05586966713548992,0.027142857142857142
445,all_blocks,Semantic,116,0.5539461038711414,0.2631578947368421,-0.006784300157613504,0.04291360813099944
445,all_blocks,Temperature,116,0.2905470341752201,0.14285714285714285,-0.018648368123630497,0.03879164313946922
445,all_blocks,Fisher,116,0.30669280744243266,0.14285714285714285,-0.021759889286126172,0.04251835121400339
446,all_blocks,Semantic,124,0.18391188040912668,0.18181818181818182,-0.004386467348544453,0.05421014492753623
446,all_blocks,Temperature,124,0.11794807238394964,0.23809523809523808,-0.00681195908733281,0.05368840579710145
446,all_blocks,Fisher,124,0.20031471282454755,0.13043478260869565,-0.007153422501966951,0.04952173913043479
449,all_blocks,Semantic,72,0.020355006752845847,0.23076923076923078,0.011192038073187988,0.06677655677655678
449,all_blocks,Temperature,72,-0.09238536240272688,0.23076923076923078,-0.0005482667695671749,0.0519047619047619
449,all_blocks,Fisher,72,0.0010611614894848545,0.14285714285714285,0.052723647823011144,0.07450549450549451
451,all_blocks,Semantic,62,0.26080934753594726,0.4,-0.014436805922792173,0.06346153846153846
451,all_blocks,Temperature,62,0.18390370426330235,0.2727272727272727,0.021865478079121654,0.044230769230769226
451,all_blocks,Fisher,62,0.17020472916824056,0.2727272727272727,-0.03388985419657022,0.04294871794871795
453,all_blocks,Semantic,66,0.1841352677173573,0.16666666666666666,0.07896253000730614,0.0726107226107226
453,all_blocks,Temperature,66,0.2707650558396828,0.2727272727272727,-0.00829349754722889,0.04807692307692307
453,all_blocks,Fisher,66,0.025821939254775078,0.2727272727272727,-0.02514560066798873,0.05641025641025641
455,all_blocks,Semantic,91,0.22165949992036948,0.25,-0.014843924191750277,0.055710354317165464
455,all_blocks,Temperature,91,0.17743271221532092,0.17647058823529413,0.017853161331422198,0.0671138630890953
455,all_blocks,Fisher,91,0.2603280777193821,0.17647058823529413,-0.0076301958910654525,0.05701754385964911
458,all_blocks,Semantic,50,0.2927731092436974,0.25,-0.0030060024009603862,0.03333333333333333
458,all_blocks,Temperature,50,0.20835534213685472,0.25,-0.011351740696278517,0.07361111111111111
458,all_blocks,Fisher,50,0.008307322929171669,0.25,-0.04472028811524609,0.016666666666666666
460,all_blocks,Semantic,60,0.25734926368435684,0.2,0.0016782439566546323,0.02727272727272727
460,all_blocks,Temperature,60,0.3912753542650737,0.2,0.03248124479021951,0.038181818181818185
460,all_blocks,Fisher,60,0.32053348152264527,0.09090909090909091,0.026685190330647413,0.0809090909090909
461,all_blocks,Semantic,62,0.20435143914784318,0.16666666666666666,0.002830450001259098,0.07004662004662005
461,all_blocks,Temperature,62,0.2725944952280224,0.2727272727272727,0.02152300370174511,0.06858974358974358
461,all_blocks,Fisher,62,0.12155322202916068,0.2727272727272727,-0.024829392359799557,0.04871794871794871
467,all_blocks,Semantic,62,0.28780438669386316,0.16666666666666666,0.018405479590038024,0.08222610722610722
467,all_blocks,Temperature,62,0.20707108861524512,0.16666666666666666,0.026350381506383618,0.07243589743589743
467,all_blocks,Fisher,62,0.31600815894840223,0.16666666666666666,-0.027717760821938497,0.060256410256410264
470,all_blocks,Semantic,53,0.3041444928237381,0.3333333333333333,0.001902918884050954,0.05545454545454546
470,all_blocks,Temperature,53,0.3057571359458152,0.3333333333333333,0.017614094500886947,0.09545454545454544
470,all_blocks,Fisher,53,0.2893888082567328,0.2,0.002676987582647962,0.09545454545454544
475,all_blocks,Semantic,116,0.0479068158228578,0.2,0.027563525929343014,0.06460191981931111
475,all_blocks,Temperature,116,0.010948371967862223,0.14285714285714285,-0.011471956329527543,0.05460191981931113
475,all_blocks,Fisher,116,-0.017760350593933803,0.14285714285714285,-0.011204782224272482,0.06414455110107282
477,all_blocks,Semantic,85,0.0009185069376587845,0.2,0.006336720734805551,0.0636029411764706
477,all_blocks,Temperature,85,0.21133476646472543,0.2857142857142857,0.017912839554426414,0.05477941176470589
477,all_blocks,Fisher,85,0.05673246042603088,0.125,-0.029865155364471364,0.06477941176470589
478,all_blocks,Semantic,69,0.046547314578005115,0.2727272727272727,0.006565582754841061,0.07948717948717947
478,all_blocks,Temperature,69,0.02637924735111436,0.2727272727272727,0.025261234928754116,0.06876456876456877
478,all_blocks,Fisher,69,-0.0165144318597004,0.16666666666666666,0.0510248447204969,0.06794871794871796
482,all_blocks,Semantic,47,0.255781683626272,0.25,0.019472710453283994,0.06805555555555556
482,all_blocks,Temperature,47,0.2828399629972248,0.25,-0.017778677150786303,0.05555555555555556
482,all_blocks,Fisher,47,0.40575855689176693,0.1111111111111111,0.010927382053654022,0.04583333333333332
483,all_blocks,Semantic,68,-0.08413177081345191,0.2727272727272727,-0.018286445012787714,0.047435897435897434
483,all_blocks,Temperature,68,0.012176966828262779,0.2727272727272727,0.029699965644921177,0.04038461538461539
483,all_blocks,Fisher,68,-0.08050540138183761,0.2727272727272727,-0.04935488796427072,0.039102564102564095
484,all_blocks,Semantic,52,0.3592589430547255,0.09090909090909091,-0.007487407154443784,0.05848484848484847
484,all_blocks,Temperature,52,0.08204559036967472,0.2,-0.007739264065568173,0.05181818181818182
484,all_blocks,Fisher,52,0.03910185264236319,0.2,-0.0004098010757278208,0.05636363636363636
488,all_blocks,Semantic,83,0.11519247722597706,0.2,-0.025049326224759666,0.04191176470588236
488,all_blocks,Temperature,83,0.29942067923260984,0.2,-0.012816422484362534,0.05441176470588236
488,all_blocks,Fisher,83,0.04475043029259896,0.2,-0.016593551907980352,0.042279411764705885
492,all_blocks,Semantic,57,0.11900440757065078,0.09090909090909091,0.01633069743323827,0.06090909090909091
492,all_blocks,Temperature,57,0.1716359865180192,0.2,0.044866476536168,0.09393939393939393
492,all_blocks,Fisher,57,0.17850661135597615,0.09090909090909091,0.027958905885403167,0.061818181818181814
494,all_blocks,Semantic,93,0.2134224582972755,0.25,0.016360299603115393,0.06659356725146198
494,all_blocks,Temperature,93,0.10814359464056578,0.25,-0.011079943899018226,0.07600189198486411
494,all_blocks,Fisher,93,-0.04881979051654679,0.25,0.0035518188057652653,0.060577915376676984
495,all_blocks,Semantic,68,0.4069931671565446,0.2727272727272727,0.00013932893079360054,0.05576923076923076
495,all_blocks,Temperature,68,0.40615337634080234,0.16666666666666666,-0.030335534603198832,0.045046620046620044
495,all_blocks,Fisher,68,0.4058861701721571,0.2727272727272727,0.03447150437072947,0.06363636363636363
496,all_blocks,Semantic,101,0.275049504950495,0.15789473684210525,-0.01252358765288294,0.04773182957393485
496,all_blocks,Temperature,101,0.23149679673849738,0.15789473684210525,-0.014426324985439717,0.06718045112781956
496,all_blocks,Fisher,101,0.12110658124635992,0.15789473684210525,0.003909726266744325,0.062218045112781964
497,all_blocks,Semantic,93,0.11645429858852316,0.17647058823529413,0.0556593357405031,0.08904368765049879
497,all_blocks,Temperature,93,0.1434603563009161,0.17647058823529413,0.03808003342186147,0.0694014447884417
497,all_blocks,Fisher,93,0.062039330369132506,0.17647058823529413,-0.044835277968428275,0.06121431028551773
