index,checkpoint,method,n_tokens,spearman,top10_jaccard,random_floor_spearman,random_floor_top10_jaccard
0,final_quarter,Semantic,70,0.9216166564605022,0.5555555555555556,0.020160965794768608,0.06876456876456877
0,final_quarter,Temperature,70,0.8846645087918817,0.75,-0.035417723733706594,0.04294871794871794
0,final_quarter,Fisher,70,0.8609745429096316,0.2727272727272727,-0.01802117050126848,0.06940559440559439
1,final_quarter,Semantic,82,0.474450648120939,0.058823529411764705,0.003914846377379433,0.06889705882352941
1,final_quarter,Temperature,82,0.7689837942556134,0.5,0.015954332234085395,0.04933823529411765
1,final_quarter,Fisher,82,0.6148061079004364,0.2,0.013158324354327885,0.05926470588235294
20,final_quarter,Semantic,78,0.8618596593280137,0.6,0.013859558163355625,0.04476190476190476
20,final_quarter,Temperature,78,0.7599109751008485,0.6,-0.021166175596555335,0.0819047619047619
20,final_quarter,Fisher,78,0.8714450106855169,0.23076923076923078,-0.03671012531772026,0.054761904761904755
24,final_quarter,Semantic,81,0.7013775971093044,0.2,-0.0051987353206865376,0.04602941176470589
24,final_quarter,Temperature,81,0.7833559168925023,0.38461538461538464,-0.026087398373983738,0.052647058823529415
24,final_quarter,Fisher,81,0.8744354110207768,0.6363636363636364,0.013200090334236681,0.0672794117647059
31,final_quarter,Semantic,55,0.9251082251082253,0.7142857142857143,-0.0048845598845598855,0.07999999999999999
31,final_quarter,Temperature,55,0.8503607503607504,0.7142857142857143,-0.04037157287157288,0.05
31,final_quarter,Fisher,55,0.8811688311688313,0.5,0.016482683982683984,0.06545454545454545
45,final_quarter,Semantic,65,0.8042395104895105,0.5555555555555556,-0.04005681818181818,0.05128205128205128
45,final_quarter,Temperature,65,0.8798076923076923,0.5555555555555556,-0.01946022727272727,0.05641025641025641
45,final_quarter,Fisher,65,0.8631118881118881,0.5555555555555556,0.024621940559440558,0.06538461538461539
55,final_quarter,Semantic,104,0.6211565133895232,0.375,-0.01380241118105196,0.05329156223893067
55,final_quarter,Temperature,104,0.9114584444681533,0.6923076923076923,0.00328069988264163,0.08565408619588187
55,final_quarter,Fisher,104,0.8710551584337993,0.5714285714285714,0.014319321455243788,0.07462651727357611
57,final_quarter,Semantic,92,0.8140190804987439,0.5384615384615384,0.017704175207681517,0.08085655314757481
57,final_quarter,Temperature,92,0.8963827196646271,0.5384615384615384,-0.019106699751861043,0.04332645338837289
57,final_quarter,Fisher,92,0.8742659864679498,0.42857142857142855,0.03074534161490683,0.07008943928448572
60,final_quarter,Semantic,75,0.9455476529160739,0.7777777777777778,0.010103840682788051,0.0706959706959707
60,final_quarter,Temperature,75,0.741678520625889,0.6,-0.0016600284495021356,0.05904761904761905
60,final_quarter,Fisher,75,0.9320910384068278,0.6,0.02300853485064011,0.07058608058608058
64,final_quarter,Semantic,63,0.8181163594470047,0.4,-0.019897273425499233,0.05641025641025641
64,final_quarter,Temperature,63,0.8267569124423965,0.4,0.016023425499231952,0.046794871794871795
64,final_quarter,Fisher,63,0.8957373271889401,0.5555555555555556,0.00956461213517665,0.07307692307692308
66,final_quarter,Semantic,96,0.8700488334237656,0.6666666666666666,-0.024728024959305477,0.06448228414172685
66,final_quarter,Temperature,96,0.9061448724905046,0.6666666666666666,0.03615843733043951,0.06613347093223254
66,final_quarter,Fisher,96,0.8358925664677156,0.42857142857142855,-0.006059413998914813,0.06350189198486411
68,final_quarter,Semantic,81,0.8984643179765129,0.6363636363636364,-0.03808378500451671,0.045220588235294124
68,final_quarter,Temperature,81,0.8854787714543813,0.6363636363636364,0.027847786811201446,0.06558823529411764
68,final_quarter,Fisher,81,0.8646341463414634,0.6363636363636364,-0.02060862691960253,0.046397058823529416
73,final_quarter,Semantic,77,0.891292917608707,0.6,-0.07055313107944687,0.03428571428571429
73,final_quarter,Temperature,77,0.8831431726168567,0.6,-0.03490851254009148,0.0563003663003663
73,final_quarter,Fisher,77,0.7924443977075556,0.7777777777777778,-0.012056364687943636,0.06677655677655678
74,final_quarter,Semantic,77,0.8933172091066827,0.3333333333333333,-0.004607234870392762,0.06058608058608058
74,final_quarter,Temperature,77,0.8295914611704084,0.6,0.019986592355013412,0.05047619047619047
74,final_quarter,Fisher,77,0.8824333561175666,0.6,-0.025088069824911918,0.0826007326007326
78,final_quarter,Semantic,80,0.7957805907172997,0.3333333333333333,-0.0015588373183309898,0.06201465201465202
78,final_quarter,Temperature,80,0.8509845288326302,0.7777777777777778,-0.006632676980778243,0.059157509157509156
78,final_quarter,Fisher,80,0.7859587435536802,0.6,-0.03771683075480543,0.05963369963369963
91,final_quarter,Semantic,56,0.6211893369788106,0.5,-0.040673274094326736,0.08757575757575757
91,final_quarter,Temperature,56,0.5163362952836638,0.09090909090909091,-0.06444292549555708,0.046363636363636364
91,final_quarter,Fisher,56,0.6940533151059467,0.5,0.03938824333561176,0.05393939393939393
99,final_quarter,Semantic,117,0.8458990843561269,0.6,-0.04377182334517226,0.05223037831733483
99,final_quarter,Temperature,117,0.8209474141677531,0.5,-0.02505544815597415,0.06414455110107284
99,final_quarter,Fisher,117,0.8067481904419367,0.7142857142857143,-0.008127650646645394,0.029672501411631847
101,final_quarter,Semantic,174,0.8790125003559327,0.5652173913043478,0.01580990347105556,0.06826600581581606
101,final_quarter,Temperature,174,0.7646242774566474,0.5,-0.01492901278510208,0.06202364523522017
101,final_quarter,Fisher,174,0.8920561519405451,0.5652173913043478,0.0076306272957658225,0.04495989304812834
105,final_quarter,Semantic,155,0.6797621733105604,0.45454545454545453,-0.0077657826044922815,0.055457445368457606
105,final_quarter,Temperature,155,0.6974767168315555,0.5238095238095238,0.011708936225065261,0.05060596429895651
105,final_quarter,Fisher,155,0.7130901356707808,0.5238095238095238,0.02769907511842995,0.04544467397637586
106,final_quarter,Semantic,104,0.7811906540061881,0.6923076923076923,0.02391336818521285,0.07820802005012532
106,final_quarter,Temperature,104,0.8060599594580177,0.4666666666666667,0.0003451402965966105,0.05194235588972431
106,final_quarter,Fisher,104,0.7720260322202069,0.4666666666666667,-0.0002859276645684406,0.06058897243107769
108,final_quarter,Semantic,190,0.901876856189339,0.6521739130434783,0.010009141527466134,0.056713466713466706
108,final_quarter,Temperature,190,0.9324034344150078,0.6521739130434783,0.012988404694108748,0.05393568893568893
108,final_quarter,Fisher,190,0.7878955678900568,0.52,-0.006365827308235686,0.04089307795190148
110,final_quarter,Semantic,90,0.8456599580195087,0.6363636363636364,0.008528624933119311,0.05514705882352942
110,final_quarter,Temperature,90,0.8950158455776434,0.5,0.008768160678273042,0.05772058823529412
110,final_quarter,Fisher,90,0.869037329711487,0.5,-0.026956414372144705,0.04897058823529412
111,final_quarter,Semantic,51,0.8623529411764705,0.5,0.014846153846153851,0.0709090909090909
111,final_quarter,Temperature,51,0.9286877828054299,0.5,-0.058782805429864235,0.05484848484848485
111,final_quarter,Fisher,51,0.7712217194570135,0.5,-0.00026244343891402704,0.02727272727272727
112,final_quarter,Semantic,117,0.7160829624301278,0.4117647058823529,-0.01210268399046891,0.06482778091473743
112,final_quarter,Temperature,117,0.8340901257324401,0.5,0.036534340391733734,0.07194240542066628
112,final_quarter,Fisher,117,0.9029732200392632,0.6,0.006887560131277252,0.056380575945793335
113,final_quarter,Semantic,115,0.7424287856071964,0.7142857142857143,-0.02139864278387122,0.040542066629023155
113,final_quarter,Temperature,115,0.8936952576343408,0.6,-0.014306399431863018,0.040146809712027096
113,final_quarter,Fisher,115,0.8141639706462559,0.6,-0.002940897972066598,0.06631846414455109
115,final_quarter,Semantic,87,0.6748377925202302,0.38461538461538464,-0.029641138732959104,0.08022058823529413
115,final_quarter,Temperature,87,0.9163629073412551,0.5,-0.03102810381278704,0.06441176470588236
115,final_quarter,Fisher,87,0.7176131807246481,0.6363636363636364,0.0164066486841146,0.0736029411764706
120,final_quarter,Semantic,85,0.6018956419777213,0.2857142857142857,0.012394957983193271,0.07022058823529412
120,final_quarter,Temperature,85,0.7524916943521595,0.6363636363636364,0.013647645104553453,0.04264705882352941
120,final_quarter,Fisher,85,0.8492476060191517,0.38461538461538464,-0.017278678913425837,0.06073529411764707
121,final_quarter,Semantic,70,0.8184585775522701,1.0,-0.02517015134283964,0.05641025641025641
121,final_quarter,Temperature,70,0.9185023182573704,0.4,-0.020685854255970606,0.04294871794871794
121,final_quarter,Fisher,70,0.8048114775610183,0.75,0.022171288601172245,0.05448717948717948
129,final_quarter,Semantic,121,0.8608047690014902,0.625,0.03417253759653162,0.06671014492753621
129,final_quarter,Temperature,121,0.872185340739737,0.5294117647058824,-0.016544506164476353,0.044759834368530024
129,final_quarter,Fisher,121,0.7965451835794606,0.5294117647058824,0.00445095515512803,0.0643919631093544
130,final_quarter,Semantic,82,0.8934709025805119,0.5,0.019845234596924288,0.08183823529411764
130,final_quarter,Temperature,82,0.8572066041945561,0.6363636363636364,0.04773565807947236,0.05735294117647059
130,final_quarter,Fisher,82,0.9000881575080811,0.5,-0.051382766839716584,0.07281512605042018
132,final_quarter,Semantic,85,0.8724643345710378,0.8,-0.02841801837013876,0.06068277310924371
132,final_quarter,Temperature,85,0.9119210474887628,0.8,0.023629079538792265,0.07522058823529412
132,final_quarter,Fisher,85,0.880828610513973,0.5,0.024151846785225722,0.05757352941176471
133,final_quarter,Semantic,59,0.8653419053185274,0.5,-0.0009322033898305118,0.06303030303030302
133,final_quarter,Temperature,59,0.9080070134424313,0.7142857142857143,-0.04495616598480422,0.07181818181818181
133,final_quarter,Fisher,59,0.9136762127410872,0.7142857142857143,-0.06056107539450615,0.04727272727272728
136,final_quarter,Semantic,76,0.7887901572112098,0.45454545454545453,0.04873547505126453,0.04428571428571428
136,final_quarter,Temperature,76,0.9142036910457964,0.6,-0.05897060833902938,0.05476190476190477
136,final_quarter,Fisher,76,0.8969514695830485,0.7777777777777778,0.03575393028024607,0.05428571428571429
138,final_quarter,Semantic,78,0.8333059345717574,0.6,-0.008662223852097268,0.04582417582417582
138,final_quarter,Temperature,78,0.8429671594228555,0.6,-0.006114139025531429,0.049157509157509154
138,final_quarter,Fisher,78,0.8758709644785593,1.0,-0.004047850883293919,0.09153846153846153
175,final_quarter,Semantic,62,0.8002064919040064,0.4,0.015008435949736849,0.07628205128205127
175,final_quarter,Temperature,62,0.8114880008058221,0.5555555555555556,-0.003845282163632241,0.06410256410256411
175,final_quarter,Fisher,62,0.8151142000956914,0.4,-0.032434338092719894,0.08076923076923076
179,final_quarter,Semantic,60,0.673020283412059,0.2,-0.009477632675743267,0.05636363636363637
179,final_quarter,Temperature,60,0.8524034454015006,0.5,-0.029788830230619623,0.05636363636363636
179,final_quarter,Fisher,60,0.8296749096971383,0.3333333333333333,0.027404834676298985,0.04818181818181818
183,final_quarter,Semantic,58,0.8492725091513121,0.09090909090909091,0.03193577163247101,0.06545454545454545
183,final_quarter,Temperature,58,0.8697591436217663,0.7142857142857143,0.021692454397243852,0.05818181818181818
183,final_quarter,Fisher,58,0.8812636500661356,0.2,-0.007394875265311143,0.057272727272727274
185,final_quarter,Semantic,97,0.8088049652850829,0.5384615384615384,-0.023580501788344206,0.06430598555211559
185,final_quarter,Temperature,97,0.7608878602987587,0.42857142857142855,0.008445981485377655,0.0696938424492604
185,final_quarter,Fisher,97,0.8564196297075529,0.6666666666666666,-0.01115939932674101,0.029239766081871343
195,final_quarter,Semantic,55,0.7862914862914865,0.3333333333333333,-0.008131313131313132,0.06545454545454546
195,final_quarter,Temperature,55,0.8865800865800867,0.3333333333333333,-0.009635642135642141,0.05181818181818182
195,final_quarter,Fisher,55,0.9010101010101011,0.7142857142857143,-0.047474747474747475,0.045454545454545456
199,final_quarter,Semantic,134,0.9213257023154903,0.8666666666666667,0.0036987992368982163,0.0687476774433296
199,final_quarter,Temperature,134,0.9373807653462014,0.6470588235294118,-0.012778712951533064,0.06424501424501425
199,final_quarter,Fisher,134,0.8628262197783014,0.47368421052631576,0.03117220912978965,0.06754477889260498
200,final_quarter,Semantic,73,0.8311119338516599,0.7777777777777778,-0.024082130075280764,0.06344322344322342
200,final_quarter,Temperature,73,0.8630445514007159,0.7777777777777778,-0.02444773540663952,0.06630036630036629
200,final_quarter,Fisher,73,0.7554609403924473,0.45454545454545453,0.012806985067259039,0.06831501831501831
202,final_quarter,Semantic,140,0.8865014978898342,0.6470588235294118,-0.0011781942227373139,0.03361823361823361
202,final_quarter,Temperature,140,0.8937569701078045,0.47368421052631576,0.034476613238284756,0.06497150997150997
202,final_quarter,Fisher,140,0.8517898143491287,0.47368421052631576,-0.0002917058450504058,0.07172079772079773
205,final_quarter,Semantic,102,0.8899977947537758,0.4666666666666667,0.027356927583106684,0.10034670008354221
205,final_quarter,Temperature,102,0.8969528020763241,0.5714285714285714,0.0061305845033389665,0.050313283208020046
205,final_quarter,Fisher,102,0.8497492239229634,0.375,-0.0004133423051042986,0.06408521303258147
207,final_quarter,Semantic,173,0.7951546138478013,0.5652173913043478,0.01376239390722706,0.06032769412750437
207,final_quarter,Temperature,173,0.7523744848909059,0.7142857142857143,0.01658071858008353,0.061813407181054235
207,final_quarter,Fisher,173,0.8650054929518706,0.3333333333333333,-0.014621913401411949,0.07288689962788633
211,final_quarter,Semantic,71,0.8029175050301811,0.7777777777777778,-0.007669349429912807,0.0657142857142857
211,final_quarter,Temperature,71,0.838262910798122,0.6,0.03821596244131455,0.07296703296703297
211,final_quarter,Fisher,71,0.7517437961099932,0.6,-0.024738430583501003,0.04915750915750915
221,final_quarter,Semantic,87,0.8590252970766201,0.6363636363636364,0.004663009404388713,0.042279411764705885
221,final_quarter,Temperature,87,0.8278960414084712,0.8,-0.04937030691842239,0.03720588235294118
221,final_quarter,Fisher,87,0.7967850112998468,0.5,-0.022094845811766416,0.03897058823529412
237,final_quarter,Semantic,62,0.8671904510085368,0.2727272727272727,-0.01942282994636247,0.07435897435897434
237,final_quarter,Temperature,62,0.8661831734280174,0.4,0.012658960993175691,0.06282051282051282
237,final_quarter,Fisher,62,0.8777165017249628,0.5555555555555556,-0.004137392661982831,0.08782051282051281
238,final_quarter,Semantic,65,0.9313374125874126,0.75,0.013686625874125877,0.04358974358974359
238,final_quarter,Temperature,65,0.9024912587412588,0.4,0.0032779720279720293,0.0824009324009324
238,final_quarter,Fisher,65,0.7829108391608391,0.5555555555555556,0.031236888111888118,0.0770979020979021
240,final_quarter,Semantic,55,0.8220057720057722,0.5,0.00968975468975469,0.08227272727272726
240,final_quarter,Temperature,55,0.5826118326118328,0.2,0.02955988455988457,0.04939393939393939
240,final_quarter,Fisher,55,0.9028860028860031,0.7142857142857143,0.02522366522366522,0.06272727272727271
246,final_quarter,Semantic,142,0.868404894476216,0.5,-0.0018307134878905959,0.06683087027914615
246,final_quarter,Temperature,142,0.8643855395428666,0.5,-0.027407264596356597,0.03891625615763546
246,final_quarter,Fisher,142,0.9119849284667985,0.6666666666666666,-0.0325561462810489,0.05596606458675424
248,final_quarter,Semantic,113,0.8174778761061949,0.7142857142857143,0.019870334020892944,0.051609260304912474
248,final_quarter,Temperature,113,0.8747088961341408,0.7142857142857143,-0.020073690864328968,0.05350233290736722
248,final_quarter,Fisher,113,0.8527180783817953,0.6,-0.01410689333954355,0.05677583286278938
259,final_quarter,Semantic,59,0.7748684979544127,0.5,0.047244301578024554,0.08363636363636362
259,final_quarter,Temperature,59,0.877147866744594,0.3333333333333333,0.008068381063705433,0.06
259,final_quarter,Fisher,59,0.7544710695499709,0.7142857142857143,0.03419637638807715,0.08545454545454544
264,final_quarter,Semantic,64,0.8354853479853479,0.5555555555555556,-0.008429487179487171,0.036713286713286705
264,final_quarter,Temperature,64,0.8789377289377288,0.16666666666666666,-0.017074175824175825,0.07086247086247086
264,final_quarter,Fisher,64,0.8240842490842488,0.16666666666666666,-0.030528846153846156,0.051923076923076926
265,final_quarter,Semantic,112,0.8681877199576316,0.7142857142857143,-0.021735230806027267,0.05203274985883681
265,final_quarter,Temperature,112,0.828364711108074,0.6,-0.02094381043496088,0.044664031620553366
265,final_quarter,Fisher,112,0.784040045101992,0.6,0.0003993405542078073,0.06203274985883681
272,final_quarter,Semantic,104,0.7808385788968314,0.375,0.018315373946441907,0.06352965747702591
272,final_quarter,Temperature,104,0.900533447135389,0.6923076923076923,0.029549237170596397,0.060626566416040105
272,final_quarter,Fisher,104,0.9144670863117467,0.5714285714285714,-0.029974927984636728,0.0706265664160401
274,final_quarter,Semantic,104,0.8764429745012271,0.4666666666666667,-0.006580603862157261,0.05269423558897244
274,final_quarter,Temperature,104,0.8717699775952205,0.5714285714285714,0.03400085351541663,0.07769423558897245
274,final_quarter,Fisher,104,0.8824709271311215,0.5714285714285714,-0.032928624773284974,0.07531328320802005
279,final_quarter,Semantic,65,0.8211975524475524,0.2727272727272727,-0.007904283216783218,0.06765734265734266
279,final_quarter,Temperature,65,0.864423076923077,0.4,0.05242132867132866,0.06107226107226107
279,final_quarter,Fisher,65,0.6743444055944056,0.2727272727272727,0.04053103146853147,0.06794871794871794
282,final_quarter,Semantic,80,0.8529301453352088,0.45454545454545453,-0.036649085794655416,0.06190476190476191
282,final_quarter,Temperature,80,0.8215893108298172,0.45454545454545453,-0.012283169245194566,0.06619047619047617
282,final_quarter,Fisher,80,0.8552508204406939,0.3333333333333333,-0.0029547585560243802,0.05047619047619047
296,final_quarter,Semantic,95,0.8654115341545352,0.42857142857142855,-0.004116741321388574,0.057309941520467825
296,final_quarter,Temperature,95,0.8773796192609182,0.5384615384615384,0.000673992161254201,0.061089611283109725
296,final_quarter,Fisher,95,0.755879059350504,0.3333333333333333,-0.024736842105263158,0.027192982456140345
314,final_quarter,Semantic,138,0.7776245522147816,0.47368421052631576,0.0046320798010908906,0.08117663817663816
314,final_quarter,Temperature,138,0.8688414549223838,0.5555555555555556,-0.006288970727575349,0.06297720797720796
314,final_quarter,Fisher,138,0.8241508348383176,0.75,-0.009337449114018846,0.05806552706552707
324,final_quarter,Semantic,84,0.7892477472916878,0.2857142857142857,0.006908980459653743,0.05735294117647059
324,final_quarter,Temperature,84,0.9183355269818773,0.5,0.041813303634706894,0.07066176470588235
324,final_quarter,Fisher,84,0.7164523640781614,0.5,0.021179507947757414,0.0569327731092437
325,final_quarter,Semantic,96,0.9356483993488878,0.8181818181818182,0.03957813347802496,0.079437564499484
325,final_quarter,Temperature,96,0.9086136733586544,0.8181818181818182,0.024940992946283234,0.05701754385964912
325,final_quarter,Fisher,96,0.71218122626153,0.6666666666666666,-0.025954286489419425,0.06647746818025455
336,final_quarter,Semantic,72,0.9348189594186123,0.45454545454545453,0.025188114991317772,0.05582417582417583
336,final_quarter,Temperature,72,0.874975882693421,0.6,-0.02013151971187858,0.038681318681318674
336,final_quarter,Fisher,72,0.8638819216669884,0.45454545454545453,0.006741591099106052,0.06571428571428571
340,final_quarter,Semantic,61,0.8590692755156001,0.5555555555555556,0.015285563194077211,0.07628205128205127
340,final_quarter,Temperature,61,0.884611316763617,0.5555555555555556,0.020483870967741933,0.06730769230769232
340,final_quarter,Fisher,61,0.8949762030671601,0.5555555555555556,-0.013625066102591222,0.044230769230769226
346,final_quarter,Semantic,77,0.7001156737998843,0.6,0.03183001209316999,0.059157509157509156
346,final_quarter,Temperature,77,0.9115095430884903,0.7777777777777778,-0.011395183763604813,0.03534798534798535
346,final_quarter,Fisher,77,0.8325095956674903,0.6,-0.004463957095536049,0.054761904761904755
352,final_quarter,Semantic,97,0.8882810856301282,1.0,-0.008849673890174627,0.053027175782593736
352,final_quarter,Temperature,97,0.9399063749211024,0.8181818181818182,0.031253944876919834,0.04035087719298245
352,final_quarter,Fisher,97,0.9188933305280875,0.6666666666666666,-0.0022143909110035774,0.06489078087375301
357,final_quarter,Semantic,95,0.8019036954087347,0.6666666666666666,-0.008208986562150059,0.055022359821121435
357,final_quarter,Temperature,95,0.8659434490481523,0.8181818181818182,0.0036156215005599115,0.055366357069143446
357,final_quarter,Fisher,95,0.841503359462486,0.8181818181818182,0.045130179171332586,0.07266941864465085
360,final_quarter,Semantic,60,0.8825784940261187,0.5,0.027118644067796616,0.07363636363636361
360,final_quarter,Temperature,60,0.8622950819672133,0.3333333333333333,0.007663239788830237,0.042727272727272725
360,final_quarter,Fisher,60,0.9315921089191443,0.7142857142857143,-0.034265073631564336,0.08545454545454544
363,final_quarter,Semantic,78,0.8277924607038532,0.3333333333333333,6.196335310259399e-05,0.05857142857142857
363,final_quarter,Temperature,78,0.704548615941021,0.3333333333333333,-0.02475625640182602,0.0563003663003663
363,final_quarter,Fisher,78,0.8337864666978589,0.23076923076923078,-0.035407630344339205,0.03868131868131868
368,final_quarter,Semantic,72,0.8351340922245806,0.6,1.28625635089058e-05,0.06190476190476189
368,final_quarter,Temperature,72,0.7480545372692778,0.45454545454545453,0.022583445880764046,0.07879120879120878
368,final_quarter,Fisher,72,0.8450061097176669,0.3333333333333333,-0.04024535339893241,0.07142857142857142
369,final_quarter,Semantic,97,0.9272564695981484,0.6666666666666666,-0.0002695665895224075,0.05443756449948399
369,final_quarter,Temperature,97,0.9220886808331579,0.42857142857142855,0.00803900168314748,0.03543171654626763
369,final_quarter,Fisher,97,0.914185777403745,0.42857142857142855,0.027716047759309907,0.04822411420708635
385,final_quarter,Semantic,95,0.9026455767077267,0.3333333333333333,-0.02692469204927212,0.07049793601651186
385,final_quarter,Temperature,95,0.8819708846584547,0.5384615384615384,0.01704787234042553,0.054437564499484004
385,final_quarter,Fisher,95,0.9096304591265398,0.5384615384615384,-0.026840705487122064,0.05730994152046783
401,final_quarter,Semantic,53,0.8106756974681504,0.3333333333333333,0.012707627801967426,0.06757575757575758
401,final_quarter,Temperature,53,0.9377519754878245,0.5,-0.019762941461054666,0.07909090909090907
401,final_quarter,Fisher,53,0.9206579583938074,0.5,0.05515642638284148,0.061818181818181814
403,final_quarter,Semantic,62,0.8688020951373676,0.5555555555555556,-0.021732013799702854,0.0564102564102564
403,final_quarter,Temperature,62,0.8799325124021052,0.4,-0.037878673415426466,0.06171328671328671
403,final_quarter,Fisher,62,0.8651758958474981,0.16666666666666666,0.02591221575885775,0.046794871794871795
407,final_quarter,Semantic,82,0.8997616482188918,0.38461538461538464,0.023921158890303766,0.053088235294117644
407,final_quarter,Temperature,82,0.925468812921061,0.5,0.028385629237818483,0.07772058823529412
407,final_quarter,Fisher,82,0.9500223114680946,0.8,-0.0003776624111622664,0.07397058823529412
415,final_quarter,Semantic,47,0.922872340425532,0.6666666666666666,-0.0077301110083256245,0.04444444444444444
415,final_quarter,Temperature,47,0.7546253469010177,0.6666666666666666,-0.011066142460684549,0.038888888888888896
415,final_quarter,Fisher,47,0.9468085106382979,0.6666666666666666,-0.037262950971322845,0.04444444444444445
416,final_quarter,Semantic,73,0.8252499074416885,0.3333333333333333,0.01563618412933481,0.06783882783882783
416,final_quarter,Temperature,73,0.936936936936937,0.6,-0.03764809329877823,0.06296703296703296
416,final_quarter,Fisher,73,0.7739417499691473,0.45454545454545453,0.0017215845982969265,0.06619047619047617
417,final_quarter,Semantic,91,0.893342888995063,0.6666666666666666,-0.007862716993151773,0.06608187134502924
417,final_quarter,Temperature,91,0.8980729415512023,0.8181818181818182,-0.003874820831342566,0.06028551771585827
417,final_quarter,Fisher,91,0.8916547220895047,0.6666666666666666,-0.0016133142220098712,0.0632094943240454
418,final_quarter,Semantic,147,0.9189453641508436,0.5789473684210527,-0.005706125471291813,0.0640250936802661
418,final_quarter,Temperature,147,0.9220923467498812,0.36363636363636365,0.0034826481499671295,0.04474548440065681
418,final_quarter,Fisher,147,0.9423380607333641,0.5789473684210527,0.01564688815178052,0.05177887246852765
422,final_quarter,Semantic,59,0.6144360023378143,0.3333333333333333,0.001966686148451197,0.04848484848484848
422,final_quarter,Temperature,59,0.8787258912916425,0.7142857142857143,0.004900642898889538,0.023636363636363636
422,final_quarter,Fisher,59,0.9379894798363531,0.5,0.027837521917007602,0.046363636363636364
426,final_quarter,Semantic,79,0.8666747809152873,0.7777777777777778,-0.007311343719571567,0.05095238095238095
426,final_quarter,Temperature,79,0.9114654333008765,0.7777777777777778,0.006494644595910419,0.05201465201465202
426,final_quarter,Fisher,79,0.9033106134371959,0.6,-0.0019352482960077904,0.052490842490842494
430,final_quarter,Semantic,99,0.7753123067408781,0.42857142857142855,0.018743970315398886,0.06291709666322669
430,final_quarter,Temperature,99,0.9104143475572046,0.8181818181818182,0.010404452690166974,0.05565875472996216
430,final_quarter,Fisher,99,0.8142857142857142,0.5384615384615384,0.020672232529375383,0.04420364637082903
436,final_quarter,Semantic,83,0.8716048864447336,0.38461538461538464,0.05764241635531673,0.06845588235294117
436,final_quarter,Temperature,83,0.9455732337013558,0.8,0.027121027664665627,0.06889705882352942
436,final_quarter,Fisher,83,0.8642584274379749,0.2857142857142857,-0.009753998572687963,0.07237394957983193
438,final_quarter,Semantic,95,0.9051511758118701,0.8181818181818182,0.0215075587905935,0.07634588923288613
438,final_quarter,Temperature,95,0.8815929451287795,0.8181818181818182,-0.025737681970884656,0.061558307533539726
438,final_quarter,Fisher,95,0.9179031354983201,0.8181818181818182,0.037307530795072784,0.06818025455796353
440,final_quarter,Semantic,76,0.939876965140123,0.6,0.00312371838687628,0.06249084249084249
440,final_quarter,Temperature,76,0.961203007518797,0.45454545454545453,0.03652358168147641,0.07714285714285714
440,final_quarter,Fisher,76,0.9055912508544087,0.3333333333333333,0.013000683526999318,0.06571428571428571
441,final_quarter,Semantic,60,0.891858849680467,0.3333333333333333,-0.014634620727979997,0.07393939393939394
441,final_quarter,Temperature,60,0.9457071408724648,1.0,0.013442622950819674,0.06666666666666665
441,final_quarter,Fisher,60,0.9287024173381496,0.3333333333333333,-0.020833564879133095,0.055454545454545444
442,final_quarter,Semantic,115,0.8007654067702991,0.7142857142857143,-0.02361792787816618,0.0730095990965556
442,final_quarter,Temperature,115,0.8474473289670954,0.7142857142857143,0.007005839185670315,0.0686617730095991
442,final_quarter,Fisher,115,0.722512427996528,0.3333333333333333,-0.01838436045135327,0.05657820440429136
444,final_quarter,Semantic,84,0.9327528601802166,0.8,-0.024394046775336638,0.043823529411764706
444,final_quarter,Temperature,84,0.5368431710033411,0.2857142857142857,-0.013799736762174752,0.07551470588235294
444,final_quarter,Fisher,84,0.8015794269515036,0.6363636363636364,0.0038250480915257663,0.048161764705882355
446,final_quarter,Semantic,124,0.8223886703383163,0.8571428571428571,-0.011367112509834774,0.05873188405797101
446,final_quarter,Temperature,124,0.8189708890637293,0.7333333333333333,0.009087332808811958,0.06218840579710144
446,final_quarter,Fisher,124,0.5901998426435876,0.5294117647058824,0.00808025177025964,0.06205862977602108
457,final_quarter,Semantic,66,0.9628013777267509,1.0,0.013071704414988,0.05448717948717948
457,final_quarter,Temperature,66,0.9555787496086006,0.5555555555555556,0.006715374178060745,0.06765734265734266
457,final_quarter,Fisher,66,0.7772257593153117,0.16666666666666666,-0.008813276275962848,0.05576923076923077
463,final_quarter,Semantic,122,0.7823614355910529,0.5294117647058824,0.006058403085046971,0.07114953886693016
463,final_quarter,Temperature,122,0.866757429259701,0.625,-0.0032357305011879575,0.05280105401844533
463,final_quarter,Fisher,122,0.6125186289120715,0.5294117647058824,0.008871162278890095,0.06903914925654056
466,final_quarter,Semantic,75,0.6689615931721195,0.45454545454545453,0.03805263157894737,0.052490842490842494
466,final_quarter,Temperature,75,0.8223897581792318,0.45454545454545453,-0.0100782361308677,0.04249084249084249
466,final_quarter,Fisher,75,0.7754480796586058,0.6,0.008668563300142247,0.0582051282051282
471,final_quarter,Semantic,61,0.9005288207297725,0.75,-0.025089899524061342,0.03910256410256411
471,final_quarter,Temperature,61,0.9139079851930194,0.4,-0.018249603384452674,0.05017482517482517
471,final_quarter,Fisher,61,0.8839767318878899,0.4,-0.008556319407720784,0.10116550116550116
475,final_quarter,Semantic,116,0.8648137469726676,0.6,-0.02722792449928882,0.07125917560700168
475,final_quarter,Temperature,116,0.8699573290277939,0.6,0.0008245877061469249,0.055115753811405974
475,final_quarter,Fisher,116,0.7536923845769423,0.6,0.013504017222158151,0.049830604178430264
480,final_quarter,Semantic,78,0.8097598603927717,0.6,0.017349738868726212,0.060952380952380945
480,final_quarter,Temperature,78,0.8608733039112786,0.45454545454545453,-0.014499424626006905,0.06355311355311355
480,final_quarter,Fisher,78,0.83001808318264,0.45454545454545453,0.039160839160839164,0.054761904761904755
482,final_quarter,Semantic,47,0.8900323774283071,0.42857142857142855,0.024988436632747454,0.08194444444444444
482,final_quarter,Temperature,47,0.8909574468085106,0.6666666666666666,0.006880203515263643,0.075
482,final_quarter,Fisher,47,0.9051803885291396,0.6666666666666666,-0.0591986586493987,0.04444444444444444
484,final_quarter,Semantic,52,0.5144711004866388,0.3333333333333333,-0.07384956885511824,0.0709090909090909
484,final_quarter,Temperature,52,0.792879706309229,0.5,0.04308460684709298,0.09454545454545453
484,final_quarter,Fisher,52,0.5699649961581149,0.2,-0.01290873388542645,0.041818181818181824
511,final_quarter,Semantic,97,0.8523564064801177,0.6666666666666666,0.015398827056595834,0.08190144478844169
511,final_quarter,Temperature,97,0.8028350515463917,0.6666666666666666,0.014036529560277716,0.0632610939112487
511,final_quarter,Fisher,97,0.8914106879865347,0.6666666666666666,-0.021395697454239422,0.04298245614035088
513,final_quarter,Semantic,78,0.9056133739678042,0.45454545454545453,0.037659808545884486,0.05523809523809524
513,final_quarter,Temperature,78,0.8421831333223737,0.23076923076923078,-0.033276849732545945,0.059157509157509156
513,final_quarter,Fisher,78,0.7563702120664145,0.23076923076923078,0.009613171638488096,0.07344322344322343
515,final_quarter,Semantic,63,0.8285330261136713,0.4,-0.002678571428571426,0.045046620046620044
515,final_quarter,Temperature,63,0.8349174347158218,0.2727272727272727,0.02389832949308756,0.07773892773892774
515,final_quarter,Fisher,63,0.9206989247311829,0.5555555555555556,-0.029790706605222733,0.05192307692307692
518,final_quarter,Semantic,100,0.737953795379538,0.5384615384615384,-0.02974857485748575,0.05146198830409356
518,final_quarter,Temperature,100,0.7590759075907589,0.42857142857142855,0.027199519951995193,0.05964912280701753
518,final_quarter,Fisher,100,0.8823402340234022,0.8181818181818182,-0.010150615061506146,0.04619883040935672
519,final_quarter,Semantic,68,0.9069740810016413,1.0,-0.020445089132343393,0.039102564102564095
519,final_quarter,Temperature,68,0.8914761232202159,0.5555555555555556,0.01335649120128259,0.05337995337995338
519,final_quarter,Fisher,68,0.9118601366568688,0.5555555555555556,0.022848036034660454,0.06317016317016316
527,final_quarter,Semantic,98,0.8362756536541512,0.3333333333333333,-0.005807496381870463,0.06418988648090815
527,final_quarter,Temperature,98,0.9105381609063493,0.6666666666666666,0.005100446926661945,0.05146198830409356
527,final_quarter,Fisher,98,0.8886572435909695,0.5384615384615384,-0.05370515591428697,0.03771929824561403
531,final_quarter,Semantic,137,0.9011144921313494,0.6470588235294118,0.013072880691470492,0.04634757834757834
531,final_quarter,Temperature,137,0.8513917150484439,0.75,0.014756519872309446,0.06422507122507122
531,final_quarter,Fisher,137,0.9002930908955139,0.5555555555555556,0.001680138891481694,0.06281766381766381
533,final_quarter,Semantic,122,0.8914748150326647,0.5294117647058824,-0.0006499879387088129,0.06725362318840579
533,final_quarter,Temperature,122,0.9215388224875339,0.625,-0.001789366897868952,0.0603768115942029
533,final_quarter,Fisher,122,0.9349549436423777,0.5294117647058824,-0.01578277779797172,0.047259834368530027
543,final_quarter,Semantic,201,0.8894103738732083,0.68,0.014600413772720556,0.05511658691376279
543,final_quarter,Temperature,201,0.8228535540121176,0.5,-0.002121324072705775,0.07300362424239189
543,final_quarter,Fisher,201,0.9350775823851042,0.68,0.008924264814541156,0.05517237836236553
545,final_quarter,Semantic,165,0.7761894584991853,0.7,-0.014211123874656052,0.06741385630498534
545,final_quarter,Temperature,165,0.8798092592097883,0.7,-0.015907888761253444,0.05367302052785924
545,final_quarter,Fisher,165,0.7984024790959849,0.8888888888888888,0.017129003820158688,0.05427908113391984
550,final_quarter,Semantic,146,0.8483761194605383,0.6666666666666666,0.010441807332285771,0.05890804597701149
550,final_quarter,Temperature,146,0.9076706544686841,0.7647058823529411,-0.011228249448102346,0.06499936844764433
550,final_quarter,Fisher,146,0.8630445470583132,0.7647058823529411,-0.016676660272044584,0.055446086480569236
551,final_quarter,Semantic,59,0.802980713033314,0.5,-0.051981297486849806,0.02727272727272727
551,final_quarter,Temperature,59,0.8534190531852719,0.7142857142857143,-0.00031852717708942167,0.05181818181818182
551,final_quarter,Fisher,59,0.8862068965517242,0.5,0.011180596142606665,0.04090909090909091
558,final_quarter,Semantic,116,0.7611194402798601,0.3333333333333333,-0.021823703532848966,0.0698787482540343
558,final_quarter,Temperature,116,0.839188098258563,0.4117647058823529,-0.012862030523199935,0.06067193675889328
558,final_quarter,Fisher,116,0.906085418829047,0.5,-0.018340445162034362,0.05223037831733483
559,final_quarter,Semantic,175,0.7028974473802061,0.38461538461538464,0.026567622033139275,0.06646883240099558
559,final_quarter,Temperature,175,0.87756157635468,0.6363636363636364,0.021553627407075684,0.052438884644766995
559,final_quarter,Fisher,175,0.7819883564711152,0.5652173913043478,-0.0027549261083743845,0.04102368220015279
562,final_quarter,Semantic,57,0.8394477573243455,0.5,0.00011343012704174844,0.061818181818181814
562,final_quarter,Temperature,57,0.7512315270935961,0.3333333333333333,0.04990925589836661,0.07939393939393939
562,final_quarter,Fisher,57,0.8864402385273529,0.5,-0.0447271195229453,0.05090909090909092
563,final_quarter,Semantic,77,0.9266260055733739,0.6,0.012554550712445444,0.05963369963369962
563,final_quarter,Temperature,77,0.933434986066565,0.6,-0.029164256795835748,0.06142857142857142
563,final_quarter,Fisher,77,0.9586729060413269,0.6,-0.003998632946001368,0.04428571428571428
574,final_quarter,Semantic,90,0.8650862246367863,0.6363636363636364,0.0011384121496481048,0.06102941176470589
574,final_quarter,Temperature,90,0.90693501255299,0.8,-0.0026348931966909484,0.05073529411764706
574,final_quarter,Fisher,90,0.7833971272173518,0.6363636363636364,-0.02925381734370498,0.04308823529411765
577,final_quarter,Semantic,95,0.7954367301231803,0.42857142857142855,-0.01038283874580067,0.04853801169590642
577,final_quarter,Temperature,95,0.8655515117581188,0.8181818181818182,-0.02532194848824188,0.042982456140350865
577,final_quarter,Fisher,95,0.8084686450167972,0.6666666666666666,-0.010365341545352744,0.06618507051943584
585,final_quarter,Semantic,120,0.6891798041530661,0.6,0.01372491145218418,0.045313382269904015
585,final_quarter,Temperature,120,0.8073130078477672,0.8461538461538461,0.014352732828668655,0.09580463015245623
585,final_quarter,Fisher,120,0.8164386415723313,0.6,0.0026126814362108517,0.049949181253529075
591,final_quarter,Semantic,70,0.8517714985565566,0.0,0.04680780334178987,0.047435897435897434
591,final_quarter,Temperature,70,0.9448517190097104,0.2727272727272727,0.022545709036829675,0.07645687645687646
591,final_quarter,Fisher,70,0.8883737205843759,0.2727272727272727,-0.024169364010147847,0.0488927738927739
597,final_quarter,Semantic,98,0.6756115754643001,0.3333333333333333,0.012032591855861368,0.052098383212934286
597,final_quarter,Temperature,98,0.7673176112056818,0.5384615384615384,-0.012233421953598684,0.05268317853457173
597,final_quarter,Fisher,98,0.8509904430375711,0.8181818181818182,0.0036608457816116173,0.07079033367733059
599,final_quarter,Semantic,100,0.8464206420642063,0.6666666666666666,-0.008516651665166517,0.058406432748538004
599,final_quarter,Temperature,100,0.8428082808280827,0.6666666666666666,-0.011420342034203421,0.06647746818025455
599,final_quarter,Fisher,100,0.7694449444944493,0.5384615384615384,-0.013507950795079503,0.057997936016511854
619,final_quarter,Semantic,87,0.7389917620470948,0.2,-0.006248633083035645,0.04700630252100841
619,final_quarter,Temperature,87,0.7895676897280746,0.8,0.02085824159801706,0.05772058823529412
619,final_quarter,Fisher,87,0.8868192753517532,0.5,-0.04961817452795801,0.030147058823529416
620,final_quarter,Semantic,54,0.7548313321898227,0.7142857142857143,-0.00807318467695826,0.04272727272727273
620,final_quarter,Temperature,54,0.9332952163140841,0.7142857142857143,0.02210024776062512,0.07515151515151515
620,final_quarter,Fisher,54,0.7395082904516865,0.3333333333333333,-0.011717171717171711,0.05636363636363636
625,final_quarter,Semantic,49,0.9120408163265304,0.6666666666666666,-0.00630102040816326,0.03888888888888888
625,final_quarter,Temperature,49,0.8480612244897958,0.25,0.03385714285714285,0.08194444444444444
625,final_quarter,Fisher,49,0.9022448979591836,0.6666666666666666,0.05460204081632651,0.06805555555555556
628,final_quarter,Semantic,78,0.9217238457744786,0.7777777777777778,0.04808735568229238,0.037142857142857144
628,final_quarter,Temperature,78,0.9351028718117326,1.0,-0.0063114101088784635,0.0663003663003663
628,final_quarter,Fisher,78,0.9025784342240037,0.6,0.010594468822316922,0.045347985347985356
630,final_quarter,Semantic,132,0.5995679691943251,0.47368421052631576,-0.013520529289914582,0.046669515669515674
630,final_quarter,Temperature,132,0.7682217340714728,0.5555555555555556,0.013824985781594861,0.06037891737891736
630,final_quarter,Fisher,132,0.9020364930368946,0.6470588235294118,0.006477331427110456,0.06221367521367521
633,final_quarter,Semantic,87,0.8181453670627687,0.5,-0.013992673325071082,0.05441176470588236
633,final_quarter,Temperature,87,0.7266712838084127,0.5,0.05238572574178026,0.08460084033613445
633,final_quarter,Fisher,87,0.8251439819202449,0.2,0.016595283225195007,0.053623949579831943
638,final_quarter,Semantic,67,0.8049724638837897,0.4,-0.03560539548248065,0.07628205128205127
638,final_quarter,Temperature,67,0.8804772926809803,0.5555555555555556,-0.00823090430201932,0.03461538461538462
638,final_quarter,Fisher,67,0.8277595977332589,0.2727272727272727,0.03453188602442335,0.07983682983682983
641,final_quarter,Semantic,67,0.9174714661984199,0.4,-0.0011174076143347436,0.047435897435897434
641,final_quarter,Temperature,67,0.858288770053476,0.4,-0.0008620001596296549,0.05192307692307692
641,final_quarter,Fisher,67,0.9214622076781869,0.4,0.0027915236650969803,0.03076923076923077
644,final_quarter,Semantic,84,0.8201883162903715,0.8,-0.004250278424622858,0.03933823529411765
644,final_quarter,Temperature,84,0.8139111066113193,0.8,0.020904120684418347,0.07227941176470588
644,final_quarter,Fisher,84,0.8890148830616584,0.6363636363636364,-0.005411562215247546,0.05227941176470589
648,final_quarter,Semantic,83,0.8229083581713613,0.5,-0.004201125057722177,0.061470588235294124
648,final_quarter,Temperature,83,0.9096175643339909,0.8,0.002708744385206327,0.06102941176470589
648,final_quarter,Fisher,83,0.8328365727719239,0.38461538461538464,-0.01201775744091348,0.07227941176470588
654,final_quarter,Semantic,127,0.8489173228346456,0.625,-0.01350505014998125,0.051855072463768116
654,final_quarter,Temperature,127,0.7671306711661041,0.5294117647058824,-0.018363622515935506,0.052398550724637685
654,final_quarter,Fisher,127,0.7480022028496437,0.625,0.004158171634795651,0.047166666666666676
658,final_quarter,Semantic,57,0.9037464350531501,0.5,0.016039019963702363,0.08393939393939394
658,final_quarter,Temperature,57,0.7950479647394348,0.5,0.012545372050816697,0.055454545454545444
658,final_quarter,Fisher,57,0.9425719471091522,1.0,0.01016333938294011,0.03636363636363636
660,final_quarter,Semantic,87,0.906940293066997,0.5,0.03442717066413938,0.05889705882352941
660,final_quarter,Temperature,87,0.893161770066341,0.5,0.01322082087920099,0.06869747899159664
660,final_quarter,Fisher,87,0.9223591164248742,0.6363636363636364,-0.0019938762119997124,0.05913865546218487
663,final_quarter,Semantic,159,0.8874462622402675,0.6,-0.02256269405302126,0.06920311221757272
663,final_quarter,Temperature,159,0.8821112968712682,0.6842105263157895,0.008547139957009791,0.05420043434503946
663,final_quarter,Fisher,159,0.7732774062574637,0.6842105263157895,-0.008442799140195844,0.05292123523491711
669,final_quarter,Semantic,113,0.8061497770976114,0.6,0.02513681881695389,0.06151891586674194
669,final_quarter,Temperature,113,0.8865193958347196,0.6,-0.02560882294231153,0.05700169395821569
669,final_quarter,Fisher,113,0.837089959411804,0.2631578947368421,-0.01210576219309335,0.052913608130999434
672,final_quarter,Semantic,76,0.8172248803827752,0.45454545454545453,0.01273957621326043,0.0701098901098901
672,final_quarter,Temperature,76,0.8885030758714969,0.7777777777777778,0.031330143540669854,0.0519047619047619
672,final_quarter,Fisher,76,0.8191114149008886,0.6,0.014359535201640466,0.059047619047619036
683,final_quarter,Semantic,97,0.8525799495055754,0.5384615384615384,-0.02683765516515884,0.06905744754041968
683,final_quarter,Temperature,97,0.8558804965285083,0.5384615384615384,0.008535398695560699,0.03508771929824561
683,final_quarter,Fisher,97,0.7828739743320007,0.25,0.007128392594151063,0.07044633642930856
686,final_quarter,Semantic,63,0.8456701228878648,1.0,-0.02289986559139785,0.039102564102564095
686,final_quarter,Temperature,63,0.8929051459293394,0.5555555555555556,-0.00016561059907833632,0.06940559440559439
686,final_quarter,Fisher,63,0.8546947004608296,0.75,-0.033782162058371736,0.055128205128205134
694,final_quarter,Semantic,68,0.9151047829904186,0.75,0.0487555827003092,0.07645687645687646
694,final_quarter,Temperature,68,0.843188151315036,0.4,-0.009062106348055116,0.04807692307692307
694,final_quarter,Fisher,68,0.9223193495438408,0.75,-0.014856662976676722,0.04358974358974359
706,final_quarter,Semantic,97,0.8420208289501366,0.42857142857142855,-0.002721965074689662,0.05073959408324733
706,final_quarter,Temperature,97,0.9156322322743529,0.5384615384615384,0.01611547969703345,0.05337117303061575
706,final_quarter,Fisher,97,0.8105538607195455,0.25,0.0034333578792341683,0.05146198830409356
711,final_quarter,Semantic,129,0.8063282647584974,0.3684210526315789,-0.008725122987477638,0.05280105401844533
711,final_quarter,Temperature,129,0.8546008497316638,0.625,-0.017901945438282656,0.05221014492753624
711,final_quarter,Fisher,129,0.8100570214669053,0.3684210526315789,-0.05479343694096602,0.035
718,final_quarter,Semantic,55,0.7054112554112556,0.5,0.016165223665223664,0.06393939393939393
718,final_quarter,Temperature,55,0.8025974025974028,0.7142857142857143,-0.020631313131313136,0.0609090909090909
718,final_quarter,Fisher,55,0.8927849927849929,0.7142857142857143,0.008502886002886007,0.06545454545454546
727,final_quarter,Semantic,65,0.791520979020979,0.4,0.007421328671328673,0.08607226107226106
727,final_quarter,Temperature,65,0.8449300699300699,0.75,-0.021756993006993006,0.06491841491841492
727,final_quarter,Fisher,65,0.724256993006993,0.4,0.013173076923076923,0.0423076923076923
734,final_quarter,Semantic,116,0.9700226809672087,0.8461538461538461,-0.001464652289239994,0.05158102766798419
734,final_quarter,Temperature,116,0.8362203513627802,0.7142857142857143,0.01039980009995003,0.06092603049124788
734,final_quarter,Fisher,116,0.7119594049129281,0.4117647058823529,-0.020074962518740632,0.05245623941276114
737,final_quarter,Semantic,72,0.8415010611614896,0.23076923076923078,-0.05444562351276609,0.047619047619047616
737,final_quarter,Temperature,72,0.8354878127210753,0.3333333333333333,0.033613094089652074,0.06619047619047617
737,final_quarter,Fisher,72,0.8460351147983795,0.23076923076923078,0.01827931056659593,0.09095238095238094
740,final_quarter,Semantic,72,0.6369219885523186,0.23076923076923078,-0.01939674577143225,0.07725274725274725
740,final_quarter,Temperature,72,0.8185413852980901,0.6,-0.004460093896713617,0.05523809523809523
740,final_quarter,Fisher,72,0.7239050742813044,0.45454545454545453,0.025850537012026505,0.08952380952380952
742,final_quarter,Semantic,71,0.8436955063715625,0.6,-0.007749832327297114,0.08249084249084249
742,final_quarter,Temperature,71,0.9222669349429912,0.7777777777777778,0.0003085177733065013,0.06904761904761905
742,final_quarter,Fisher,71,0.959255533199195,0.6,-0.003856472166331321,0.06249084249084248
746,final_quarter,Semantic,203,0.8934790030727213,0.75,0.019648989674394858,0.0563710871926533
746,final_quarter,Temperature,203,0.8534332135039062,0.75,0.0008166667144836736,0.06017237836236553
746,final_quarter,Fisher,203,0.8037618598139153,0.68,0.007289894448732038,0.05470079984200652
753,final_quarter,Semantic,92,0.8860718524112634,0.5384615384615384,-0.0034870459134133725,0.060921912624699
753,final_quarter,Temperature,92,0.8939938042322334,0.42857142857142855,-0.018576514649445923,0.04717922256621947
753,final_quarter,Fisher,92,0.8581754851039562,0.3333333333333333,-0.0131428879675724,0.08247334021327829
764,final_quarter,Semantic,124,0.6952761605035405,0.3684210526315789,-0.011798898505114083,0.05839855072463768
764,final_quarter,Temperature,124,0.7097466561762391,0.625,-0.011842014162077103,0.05442424242424242
764,final_quarter,Fisher,124,0.7431125098347757,0.3684210526315789,0.004016679779701021,0.05080105401844533
766,final_quarter,Semantic,112,0.8245122492910104,0.5,0.036408753886629994,0.05788255223037832
766,final_quarter,Temperature,112,0.8349762531178462,0.5,0.002839802507944102,0.08125917560700169
766,final_quarter,Fisher,112,0.8283903372398947,0.2631578947368421,-0.026307359825058933,0.04528514963297572
774,final_quarter,Semantic,70,0.8950573003236812,0.4,-0.017310821450441778,0.05641025641025641
774,final_quarter,Temperature,70,0.8795206018721021,0.5555555555555556,-0.017858455078295858,0.047435897435897434
774,final_quarter,Fisher,70,0.9290700726095704,0.5555555555555556,0.042500218703525494,0.05512820512820512
775,final_quarter,Semantic,103,0.9027259148618373,0.5714285714285714,-0.017725036243025967,0.04718045112781955
775,final_quarter,Temperature,103,0.8830887844308747,0.5714285714285714,0.008406185476431044,0.05983709273182958
775,final_quarter,Fisher,103,0.9024842946887494,0.6923076923076923,0.008719193427931295,0.054561403508771936
785,final_quarter,Semantic,87,0.9541809433549607,0.8,0.01575508493110738,0.06244747899159664
785,final_quarter,Temperature,87,0.841747466647226,0.2857142857142857,0.012489975942261426,0.05183823529411765
785,final_quarter,Fisher,87,0.8317234089086534,0.38461538461538464,0.03680742873806225,0.09852941176470588
786,final_quarter,Semantic,50,0.8028331332533013,1.0,-0.0025930372148859535,0.034722222222222224
786,final_quarter,Temperature,50,0.7903481392557022,0.6666666666666666,-0.0008211284513805546,0.04722222222222222
786,final_quarter,Fisher,50,0.8268427370948378,0.42857142857142855,-0.05071788715486194,0.04027777777777778
787,final_quarter,Semantic,55,0.8444444444444447,0.7142857142857143,0.027810245310245323,0.0709090909090909
787,final_quarter,Temperature,55,0.9093073593073595,0.5,0.034047619047619056,0.06848484848484848
787,final_quarter,Fisher,55,0.8686868686868688,0.5,-0.004123376623376624,0.0609090909090909
792,final_quarter,Semantic,62,0.9280300168718995,0.2727272727272727,-0.012223313439601119,0.08012820512820512
792,final_quarter,Temperature,62,0.8663846289441213,0.2727272727272727,-0.00025433758908110783,0.046794871794871795
792,final_quarter,Fisher,62,0.9139281307446299,0.5555555555555556,0.04836946941653445,0.07115384615384615
793,final_quarter,Semantic,52,0.8666438999402373,0.2,0.05782463928967815,0.07636363636363636
793,final_quarter,Temperature,52,0.9038674976521813,0.2,-0.03574660633484163,0.06969696969696967
793,final_quarter,Fisher,52,0.890463587466917,0.5,0.032425510116964054,0.06636363636363636
795,final_quarter,Semantic,75,0.7886486486486486,0.6,-0.014869132290184925,0.08545787545787545
795,final_quarter,Temperature,75,0.8491607396870553,0.45454545454545453,-0.010788051209103835,0.07677655677655676
795,final_quarter,Fisher,75,0.7862588904694168,0.3333333333333333,0.0020369843527738305,0.053553113553113554
798,final_quarter,Semantic,151,0.7574067619379573,0.6,-0.0017912164517253383,0.0599727504399362
798,final_quarter,Temperature,151,0.8181038689438828,0.6842105263157895,0.005169571279191356,0.05679302693763205
798,final_quarter,Fisher,151,0.8755698849773438,0.6842105263157895,0.02106465667479958,0.06154563271359712
799,final_quarter,Semantic,65,0.6806818181818182,0.2727272727272727,-0.006982080419580421,0.0685897435897436
799,final_quarter,Temperature,65,0.7951923076923076,0.4,0.018284527972027974,0.05897435897435897
799,final_quarter,Fisher,65,0.8621066433566432,0.5555555555555556,-0.015115821678321675,0.08479020979020978
801,final_quarter,Semantic,77,0.7947841632052158,0.6,0.02331484305168515,0.041428571428571426
801,final_quarter,Temperature,77,0.8140280771859717,0.7777777777777778,-0.024675324675324677,0.06344322344322342
801,final_quarter,Fisher,77,0.8121615226878383,0.45454545454545453,-0.024128503075871503,0.048095238095238094
811,final_quarter,Semantic,65,0.8274475524475524,0.75,-0.006772290209790209,0.07628205128205127
811,final_quarter,Temperature,65,0.8812062937062937,0.5555555555555556,0.01171547202797203,0.05192307692307692
811,final_quarter,Fisher,65,0.8331293706293706,0.5555555555555556,-0.04171547202797203,0.07307692307692307
824,final_quarter,Semantic,73,0.9040478834999384,0.45454545454545453,-0.014344995680612125,0.056776556776556776
824,final_quarter,Temperature,73,0.8771751203258055,0.6,0.023475873133407387,0.06058608058608058
824,final_quarter,Fisher,73,0.8551462421325438,0.45454545454545453,-0.0379211403184006,0.054761904761904755
825,final_quarter,Semantic,59,0.8416130917592053,0.3333333333333333,-0.005198714202220928,0.07636363636363636
825,final_quarter,Temperature,59,0.8255406195207483,0.7142857142857143,0.049666861484511986,0.07636363636363636
825,final_quarter,Fisher,59,0.8954412624196377,0.3333333333333333,0.04114260666277032,0.06393939393939393
831,final_quarter,Semantic,51,0.8863348416289591,0.7142857142857143,-0.01833936651583711,0.04727272727272728
831,final_quarter,Temperature,51,0.866606334841629,0.5,0.016692307692307694,0.05848484848484847
831,final_quarter,Fisher,51,0.8990950226244343,0.3333333333333333,0.0008371040723981905,0.05181818181818182
839,final_quarter,Semantic,78,0.8867208740626461,0.6,0.021037190657443815,0.0519047619047619
839,final_quarter,Temperature,78,0.9006057233905335,0.7777777777777778,0.009891374448336472,0.05201465201465202
839,final_quarter,Fisher,78,0.9035900808052707,0.45454545454545453,-0.005421161117363649,0.07952380952380952
849,final_quarter,Semantic,63,0.8956413210445469,0.4,-0.007589285714285715,0.047435897435897434
849,final_quarter,Temperature,63,0.8313652073732719,0.75,0.04313316052227342,0.08025641025641025
849,final_quarter,Fisher,63,0.8837845622119817,0.5555555555555556,-0.01456893241167435,0.05128205128205129
852,final_quarter,Semantic,58,0.8297702174782369,0.3333333333333333,0.029318035005690735,0.057272727272727274
852,final_quarter,Temperature,58,0.8914762065889447,0.5,0.019111630625365285,0.0609090909090909
852,final_quarter,Fisher,58,0.9049493986280722,0.5,-0.029714848195884224,0.046363636363636364
860,final_quarter,Semantic,115,0.8175649017596467,0.5,-0.02221928509429496,0.054404291360813095
860,final_quarter,Temperature,115,0.87624871774639,0.5,0.012165233172887242,0.056194240542066634
860,final_quarter,Fisher,115,0.7916199794839424,0.5,-0.034673715773692104,0.0518068887634105
865,final_quarter,Semantic,59,0.8943892460549389,0.5,0.033375219170075986,0.0609090909090909
865,final_quarter,Temperature,59,0.7794272355347751,0.2,-0.010093512565751025,0.07393939393939394
865,final_quarter,Fisher,59,0.8566335476329633,0.2,0.006177673874926945,0.057272727272727274
866,final_quarter,Semantic,62,0.5812747097781471,0.75,0.02527007630127672,0.0641025641025641
866,final_quarter,Temperature,62,0.7189191911561029,1.0,-0.013578101785399513,0.08012820512820513
866,final_quarter,Fisher,62,0.5724106670695778,0.75,-0.04101382488479262,0.05128205128205128
872,final_quarter,Semantic,89,0.6330098740211101,0.38461538461538464,0.0043139257745999325,0.05602941176470588
872,final_quarter,Temperature,89,0.7895641811372148,0.38461538461538464,-0.004115594143684032,0.06897058823529412
872,final_quarter,Fisher,89,0.886006128702758,0.38461538461538464,0.006224038134150492,0.06808823529411764
874,final_quarter,Semantic,97,0.6178860719545549,0.42857142857142855,0.012557858194824318,0.04853801169590642
874,final_quarter,Temperature,97,0.8963154849568693,0.5384615384615384,0.005491268672417421,0.06350189198486413
874,final_quarter,Fisher,97,0.8635730065221964,0.6666666666666666,-0.015077319587628864,0.052442380460956305
879,final_quarter,Semantic,159,0.9017823023644616,0.7777777777777778,0.02952292811081921,0.04360559351660575
879,final_quarter,Temperature,159,0.8296453307857656,0.28,0.01282824814903272,0.052111340643042535
879,final_quarter,Fisher,159,0.8545557678528779,0.6842105263157895,0.010998178887031284,0.06589708729864459
884,final_quarter,Semantic,70,0.5586387892572828,0.4,0.02495494707374683,0.07453379953379954
884,final_quarter,Temperature,70,0.8532411862479222,0.75,0.05722683929664946,0.07453379953379954
884,final_quarter,Fisher,70,0.7273029481235237,0.2727272727272727,-0.008447204968944102,0.07004662004662003
891,final_quarter,Semantic,82,0.717634766709113,0.38461538461538464,0.024377183530871448,0.08230042016806723
891,final_quarter,Temperature,82,0.9166748293988964,0.6363636363636364,0.014132410400409221,0.06433823529411765
891,final_quarter,Fisher,82,0.8184826024967078,0.38461538461538464,0.02300040269479,0.07772058823529412
898,final_quarter,Semantic,88,0.9580500862949527,0.6363636363636364,-0.05188351942516996,0.049779411764705885
898,final_quarter,Temperature,88,0.9306822584621889,0.6363636363636364,0.0162472262336656,0.08085084033613446
898,final_quarter,Fisher,88,0.9489979218766511,0.6363636363636364,0.025272973829734785,0.07397058823529412
904,final_quarter,Semantic,73,0.8658521535233866,0.3333333333333333,0.008575527582376901,0.07556776556776557
904,final_quarter,Temperature,73,0.8491299518696781,0.45454545454545453,0.02603048253733185,0.06355311355311356
904,final_quarter,Fisher,73,0.9097864988275949,0.45454545454545453,-0.013097001110699743,0.06630036630036631
908,final_quarter,Semantic,146,0.8720098714970165,0.42857142857142855,0.022275649986021807,0.06380889225716814
908,final_quarter,Temperature,146,0.8909045337549285,0.5,-0.02866532347468983,0.0599932634415393
908,final_quarter,Fisher,146,0.7931612890786925,0.36363636363636365,0.020322944482469418,0.0469896004378763
916,final_quarter,Semantic,75,0.8684210526315789,0.45454545454545453,0.01479658605974395,0.07010989010989012
916,final_quarter,Temperature,75,0.8689615931721195,0.7777777777777778,0.032920341394025596,0.05677655677655676
916,final_quarter,Fisher,75,0.9017638691322902,0.7777777777777778,0.014446657183499283,0.06571428571428571
917,final_quarter,Semantic,68,0.7844027942130777,0.4,0.02246249570561514,0.06025641025641025
917,final_quarter,Temperature,68,0.877085162423178,0.75,0.022828949879757227,0.05192307692307692
917,final_quarter,Fisher,68,0.7816925602168187,0.2727272727272727,0.0365194487918464,0.06025641025641025
918,final_quarter,Semantic,65,0.8791958041958042,0.4,0.022930506993006992,0.0747086247086247
918,final_quarter,Temperature,65,0.9164772727272726,0.5555555555555556,-0.05997159090909091,0.04807692307692307
918,final_quarter,Fisher,65,0.9384615384615383,0.4,-0.02285402097902097,0.03846153846153846
927,final_quarter,Semantic,67,0.8038151488546573,0.4,0.004856732380876368,0.0673076923076923
927,final_quarter,Temperature,67,0.7611541224359487,0.5555555555555556,-0.05287532923617209,0.07179487179487179
927,final_quarter,Fisher,67,0.6649772527735655,0.4,0.03066884827200894,0.057867132867132874
933,final_quarter,Semantic,51,0.6707692307692307,0.3333333333333333,-0.001547511312217198,0.08757575757575756
933,final_quarter,Temperature,51,0.7813574660633484,0.2,0.027058823529411764,0.10393939393939393
933,final_quarter,Fisher,51,0.7183710407239818,0.2,0.024085972850678726,0.07363636363636362
934,final_quarter,Semantic,89,0.8183350357507662,0.38461538461538464,-0.008276302349336058,0.06776018099547512
934,final_quarter,Temperature,89,0.7722505958461017,0.5,-0.015329417773238,0.05362394957983193
934,final_quarter,Fisher,89,0.8603336738168199,0.6363636363636364,0.013419305413687441,0.048161764705882355
938,final_quarter,Semantic,70,0.8441781121511678,0.5555555555555556,0.006695827136733443,0.044230769230769226
938,final_quarter,Temperature,70,0.9474061761875601,0.75,-0.020836322281515177,0.04743589743589744
938,final_quarter,Fisher,70,0.8836847169976381,0.5555555555555556,0.03379931764500044,0.060256410256410264
939,final_quarter,Semantic,59,0.8662770309760375,0.7142857142857143,-0.012077732320280542,0.05090909090909092
939,final_quarter,Temperature,59,0.8098772647574519,0.5,0.029950321449444768,0.07363636363636364
939,final_quarter,Fisher,59,0.8595558153126828,0.7142857142857143,0.01827878433664524,0.050909090909090904
944,final_quarter,Semantic,94,0.9013690712711774,0.5384615384615384,0.030157136148538814,0.08835569315445475
944,final_quarter,Temperature,94,0.7548242603764043,0.6666666666666666,0.033825091211212646,0.0654970760233918
944,final_quarter,Fisher,94,0.7312141025177907,0.3333333333333333,0.013758624426543367,0.04327485380116959
945,final_quarter,Semantic,105,0.9182459050383579,0.6923076923076923,0.0032438316400580577,0.045434419381787806
945,final_quarter,Temperature,105,0.8882749326145553,0.29411764705882354,-0.012268816089570806,0.06954297508477077
945,final_quarter,Fisher,105,0.899844495127514,0.5714285714285714,0.02031826663902136,0.0593233082706767
946,final_quarter,Semantic,108,0.8343765183343336,0.4666666666666667,-0.0741456838816009,0.04245614035087719
946,final_quarter,Temperature,108,0.8292034639458116,0.5714285714285714,0.028572313203197197,0.04880952380952381
946,final_quarter,Fisher,108,0.7796640849028742,0.6923076923076923,0.023166804805319765,0.05956140350877194
960,final_quarter,Semantic,71,0.8635814889336015,0.23076923076923078,0.005253185781354799,0.05249084249084248
960,final_quarter,Temperature,71,0.8500670690811535,0.6,-0.018403755868544598,0.08212454212454212
960,final_quarter,Fisher,71,0.9106639839034204,1.0,-0.009766934942991277,0.059047619047619036
965,final_quarter,Semantic,151,0.8789961659114673,0.45454545454545453,-0.010392471244336007,0.06590815191482599
965,final_quarter,Temperature,151,0.9103694667131403,0.6,0.015411815963750436,0.05222999099528577
965,final_quarter,Fisher,151,0.9312617636807249,0.6,0.003272046009062396,0.058195937873357216
966,final_quarter,Semantic,58,0.9341720754252669,0.5,-0.007708634531975764,0.07545454545454545
966,final_quarter,Temperature,58,0.7562521147989788,0.2,0.0030145498169737634,0.04090909090909091
966,final_quarter,Fisher,58,0.8167276754129627,0.3333333333333333,-0.011639853579008893,0.06999999999999999
969,final_quarter,Semantic,123,0.7278959383988342,0.3,0.01614515484128929,0.04427931488801055
969,final_quarter,Temperature,123,0.8104822587094196,0.625,0.022028930363338535,0.05021014492753623
969,final_quarter,Fisher,123,0.841714926932453,0.625,-0.01183752305529401,0.07774929418407679
977,final_quarter,Semantic,53,0.8344621835187873,0.7142857142857143,-0.0012780196742460885,0.07999999999999999
977,final_quarter,Temperature,53,0.9106595710369295,0.5,-0.02679406547331075,0.022727272727272728
977,final_quarter,Fisher,53,0.8788905015320109,0.5,0.012163360748266409,0.03636363636363636
980,final_quarter,Semantic,86,0.7733855370536344,0.2857142857142857,0.006222935044105854,0.05480042016806722
980,final_quarter,Temperature,86,0.8785791782631255,0.38461538461538464,-0.008061701023633187,0.07808823529411765
980,final_quarter,Fisher,86,0.7355535638473513,0.38461538461538464,0.00839567904146422,0.06441176470588236
983,final_quarter,Semantic,73,0.8270702209058375,0.6,-0.011127051709243493,0.04428571428571428
983,final_quarter,Temperature,73,0.8104405775638653,0.45454545454545453,0.014101258793039617,0.06904761904761905
983,final_quarter,Fisher,73,0.9478279649512529,0.6,-0.02476706158213008,0.05047619047619047
993,final_quarter,Semantic,172,0.927586475261955,0.7142857142857143,0.018646276263315897,0.05832887700534758
993,final_quarter,Temperature,172,0.9336710508628069,0.5,-0.02041186445074913,0.05484434682964094
993,final_quarter,Fisher,172,0.9167356487737692,0.5,-0.0200947825943404,0.060143393134379844
997,final_quarter,Semantic,72,0.8755225416425495,0.7777777777777778,-0.01658306000385877,0.05630036630036629
997,final_quarter,Temperature,72,0.9690333783523059,0.6,-0.007016528394108946,0.07714285714285714
997,final_quarter,Fisher,72,0.9096083349411539,0.6,-0.012885072995047916,0.054761904761904755
998,final_quarter,Semantic,66,0.8130884041331804,0.5555555555555556,-0.015161256653793972,0.07261072261072261
998,final_quarter,Temperature,66,0.7691263959920678,0.5555555555555556,-0.0038033608182861988,0.039102564102564095
998,final_quarter,Fisher,66,0.8592213756392862,0.4,0.027681870368437535,0.046794871794871795
0,final_half,Semantic,70,0.7756976642463476,0.4,-0.017828711398827742,0.047435897435897434
0,final_half,Temperature,70,0.870037617006386,0.5555555555555556,-0.009028081532674304,0.055128205128205134
0,final_half,Fisher,70,0.7832210655235763,0.2727272727272727,-0.0032683054850844184,0.049533799533799536
1,final_half,Semantic,82,0.5248854496577094,0.2,-0.009701679346110728,0.06477941176470589
1,final_half,Temperature,82,0.5619986721955572,0.2,-0.023341060719844143,0.05757352941176471
1,final_half,Fisher,82,0.4778245774425616,0.2,0.033794799795387534,0.07522058823529412
20,final_half,Semantic,78,0.6492874214393201,0.23076923076923078,0.0006752740929956126,0.048095238095238094
20,final_half,Temperature,78,0.5771823113595265,0.3333333333333333,0.017347209752273045,0.04915750915750915
20,final_half,Fisher,78,0.7154238166896394,0.23076923076923078,-0.02294920269603814,0.04095238095238095
24,final_half,Semantic,81,0.6992999096657633,0.38461538461538464,-0.010293586269196024,0.06066176470588236
24,final_half,Temperature,81,0.7432475158084914,0.2857142857142857,0.0031029810298102943,0.06318277310924371
24,final_half,Fisher,81,0.6721996386630532,0.5,-0.013787262872628728,0.07244747899159663
31,final_half,Semantic,55,0.7729437229437232,0.3333333333333333,0.007842712842712846,0.07848484848484848
31,final_half,Temperature,55,0.6971139971139972,0.3333333333333333,-0.00019841269841270465,0.05636363636363637
31,final_half,Fisher,55,0.8975468975468978,0.7142857142857143,0.057893217893217906,0.07727272727272726
45,final_half,Semantic,65,0.8346153846153845,0.2727272727272727,0.019713723776223775,0.07243589743589744
45,final_half,Temperature,65,0.7329982517482517,0.2727272727272727,0.05449519230769232,0.08368298368298369
45,final_half,Fisher,65,0.7739073426573426,0.5555555555555556,0.03453015734265734,0.07705128205128206
55,final_half,Semantic,104,0.6455777232476262,0.29411764705882354,-0.02320815107222874,0.05908521303258145
55,final_half,Temperature,104,0.8182012162594687,0.5714285714285714,0.006762509335324869,0.04904761904761905
55,final_half,Fisher,104,0.7104448949109144,0.29411764705882354,0.01133308439133682,0.05749373433583961
57,final_half,Semantic,92,0.6084028173789744,0.3333333333333333,-0.013773253394571772,0.05799793601651186
57,final_half,Temperature,92,0.8050028512861612,0.42857142857142855,0.02511828984479756,0.07500859993120054
57,final_half,Fisher,92,0.6351586702217837,0.17647058823529413,0.023002943760307017,0.08979618163054696
60,final_half,Semantic,75,0.70950213371266,0.45454545454545453,0.023968705547652912,0.07238095238095238
60,final_half,Temperature,75,0.8553911806543385,0.7777777777777778,-0.019058321479374116,0.06879120879120879
60,final_half,Fisher,75,0.7560455192034139,0.3333333333333333,0.04049928876244665,0.059157509157509156
64,final_half,Semantic,63,0.6859639016897082,0.4,0.018089957757296465,0.08158508158508158
64,final_half,Temperature,63,0.6819796466973886,0.16666666666666666,0.01661626344086022,0.09586247086247086
64,final_half,Fisher,63,0.7855222734254993,0.4,0.023468701996927806,0.0641025641025641
66,final_half,Semantic,96,0.563537710255019,0.3333333333333333,-0.011438551275094952,0.07079033367733058
66,final_half,Temperature,96,0.7164677156809549,0.42857142857142855,0.02772653282691264,0.054781561747506015
66,final_half,Fisher,96,0.7004205100379816,0.42857142857142855,-0.00601871947911015,0.06028551771585827
68,final_half,Semantic,81,0.820460704607046,0.5,0.02982384823848238,0.08772058823529412
68,final_half,Temperature,81,0.7559394760614272,0.8,-0.005360207768744353,0.03272058823529411
68,final_half,Fisher,81,0.8555781391147244,0.8,-0.006421635049683826,0.06183823529411765
73,final_half,Semantic,77,0.7750670382249328,0.7777777777777778,0.013405016036594986,0.054285714285714284
73,final_half,Temperature,77,0.7359745517640255,0.45454545454545453,0.023373994426626,0.07106227106227106
73,final_half,Fisher,77,0.7758820127241178,0.45454545454545453,0.004548083495451919,0.04047619047619048
74,final_half,Semantic,77,0.7977811662022188,0.6,-0.008893737841106256,0.0839194139194139
74,final_half,Temperature,77,0.8611651506388347,0.6,0.009075135390924867,0.06772893772893772
74,final_half,Fisher,77,0.8529102476470897,0.6,-0.02340685630159314,0.05095238095238095
78,final_half,Semantic,80,0.7514767932489452,0.23076923076923078,0.002284341303328647,0.0563003663003663
78,final_half,Temperature,80,0.6982887951242381,0.6,-0.03319503047351149,0.04428571428571428
78,final_half,Fisher,80,0.5720112517580872,0.3333333333333333,0.04242264416315049,0.04047619047619047
91,final_half,Semantic,56,0.7673274094326726,0.5,-0.048639781271360226,0.031818181818181815
91,final_half,Temperature,56,0.4066302118933698,0.2,0.05352699931647299,0.06848484848484848
91,final_half,Fisher,56,0.6801777170198222,0.5,0.04672932330827069,0.045454545454545456
99,final_half,Semantic,117,0.7170870236329031,0.3333333333333333,7.942573693596571e-05,0.04963297571993224
99,final_half,Temperature,117,0.7530159301053514,0.3333333333333333,0.030692052930509972,0.06586674195369846
99,final_half,Fisher,117,0.6185841238442057,0.3333333333333333,0.004235789536783106,0.0634119884691967
101,final_half,Semantic,174,0.8833451977562005,0.5652173913043478,-0.02459762521711894,0.06900019098548509
101,final_half,Temperature,174,0.8856892280531905,0.7142857142857143,0.014366354395056808,0.05010695187165774
101,final_half,Fisher,174,0.8237558017027818,0.5652173913043478,0.010022381047296337,0.0595492742551566
105,final_half,Semantic,155,0.5928104153910606,0.391304347826087,0.007638490541716348,0.0677361089040733
105,final_half,Temperature,155,0.4949018723212271,0.28,0.017287228900132123,0.052695058000953435
105,final_half,Fisher,155,0.603351487222455,0.391304347826087,0.027831845573781055,0.05775994491233646
106,final_half,Semantic,104,0.6567054304918383,0.5714285714285714,-0.04166008748533022,0.05507518796992482
106,final_half,Temperature,104,0.622554144884242,0.4666666666666667,0.011777445855115762,0.05531328320802006
106,final_half,Fisher,104,0.6468259895444363,0.375,-0.0076240264589779155,0.04959899749373433
108,final_half,Semantic,190,0.7704610566556007,0.46153846153846156,0.004303428728890292,0.058659350718174255
108,final_half,Temperature,190,0.8559767656488516,0.5833333333333334,-0.014563809173894599,0.0640222460810696
108,final_half,Fisher,190,0.8502084180783547,0.4074074074074074,-0.027087351887572338,0.041219875337522395
110,final_half,Semantic,90,0.46829649750998065,0.125,-0.005287895624974275,0.07727941176470589
110,final_half,Temperature,90,0.8209161624891962,0.2857142857142857,-0.05747952422109724,0.044852941176470595
110,final_half,Fisher,90,0.6155739391694447,0.125,-0.03755031485368564,0.05183823529411765
111,final_half,Semantic,51,0.5143891402714932,0.2,-0.008158371040723986,0.04727272727272728
111,final_half,Temperature,51,0.6227149321266968,0.2,-0.01293212669683258,0.10151515151515152
111,final_half,Fisher,51,0.5507692307692307,0.2,-0.011945701357466063,0.05090909090909092
112,final_half,Semantic,117,0.7060498433964243,0.4117647058823529,-0.04105786090005844,0.052653867871259176
112,final_half,Temperature,117,0.7551214614335595,0.3333333333333333,0.003172159031305727,0.06398080180688875
112,final_half,Fisher,117,0.4849690539345711,0.2631578947368421,0.018992866669663863,0.045087521174477695
113,final_half,Semantic,115,0.6858912648938689,0.7142857142857143,0.022930245403613984,0.06443252399774138
113,final_half,Temperature,115,0.8244535626923382,0.7142857142857143,0.010001578158289276,0.044889892715979665
113,final_half,Fisher,115,0.7844235776848419,0.7142857142857143,0.01783516136668508,0.04488989271597968
115,final_half,Semantic,87,0.5516147845738864,0.38461538461538464,-0.01846066924254574,0.03683823529411765
115,final_half,Temperature,87,0.8287161915870815,0.8,-0.012376977473208425,0.05147058823529412
115,final_half,Fisher,87,0.6302033972442953,0.38461538461538464,0.02190803382663848,0.06654411764705882
120,final_half,Semantic,85,0.587453586085597,0.38461538461538464,0.004672659761579054,0.06852941176470588
120,final_half,Temperature,85,0.6011530193472737,0.5,-0.019610123119015044,0.05845588235294118
120,final_half,Fisher,85,0.6670705491498925,0.2857142857142857,0.0013425835450459264,0.048161764705882355
121,final_half,Semantic,70,0.7893447642375994,0.75,-0.0009675443968156742,0.03205128205128205
121,final_half,Temperature,70,0.8323156329280027,0.4,0.0028413962033068015,0.04807692307692307
121,final_half,Fisher,70,0.6018196133321668,0.2727272727272727,0.03451841483684717,0.05128205128205128
129,final_half,Semantic,121,0.6425958542202952,0.3684210526315789,-0.017129115296030346,0.05011264822134387
129,final_half,Temperature,121,0.7022219211488957,0.4444444444444444,0.00943672944045522,0.05011264822134387
129,final_half,Fisher,121,0.7001016122476628,0.4444444444444444,-0.0033772524048231918,0.05404347826086957
130,final_half,Semantic,82,0.7114310902145167,0.125,-0.004809481829758056,0.0672794117647059
130,final_half,Temperature,82,0.6544225683220688,0.38461538461538464,0.03370228883011721,0.07433823529411765
130,final_half,Fisher,82,0.7313481568550625,0.2857142857142857,-0.025612477008304223,0.07264705882352941
132,final_half,Semantic,85,0.7522571819425445,0.5,-0.03792358803986711,0.04852941176470589
132,final_half,Temperature,85,0.8173343756107093,0.8,0.007124291577095947,0.07764705882352942
132,final_half,Fisher,85,0.7364275942935313,0.38461538461538464,0.04253468829392222,0.04522058823529412
133,final_half,Semantic,59,0.6620105201636471,0.5,-0.01604909409701929,0.08757575757575757
133,final_half,Temperature,59,0.8154880187025133,0.7142857142857143,0.012276446522501473,0.07999999999999999
133,final_half,Fisher,59,0.7687901811805963,0.5,0.04389246054938632,0.07636363636363636
136,final_half,Semantic,76,0.7739712918660286,0.3333333333333333,0.004549555707450446,0.05
136,final_half,Temperature,76,0.7659056732740943,0.45454545454545453,0.006784688995215312,0.07238095238095238
136,final_half,Fisher,76,0.8238414217361586,0.45454545454545453,-0.019036226930963775,0.0563003663003663
138,final_half,Semantic,78,0.8821431732824137,0.45454545454545453,-0.0646682431492558,0.03428571428571429
138,final_half,Temperature,78,0.8791841070322082,0.6,0.05590738375548502,0.041428571428571426
138,final_half,Fisher,78,0.8906410045650551,0.6,-0.0024405973773062354,0.0557142857142857
175,final_half,Semantic,62,0.6027297222432072,0.4,0.006645513837475761,0.06491841491841491
175,final_half,Temperature,62,0.6575256226234545,0.5555555555555556,0.009765556143134143,0.06089743589743589
175,final_half,Fisher,62,0.8330437410289341,0.5555555555555556,0.02390269698572184,0.06171328671328671
179,final_half,Semantic,60,0.5889413726035011,0.3333333333333333,-0.018191164212281195,0.04818181818181818
179,final_half,Temperature,60,0.5874409558210615,0.2,0.036307307585440395,0.03727272727272728
179,final_half,Fisher,60,0.6588496804667964,0.5,-0.02031675465407058,0.057272727272727274
183,final_half,Semantic,58,0.7525608293088069,0.0,0.014149927712325813,0.09772727272727273
183,final_half,Temperature,58,0.7744624565504937,0.3333333333333333,-0.0026146605555384655,0.09454545454545454
183,final_half,Fisher,58,0.6842105263157895,0.2,-0.039490602602356276,0.04272727272727274
185,final_half,Semantic,97,0.7843598779718073,0.6666666666666666,0.00662673574584473,0.05970072239422084
185,final_half,Temperature,97,0.727277508941721,0.5384615384615384,-0.030333473595623817,0.023976608187134502
185,final_half,Fisher,97,0.6841994529770671,0.42857142857142855,0.009406559015358723,0.06584107327141384
195,final_half,Semantic,55,0.32849927849927857,0.2,-0.011562049062049062,0.08666666666666666
195,final_half,Temperature,55,0.5027417027417028,0.2,0.0065440115440115465,0.0609090909090909
195,final_half,Fisher,55,0.5963203463203464,0.3333333333333333,-0.005129870129870134,0.08545454545454544
199,final_half,Semantic,134,0.9049115325627504,0.5555555555555556,0.0031354505667152955,0.0499088319088319
199,final_half,Temperature,134,0.8809511340540407,0.5555555555555556,-0.007123031459245127,0.05637321937321936
199,final_half,Fisher,134,0.921215975261537,0.6470588235294118,-0.026884624496564796,0.05645361080143688
200,final_half,Semantic,73,0.8305874367518205,0.6,-0.0018881895594224346,0.04523809523809523
200,final_half,Temperature,73,0.7895223991114403,0.6,-0.020987597186227325,0.0519047619047619
200,final_half,Fisher,73,0.7905405405405408,0.6,0.040063865235098126,0.08545787545787545
202,final_half,Semantic,140,0.8457501476022831,0.4,-0.009997157289366078,0.0366980056980057
202,final_half,Temperature,140,0.8928647963088499,0.3333333333333333,-0.01080907918042466,0.04989173789173789
202,final_half,Fisher,140,0.8866239531171417,0.3333333333333333,-0.017941221490892396,0.057584045584045576
205,final_half,Semantic,102,0.804592566623881,0.4666666666666667,0.0317849489117958,0.06007518796992482
205,final_half,Temperature,102,0.8392205868216748,0.4666666666666667,-0.023179399607579268,0.06824561403508773
205,final_half,Fisher,102,0.7920622444882981,0.2222222222222222,-0.022219269328417713,0.06487468671679199
207,final_half,Semantic,173,0.8351766783633321,0.6363636363636364,0.010641261571123297,0.05304812834224598
207,final_half,Temperature,173,0.827426285512977,0.7142857142857143,0.013451821944922147,0.07271883240099557
207,final_half,Fisher,173,0.7863589377511809,0.38461538461538464,-0.020935795041046493,0.050474598930481285
211,final_half,Semantic,71,0.7185781354795439,0.6,-0.0021613011401743756,0.0701098901098901
211,final_half,Temperature,71,0.5713615023474178,0.45454545454545453,0.035399061032863846,0.04476190476190476
211,final_half,Fisher,71,0.5931924882629107,0.45454545454545453,-0.01175553319919517,0.06619047619047619
221,final_half,Semantic,87,0.7377888751184661,0.2857142857142857,-0.018466136910403146,0.053623949579831943
221,final_half,Temperature,87,0.8533753736239702,0.5,0.03431234963913392,0.04595588235294118
221,final_half,Fisher,87,0.7050375446526208,0.2857142857142857,-0.02035065976525479,0.04345588235294118
237,final_half,Semantic,62,0.6605978192440383,0.2727272727272727,-0.016310342222557984,0.03974358974358975
237,final_half,Temperature,62,0.7450580443705774,0.4,-0.054546599179068775,0.023076923076923078
237,final_half,Fisher,62,0.6987232756666918,0.4,0.016479061217294956,0.06474358974358974
238,final_half,Semantic,65,0.29729020979020976,0.0,0.022283653846153845,0.06555944055944055
238,final_half,Temperature,65,0.7528409090909091,0.2727272727272727,-0.025688374125874124,0.06876456876456875
238,final_half,Fisher,65,0.2437062937062937,0.0,0.00328452797202797,0.04807692307692308
240,final_half,Semantic,55,0.7305194805194807,0.2,0.024357864357864363,0.06939393939393938
240,final_half,Temperature,55,0.7209956709956711,0.2,0.01400432900432901,0.06303030303030302
240,final_half,Fisher,55,0.6102453102453104,0.2,0.040339105339105355,0.09181818181818181
246,final_half,Semantic,142,0.6752872539507242,0.30434782608695654,-0.0001733058670427532,0.0725095785440613
246,final_half,Temperature,142,0.5758721350570317,0.25,-0.018911714596461376,0.05085049050566291
246,final_half,Fisher,142,0.7925945795289518,0.36363636363636365,0.033181472408322886,0.06542566628773526
248,final_half,Semantic,113,0.6172815889280725,0.6,-0.003388448998602704,0.05937323546019198
248,final_half,Temperature,113,0.81608057755007,0.6,-0.010883125956484132,0.07303783173348391
248,final_half,Fisher,113,0.820072859138998,0.6,-0.031426741632843175,0.049632975719932235
259,final_half,Semantic,59,0.696084161309176,0.3333333333333333,0.03566335476329632,0.06090909090909091
259,final_half,Temperature,59,0.7981297486849797,0.2,0.0043775569842197555,0.07181818181818181
259,final_half,Fisher,59,0.7245470485096436,0.3333333333333333,-0.0072822910578609,0.041818181818181824
264,final_half,Semantic,64,0.779120879120879,0.2727272727272727,-0.0008012820512820595,0.03205128205128205
264,final_half,Temperature,64,0.7768772893772893,0.2727272727272727,-0.00035485347985348065,0.047435897435897434
264,final_half,Fisher,64,0.7378663003663003,0.2727272727272727,0.024111721611721613,0.0608974358974359
265,final_half,Semantic,112,0.7022756005056889,0.3333333333333333,0.01557470871630164,0.07693958215697345
265,final_half,Temperature,112,0.7004732292342912,0.3333333333333333,0.0021914613728773054,0.06973609914113346
265,final_half,Fisher,112,0.697039327570301,0.5,-0.01600181091331534,0.055873874409343514
272,final_half,Semantic,104,0.826640349941321,0.4666666666666667,-0.03635442227675238,0.05380952380952381
272,final_half,Temperature,104,0.8235890323268965,0.4666666666666667,0.009890109890109895,0.05031328320802005
272,final_half,Fisher,104,0.7830363810946336,0.4666666666666667,0.008908567160994346,0.06697994987468674
274,final_half,Semantic,104,0.40234716739571114,0.375,0.012215405953270034,0.0751027077497666
274,final_half,Temperature,104,0.5460471567267684,0.5714285714285714,0.004907713645577722,0.0393233082706767
274,final_half,Fisher,104,0.6798250293395925,0.375,-0.015974074469220105,0.07038847117794486
279,final_half,Semantic,65,0.6789335664335665,0.4,0.025705856643356645,0.06025641025641025
279,final_half,Temperature,65,0.7055944055944057,0.4,0.03035839160839161,0.07022144522144522
279,final_half,Fisher,65,0.6973776223776224,0.4,0.0065056818181818184,0.07453379953379954
282,final_half,Semantic,80,0.5973511486169714,0.23076923076923078,-0.058571261134552285,0.04963369963369963
282,final_half,Temperature,80,0.7576183778715425,0.45454545454545453,-0.036830754805438355,0.04582417582417582
282,final_half,Fisher,80,0.6833802156586967,0.45454545454545453,0.026758087201125193,0.047619047619047616
296,final_half,Semantic,95,0.5940229563269877,0.42857142857142855,0.0076294792833146675,0.04654282765737874
296,final_half,Temperature,95,0.4318169092945129,0.42857142857142855,-0.04397186450167974,0.03771929824561403
296,final_half,Fisher,95,0.6444008958566629,0.3333333333333333,0.007782054871220604,0.04747162022703818
314,final_half,Semantic,138,0.7051615451529604,0.4,-0.023304466550529805,0.05452136752136751
314,final_half,Temperature,138,0.8258769055843866,0.47368421052631576,-0.029223793291612343,0.05573219373219372
314,final_half,Fisher,138,0.7915655416003599,0.6470588235294118,-0.009458685035468924,0.054823361823361824
324,final_half,Semantic,84,0.7170193378556241,0.5,0.0035526981877088194,0.08522058823529412
324,final_half,Temperature,84,0.8874759542371164,0.5,0.010963855421686743,0.06772058823529412
324,final_half,Fisher,84,0.7179507947757416,0.5,-0.025260706692315484,0.02977941176470588
325,final_half,Semantic,96,0.7115843733043951,0.8181818181818182,-0.023288117200217038,0.046250429996560025
325,final_half,Temperature,96,0.6941264243081932,0.6666666666666666,-0.013716766142159522,0.054678362573099416
325,final_half,Fisher,96,0.8490504612045577,0.5384615384615384,-0.030495116657623434,0.07405830753353973
336,final_half,Semantic,72,0.7429416682744872,0.14285714285714285,0.016972152550003217,0.07831501831501832
336,final_half,Temperature,72,0.7938131069522156,0.23076923076923078,-0.016256672454820244,0.048681318681318676
336,final_half,Fisher,72,0.789279053315326,0.3333333333333333,0.013299890668210182,0.07666666666666666
340,final_half,Semantic,61,0.7874140666314118,0.4,0.03391856160761502,0.07534965034965034
340,final_half,Temperature,61,0.7188260179799046,0.4,0.004997355896351144,0.06812354312354311
340,final_half,Fisher,61,0.8423056583818084,0.4,-0.03890534108937069,0.03910256410256411
346,final_half,Semantic,77,0.6383616383616383,0.23076923076923078,-0.0025159051474840963,0.05809523809523809
346,final_half,Temperature,77,0.6611020558388978,0.3333333333333333,0.02310452705189547,0.0745054945054945
346,final_half,Fisher,77,0.5084126399915874,0.14285714285714285,-0.030798149219201848,0.05476190476190477
352,final_half,Semantic,97,0.8611403324216284,0.3333333333333333,-0.01453358405217757,0.0697454420364637
352,final_half,Temperature,97,0.8422443719755943,0.5384615384615384,-0.023516068798653478,0.052098383212934286
352,final_half,Fisher,97,0.852014517147065,0.5384615384615384,0.011654481380180937,0.06682146542827658
357,final_half,Semantic,95,0.7456187010078388,0.42857142857142855,-0.013183790593505041,0.04269005847953215
357,final_half,Temperature,95,0.8108622620380739,0.42857142857142855,-0.03518197088465846,0.03801169590643274
357,final_half,Fisher,95,0.7937010078387458,0.42857142857142855,0.04103513437849944,0.04912280701754386
360,final_half,Semantic,60,0.7835509863851071,0.3333333333333333,-0.008002222839677688,0.06636363636363636
360,final_half,Temperature,60,0.8178382884134484,0.2,0.030300083356487928,0.04272727272727273
360,final_half,Fisher,60,0.7280355654348432,0.09090909090909091,-0.02527924423450959,0.061818181818181814
363,final_half,Semantic,78,0.515674199218503,0.14285714285714285,-0.02062620923380417,0.04476190476190476
363,final_half,Temperature,78,0.5726299017438258,0.3333333333333333,-0.06039530090163,0.0419047619047619
363,final_half,Fisher,78,0.6953679232160245,0.14285714285714285,0.046152581595619566,0.06344322344322344
368,final_half,Semantic,72,0.7810470126696253,0.6,-0.004053315325744422,0.047619047619047616
368,final_half,Temperature,72,0.8908289922181493,0.45454545454545453,-0.03705061418740756,0.05809523809523809
368,final_half,Fisher,72,0.8400540227667376,0.6,0.036397839089330516,0.057252747252747246
369,final_half,Semantic,97,0.7790079949505575,0.42857142857142855,0.006432121817799288,0.05307877536979705
369,final_half,Temperature,97,0.7804413002314327,0.17647058823529413,0.03097254365663791,0.05443756449948399
369,final_half,Fisher,97,0.701385966757837,0.25,0.05555044182621501,0.046250429996560025
385,final_half,Semantic,95,0.8159574468085107,0.3333333333333333,-0.009906914893617022,0.054093567251461985
385,final_half,Temperature,95,0.8511618141097423,0.3333333333333333,0.021202407614781635,0.04912280701754386
385,final_half,Fisher,95,0.814459686450168,0.42857142857142855,0.03619540873460246,0.058406432748538004
401,final_half,Semantic,53,0.7150459603289792,0.3333333333333333,-0.03172069021125625,0.05484848484848485
401,final_half,Temperature,53,0.7442348008385744,0.5,-0.0099016287695533,0.07545454545454544
401,final_half,Fisher,53,0.808095468472827,0.5,-0.004785518464763748,0.05636363636363636
403,final_half,Semantic,62,0.6793835461207222,0.16666666666666666,-0.03710055148447533,0.05576923076923077
403,final_half,Temperature,62,0.8017174082747854,0.2727272727272727,0.009561582433078999,0.0641025641025641
403,final_half,Fisher,62,0.5798645211654202,0.16666666666666666,0.033058850192641834,0.06107226107226107
407,final_half,Semantic,82,0.5888595030528619,0.5,-0.023370446555871182,0.056985294117647065
407,final_half,Temperature,82,0.4961961667809449,0.5,-0.04246797488055202,0.05933823529411765
407,final_half,Fisher,82,0.5703573099988029,0.5,-0.004961852831379714,0.05779411764705883
415,final_half,Semantic,47,0.8564986123959298,0.6666666666666666,-0.0325913506012951,0.07638888888888888
415,final_half,Temperature,47,0.8785846438482886,0.42857142857142855,0.04590656799259944,0.06726190476190477
415,final_half,Fisher,47,0.8583487511563368,0.42857142857142855,0.05255550416281222,0.051388888888888894
416,final_half,Semantic,73,0.6370480069110207,0.14285714285714285,-0.005812661977045535,0.06571428571428571
416,final_half,Temperature,73,0.7783845489324943,0.3333333333333333,0.030752499074416885,0.07831501831501832
416,final_half,Fisher,73,0.5389053436998643,0.14285714285714285,0.02898772059730964,0.05963369963369963
417,final_half,Semantic,91,0.8046344959388438,0.42857142857142855,-0.03190635451505016,0.055073959408324734
417,final_half,Temperature,91,0.85588469501513,0.42857142857142855,0.006387163561076606,0.06350189198486413
417,final_half,Fisher,91,0.7409141583054627,0.3333333333333333,0.015365504061156235,0.04822411420708635
418,final_half,Semantic,147,0.7466131213685031,0.30434782608695654,-0.006801902545542466,0.05486863711001642
418,final_half,Temperature,147,0.8236518598553824,0.5,0.029766186370883047,0.052285166940339356
418,final_half,Fisher,147,0.7700738199759726,0.36363636363636365,0.014561878064813488,0.05614816218264494
422,final_half,Semantic,59,0.6316189362945647,0.2,0.002592051431911169,0.08681818181818182
422,final_half,Temperature,59,0.8703097603740504,0.7142857142857143,-0.03113383985973115,0.07303030303030303
422,final_half,Fisher,59,0.8941554646405612,0.5,0.041052016364699004,0.07636363636363636
426,final_half,Semantic,79,0.7308909444985395,0.6,-0.037824975657254144,0.049633699633699624
426,final_half,Temperature,79,0.81277994157741,0.7777777777777778,0.013390944498539434,0.03380952380952381
426,final_half,Fisher,79,0.663510223953262,0.7777777777777778,0.013763388510223951,0.058681318681318685
430,final_half,Semantic,99,0.6548917748917749,0.25,0.02358936301793445,0.04298245614035088
430,final_half,Temperature,99,0.7549412492269634,0.5384615384615384,0.04122696351267779,0.07174062607499139
430,final_half,Fisher,99,0.7326901669758813,0.5384615384615384,-0.01906493506493507,0.06688596491228069
436,final_half,Semantic,83,0.4654926325511103,0.2,-0.024881407161748033,0.06029411764705883
436,final_half,Temperature,83,0.589227992107804,0.6363636363636364,0.012497376264640443,0.06066176470588236
436,final_half,Fisher,83,0.4911212795432601,0.5,-0.00026762100667478573,0.07397058823529412
438,final_half,Semantic,95,0.6589025755879059,0.42857142857142855,-0.0305270156774916,0.04853801169590642
438,final_half,Temperature,95,0.7081886898096305,0.42857142857142855,-0.004862122060470326,0.05904282765737873
438,final_half,Fisher,95,0.7410694288913774,0.3333333333333333,0.007635778275475924,0.07278551771585827
440,final_half,Semantic,76,0.8638961038961038,0.23076923076923078,0.03637183868762816,0.0706959706959707
440,final_half,Temperature,76,0.8165413533834587,0.45454545454545453,-0.0013957621326042252,0.06296703296703296
440,final_half,Fisher,76,0.8074641148325359,0.3333333333333333,0.012481203007518798,0.04095238095238095
441,final_half,Semantic,60,0.66196165601556,0.09090909090909091,0.025790497360377897,0.10212121212121213
441,final_half,Temperature,60,0.8183384273409282,0.5,-0.04106696304529036,0.06636363636363636
441,final_half,Fisher,60,0.5947763267574327,0.2,0.01470686301750487,0.06272727272727271
442,final_half,Semantic,115,0.4909098082537679,0.2631578947368421,-0.01079578631736763,0.061744776962168256
442,final_half,Temperature,115,0.6013493253373313,0.5,-0.006295667955495939,0.06158102766798418
442,final_half,Fisher,115,0.3843209973960388,0.14285714285714285,0.01365501459796418,0.05677583286278939
444,final_half,Semantic,84,0.8619216361243293,0.8,-0.03231041814316088,0.0736029411764706
444,final_half,Temperature,84,0.2580945631264554,0.125,-0.04213323883770376,0.04558823529411765
444,final_half,Fisher,84,0.8122709324693733,0.5,0.019260909182950293,0.07110294117647059
446,final_half,Semantic,124,0.6139480723839496,0.5294117647058824,-0.03392981904012588,0.06130105401844532
446,final_half,Temperature,124,0.8294571203776553,0.7333333333333333,-0.0343411487018096,0.0438768115942029
446,final_half,Fisher,124,0.46357828481510616,0.4444444444444444,-0.015393233674272228,0.05368840579710145
457,final_half,Semantic,66,0.7725498382214803,0.2727272727272727,-0.04003339943638452,0.04358974358974358
457,final_half,Temperature,66,0.7963886859409248,0.4,-0.024607034756288497,0.06107226107226107
457,final_half,Fisher,66,0.546143408829976,0.16666666666666666,-0.02392652123995408,0.0617132867132867
463,final_half,Semantic,122,0.4804127935602618,0.18181818181818182,0.04998992138681717,0.046065217391304356
463,final_half,Temperature,122,0.7735120827701977,0.3684210526315789,-0.007646197719259409,0.04809090909090909
463,final_half,Fisher,122,0.48263339292382224,0.18181818181818182,0.0009787820409026427,0.052043478260869566
466,final_half,Semantic,75,0.6137126600284495,0.23076923076923078,0.01120056899004267,0.03428571428571428
466,final_half,Temperature,75,0.7054054054054054,0.45454545454545453,0.03705974395448079,0.06201465201465202
466,final_half,Fisher,75,0.36972972972972973,0.3333333333333333,-0.05566002844950213,0.0645054945054945
471,final_half,Semantic,61,0.6939714436805922,0.16666666666666666,-0.0005129561078794311,0.06940559440559439
471,final_half,Temperature,61,0.6162876784769962,0.07692307692307693,0.004222633527234266,0.0738927738927739
471,final_half,Fisher,61,0.5316234796404019,0.07692307692307693,0.046287678476996295,0.09055944055944057
475,final_half,Semantic,116,0.5828931688002154,0.3333333333333333,-0.023509783569753584,0.04251835121400339
475,final_half,Temperature,116,0.6566639757044556,0.4117647058823529,-0.0032356898473839975,0.05356295878035008
475,final_half,Fisher,116,0.8162149694383578,0.4117647058823529,0.04905931649559835,0.06544325239977414
480,final_half,Semantic,78,0.42492950087886794,0.45454545454545453,0.005634871457656268,0.048571428571428564
480,final_half,Temperature,78,0.7411449310183487,0.45454545454545453,0.0012468544114113723,0.0787912087912088
480,final_half,Fisher,78,0.3370679952958434,0.23076923076923078,-0.006148282097649183,0.048095238095238094
482,final_half,Semantic,47,0.5271739130434783,0.25,-0.04118293246993525,0.06944444444444445
482,final_half,Temperature,47,0.5692645698427382,0.25,0.02453168362627197,0.075
482,final_half,Fisher,47,0.7317298797409806,0.42857142857142855,0.029654255319148937,0.08055555555555556
484,final_half,Semantic,52,0.5588662170238197,0.2,-0.006373260479808759,0.050909090909090904
484,final_half,Temperature,52,0.8094424997865619,0.5,-0.03981046700247588,0.0609090909090909
484,final_half,Fisher,52,0.616067617177495,0.2,-0.007069068556304961,0.0809090909090909
511,final_half,Semantic,97,0.7113270565958341,0.42857142857142855,0.011628182200715336,0.049174406604747166
511,final_half,Temperature,97,0.6852251209762255,0.6666666666666666,0.008386808331580052,0.07788097695218438
511,final_half,Fisher,97,0.713181148748159,0.6666666666666666,0.022642936040395533,0.0717406260749914
513,final_half,Semantic,78,0.523742080704106,0.23076923076923078,-0.02378381112558328,0.0563003663003663
513,final_half,Temperature,78,0.40983067565346043,0.23076923076923078,0.002142161635832516,0.08212454212454211
513,final_half,Fisher,78,0.5102365988441938,0.14285714285714285,-0.032164038493152414,0.0557142857142857
515,final_half,Semantic,63,0.6486175115207373,0.2727272727272727,-0.03695996543778803,0.06876456876456877
515,final_half,Temperature,63,0.7104934715821813,0.4,-0.028506624423963133,0.05576923076923077
515,final_half,Fisher,63,0.5888056835637482,0.4,0.011753552227342553,0.07179487179487179
518,final_half,Semantic,100,0.7175157515751575,0.5384615384615384,0.009473147314731473,0.0567251461988304
518,final_half,Temperature,100,0.4475727572757275,0.3333333333333333,0.00213681368136813,0.05701754385964912
518,final_half,Fisher,100,0.5800900090009,0.5384615384615384,-0.008788478847884787,0.066593567251462
519,final_half,Semantic,68,0.8431499790052296,0.2727272727272727,0.004281024544795204,0.04038461538461537
519,final_half,Temperature,68,0.8346375539183875,0.2727272727272727,0.02380425239531243,0.09073426573426574
519,final_half,Fisher,68,0.8723899683169829,0.4,-0.018990724128717027,0.05128205128205128
527,final_half,Semantic,98,0.5370579347015282,0.17647058823529413,0.04524542713055231,0.07851737186102511
527,final_half,Temperature,98,0.49778449336623115,0.1111111111111111,-0.015592066254805576,0.048297213622291016
527,final_half,Fisher,98,0.6490509980937078,0.05263157894736842,-0.0007459403630243052,0.04064327485380116
531,final_half,Semantic,137,0.734911419343999,0.2727272727272727,-0.0027157578359811043,0.0567122507122507
531,final_half,Temperature,137,0.7749640636959321,0.3333333333333333,-0.027077538409841877,0.04974928774928774
531,final_half,Fisher,137,0.8137239345119196,0.3333333333333333,-0.009824612167939215,0.039136752136752134
533,final_half,Semantic,122,0.7475323920018769,0.3,-0.016972384599879063,0.04592424242424242
533,final_half,Temperature,122,0.793623046649109,0.3684210526315789,0.006854448303323303,0.05621014492753623
533,final_half,Fisher,122,0.7418156704260446,0.23809523809523808,0.05351181841313061,0.06711264822134387
543,final_half,Semantic,201,0.8387586818383331,0.5,-0.0022130929510861554,0.05900760343635825
543,final_half,Temperature,201,0.6644096349933502,0.3125,0.0011345500221663957,0.04540387084032784
543,final_half,Fisher,201,0.855908083345648,0.6153846153846154,-0.007856066203635293,0.048779813930648334
545,final_half,Semantic,165,0.4885128095530682,0.36,0.00790879705073064,0.060121578690127075
545,final_half,Temperature,165,0.7084203777415651,0.5454545454545454,-0.0041432693078299904,0.057622189638318666
545,final_half,Fisher,165,0.6132610263671093,0.4782608695652174,0.007730344882857375,0.054633641756834196
550,final_half,Semantic,146,0.7934813415210202,0.5789473684210527,-0.018344596222995575,0.054545071786451106
550,final_half,Temperature,146,0.8819739137979237,0.5789473684210527,0.010730432938409184,0.059977474632647056
550,final_half,Fisher,146,0.8667540705464992,0.6666666666666666,0.02393857306739418,0.06924340027788303
551,final_half,Semantic,59,0.6999415546464057,0.5,-0.044950321449444774,0.031818181818181815
551,final_half,Temperature,59,0.7896551724137932,0.5,0.008486265341905316,0.08303030303030304
551,final_half,Fisher,59,0.7811221507890123,0.5,0.009114552893045006,0.05636363636363637
558,final_half,Semantic,116,0.5659477953331027,0.2631578947368421,0.010133779264214045,0.06223037831733484
558,final_half,Temperature,116,0.6626148464229424,0.3333333333333333,0.019730903778879795,0.059401468097120255
558,final_half,Fisher,116,0.623326798139392,0.3333333333333333,0.00017721908276631116,0.05677583286278938
559,final_half,Semantic,175,0.6108978952082401,0.2,0.01520141065830721,0.0638598166539343
559,final_half,Temperature,175,0.7463994626063593,0.3333333333333333,-0.010067845947156293,0.04424083269671505
559,final_half,Fisher,175,0.471012091356919,0.125,-0.0035380653828929686,0.05537146676852559
562,final_half,Semantic,57,0.6595151672284159,0.5,-0.06162496759139228,0.027272727272727275
562,final_half,Temperature,57,0.47841586725434276,0.2,0.07109152190821885,0.05636363636363636
562,final_half,Fisher,57,0.6473943479388127,0.3333333333333333,0.004608504018667356,0.06090909090909091
563,final_half,Semantic,77,0.8192859771807139,0.45454545454545453,-0.0058612440191387555,0.06190476190476191
563,final_half,Temperature,77,0.830274988169725,0.3333333333333333,0.0031192491718807502,0.045347985347985356
563,final_half,Fisher,77,0.8633471791366527,0.23076923076923078,-0.03224801514275198,0.052490842490842494
574,final_half,Semantic,90,0.756727167963123,0.5,0.041179569494176234,0.0736029411764706
574,final_half,Temperature,90,0.712178458245874,0.6363636363636364,-0.007861875951763592,0.04889705882352942
574,final_half,Fisher,90,0.6791373420586904,0.2857142857142857,-0.0035790426801662763,0.06852941176470588
577,final_half,Semantic,95,0.7611842105263158,0.3333333333333333,0.029130739081746924,0.06876504987960094
577,final_half,Temperature,95,0.7926931690929452,0.5384615384615384,0.029107642777155662,0.04619883040935672
577,final_half,Fisher,95,0.816013437849944,0.42857142857142855,0.021792413213885774,0.056776745786033714
585,final_half,Semantic,120,0.6962497395652475,0.2631578947368421,-0.007983540523647472,0.05141163184641445
585,final_half,Temperature,120,0.4177095631641085,0.3333333333333333,-0.02370164594763525,0.05531338226990401
585,final_half,Fisher,120,0.5075144107229668,0.3333333333333333,-0.005952496701159805,0.04466403162055336
591,final_half,Semantic,70,0.6962995363485259,0.2727272727272727,-0.009052576327530402,0.05576923076923077
591,final_half,Temperature,70,0.708162015571691,0.4,0.052564080132971744,0.07564102564102562
591,final_half,Fisher,70,0.7484734493920042,0.16666666666666666,-0.0020873064473799297,0.06217948717948717
597,final_half,Semantic,98,0.5656204374908351,0.25,0.0357802727463994,0.07015393876848985
597,final_half,Temperature,98,0.7947962690230731,0.42857142857142855,7.459403630242917e-05,0.051754385964912275
597,final_half,Fisher,98,0.7480251707055829,0.25,0.02749969716096372,0.03187134502923976
599,final_half,Semantic,100,0.6637503750375037,0.6666666666666666,-0.00688628862886288,0.05414516683866529
599,final_half,Temperature,100,0.5858745874587458,0.6666666666666666,0.006643864386438649,0.06366959064327485
599,final_half,Fisher,100,0.5738253825382537,0.3333333333333333,0.0011875187518751856,0.05741314069487443
619,final_half,Semantic,87,0.6032477947072974,0.38461538461538464,-0.0250619669023839,0.05288865546218487
619,final_half,Temperature,87,0.6830392943063351,0.6363636363636364,-0.052046730334621275,0.045220588235294124
619,final_half,Fisher,87,0.6291645403513887,0.2857142857142857,-0.011483013778523005,0.05816176470588236
620,final_half,Semantic,54,0.7937106918238992,0.3333333333333333,-0.0004040404040403997,0.06909090909090908
620,final_half,Temperature,54,0.8623213264722699,0.7142857142857143,-0.06149799885648939,0.07212121212121211
620,final_half,Fisher,54,0.7206784829426337,0.2,-0.026868686868686854,0.07090909090909091
625,final_half,Semantic,49,0.8551020408163265,0.42857142857142855,0.029265306122448976,0.04583333333333332
625,final_half,Temperature,49,0.7535714285714286,0.25,0.025071428571428567,0.10198412698412698
625,final_half,Fisher,49,0.8265306122448979,0.6666666666666666,-0.021071428571428567,0.02777777777777778
628,final_half,Semantic,78,0.7650450815007775,0.7777777777777778,0.03376496920800719,0.06058608058608057
628,final_half,Temperature,78,0.9115062153036835,0.7777777777777778,-0.00143780270362549,0.047619047619047616
628,final_half,Fisher,78,0.8296640068791966,0.6,-0.013511804651045156,0.056776556776556776
630,final_half,Semantic,132,0.5529994312637944,0.47368421052631576,-0.017991108931245524,0.0642250712250712
630,final_half,Temperature,132,0.6934511852149456,0.47368421052631576,-0.021208381815051157,0.05866951566951566
630,final_half,Fisher,132,0.7463749589101135,0.47368421052631576,0.006066432563017535,0.046188034188034174
633,final_half,Semantic,87,0.5961216009331486,0.2,0.008736421958154111,0.06735294117647059
633,final_half,Temperature,87,0.5556061821097907,0.2,0.0013742071881606755,0.05183823529411765
633,final_half,Fisher,87,0.5925858423853612,0.125,-0.011882153532113438,0.04595588235294118
638,final_half,Semantic,67,0.763907734056988,0.2727272727272727,-0.02244393008220928,0.047435897435897434
638,final_half,Temperature,67,0.8515843243674674,0.5555555555555556,-0.011992178146699655,0.05576923076923076
638,final_half,Fisher,67,0.7809082927607951,0.16666666666666666,0.006772288291164497,0.058974358974358966
641,final_half,Semantic,67,0.8924096097054833,0.2727272727272727,0.0009777316625429022,0.06491841491841491
641,final_half,Temperature,67,0.8448000638518638,0.5555555555555556,0.021703647537712503,0.05961538461538461
641,final_half,Fisher,67,0.7803495889536278,0.4,-0.013003831111820574,0.0423076923076923
644,final_half,Semantic,84,0.7016300496102056,0.5,0.00990280449529209,0.04191176470588236
644,final_half,Temperature,84,0.7227295737572137,0.5,0.010209577807026422,0.06889705882352942
644,final_half,Fisher,84,0.766791535891465,0.5,-0.03769970638857953,0.03647058823529412
648,final_half,Semantic,83,0.7493598085722681,0.5,0.027957474497292308,0.07399159663865547
648,final_half,Temperature,83,0.8430796356156331,0.5,0.03075962386129885,0.07441176470588236
648,final_half,Fisher,83,0.7525922505352419,0.6363636363636364,0.01138596196633223,0.06772058823529412
654,final_half,Semantic,127,0.7859837832770903,0.7333333333333333,0.011989126359205099,0.05480105401844532
654,final_half,Temperature,127,0.7342109580052493,0.4444444444444444,-0.008143806242969629,0.03666666666666667
654,final_half,Fisher,127,0.8139119328833895,0.625,0.017605807086614172,0.06946772068511199
658,final_half,Semantic,57,0.6391625615763546,0.09090909090909091,0.009754990925589842,0.05
658,final_half,Temperature,57,0.5249546279491835,0.2,-0.02135403163080114,0.061818181818181814
658,final_half,Fisher,57,0.6833030852994556,0.0,-0.06195553539019964,0.05545454545454546
660,final_half,Semantic,87,0.6749289203178537,0.2,0.002200736312604797,0.04566176470588235
660,final_half,Temperature,87,0.712254866224393,0.5,0.015436137639425532,0.04007352941176471
660,final_half,Fisher,87,0.790497193263833,0.38461538461538464,0.007241926077130567,0.05639705882352941
663,final_half,Semantic,159,0.7555111058036781,0.45454545454545453,0.020389001671841416,0.06659939615445734
663,final_half,Temperature,159,0.8387299976116552,0.5238095238095238,-0.03370133747313112,0.06428412521849673
663,final_half,Fisher,159,0.7375686649152139,0.6,-0.009267375208980178,0.0464738598442714
669,final_half,Semantic,113,0.6756770244194559,0.3333333333333333,-0.00685341672765986,0.07797854319593449
669,final_half,Temperature,113,0.6182879765786147,0.3333333333333333,-0.04050086499434427,0.042094861660079044
669,final_half,Fisher,113,0.7306207997870784,0.2631578947368421,0.0019142158493579086,0.06677583286278939
672,final_half,Semantic,76,0.7589883800410118,0.6,0.021758031442241962,0.059523809523809514
672,final_half,Temperature,76,0.6757621326042378,0.6,0.028221462747778543,0.06736263736263737
672,final_half,Fisher,76,0.6530143540669856,0.3333333333333333,-0.021196172248803824,0.08058608058608058
683,final_half,Semantic,97,0.5499026930359773,0.42857142857142855,0.030208552493162216,0.05536635706914343
683,final_half,Temperature,97,0.6622001893540921,0.42857142857142855,-0.010660372396381228,0.0324561403508772
683,final_half,Fisher,97,0.5133336839890595,0.17647058823529413,-0.036453292657269085,0.07232542139662881
686,final_half,Semantic,63,0.8862807219662059,0.5555555555555556,-0.03481902841781874,0.0641025641025641
686,final_half,Temperature,63,0.8593509984639017,0.5555555555555556,0.028127400153609844,0.06555944055944055
686,final_half,Fisher,63,0.8730798771121352,0.5555555555555556,0.0029641897081413198,0.04807692307692307
694,final_half,Semantic,68,0.9101042104057717,0.5555555555555556,0.0012635034545940415,0.05961538461538461
694,final_half,Temperature,68,0.9089208688017711,0.4,0.006890101920067176,0.05512820512820512
694,final_half,Fisher,68,0.895980455777379,0.5555555555555556,0.04346680917662328,0.052564102564102565
706,final_half,Semantic,97,0.7402824531874604,0.3333333333333333,-0.004205238796549545,0.05641124871001032
706,final_half,Temperature,97,0.7572454239427728,0.42857142857142855,0.00037607826635809304,0.049466804265565864
706,final_half,Fisher,97,0.7293419945297706,0.25,-0.008702398485167257,0.04093567251461988
711,final_half,Semantic,129,0.6634671288014312,0.3684210526315789,0.005089165921288015,0.05480105401844533
711,final_half,Temperature,129,0.6811046511627907,0.3684210526315789,0.03522473166368515,0.04752173913043478
711,final_half,Fisher,129,0.7252962880143113,0.3684210526315789,0.011619521466905194,0.04952173913043479
718,final_half,Semantic,55,0.47474747474747486,0.3333333333333333,0.039848484848484855,0.1009090909090909
718,final_half,Temperature,55,0.7221500721500723,0.7142857142857143,-0.004260461760461766,0.04727272727272728
718,final_half,Fisher,55,0.792929292929293,0.5,-0.012222222222222218,0.08303030303030302
727,final_half,Semantic,65,0.6268356643356643,0.2727272727272727,-0.015179195804195808,0.027564102564102567
727,final_half,Temperature,65,0.5865384615384616,0.4,0.03449300699300699,0.046153846153846156
727,final_half,Fisher,65,0.5077797202797203,0.2727272727272727,-0.010334353146853149,0.06107226107226107
734,final_half,Semantic,116,0.8455080152231577,0.3333333333333333,-0.015143966478299312,0.04836815358554489
734,final_half,Temperature,116,0.8437089147733826,0.6,-0.009968861722984664,0.05375494071146244
734,final_half,Fisher,116,0.8009226156152693,0.2,-0.0013443278360819582,0.040542066629023155
737,final_half,Semantic,72,0.6925525757283427,0.45454545454545453,0.03448131712650332,0.06857142857142856
737,final_half,Temperature,72,0.6371470834137244,0.23076923076923078,0.025934143674834396,0.06725274725274724
737,final_half,Fisher,72,0.770724805453727,0.3333333333333333,0.0020580101614251717,0.06142857142857142
740,final_half,Semantic,72,0.5562094025339251,0.3333333333333333,-0.002135185542478618,0.06010989010989011
740,final_half,Temperature,72,0.5801980834780373,0.23076923076923078,-0.02798893819538234,0.05963369963369963
740,final_half,Fisher,72,0.6202971252170558,0.6,0.01871824554633739,0.06523809523809523
742,final_half,Semantic,71,0.6871227364185111,0.3333333333333333,-0.03967639168343394,0.05809523809523809
742,final_half,Temperature,71,0.6023809523809524,0.3333333333333333,0.0362458081824279,0.06619047619047619
742,final_half,Fisher,71,0.7386988598256203,0.6,-0.009044265593561368,0.03428571428571429
746,final_half,Semantic,203,0.6847735338587467,0.3125,-0.0005384434415623536,0.059669432442218076
746,final_half,Temperature,203,0.5854121778448491,0.3125,0.004689629351228372,0.05641269392232164
746,final_half,Fisher,203,0.7603349294651286,0.4,0.00790709250583128,0.05287974480849963
753,final_half,Semantic,92,0.7123283448669143,0.3333333333333333,0.021399287949077563,0.06257309941520468
753,final_half,Temperature,92,0.7453878519797172,0.25,0.03557326264198634,0.06986154110767114
753,final_half,Fisher,92,0.6685572492024104,0.3333333333333333,-0.048160535117056855,0.05765393876848984
764,final_half,Semantic,124,0.5480283241542092,0.5294117647058824,0.010318174665617625,0.06313438735177866
764,final_half,Temperature,124,0.473567269866247,0.4444444444444444,0.018745869394177807,0.05168840579710145
764,final_half,Fisher,124,0.5272446892210857,0.3684210526315789,-0.019109677419354838,0.059426501035196685
766,final_half,Semantic,112,0.40124543000649193,0.2,0.016899152629241125,0.04923771880293619
766,final_half,Temperature,112,0.4998974954727168,0.5,0.020473570916048796,0.04488989271597968
766,final_half,Fisher,112,0.5707024976936481,0.09090909090909091,0.019442546212457716,0.06875211744776961
774,final_half,Semantic,70,0.9201469687691366,0.5555555555555556,0.02995888373720585,0.07499999999999998
774,final_half,Temperature,70,0.8109701688391215,0.5555555555555556,-0.04332954247222466,0.044405594405594405
774,final_half,Fisher,70,0.8638089406001225,0.5555555555555556,-0.055834135246260165,0.023717948717948717
775,final_half,Semantic,103,0.8230681368888109,0.4666666666666667,-0.012554364538944781,0.05170426065162907
775,final_half,Temperature,103,0.8394104467776654,0.4666666666666667,-0.0025644686552739097,0.06796992481203008
775,final_half,Fisher,103,0.8910402846724949,0.8333333333333334,-0.015468084171682115,0.06800751879699249
785,final_half,Semantic,87,0.5484617627761172,0.38461538461538464,-0.014965918203688847,0.03308823529411765
785,final_half,Temperature,87,0.5720456368010497,0.2857142857142857,0.00961216009331486,0.05477941176470589
785,final_half,Fisher,87,0.7335787708682655,0.38461538461538464,-0.014136655245316035,0.06852941176470588
786,final_half,Semantic,50,0.7257142857142855,1.0,-0.03369507803121248,0.04027777777777778
786,final_half,Temperature,50,0.7571188475390156,0.42857142857142855,-0.03805042016806723,0.05277777777777778
786,final_half,Fisher,50,0.7390636254501801,0.42857142857142855,0.004297719087635057,0.05
787,final_half,Semantic,55,0.7935064935064937,0.3333333333333333,-0.005393217893217891,0.04818181818181819
787,final_half,Temperature,55,0.6637085137085138,0.2,-0.022074314574314587,0.045454545454545456
787,final_half,Fisher,55,0.6191197691197692,0.2,-0.02390692640692641,0.07545454545454544
792,final_half,Semantic,62,0.5328750220341971,0.16666666666666666,-2.7700133464283322e-05,0.07325174825174825
792,final_half,Temperature,62,0.6295736697640453,0.2727272727272727,-0.005809473445644786,0.05722610722610723
792,final_half,Fisher,62,0.624537281861449,0.16666666666666666,0.014280677897811692,0.06491841491841492
793,final_half,Semantic,52,0.6851361734824554,0.2,0.02148894390847776,0.05272727272727272
793,final_half,Temperature,52,0.8071373687355929,0.3333333333333333,-0.03897378980619824,0.07090909090909091
793,final_half,Fisher,52,0.7350806795867838,0.3333333333333333,-0.03225475966874414,0.06515151515151514
795,final_half,Semantic,75,0.6334566145092461,0.3333333333333333,0.023514935988620193,0.05523809523809524
795,final_half,Temperature,75,0.4884210526315789,0.6,-0.04032716927453769,0.05868131868131867
795,final_half,Fisher,75,0.5803698435277381,0.3333333333333333,0.03910099573257468,0.062380952380952384
798,final_half,Semantic,151,0.7571558034158242,0.45454545454545453,-0.006106308818403622,0.0641765983367763
798,final_half,Temperature,151,0.7213558731265248,0.391304347826087,0.028125479261066573,0.0571523915461624
798,final_half,Fisher,151,0.6338027187173231,0.10344827586206896,0.023263855001742766,0.05531331108639229
799,final_half,Semantic,65,0.5337412587412587,0.5555555555555556,-0.019125874125874125,0.04807692307692307
799,final_half,Temperature,65,0.7069930069930069,0.5555555555555556,0.005059003496503497,0.0706876456876457
799,final_half,Fisher,65,0.6073426573426574,0.5555555555555556,-0.024608828671328672,0.06107226107226107
801,final_half,Semantic,77,0.7599242862400756,0.6,0.03544218938955781,0.05915750915750915
801,final_half,Temperature,77,0.7674956622325042,0.7777777777777778,0.014526263210473737,0.056776556776556776
801,final_half,Fisher,77,0.7697565592302434,0.6,-0.006970660918029339,0.0563003663003663
811,final_half,Semantic,65,0.6986451048951049,0.4,0.03430725524475525,0.051923076923076926
811,final_half,Temperature,65,0.8223776223776224,0.4,-0.04035402097902098,0.05128205128205128
811,final_half,Fisher,65,0.70625,0.5555555555555556,-0.010718968531468528,0.06876456876456875
824,final_half,Semantic,73,0.785295569542145,0.3333333333333333,0.0524281130445514,0.07498168498168498
824,final_half,Temperature,73,0.781932617549056,0.3333333333333333,0.0028600518326545726,0.0657142857142857
824,final_half,Fisher,73,0.710446748117981,0.7777777777777778,-0.0036267431815377007,0.04095238095238095
825,final_half,Semantic,59,0.40409117475160733,0.2,0.015943892460549385,0.06090909090909091
825,final_half,Temperature,59,0.7126241963763882,0.7142857142857143,-0.00020455873758036362,0.0668181818181818
825,final_half,Fisher,59,0.4943308007013443,0.2,0.008378141437755709,0.031818181818181815
831,final_half,Semantic,51,0.7276018099547511,0.5,0.039126696832579175,0.07545454545454544
831,final_half,Temperature,51,0.7232579185520361,0.2,0.00799095022624435,0.0912121212121212
831,final_half,Fisher,51,0.6335746606334842,0.2,0.010999999999999992,0.04272727272727273
839,final_half,Semantic,78,0.7347209752273043,0.3333333333333333,-0.0173737654750313,0.06391941391941391
839,final_half,Temperature,78,0.8171195892714879,0.45454545454545453,0.04093754346918903,0.06904761904761905
839,final_half,Fisher,78,0.6710378229365571,0.3333333333333333,0.061623186939642624,0.07117216117216116
849,final_half,Semantic,63,0.7087653609831029,0.5555555555555556,-0.04021697388632873,0.044230769230769226
849,final_half,Temperature,63,0.6594662058371735,0.75,-0.041733870967741934,0.04358974358974359
849,final_half,Fisher,63,0.6367127496159755,0.2727272727272727,0.03906490015360983,0.05961538461538461
852,final_half,Semantic,58,0.8820634285890061,0.5,-0.01449444769140854,0.0593939393939394
852,final_half,Temperature,58,0.8874157925497556,0.3333333333333333,-0.04897413024085639,0.045454545454545456
852,final_half,Fisher,58,0.8839705927589284,0.2,0.024863883847549905,0.06636363636363636
860,final_half,Semantic,115,0.6256371814092955,0.5,0.005502643415134541,0.0611236589497459
860,final_half,Temperature,115,0.6675293931981379,0.5,-0.035205160577605935,0.026482213438735174
860,final_half,Fisher,115,0.6361240432415372,0.5,-0.004027459954233407,0.037549407114624504
865,final_half,Semantic,59,0.6323202805376973,0.2,0.012869666861484514,0.059999999999999984
865,final_half,Temperature,59,0.8001168907071889,0.09090909090909091,-0.014398012857977793,0.031818181818181815
865,final_half,Fisher,59,0.5411455289304502,0.2,-0.013004091174751606,0.06
866,final_half,Semantic,62,0.7942635541789429,0.5555555555555556,0.04645312381959658,0.08782051282051281
866,final_half,Temperature,62,0.7123718868827277,0.75,-0.004527712724434034,0.05512820512820512
866,final_half,Fisher,62,0.7635919518521317,0.5555555555555556,0.026448591070484258,0.06346153846153846
872,final_half,Semantic,89,0.5574225400068097,0.38461538461538464,-0.038625297923050736,0.042279411764705885
872,final_half,Temperature,89,0.6193394620360914,0.2857142857142857,-0.031295539666326186,0.04191176470588236
872,final_half,Fisher,89,0.6365849506298946,0.2857142857142857,0.0039589717398706165,0.051470588235294115
874,final_half,Semantic,97,0.6517199663370502,0.3333333333333333,-0.01681372291184515,0.043567251461988296
874,final_half,Temperature,97,0.8667683568272669,0.42857142857142855,-0.02332013991163475,0.055022359821121435
874,final_half,Fisher,97,0.7679886387544708,0.5384615384615384,-0.009626157163896485,0.05765393876848986
879,final_half,Semantic,159,0.8082338189634584,0.45454545454545453,0.007244148555051347,0.0649028020551936
879,final_half,Temperature,159,0.6573770002388345,0.18518518518518517,-0.0002303260090757117,0.050571828780950026
879,final_half,Fisher,159,0.7339742058753285,0.3333333333333333,0.013907481490327205,0.05453413846072356
884,final_half,Semantic,70,0.7274779109439244,0.5555555555555556,-0.0014539410375295236,0.06474358974358975
884,final_half,Temperature,70,0.8517015134283964,0.75,0.020188959846032715,0.08076923076923076
884,final_half,Fisher,70,0.72107427171726,0.16666666666666666,0.007831335841133758,0.039102564102564095
891,final_half,Semantic,82,0.7070123311674884,0.38461538461538464,-0.024653628062385042,0.04602941176470589
891,final_half,Temperature,82,0.7996321328675133,0.5,0.0060850447861908324,0.07102941176470588
891,final_half,Fisher,82,0.791229960492376,0.2857142857142857,0.025566765707817723,0.07917824822236588
898,final_half,Semantic,88,0.836092423655384,0.5,0.06652108062414147,0.08029411764705882
898,final_half,Temperature,88,0.8400725582050652,0.6363636363636364,-0.0356697544996654,0.036397058823529414
898,final_half,Fisher,88,0.8375365432707549,0.38461538461538464,-0.04066253390158854,0.06433823529411765
904,final_half,Semantic,73,0.8024188572133779,0.3333333333333333,0.0024666790077748973,0.06010989010989011
904,final_half,Temperature,73,0.850518326545724,0.23076923076923078,0.009447118351227942,0.06677655677655678
904,final_half,Fisher,73,0.8168579538442554,0.3333333333333333,0.027056337159076887,0.06677655677655678
908,final_half,Semantic,146,0.7576238998197294,0.42857142857142855,0.001071404471094059,0.06022378005136626
908,final_half,Temperature,146,0.8799109251636414,0.36363636363636365,0.008847329200929307,0.06246579091406679
908,final_half,Fisher,146,0.7746290958518505,0.30434782608695654,-0.006364801943450978,0.05814597280114522
916,final_half,Semantic,75,0.696330014224751,0.23076923076923078,-0.02036984352773826,0.0338095238095238
916,final_half,Temperature,75,0.7761877667140824,0.45454545454545453,-0.022213371266002847,0.03666666666666667
916,final_half,Fisher,75,0.7026458036984352,0.45454545454545453,0.0014366998577524863,0.07164835164835165
917,final_half,Semantic,68,0.44119555674313843,0.16666666666666666,0.05681375730045425,0.07564102564102564
917,final_half,Temperature,68,0.7536359125090658,0.5555555555555556,0.00787113028209337,0.06282051282051282
917,final_half,Fisher,68,0.6150322556017864,0.2727272727272727,-0.013043478260869563,0.06794871794871796
918,final_half,Semantic,65,0.544055944055944,0.07692307692307693,0.0037412587412587435,0.04294871794871794
918,final_half,Temperature,65,0.568006993006993,0.16666666666666666,0.031634615384615386,0.046794871794871795
918,final_half,Fisher,65,0.7061625874125874,0.2727272727272727,-0.03809440559440559,0.0715034965034965
927,final_half,Semantic,67,0.5381913959613698,0.75,0.04814430521190837,0.09586247086247088
927,final_half,Temperature,67,0.7372495809721448,0.75,0.02255168010216298,0.0391025641025641
927,final_half,Fisher,67,0.6005267778753293,0.5555555555555556,-0.027081171681698463,0.035256410256410256
933,final_half,Semantic,51,0.7148416289592758,0.3333333333333333,0.0038099547511312197,0.07090909090909091
933,final_half,Temperature,51,0.6607239819004526,0.3333333333333333,0.08039366515837101,0.0609090909090909
933,final_half,Fisher,51,0.750497737556561,0.09090909090909091,0.016723981900452493,0.07212121212121211
934,final_half,Semantic,89,0.3974974463738509,0.058823529411764705,-0.031206162751106575,0.06183823529411765
934,final_half,Temperature,89,0.4853762342526388,0.2857142857142857,-0.0017568947906026603,0.05514705882352942
934,final_half,Fisher,89,0.5402621722846442,0.38461538461538464,-0.02247276132107593,0.04823529411764706
938,final_half,Semantic,70,0.7636252296387018,0.5555555555555556,0.04012247397428047,0.051923076923076926
938,final_half,Temperature,70,0.8630391041903596,0.5555555555555556,-0.03572040941299974,0.05897435897435899
938,final_half,Fisher,70,0.8413787070247571,0.5555555555555556,0.013267430670982414,0.06107226107226107
939,final_half,Semantic,59,0.8437755698421977,0.5,-0.019292811221507892,0.04484848484848485
939,final_half,Temperature,59,0.7632963179427237,0.7142857142857143,-0.04118936294564583,0.03272727272727273
939,final_half,Fisher,59,0.847866744593805,0.7142857142857143,0.013278784336645233,0.06545454545454545
944,final_half,Semantic,94,0.8311454683379693,0.42857142857142855,0.014559115702777875,0.06350189198486413
944,final_half,Temperature,94,0.6720442148611062,0.6666666666666666,0.005661958602752592,0.04946680426556588
944,final_half,Fisher,94,0.7441895748293177,0.3333333333333333,0.008101723079146047,0.05180598555211559
945,final_half,Semantic,105,0.7958946713663695,0.29411764705882354,0.03327182251710553,0.07356725146198832
945,final_half,Temperature,105,0.7511922040223927,0.375,-0.0011979058677171884,0.0493233082706767
945,final_half,Fisher,105,0.6050798258345428,0.2222222222222222,-0.020454592577234088,0.0643233082706767
946,final_half,Semantic,108,0.7822744291062904,0.5714285714285714,0.026543580363352293,0.07035087719298247
946,final_half,Temperature,108,0.8811912315299094,0.8333333333333334,-0.0160979164880391,0.04166666666666667
946,final_half,Fisher,108,0.7813122219364181,0.5714285714285714,0.0006335324435298731,0.04479949874686717
960,final_half,Semantic,71,0.7648558014755198,0.14285714285714285,0.0209121395036888,0.0927106227106227
960,final_half,Temperature,71,0.8144198524480213,0.45454545454545453,-0.001441985244802145,0.082014652014652
960,final_half,Fisher,71,0.778001341381623,0.45454545454545453,0.032307176391683436,0.06201465201465202
965,final_half,Semantic,151,0.7787870338096898,0.391304347826087,-0.020190484489369116,0.0749610678531702
965,final_half,Temperature,151,0.7463959567793657,0.391304347826087,-0.011642906936214706,0.06391204807222604
965,final_half,Fisher,151,0.8528232833739978,0.45454545454545453,-0.005314569536423837,0.08432597065522537
966,final_half,Semantic,58,0.24679319573041314,0.2,-0.020788089452151715,0.07363636363636362
966,final_half,Temperature,58,0.2778615152726937,0.09090909090909091,0.04687317358270017,0.06757575757575757
966,final_half,Fisher,58,0.22409178996585563,0.09090909090909091,-0.040896367159863424,0.05090909090909092
969,final_half,Semantic,123,0.7039635758599787,0.3,0.04302440314196902,0.06489855072463768
969,final_half,Temperature,123,0.6900788071868028,0.4444444444444444,-0.005197598380002836,0.056445981554677206
969,final_half,Fisher,123,0.7542402393881158,0.3684210526315789,0.027354864505810577,0.054634387351778654
977,final_half,Semantic,53,0.7883405902273827,0.3333333333333333,0.03746976294146105,0.07636363636363636
977,final_half,Temperature,53,0.9351717464925011,0.5,0.011848895339461377,0.07909090909090907
977,final_half,Fisher,53,0.7981777132720528,0.5,-0.00533784873407515,0.04636363636363637
980,final_half,Semantic,86,0.7510071229774989,0.125,-0.02959196188499457,0.06397058823529413
980,final_half,Temperature,86,0.8133119486768242,0.2857142857142857,-0.02747959809424973,0.04485294117647059
980,final_half,Fisher,86,0.6773810085381385,0.125,0.007744704938912208,0.07612394957983193
983,final_half,Semantic,73,0.5468036529680367,0.14285714285714285,0.0010891028014315698,0.058571428571428566
983,final_half,Temperature,73,0.3946069357028262,0.23076923076923078,-0.017783536961619155,0.04523809523809523
983,final_half,Fisher,73,0.6245834875971863,0.06666666666666667,0.009476428483277798,0.04476190476190476
993,final_half,Semantic,172,0.8939019817321229,0.38461538461538464,0.00493546340646616,0.04647249809014515
993,final_half,Temperature,172,0.904700924242317,0.38461538461538464,-0.02938743888892819,0.05566367456073338
993,final_half,Fisher,172,0.816929742018711,0.2857142857142857,-0.02494121781129797,0.05405939648586707
997,final_half,Semantic,72,0.7726220335712908,0.7777777777777778,0.0074956588848157394,0.047619047619047616
997,final_half,Temperature,72,0.7165734130812272,0.45454545454545453,0.01797382468325938,0.05534798534798535
997,final_half,Fisher,72,0.7511737089201879,0.45454545454545453,-0.01399446909769117,0.07010989010989012
998,final_half,Semantic,66,0.48310197265421156,0.16666666666666666,-0.060488466757123494,0.044230769230769226
998,final_half,Temperature,66,0.4829767247677697,0.2727272727272727,0.02002087464774032,0.05658508158508159
998,final_half,Fisher,66,0.5167519048116064,0.16666666666666666,0.009481265003653063,0.05576923076923077
0,all_blocks,Semantic,70,0.009920391916717697,0.2727272727272727,0.06,0.05868298368298368
0,all_blocks,Temperature,70,-0.1512903508004549,0.2727272727272727,-0.011773248184760743,0.07948717948717948
0,all_blocks,Fisher,70,-0.14807103490508267,0.2727272727272727,0.004946198932726799,0.058974358974358966
1,all_blocks,Semantic,82,0.02014562314297842,0.0,0.013331374277598198,0.05522058823529412
1,all_blocks,Temperature,82,0.21907684940303218,0.2,0.011028395424516495,0.06772058823529412
1,all_blocks,Fisher,82,0.04924848445271601,0.125,0.021942512597816738,0.04264705882352941
20,all_blocks,Semantic,78,-0.11566914098559668,0.14285714285714285,0.0012721455759430443,0.04630036630036629
20,all_blocks,Temperature,78,-0.08524387005399663,0.14285714285714285,0.06452408351142529,0.09772893772893772
20,all_blocks,Fisher,78,-0.04993740436778412,0.0,-0.028819281983838946,0.07238095238095238
24,all_blocks,Semantic,81,0.08724028906955734,0.2,0.004049232158988257,0.05183823529411765
24,all_blocks,Temperature,81,0.07827461607949412,0.2,-0.024836269196025294,0.05845588235294118
24,all_blocks,Fisher,81,0.04261517615176151,0.2,0.034091011743450764,0.05183823529411765
31,all_blocks,Semantic,55,0.26515151515151525,0.2,-0.027546897546897552,0.06848484848484848
31,all_blocks,Temperature,55,0.12150072150072153,0.3333333333333333,0.0472979797979798,0.10787878787878787
31,all_blocks,Fisher,55,0.23340548340548348,0.09090909090909091,-0.0315909090909091,0.055454545454545444
45,all_blocks,Semantic,65,0.08776223776223777,0.2727272727272727,0.008944493006993006,0.07389277389277389
45,all_blocks,Temperature,65,0.19965034965034967,0.2727272727272727,0.05436625874125874,0.09073426573426573
45,all_blocks,Fisher,65,-0.11909965034965037,0.16666666666666666,-0.02215472027972028,0.07470862470862469
55,all_blocks,Semantic,104,-0.13177211138376188,0.1,-0.03475354742345034,0.06300751879699248
55,all_blocks,Temperature,104,-0.14902379174223837,0.15789473684210525,-0.020390483303104667,0.03670426065162907
55,all_blocks,Fisher,104,-0.16013016110103492,0.047619047619047616,0.017177531206657423,0.0705889724310777
57,all_blocks,Semantic,92,0.3663671531834225,0.17647058823529413,-0.009171894024628946,0.07244152046783625
57,all_blocks,Temperature,92,0.2712729066165251,0.17647058823529413,0.024701385570950786,0.06413828689370485
57,all_blocks,Fisher,92,0.32815991862275173,0.1111111111111111,-0.01951204475748655,0.05380116959064327
60,all_blocks,Semantic,75,0.1564153627311522,0.14285714285714285,0.04314082503556188,0.06333333333333332
60,all_blocks,Temperature,75,-0.005234708392603129,0.23076923076923078,-0.00729018492176387,0.06058608058608058
60,all_blocks,Fisher,75,0.013456614509246087,0.06666666666666667,0.056257467994310105,0.08318681318681317
64,all_blocks,Semantic,63,0.2970910138248848,0.2727272727272727,-0.04506288402457758,0.06876456876456877
64,all_blocks,Temperature,63,0.2575844854070661,0.16666666666666666,0.018046754992319513,0.07837995337995338
64,all_blocks,Fisher,63,0.3629512288786483,0.2727272727272727,-0.032219662058371734,0.06923076923076923
66,all_blocks,Semantic,96,0.30803038524145415,0.17647058823529413,-0.009953879544221377,0.07015393876848985
66,all_blocks,Temperature,96,0.23920238741182856,0.25,0.0036937059142702067,0.045906432748538006
66,all_blocks,Fisher,96,0.3198724905046121,0.17647058823529413,0.016640667390124795,0.04883040935672515
68,all_blocks,Semantic,81,-0.039769647696476965,0.2,-0.04991418247515808,0.04860294117647059
68,all_blocks,Temperature,81,-0.050993676603432694,0.2,0.027664859981933142,0.08379201680672269
68,all_blocks,Fisher,81,-0.19679313459801265,0.2,-0.03259710930442637,0.07845588235294118
73,all_blocks,Semantic,77,0.1500078868499921,0.23076923076923078,-0.017788790157211205,0.04523809523809523
73,all_blocks,Temperature,77,0.14243651085756348,0.23076923076923078,-0.012787212787212784,0.05047619047619047
73,all_blocks,Fisher,77,-0.004180030495819969,0.23076923076923078,-0.00459934802040064,0.04095238095238095
74,all_blocks,Semantic,77,0.1612335033387665,0.3333333333333333,0.005627267469372735,0.05582417582417583
74,all_blocks,Temperature,77,0.18862716231137283,0.23076923076923078,-0.0017784846732215142,0.06523809523809523
74,all_blocks,Fisher,77,0.11677795888322204,0.23076923076923078,0.015312319259687679,0.07333333333333333
78,all_blocks,Semantic,80,0.028832630098452883,0.14285714285714285,0.011002109704641345,0.05582417582417583
78,all_blocks,Temperature,80,0.1736755743084857,0.3333333333333333,-0.014542897327707454,0.047619047619047616
78,all_blocks,Fisher,80,0.028105954055321146,0.23076923076923078,0.01644631973745898,0.03534798534798535
91,all_blocks,Semantic,56,-0.05393028024606972,0.3333333333333333,-0.044900888585099115,0.09515151515151515
91,all_blocks,Temperature,56,-0.12952836637047163,0.09090909090909091,0.04543745727956254,0.08848484848484847
91,all_blocks,Fisher,56,-0.04825700615174299,0.3333333333333333,0.02842447026657553,0.038181818181818185
99,all_blocks,Semantic,117,0.08515038439059477,0.14285714285714285,-0.018306508414632317,0.04726143421795596
99,all_blocks,Temperature,117,0.10798153726265941,0.14285714285714285,-0.015762262284763746,0.059796725014116314
99,all_blocks,Fisher,117,0.16022269178318269,0.14285714285714285,-0.05429648278859266,0.05005646527385658
101,all_blocks,Semantic,174,0.07832227569122127,0.09090909090909091,-0.0007389732053873935,0.0518114973262032
101,all_blocks,Temperature,174,-0.09040918021583758,0.09090909090909091,-0.000723369116432699,0.05369174942704354
101,all_blocks,Fisher,174,0.04994333551638714,0.09090909090909091,0.007321392978159973,0.06372055127036151
105,all_blocks,Semantic,155,-0.012197479939415421,0.18518518518518517,-0.025841416647868265,0.0584059301634385
105,all_blocks,Temperature,155,0.01200734749121846,0.14285714285714285,-0.008086751957719698,0.06339742571110757
105,all_blocks,Fisher,155,-0.07412909670974187,0.14285714285714285,-0.025122135928587547,0.05398702850315753
106,all_blocks,Semantic,104,0.25290728688786945,0.29411764705882354,-0.013525552117785125,0.057218045112781966
106,all_blocks,Temperature,104,0.01221593940040542,0.29411764705882354,0.012852875280059744,0.06950538109980835
106,all_blocks,Fisher,104,0.07660300864184359,0.15789473684210525,-0.0006860130161101029,0.061428571428571443
108,all_blocks,Semantic,190,0.11378096200361287,0.11764705882352941,0.021616257047505326,0.07298029121558533
108,all_blocks,Temperature,190,0.1547245076040888,0.11764705882352941,-0.006847135290232562,0.04462033462033462
108,all_blocks,Fisher,190,0.12466506580587595,0.11764705882352941,-0.006485498213246903,0.05702907739672445
110,all_blocks,Semantic,90,0.14045355393669998,0.2857142857142857,0.029536979874058518,0.06029411764705882
110,all_blocks,Temperature,90,0.24848335185413836,0.2857142857142857,-0.035767378688727,0.03235294117647059
110,all_blocks,Fisher,90,0.27897271268057783,0.2857142857142857,-0.015316294192698688,0.047205882352941174
111,all_blocks,Semantic,51,0.48606334841628956,0.2,-0.018959276018099554,0.04090909090909091
111,all_blocks,Temperature,51,0.41348416289592754,0.3333333333333333,0.03523529411764705,0.05636363636363636
111,all_blocks,Fisher,51,0.4695022624434389,0.2,-0.025882352941176467,0.06999999999999998
112,all_blocks,Semantic,117,0.2434248977206312,0.14285714285714285,0.036564312367935975,0.07063805759457932
112,all_blocks,Temperature,117,0.06380284434054158,0.14285714285714285,0.006120277540499633,0.04923771880293619
112,all_blocks,Fisher,117,0.24408428119708073,0.14285714285714285,-0.0033149005679689466,0.04726143421795595
113,all_blocks,Semantic,115,0.14304426734001421,0.2,0.0022528209579420777,0.04189723320158102
113,all_blocks,Temperature,115,-0.06690602067387359,0.2,-0.002327783476682713,0.05963297571993224
113,all_blocks,Fisher,115,-0.19414503274678452,0.14285714285714285,-0.0009322970093900415,0.0662902315076228
115,all_blocks,Semantic,87,0.049664649704745926,0.125,0.003623241233505871,0.06227941176470588
115,all_blocks,Temperature,87,0.05895968506233141,0.2,-0.04803710723919225,0.048161764705882355
115,all_blocks,Fisher,87,0.12900051031566667,0.2,0.026520922942334324,0.05522058823529412
120,all_blocks,Semantic,85,0.12606996286886846,0.2,-0.023092632401797927,0.036029411764705886
120,all_blocks,Temperature,85,0.23445378151260504,0.2,-0.021062145788547978,0.039338235294117646
120,all_blocks,Fisher,85,0.1407074457690053,0.058823529411764705,-0.022911862419386357,0.06433823529411765
121,all_blocks,Semantic,70,0.38696526988015045,0.2727272727272727,-0.005338115650424285,0.03141025641025641
121,all_blocks,Temperature,70,0.3033330417286327,0.4,-0.012711048902108299,0.07371794871794872
121,all_blocks,Fisher,70,0.35872627066748314,0.2727272727272727,-0.018626541859854778,0.06171328671328671
129,all_blocks,Semantic,121,0.2584676873052431,0.08333333333333333,-0.0012630402384500763,0.058801054018445306
129,all_blocks,Temperature,121,0.11220701801923855,0.18181818181818182,0.00031465926026283744,0.06073188405797101
129,all_blocks,Fisher,121,0.17552499661292503,0.18181818181818182,0.0026442893916813447,0.06565612648221344
130,all_blocks,Semantic,82,0.3982869145960536,0.125,0.018249692537086016,0.07827731092436975
130,all_blocks,Temperature,82,0.3668331864041532,0.2,0.01858055528346448,0.07147058823529412
130,all_blocks,Fisher,82,0.3814608025598329,0.125,-0.0009740860460813357,0.0657563025210084
132,all_blocks,Semantic,85,0.10631229235880399,0.2,-0.008217705686925933,0.030514705882352944
132,all_blocks,Temperature,85,0.23287082274770377,0.2,-0.018092632401797926,0.045294117647058825
132,all_blocks,Fisher,85,0.07674418604651163,0.2,0.020089896423685756,0.05441176470588236
133,all_blocks,Semantic,59,0.3643483343074226,0.2,-0.011706604324956165,0.07393939393939393
133,all_blocks,Temperature,59,0.38094681472822917,0.2,0.018687901811805966,0.05090909090909092
133,all_blocks,Fisher,59,0.28047925189947404,0.3333333333333333,-0.038600233781414375,0.03727272727272728
136,all_blocks,Semantic,76,0.22865345181134655,0.14285714285714285,-0.04258373205741626,0.05142857142857142
136,all_blocks,Temperature,76,0.3009979494190021,0.23076923076923078,0.010913192071086809,0.07238095238095238
136,all_blocks,Fisher,76,0.31455912508544087,0.23076923076923078,-0.0018086124401913918,0.05047619047619049
138,all_blocks,Semantic,78,-0.2587918410703221,0.23076923076923078,-0.0146916374764476,0.047619047619047616
138,all_blocks,Temperature,78,-0.2224737288028427,0.23076923076923078,-0.0033611957662590597,0.05190476190476191
138,all_blocks,Fisher,78,-0.3050493809987481,0.14285714285714285,-0.012778360879626699,0.037142857142857144
175,all_blocks,Semantic,62,0.4250459570396112,0.16666666666666666,-0.003968673667245853,0.0673076923076923
175,all_blocks,Temperature,62,0.358011634056055,0.2727272727272727,-0.004875223489713184,0.08012820512820512
175,all_blocks,Fisher,62,0.41925411095162557,0.2727272727272727,0.011533328296945426,0.06491841491841491
179,all_blocks,Semantic,60,0.2832453459294249,0.2,0.04868296749096973,0.05090909090909092
179,all_blocks,Temperature,60,0.36849124756876916,0.2,0.011483745484856905,0.043939393939393945
179,all_blocks,Fisher,60,0.34959711030841906,0.3333333333333333,-0.0747374270630731,0.05030303030303031
183,all_blocks,Semantic,58,0.12873358146974684,0.2,0.016450829001199666,0.03727272727272728
183,all_blocks,Temperature,58,0.1229505675351441,0.3333333333333333,0.002611584484296656,0.06227272727272727
183,all_blocks,Fisher,58,0.07428712048971055,0.09090909090909091,0.0159648097449937,0.08666666666666664
185,all_blocks,Semantic,97,0.358273721859878,0.17647058823529413,-0.0022650168314748568,0.06769865841073272
185,all_blocks,Temperature,97,0.18028087523669262,0.17647058823529413,0.0017285135703766067,0.05736154110767113
185,all_blocks,Fisher,97,0.4011676835682726,0.17647058823529413,0.07417946560067325,0.09255245958032335
195,all_blocks,Semantic,55,0.3613275613275614,0.2,0.006652236652236651,0.022727272727272728
195,all_blocks,Temperature,55,0.19430014430014433,0.2,0.05435786435786438,0.05090909090909092
195,all_blocks,Fisher,55,0.3973304473304474,0.2,-0.05003246753246754,0.05727272727272727
199,all_blocks,Semantic,134,-0.32751779947380893,0.12,0.008187134502923974,0.06482905982905982
199,all_blocks,Temperature,134,-0.2208281898776793,0.12,-0.028598860334916903,0.07056410256410256
199,all_blocks,Fisher,134,-0.2949039264828739,0.12,-0.030309854237584012,0.07102849002849003
200,all_blocks,Semantic,73,-0.04060224608169814,0.23076923076923078,-0.003921387140565223,0.05761904761904761
200,all_blocks,Temperature,73,0.19736517339257065,0.23076923076923078,-0.07741114402073307,0.030476190476190473
200,all_blocks,Fisher,73,-0.07293594964827842,0.06666666666666667,0.021365543625817603,0.06725274725274726
202,all_blocks,Semantic,140,0.2521571800310512,0.16666666666666666,0.028282565437012096,0.05619373219373219
202,all_blocks,Temperature,140,0.1979663685465002,0.12,0.006703330344842664,0.06003988603988604
202,all_blocks,Fisher,140,0.17944938881721373,0.12,0.03519275764798496,0.05302564102564102
205,all_blocks,Semantic,102,-0.08071766628404703,0.15789473684210525,-0.0737145959027656,0.048809523809523817
205,all_blocks,Temperature,102,-0.06465895018970773,0.15789473684210525,0.011200954475801665,0.04690476190476191
205,all_blocks,Fisher,102,-0.06643445612408186,0.047619047619047616,0.016023658333851658,0.05992063492063493
207,all_blocks,Semantic,173,-0.059015625941566126,0.09090909090909091,0.014547631077592002,0.045828877005347594
207,all_blocks,Temperature,173,-0.18488766102229168,0.09090909090909091,-0.016786530447640814,0.05711054363094211
207,all_blocks,Fisher,173,-0.31895045218350637,0.02857142857142857,0.0006973962944593025,0.053599121466768526
211,all_blocks,Semantic,71,0.11740442655935611,0.23076923076923078,0.026988598256203887,0.06296703296703296
211,all_blocks,Temperature,71,0.31492287055667334,0.23076923076923078,-0.0045489604292421205,0.07556776556776557
211,all_blocks,Fisher,71,0.21079812206572765,0.23076923076923078,0.0007930918846411776,0.07677655677655679
221,all_blocks,Semantic,87,0.076383319967923,0.125,-0.05405518699424071,0.04014705882352941
221,all_blocks,Temperature,87,-0.05321863381205802,0.2,0.01211452941605307,0.05933823529411765
221,all_blocks,Fisher,87,0.08064810089669751,0.125,-0.024032222789239627,0.06268665158371041
237,all_blocks,Semantic,62,0.643323008738133,0.2727272727272727,-0.010523532522474887,0.05273892773892774
237,all_blocks,Temperature,62,0.602931177759311,0.4,0.021331620961446453,0.07022144522144522
237,all_blocks,Fisher,62,0.7156959028984412,0.16666666666666666,-0.015391201430334168,0.08820901320901321
238,all_blocks,Semantic,65,0.4156468531468531,0.0,-0.003795891608391607,0.04294871794871795
238,all_blocks,Temperature,65,0.20253496503496501,0.2727272727272727,-0.00644449300699301,0.04294871794871795
238,all_blocks,Fisher,65,0.4714160839160839,0.0,0.011942744755244756,0.060256410256410264
240,all_blocks,Semantic,55,-0.04660894660894662,0.2,0.009238816738816743,0.0609090909090909
240,all_blocks,Temperature,55,-0.039105339105339115,0.2,-0.039621212121212133,0.05181818181818182
240,all_blocks,Fisher,55,-0.10750360750360753,0.2,-0.06306277056277057,0.07303030303030303
246,all_blocks,Semantic,142,0.2969439909805508,0.15384615384615385,-0.022044632023655104,0.05376299945265463
246,all_blocks,Temperature,142,0.21497262102596237,0.15384615384615385,-0.009105787829192089,0.05002736726874657
246,all_blocks,Fisher,142,0.25507815528792455,0.1111111111111111,-0.02764406705071973,0.04448549534756431
248,all_blocks,Semantic,113,0.08911105196619869,0.14285714285714285,0.021871049304677627,0.06657820440429135
248,all_blocks,Temperature,113,0.07724233149244794,0.14285714285714285,0.022805908576751615,0.04683794466403162
248,all_blocks,Fisher,113,0.05462771974183246,0.14285714285714285,0.03908277330494378,0.042518351214003394
259,all_blocks,Semantic,59,0.09953243717124491,0.3333333333333333,0.029935710111046187,0.07999999999999999
259,all_blocks,Temperature,59,0.06820572764465226,0.09090909090909091,-0.008424897720631212,0.03727272727272728
259,all_blocks,Fisher,59,0.20374050263004095,0.3333333333333333,-0.043129748684979555,0.05181818181818182
264,all_blocks,Semantic,64,-0.05329670329670329,0.2727272727272727,-0.04019001831501831,0.07115384615384615
264,all_blocks,Temperature,64,0.0364010989010989,0.07692307692307693,0.015705128205128205,0.0685897435897436
264,all_blocks,Fisher,64,0.05686813186813185,0.16666666666666666,0.02948489010989011,0.05961538461538461
265,all_blocks,Semantic,112,0.3869033382307719,0.14285714285714285,0.026110038610038612,0.0620327498588368
265,all_blocks,Temperature,112,0.31136604366692866,0.14285714285714285,-0.01840340656712338,0.06488989271597967
265,all_blocks,Fisher,112,0.2712611473673421,0.14285714285714285,0.00476646051867291,0.06677583286278937
272,all_blocks,Semantic,104,0.2418115864717807,0.2222222222222222,-0.013887762722714182,0.05904761904761906
272,all_blocks,Temperature,104,0.3106262669369466,0.1,-0.016816920943134542,0.05015873015873016
272,all_blocks,Fisher,104,0.32579750346740644,0.15789473684210525,-0.006741171449909311,0.049085213032581454
274,all_blocks,Semantic,104,0.27949429211565135,0.15789473684210525,0.02979248906433372,0.0643233082706767
274,all_blocks,Temperature,104,0.27954763682919026,0.15789473684210525,0.004394537501333616,0.05956140350877194
274,all_blocks,Fisher,104,0.14886375760162168,0.1,0.015426757708311107,0.06983709273182959
279,all_blocks,Semantic,65,0.0038461538461538464,0.16666666666666666,-0.013577360139860144,0.044230769230769226
279,all_blocks,Temperature,65,0.10979020979020979,0.4,-0.00640297202797203,0.04358974358974359
279,all_blocks,Fisher,65,0.0019230769230769232,0.2727272727272727,0.02474868881118881,0.05576923076923077
282,all_blocks,Semantic,80,0.12158931082981717,0.14285714285714285,-0.00037623066104078425,0.05809523809523809
282,all_blocks,Temperature,80,0.08771683075480545,0.23076923076923078,-0.03285513361462729,0.041428571428571426
282,all_blocks,Fisher,80,0.09458509142053446,0.23076923076923078,-0.012021800281293956,0.05904761904761905
296,all_blocks,Semantic,95,0.292973124300112,0.1111111111111111,0.0031194008958566628,0.05736154110767113
296,all_blocks,Temperature,95,0.25272956326987683,0.17647058823529413,-0.004442189249720047,0.05502235982112143
296,all_blocks,Fisher,95,0.2825587905935051,0.17647058823529413,-0.003236982082866745,0.05670364637082903
314,all_blocks,Semantic,138,-0.01776985266753274,0.12,-0.0006723913157636388,0.06670085470085471
314,all_blocks,Temperature,138,-0.04816331003746669,0.12,0.03269922303984803,0.07984677319459928
314,all_blocks,Fisher,138,-0.019071255214172043,0.12,0.009635401802328369,0.048484330484330485
324,all_blocks,Semantic,84,0.3952009719550471,0.2857142857142857,0.00884377847524552,0.042279411764705885
324,all_blocks,Temperature,84,0.141642199048294,0.2,-0.016052445074415313,0.034873949579831934
324,all_blocks,Fisher,84,0.2868077351422497,0.2857142857142857,0.03517363571934798,0.11290966386554624
325,all_blocks,Semantic,96,-0.02828269126424308,0.17647058823529413,-0.011541644058600106,0.0632094943240454
325,all_blocks,Temperature,96,0.03492946283233858,0.17647058823529413,-0.03534454693434618,0.06589267285861714
325,all_blocks,Fisher,96,-0.008871405317417255,0.17647058823529413,0.013735078676071624,0.04975920192638459
336,all_blocks,Semantic,72,0.41131262460608403,0.14285714285714285,-0.014782301112611742,0.0563003663003663
336,all_blocks,Temperature,72,0.2576371470834138,0.23076923076923078,0.0021014213132677317,0.05249084249084248
336,all_blocks,Fisher,72,0.22689562029712523,0.14285714285714285,0.008195060775612583,0.06249084249084249
340,all_blocks,Semantic,61,0.29413008989952405,0.07692307692307693,-0.022522474881015327,0.0641025641025641
340,all_blocks,Temperature,61,0.3299841353781068,0.16666666666666666,-0.03258857747223691,0.04038461538461537
340,all_blocks,Fisher,61,0.304071919619249,0.07692307692307693,-0.006517715494447381,0.11201631701631701
346,all_blocks,Semantic,77,-0.2376570797623429,0.14285714285714285,-0.025211630474788367,0.04047619047619048
346,all_blocks,Temperature,77,-0.13599558336400439,0.14285714285714285,-0.0012724117987275851,0.052490842490842494
346,all_blocks,Fisher,77,-0.19314895630685103,0.06666666666666667,0.02989247594510752,0.10413919413919412
352,all_blocks,Semantic,97,0.15503366294971593,0.17647058823529413,0.01331724700189354,0.04454764361885105
352,all_blocks,Temperature,97,0.2119056385440774,0.17647058823529413,-0.027383363139070062,0.06881664946680426
352,all_blocks,Fisher,97,0.15440248264254156,0.17647058823529413,0.005100068377866614,0.06613347093223254
357,all_blocks,Semantic,95,0.05676091825307951,0.17647058823529413,-0.04883328667413214,0.04391124871001031
357,all_blocks,Temperature,95,0.12029675251959686,0.17647058823529413,0.04434490481522957,0.06425438596491227
357,all_blocks,Fisher,95,0.023460246360582308,0.17647058823529413,0.01961856103023516,0.046250429996560025
360,all_blocks,Semantic,60,0.3142539594331759,0.2,-0.0031453181439288743,0.06848484848484848
360,all_blocks,Temperature,60,0.2183939983328703,0.2,-0.017260350097249244,0.057272727272727274
360,all_blocks,Fisher,60,0.1842178382884135,0.2,-0.02403723256460128,0.0609090909090909
363,all_blocks,Semantic,78,0.22808836732887364,0.14285714285714285,0.0032296817106943695,0.04523809523809523
363,all_blocks,Temperature,78,0.28309665018525776,0.23076923076923078,0.0346931549463195,0.0843956043956044
363,all_blocks,Fisher,78,0.24971231300345226,0.14285714285714285,-0.0009066882484604022,0.07439560439560437
368,all_blocks,Semantic,72,0.1446395266576629,0.23076923076923078,0.006894334040774328,0.048571428571428564
368,all_blocks,Temperature,72,0.028522734581002,0.23076923076923078,-0.052686667952923025,0.05523809523809523
368,all_blocks,Fisher,72,0.05029262331982765,0.14285714285714285,0.013039423757154806,0.07772893772893771
369,all_blocks,Semantic,97,0.28258468335787923,0.05263157894736842,0.00018540921523248332,0.03742690058479532
369,all_blocks,Temperature,97,0.15611192930780557,0.17647058823529413,-0.002693035977277508,0.04005847953216374
369,all_blocks,Fisher,97,0.3024537134441405,0.17647058823529413,0.031068535661687352,0.07605349157206744
385,all_blocks,Semantic,95,0.2912793952967525,0.25,-0.010382838745800677,0.07868507051943584
385,all_blocks,Temperature,95,0.2354283314669653,0.17647058823529413,-0.03164403695408734,0.05146198830409356
385,all_blocks,Fisher,95,0.29130739081746915,0.25,-0.03668673012318029,0.03572411420708634
401,all_blocks,Semantic,53,0.4356555394291243,0.3333333333333333,0.058530882115787775,0.031818181818181815
401,all_blocks,Temperature,53,0.29898403483309144,0.3333333333333333,-0.014920980487018221,0.06181818181818181
401,all_blocks,Fisher,53,0.10732139977422996,0.3333333333333333,0.025411223996129655,0.057272727272727274
403,all_blocks,Semantic,62,0.2648888217370502,0.16666666666666666,-0.03261312986326207,0.0685897435897436
403,all_blocks,Temperature,62,0.27249376746997056,0.2727272727272727,-0.023854851300647174,0.05641025641025641
403,all_blocks,Fisher,62,0.24539800055400268,0.16666666666666666,0.03714839716955,0.10209790209790208
407,all_blocks,Semantic,82,0.22517168946789873,0.2,-0.0003635136752973972,0.05889705882352941
407,all_blocks,Temperature,82,0.28733905812953714,0.2,-0.009368639871137669,0.05110294117647059
407,all_blocks,Fisher,82,0.2189244784014105,0.2,-0.02662247907619638,0.04816176470588236
415,all_blocks,Semantic,47,0.42819148936170215,0.25,-0.006677844588344124,0.061111111111111116
415,all_blocks,Temperature,47,0.3078168362627197,0.42857142857142855,0.010401248843663278,0.06944444444444445
415,all_blocks,Fisher,47,0.25716928769657726,0.25,0.021617715078630893,0.06170634920634921
416,all_blocks,Semantic,73,-0.10203011230408493,0.06666666666666667,0.049291928915216596,0.055824175824175815
416,all_blocks,Temperature,73,0.04698876959150932,0.23076923076923078,-0.036071516722201664,0.048095238095238094
416,all_blocks,Fisher,73,-0.08897939034925337,0.06666666666666667,-0.008836233493767743,0.037142857142857144
417,all_blocks,Semantic,91,0.13761745500875938,0.1111111111111111,0.02294792164357382,0.048538011695906436
417,all_blocks,Temperature,91,0.24968944099378884,0.17647058823529413,-0.002431915910176781,0.06453388372893017
417,all_blocks,Fisher,91,0.30648192387322826,0.1111111111111111,0.001071030418856507,0.062310801513587886
418,all_blocks,Semantic,147,-0.18454993993154462,0.1111111111111111,0.0017045840920596287,0.0649993684476443
418,all_blocks,Temperature,147,-0.10188970071553241,0.1111111111111111,-0.0017168622354532316,0.049112668940255136
418,all_blocks,Fisher,147,-0.0810546358491564,0.034482758620689655,0.01006977763337842,0.07479895583343858
422,all_blocks,Semantic,59,-0.013091759205143192,0.2,0.02394798363530099,0.03181818181818182
422,all_blocks,Temperature,59,0.03372296902396261,0.3333333333333333,-0.018725891291642323,0.046363636363636364
422,all_blocks,Fisher,59,-0.029047340736411457,0.3333333333333333,0.011794272355347754,0.04636363636363637
426,all_blocks,Semantic,79,-0.01299902629016553,0.23076923076923078,0.027765335929892894,0.06677655677655678
426,all_blocks,Temperature,79,0.11742940603700097,0.23076923076923078,-0.027417234664070107,0.049157509157509154
426,all_blocks,Fisher,79,0.11742940603700097,0.23076923076923078,0.08701679649464458,0.08534798534798535
430,all_blocks,Semantic,99,0.30196660482374765,0.17647058823529413,0.005670377241805815,0.04298245614035088
430,all_blocks,Temperature,99,0.28691403834260976,0.17647058823529413,0.023974644403215832,0.04951840385276918
430,all_blocks,Fisher,99,0.22606060606060605,0.25,-0.022473716759431047,0.05180598555211559
436,all_blocks,Semantic,83,0.08284706771336214,0.058823529411764705,0.013657067293564498,0.11040966386554621
436,all_blocks,Temperature,83,0.06867889677175601,0.2,0.04208681415557701,0.06183823529411765
436,all_blocks,Fisher,83,0.12648503421350907,0.2,-0.04109294320137693,0.049705882352941176
438,all_blocks,Semantic,95,0.13302071668533033,0.17647058823529413,0.03850223964165733,0.07033023735810115
438,all_blocks,Temperature,95,0.11438969764837627,0.17647058823529413,-0.044958006718924984,0.04654282765737875
438,all_blocks,Fisher,95,0.05501119820828667,0.17647058823529413,0.039918812989921615,0.04654282765737874
440,all_blocks,Semantic,76,0.27163362952836634,0.23076923076923078,0.0008598769651401237,0.048571428571428564
440,all_blocks,Temperature,76,0.15455912508544087,0.23076923076923078,0.0090622009569378,0.04047619047619048
440,all_blocks,Fisher,76,0.25793574846206424,0.14285714285714285,0.06583185235816813,0.05809523809523809
441,all_blocks,Semantic,60,0.255515420950264,0.09090909090909091,0.051172547929980564,0.061818181818181814
441,all_blocks,Temperature,60,0.2939149763823285,0.3333333333333333,-0.04771881078077244,0.06999999999999999
441,all_blocks,Fisher,60,0.3454292859127536,0.2,0.029380383439844403,0.061818181818181814
442,all_blocks,Semantic,115,0.225526710329046,0.14285714285714285,-0.0028063599779057855,0.04963297571993224
442,all_blocks,Temperature,115,0.03375680580762251,0.14285714285714285,0.02815237118282964,0.05700169395821569
442,all_blocks,Fisher,115,0.19158052552671034,0.09090909090909091,-0.04850074962518741,0.04073969508752118
444,all_blocks,Semantic,84,-0.008565353852384328,0.125,-0.01830414093348182,0.05014705882352941
444,all_blocks,Temperature,84,0.3557557962944214,0.2857142857142857,0.0021595626202288174,0.06808823529411764
444,all_blocks,Fisher,84,-0.1330565961324289,0.058823529411764705,-0.03567176268097601,0.05183823529411765
446,all_blocks,Semantic,124,0.08639496459480724,0.13043478260869565,0.0012371361132966188,0.052043478260869566
446,all_blocks,Temperature,124,0.08871125098347757,0.13043478260869565,-0.015963178599527932,0.043000000000000003
446,all_blocks,Fisher,124,0.20609284028324154,0.13043478260869565,-0.014171203776553887,0.041590909090909095
457,all_blocks,Semantic,66,0.38607660995720705,0.2727272727272727,0.006656925164387856,0.05192307692307692
457,all_blocks,Temperature,66,0.3665796889677488,0.2727272727272727,-0.021928817451205524,0.06701631701631702
457,all_blocks,Fisher,66,0.45730090804717677,0.16666666666666666,0.010326688237136,0.06025641025641025
463,all_blocks,Semantic,122,-0.06601987304251852,0.13043478260869565,0.026512370258508167,0.064731884057971
463,all_blocks,Temperature,122,-0.23701924189002085,0.13043478260869565,-0.0073319432557555474,0.061489459815546765
463,all_blocks,Fisher,122,-0.028884314042977848,0.13043478260869565,0.02468665426391427,0.08688763410502541
466,all_blocks,Semantic,75,0.14816500711237554,0.23076923076923078,-0.003546230440967282,0.04582417582417582
466,all_blocks,Temperature,75,0.04597439544807965,0.23076923076923078,0.020032716927453762,0.05857142857142857
466,all_blocks,Fisher,75,0.2388335704125178,0.14285714285714285,-0.03277098150782361,0.06296703296703296
471,all_blocks,Semantic,61,0.322316234796404,0.16666666666666666,0.04681121099947117,0.07179487179487179
471,all_blocks,Temperature,61,0.35441565309360124,0.07692307692307693,-0.023022210470650444,0.06171328671328671
471,all_blocks,Fisher,61,0.42284505552617657,0.07692307692307693,-0.020174510840824954,0.06217948717948717
475,all_blocks,Semantic,116,0.11840233729289203,0.14285714285714285,0.04153384846038519,0.06411631846414453
475,all_blocks,Temperature,116,-0.09865067466266866,0.14285714285714285,-0.021255526083112295,0.05180688876341051
475,all_blocks,Fisher,116,-0.2445162034367432,0.14285714285714285,-0.0037227540076115806,0.07106154714850366
480,all_blocks,Semantic,78,0.1966261586514751,0.14285714285714285,-0.014039125431530497,0.0706959706959707
480,all_blocks,Temperature,78,0.18779954222992198,0.23076923076923078,-0.028872393429355464,0.06725274725274724
480,all_blocks,Fisher,78,0.218376560148712,0.06666666666666667,0.028260347247689017,0.04571428571428571
482,all_blocks,Semantic,47,0.33048103607770585,0.25,0.03279370952821462,0.06805555555555556
482,all_blocks,Temperature,47,0.3051572617946346,0.25,-0.01289893617021277,0.058333333333333334
482,all_blocks,Fisher,47,0.2425994449583719,0.25,0.017125346901017587,0.04583333333333332
484,all_blocks,Semantic,52,0.12020831554682831,0.2,-0.0028259199180397836,0.05848484848484847
484,all_blocks,Temperature,52,0.15273627593272432,0.3333333333333333,-0.016827456672073766,0.06090909090909091
484,all_blocks,Fisher,52,0.12635533168274568,0.09090909090909091,-0.011551267822078033,0.03727272727272727
511,all_blocks,Semantic,97,0.1135598569324637,0.17647058823529413,-0.0027699610772143877,0.05595115239078088
511,all_blocks,Temperature,97,0.018093835472333262,0.17647058823529413,0.00856958762886598,0.03479532163742689
511,all_blocks,Fisher,97,0.22680412371134018,0.17647058823529413,0.017401509572901326,0.04625042999656002
513,all_blocks,Semantic,78,0.000619633531025936,0.14285714285714285,-0.007153605887783102,0.047619047619047616
513,all_blocks,Temperature,78,0.14164316695962262,0.23076923076923078,0.02022155060129743,0.06999999999999999
513,all_blocks,Fisher,78,0.023836922571099785,0.06666666666666667,0.018355062658860118,0.07106227106227106
515,all_blocks,Semantic,63,0.19556451612903225,0.16666666666666666,-0.017895545314900153,0.04825174825174825
515,all_blocks,Temperature,63,0.1943164362519201,0.2727272727272727,0.006725230414746541,0.09137529137529138
515,all_blocks,Fisher,63,0.17501920122887865,0.16666666666666666,-0.006590821812596006,0.06555944055944055
518,all_blocks,Semantic,100,0.23429942994299427,0.17647058823529413,-0.004729072907290728,0.029532163742690055
518,all_blocks,Temperature,100,0.5101470147014701,0.17647058823529413,-0.010526252625262527,0.07729618163054695
518,all_blocks,Fisher,100,0.4268226822682267,0.17647058823529413,-0.00646324632463246,0.05443756449948399
519,all_blocks,Semantic,68,0.014467305416650759,0.16666666666666666,0.008840706951177614,0.0628205128205128
519,all_blocks,Temperature,68,-0.06088483414131388,0.2727272727272727,-0.01636637782952246,0.06555944055944056
519,all_blocks,Fisher,68,0.047600870328663586,0.07692307692307693,0.009636599610642439,0.05064102564102564
527,all_blocks,Semantic,98,0.28207384172038075,0.17647058823529413,0.004854987918316343,0.0412796697626419
527,all_blocks,Temperature,98,0.2972221690925667,0.05263157894736842,-0.060627737505498915,0.03479532163742689
527,all_blocks,Fisher,98,0.2200014026229048,0.05263157894736842,0.0034842428067759406,0.0652046783625731
531,all_blocks,Semantic,137,0.140697631004163,0.12,0.004374194933447834,0.04987464387464387
531,all_blocks,Temperature,137,0.2559038213825676,0.12,0.028412082065450744,0.05389743589743588
531,all_blocks,Fisher,137,0.18524464689080963,0.12,0.008998310527003565,0.05005128205128205
533,all_blocks,Semantic,122,0.21929410054160156,0.08333333333333333,-0.00782529963221323,0.0709828722002635
533,all_blocks,Temperature,122,0.22189801765244316,0.13043478260869565,0.007002488260893991,0.051688405797101454
533,all_blocks,Fisher,122,0.2504155362648329,0.08333333333333333,0.011637328539658518,0.05332279314888011
543,all_blocks,Semantic,201,0.030688636027781886,0.07692307692307693,0.004529407418353776,0.05619958286517979
543,all_blocks,Temperature,201,0.17664105216491796,0.10526315789473684,0.003542928919757647,0.06279796583390936
543,all_blocks,Fisher,201,-0.002433870252696911,0.05,0.008792744199793114,0.055560120701327376
545,all_blocks,Semantic,165,0.1821120401784522,0.0967741935483871,0.017410172842144633,0.05769733626588465
545,all_blocks,Temperature,165,0.2596719472123528,0.13333333333333333,-0.013862634573771803,0.053758553274682305
545,all_blocks,Fisher,165,0.17865519728581736,0.0967741935483871,0.007651670985494087,0.06791980868593772
550,all_blocks,Semantic,146,0.05049694889765071,0.15384615384615385,-4.646544494037591e-05,0.06353521956970234
550,all_blocks,Temperature,146,-0.013070093412896572,0.1111111111111111,-0.004429448680747688,0.050301039956212365
550,all_blocks,Fisher,146,-0.060757907319753605,0.1111111111111111,-0.008127018403015435,0.05227148330596606
551,all_blocks,Semantic,59,0.2699006428988896,0.2,-0.001151373465809468,0.06303030303030302
551,all_blocks,Temperature,59,0.14611338398597315,0.2,-0.030645821157218,0.027272727272727275
551,all_blocks,Fisher,59,0.25143191116306257,0.3333333333333333,-0.016642314436002347,0.0609090909090909
558,all_blocks,Semantic,116,-0.11927113366393728,0.2,0.024175988928612623,0.04619424054206663
558,all_blocks,Temperature,116,-0.09519086610540885,0.2631578947368421,0.006383346788144388,0.0643760587238848
558,all_blocks,Fisher,116,-0.1692461461576904,0.14285714285714285,0.004687656171914047,0.05379446640316206
559,all_blocks,Semantic,175,0.055006717420510526,0.09090909090909091,-0.008700179131213615,0.05112887823751201
559,all_blocks,Temperature,175,0.0013457232422749666,0.09090909090909091,0.00870588893864756,0.05786955691367455
559,all_blocks,Fisher,175,0.0625436632333184,0.09090909090909091,0.01596719659650694,0.059807258680598316
562,all_blocks,Semantic,57,0.3818382162302308,0.2,-0.02982564169043298,0.05636363636363636
562,all_blocks,Temperature,57,0.40368161783769774,0.2,0.034440627430645576,0.07848484848484848
562,all_blocks,Fisher,57,0.42098781436349497,0.2,0.02719730360383718,0.038181818181818185
563,all_blocks,Semantic,77,0.28702876071297123,0.3333333333333333,-0.02240654082759346,0.0563003663003663
563,all_blocks,Temperature,77,0.30006835269993165,0.23076923076923078,0.02708212839791787,0.0701098901098901
563,all_blocks,Fisher,77,0.2595036542404963,0.14285714285714285,-0.010649876439350121,0.06571428571428571
574,all_blocks,Semantic,90,-0.15787134214100507,0.125,-0.0362629131168457,0.04816176470588236
574,all_blocks,Temperature,90,-0.07275795365683005,0.2,-0.014651191505124084,0.06730042016806723
574,all_blocks,Fisher,90,-0.07341647116928016,0.125,0.03341153228793678,0.04558823529411765
577,all_blocks,Semantic,95,0.1172592385218365,0.1111111111111111,0.012019176931690929,0.06355349157206742
577,all_blocks,Temperature,95,0.14181131019036952,0.17647058823529413,-0.02064179731243001,0.06477468180254557
577,all_blocks,Fisher,95,0.12889137737961925,0.17647058823529413,0.0010883258678611439,0.06951754385964912
585,all_blocks,Semantic,120,-0.08230432668935342,0.09090909090909091,-0.02763351621640391,0.056154714850367014
585,all_blocks,Temperature,120,0.023946107368567258,0.14285714285714285,0.039463851656365026,0.06061695741329608
585,all_blocks,Fisher,120,-0.19197166469893742,0.09090909090909091,-0.006096951177165079,0.05654997176736306
591,all_blocks,Semantic,70,0.06461376957396553,0.16666666666666666,-0.006792056687953815,0.03205128205128205
591,all_blocks,Temperature,70,0.034590149593211446,0.16666666666666666,-0.043357536523488754,0.035256410256410256
591,all_blocks,Fisher,70,0.1361035779896772,0.16666666666666666,-0.028385967981803865,0.03141025641025641
597,all_blocks,Semantic,98,0.13564001045591617,0.1111111111111111,-0.0003366294971596906,0.07003783969728242
597,all_blocks,Temperature,98,-0.09970736185758275,0.17647058823529413,0.018264700444376437,0.07788097695218438
597,all_blocks,Fisher,98,0.08962122806010876,0.1111111111111111,-0.00974695407685098,0.05706914344685242
599,all_blocks,Semantic,100,0.3839783978397839,0.17647058823529413,0.03219081908190818,0.05794633642930856
599,all_blocks,Temperature,100,0.34018601860186015,0.25,0.007168916891689169,0.07139662882696939
599,all_blocks,Fisher,100,0.3767056705670566,0.17647058823529413,0.06947494749474946,0.05829033367733057
619,all_blocks,Semantic,87,0.2917000801924619,0.2857142857142857,-0.028333454837063492,0.03529411764705882
619,all_blocks,Temperature,87,0.30956112852664575,0.2,-0.009484581176642125,0.05485294117647059
619,all_blocks,Fisher,87,0.2984982138951665,0.125,0.010743056061821094,0.052647058823529415
620,all_blocks,Semantic,54,0.24116638078902228,0.3333333333333333,-0.01786925862397561,0.052727272727272734
620,all_blocks,Temperature,54,0.2936916333142748,0.3333333333333333,-0.028938441013912707,0.07636363636363636
620,all_blocks,Fisher,54,0.21860110539355818,0.2,0.020674671240708976,0.0912121212121212
625,all_blocks,Semantic,49,0.11346938775510203,0.1111111111111111,-0.013020408163265306,0.06944444444444445
625,all_blocks,Temperature,49,0.1860204081632653,0.25,0.001913265306122451,0.05
625,all_blocks,Fisher,49,0.2474489795918367,0.42857142857142855,-0.017612244897959185,0.06388888888888888
628,all_blocks,Semantic,78,-0.14270539586995282,0.14285714285714285,0.0158133006234272,0.07223443223443224
628,all_blocks,Temperature,78,-0.011418960786049393,0.23076923076923078,0.032786201140631514,0.05142857142857142
628,all_blocks,Fisher,78,-0.1224218819155528,0.06666666666666667,-0.006157134005235268,0.05952380952380952
630,all_blocks,Semantic,132,0.1287848350925892,0.12,0.029541149890687856,0.049589743589743586
630,all_blocks,Temperature,132,0.16293509624164504,0.12,-0.0037768780034750293,0.052082621082621086
630,all_blocks,Fisher,132,0.07110246121897386,0.12,-0.0004056811007393577,0.0418974358974359
633,all_blocks,Semantic,87,0.13539768170882843,0.125,0.0697674418604651,0.0657563025210084
633,all_blocks,Temperature,87,0.13357512575636069,0.125,-0.033842130203397235,0.04264705882352941
633,all_blocks,Fisher,87,0.11064737187431653,0.125,-0.030664503900269736,0.06639705882352942
638,all_blocks,Semantic,67,0.5108548168249661,0.2727272727272727,0.0440857211269854,0.0770979020979021
638,all_blocks,Temperature,67,0.20596216777077184,0.4,0.030425413041743166,0.09137529137529138
638,all_blocks,Fisher,67,0.2540506026019635,0.2727272727272727,0.00785178386144145,0.06346153846153844
641,all_blocks,Semantic,67,-0.17471466198419666,0.2727272727272727,0.014348710990502039,0.06876456876456875
641,all_blocks,Temperature,67,-0.20644105674834384,0.2727272727272727,-0.000664458456381195,0.047435897435897434
641,all_blocks,Fisher,67,-0.21178865033123156,0.07692307692307693,0.011066326123393725,0.05641025641025641
644,all_blocks,Semantic,84,-0.036671053963754176,0.2,-0.019270021261516657,0.04264705882352941
644,all_blocks,Temperature,84,-0.0035030879821808247,0.2,-0.018688873139617295,0.042279411764705885
644,all_blocks,Fisher,84,-0.03760251088387163,0.2,0.023715703148729374,0.05191176470588236
648,all_blocks,Semantic,83,0.21699340917677679,0.2,-0.05844318038705343,0.05522058823529412
648,all_blocks,Temperature,83,0.24646320473531752,0.2,-0.04133432685445614,0.03933823529411765
648,all_blocks,Fisher,83,0.26115612274883504,0.2,0.002584904076235254,0.06257352941176471
654,all_blocks,Semantic,127,-0.11526879452568428,0.13043478260869565,-0.013966711192350958,0.0686277997364954
654,all_blocks,Temperature,127,-0.15446897262842144,0.13043478260869565,-0.005958239595050622,0.027021739130434784
654,all_blocks,Fisher,127,-0.1548380671166104,0.23809523809523808,0.0159024067304087,0.0478768115942029
658,all_blocks,Semantic,57,0.22446201711174488,0.2,0.018395125745397985,0.03727272727272728
658,all_blocks,Temperature,57,0.13462535649468502,0.2,0.04714480165932072,0.06303030303030302
658,all_blocks,Fisher,57,0.2663339382940109,0.2,-0.012493518278454758,0.03727272727272727
660,all_blocks,Semantic,87,0.3063534300503025,0.2,-0.017353466501421586,0.06227941176470588
660,all_blocks,Temperature,87,0.26538237223882766,0.125,-0.00586042866516002,0.06558823529411764
660,all_blocks,Fisher,87,0.2734745206677845,0.2,-0.04829955529634759,0.021323529411764706
663,all_blocks,Semantic,159,-0.20938619536661096,0.10344827586206896,0.011148644614282301,0.07747155863952304
663,all_blocks,Temperature,159,-0.09951038930021495,0.10344827586206896,-0.006081173871507045,0.05556332432861909
663,all_blocks,Fisher,159,-0.2891390016718415,0.10344827586206896,0.017621357774062575,0.059971161372718663
669,all_blocks,Semantic,113,0.0530890278794331,0.14285714285714285,0.012230105130081843,0.06242800677583286
669,all_blocks,Temperature,113,0.10338345864661655,0.14285714285714285,0.012562795262492515,0.04745906267645398
669,all_blocks,Fisher,113,0.01740801117838845,0.043478260869565216,0.011395052897731054,0.05398080180688876
672,all_blocks,Semantic,76,0.1468215994531784,0.14285714285714285,-0.03057006151742994,0.05963369963369963
672,all_blocks,Temperature,76,0.06816131237183869,0.23076923076923078,0.037920710868079285,0.0701098901098901
672,all_blocks,Fisher,76,0.21060833902939166,0.23076923076923078,0.04034176349965823,0.0739194139194139
683,all_blocks,Semantic,97,0.38937250157795067,0.25,0.0001485903639806413,0.08869969040247677
683,all_blocks,Temperature,97,0.3717652009257311,0.17647058823529413,-0.012359956869345674,0.038355693154454765
683,all_blocks,Fisher,97,0.3248211655796339,0.1111111111111111,-0.014828134862192302,0.05999312005503956
686,all_blocks,Semantic,63,0.1119431643625192,0.2727272727272727,0.0237159178187404,0.05576923076923077
686,all_blocks,Temperature,63,-0.14448924731182797,0.2727272727272727,-0.02234302995391705,0.05576923076923077
686,all_blocks,Fisher,63,0.17089093701996927,0.2727272727272727,-0.05461069508448542,0.044230769230769226
694,all_blocks,Semantic,68,0.1583005687674161,0.4,0.004237126388517771,0.04294871794871795
694,all_blocks,Temperature,68,0.13734397068366605,0.4,0.008128793373287016,0.05128205128205128
694,all_blocks,Fisher,68,0.14707790968431497,0.4,0.008296751536435465,0.04807692307692307
706,all_blocks,Semantic,97,0.007731958762886597,0.17647058823529413,0.01931477487902377,0.045958032335741306
706,all_blocks,Temperature,97,-0.10229065853145382,0.17647058823529413,-0.03110403955396591,0.04951840385276918
706,all_blocks,Fisher,97,-0.17628339995792128,0.1111111111111111,0.0024517410056806247,0.05502235982112143
711,all_blocks,Semantic,129,0.08393336314847943,0.18181818181818182,-0.01446416592128802,0.043710144927536235
711,all_blocks,Temperature,129,-0.03492844364937389,0.18181818181818182,0.00020851967799642295,0.06073188405797101
711,all_blocks,Fisher,129,-0.15781529516994636,0.13043478260869565,-0.0049102750447227155,0.05221014492753624
718,all_blocks,Semantic,55,0.2826118326118327,0.2,0.03767316017316018,0.0709090909090909
718,all_blocks,Temperature,55,0.33059163059163066,0.3333333333333333,-0.01770202020202021,0.08
718,all_blocks,Fisher,55,0.2295815295815296,0.3333333333333333,-0.0076587301587301634,0.05757575757575757
727,all_blocks,Semantic,65,0.2651223776223776,0.2727272727272727,0.001525349650349652,0.07243589743589743
727,all_blocks,Temperature,65,-0.027360139860139857,0.07692307692307693,-0.041118881118881116,0.0391025641025641
727,all_blocks,Fisher,65,0.11123251748251749,0.2727272727272727,-0.017851835664335663,0.07128205128205128
734,all_blocks,Semantic,116,-0.07673855380002308,0.14285714285714285,-0.023335639872371514,0.06566911349520044
734,all_blocks,Temperature,116,0.11777188328912466,0.14285714285714285,-0.03438127090301003,0.06583850931677018
734,all_blocks,Fisher,116,-0.13366393726213815,0.09090909090909091,-0.0014650367124130232,0.06680406549971767
737,all_blocks,Semantic,72,0.25249212167985086,0.14285714285714285,-0.006566338671297189,0.06190476190476191
737,all_blocks,Temperature,72,0.04405428001800759,0.14285714285714285,-0.028788024953373202,0.06296703296703296
737,all_blocks,Fisher,72,0.09196732908868739,0.14285714285714285,-0.002173773233005333,0.06582417582417584
740,all_blocks,Semantic,72,0.16901408450704228,0.23076923076923078,-0.005887838446202331,0.047619047619047616
740,all_blocks,Temperature,72,0.2730400668853303,0.23076923076923078,-0.019750466267927196,0.05142857142857142
740,all_blocks,Fisher,72,-0.030034085793298613,0.3333333333333333,0.008434626020965976,0.048095238095238094
742,all_blocks,Semantic,71,0.3539235412474849,0.14285714285714285,-0.045789738430583496,0.030476190476190473
742,all_blocks,Temperature,71,0.28967136150234735,0.23076923076923078,0.008886653252850436,0.05952380952380952
742,all_blocks,Fisher,71,0.35331991951710257,0.23076923076923078,-0.010809859154929578,0.08439560439560438
746,all_blocks,Semantic,203,-0.06188620890486615,0.10526315789473684,-0.006839816841724742,0.06042979164609461
746,all_blocks,Temperature,203,0.06828412484830054,0.07692307692307693,0.010663719226167764,0.054051463085481054
746,all_blocks,Fisher,203,-0.09447541392794744,0.07692307692307693,-0.015350694733338882,0.06059285586564149
753,all_blocks,Semantic,92,0.030501055746497537,0.1111111111111111,-0.0063938165621195055,0.07634588923288613
753,all_blocks,Temperature,92,0.23548541220350477,0.1111111111111111,0.015480942619792548,0.05502235982112143
753,all_blocks,Fisher,92,0.29476133964212503,0.1111111111111111,0.02190173080776166,0.06425438596491227
764,all_blocks,Semantic,124,0.17461526357199053,0.08333333333333333,0.006393391030684495,0.06930105401844532
764,all_blocks,Temperature,124,0.2991723052714398,0.13043478260869565,0.016852557041699447,0.05385507246376812
764,all_blocks,Fisher,124,0.2536774193548387,0.08333333333333333,-0.007681510621557827,0.051521739130434785
766,all_blocks,Semantic,112,0.15640482454641746,0.09090909090909091,0.026928793521713873,0.07174477696216826
766,all_blocks,Temperature,112,0.04446133870912632,0.2,-0.032138159018689993,0.05525127046866176
766,all_blocks,Fisher,112,-0.022952472067516317,0.043478260869565216,0.005532254757918477,0.06943534726143422
774,all_blocks,Semantic,70,0.21735631178374595,0.2727272727272727,0.019620330679730544,0.06025641025641025
774,all_blocks,Temperature,70,0.34843845682792407,0.2727272727272727,0.006377394803604236,0.06025641025641025
774,all_blocks,Fisher,70,0.3361560668357974,0.07692307692307693,-0.03174175487708862,0.051923076923076926
775,all_blocks,Semantic,103,0.18192900760005276,0.2222222222222222,0.01733130518824408,0.07014030173472899
775,all_blocks,Temperature,103,0.113111189210561,0.2222222222222222,0.033611562623555774,0.07094820384294069
775,all_blocks,Fisher,103,0.11171638184773536,0.15789473684210525,0.012673527215217676,0.05380952380952382
785,all_blocks,Semantic,87,0.11819275351753297,0.125,-0.008285339359918348,0.03860294117647059
785,all_blocks,Temperature,87,0.13045855507764087,0.125,0.005670882846103373,0.05522058823529412
785,all_blocks,Fisher,87,0.12043449733906829,0.058823529411764705,-0.00858241598017059,0.05301470588235294
786,all_blocks,Semantic,50,0.1590876350540216,0.42857142857142855,-0.014588235294117648,0.03333333333333334
786,all_blocks,Temperature,50,0.2587755102040816,0.42857142857142855,0.0003073229291716731,0.06388888888888888
786,all_blocks,Fisher,50,0.1078031212484994,0.25,-0.003582232893157261,0.0625
787,all_blocks,Semantic,55,0.3706349206349207,0.09090909090909091,0.02930014430014431,0.04818181818181818
787,all_blocks,Temperature,55,0.3978354978354979,0.2,0.02138528138528139,0.0709090909090909
787,all_blocks,Fisher,55,0.24559884559884562,0.09090909090909091,-0.014538239538239541,0.06999999999999999
792,all_blocks,Semantic,62,-0.026617310065221222,0.07692307692307693,0.013119790486263258,0.05641025641025641
792,all_blocks,Temperature,62,-0.25824078970562314,0.0,-0.02174964115736194,0.03974358974358975
792,all_blocks,Fisher,62,-0.12200649694039435,0.07692307692307693,-0.03837979401173478,0.056585081585081576
793,all_blocks,Semantic,52,-0.053018014172287194,0.2,-0.006147016135917356,0.05181818181818182
793,all_blocks,Temperature,52,-0.17612908733885427,0.2,-0.045492188166993935,0.05848484848484849
793,all_blocks,Fisher,52,-0.1336976009562025,0.2,-0.06547852813113635,0.04636363636363637
795,all_blocks,Semantic,75,-0.03530583214793741,0.14285714285714285,-0.0056927453769559065,0.04476190476190476
795,all_blocks,Temperature,75,0.055675675675675676,0.23076923076923078,-0.0414466571834993,0.05476190476190477
795,all_blocks,Fisher,75,-0.05177809388335704,0.14285714285714285,-0.006561877667140828,0.05915750915750915
798,all_blocks,Semantic,151,0.09884628790519343,0.10344827586206896,-0.009078947368421051,0.06018274273001748
798,all_blocks,Temperature,151,0.1327082607180202,0.10344827586206896,0.04402126176368072,0.06306719400156553
798,all_blocks,Fisher,151,0.15079121645172533,0.06666666666666667,0.022120599512025094,0.05115554613886093
799,all_blocks,Semantic,65,0.1721590909090909,0.16666666666666666,0.03674825174825175,0.05576923076923077
799,all_blocks,Temperature,65,0.15026223776223777,0.2727272727272727,0.03888111888111888,0.07628205128205127
799,all_blocks,Fisher,65,0.05738636363636363,0.2727272727272727,0.007395104895104894,0.05641025641025641
801,all_blocks,Semantic,77,0.367238025132762,0.3333333333333333,0.0048464693201535295,0.08593406593406594
801,all_blocks,Temperature,77,0.24504442925495556,0.23076923076923078,0.008822756191177242,0.06402930402930404
801,all_blocks,Fisher,77,0.23126873126873124,0.3333333333333333,-0.004796519270203488,0.05142857142857142
811,all_blocks,Semantic,65,-0.09593531468531467,0.4,0.03642482517482517,0.0965034965034965
811,all_blocks,Temperature,65,-0.03942307692307692,0.5555555555555556,-0.03501966783216783,0.07115384615384615
811,all_blocks,Fisher,65,-0.22172202797202797,0.2727272727272727,-0.010887237762237757,0.06171328671328671
824,all_blocks,Semantic,73,-0.20514007157842776,0.23076923076923078,0.06089719856843144,0.054761904761904755
824,all_blocks,Temperature,73,-0.1421695668271011,0.23076923076923078,0.023323151919042343,0.06794871794871796
824,all_blocks,Fisher,73,-0.24503270393681356,0.23076923076923078,-0.024441564852523762,0.05963369963369963
825,all_blocks,Semantic,59,0.03267095265926359,0.2,0.03861484511981299,0.05727272727272727
825,all_blocks,Temperature,59,0.01870251315020456,0.3333333333333333,-0.01760958503798948,0.06227272727272727
825,all_blocks,Fisher,59,0.030333138515488023,0.2,-0.01038573933372298,0.057272727272727274
831,all_blocks,Semantic,51,0.3975565610859728,0.5,0.0009502262443438741,0.059999999999999984
831,all_blocks,Temperature,51,0.33918552036199096,0.3333333333333333,0.033289592760180994,0.09272727272727273
831,all_blocks,Fisher,51,0.40995475113122176,0.2,0.027280542986425342,0.06727272727272726
839,all_blocks,Semantic,78,0.04713008510476864,0.14285714285714285,-0.024060749377205072,0.048095238095238094
839,all_blocks,Temperature,78,0.09589145032183007,0.23076923076923078,0.003200596871482946,0.047619047619047616
839,all_blocks,Fisher,78,0.21432997382364471,0.06666666666666667,0.019698023495491844,0.06783882783882783
849,all_blocks,Semantic,63,0.18697196620583717,0.16666666666666666,-0.043841205837173575,0.06346153846153846
849,all_blocks,Temperature,63,0.09811827956989248,0.2727272727272727,-0.011643145161290324,0.03846153846153846
849,all_blocks,Fisher,63,0.08707757296466975,0.16666666666666666,-0.0022225422427035344,0.05961538461538461
852,all_blocks,Semantic,58,0.16589252207081118,0.3333333333333333,0.001322710633978283,0.05181818181818183
852,all_blocks,Temperature,58,0.1871174136392999,0.3333333333333333,0.04146236426835645,0.052727272727272734
852,all_blocks,Fisher,58,0.23670368205727646,0.3333333333333333,-0.022766003260635513,0.04090909090909091
860,all_blocks,Semantic,115,0.25587469423183146,0.14285714285714285,0.05548015465951235,0.0862902315076228
860,all_blocks,Temperature,115,0.20896393908309005,0.2,0.0006722954312317542,0.06671372106154713
860,all_blocks,Fisher,115,0.1737631184407796,0.14285714285714285,-0.02225045372050817,0.05251835121400339
865,all_blocks,Semantic,59,0.30374050263004093,0.3333333333333333,0.020622443015780253,0.11272727272727275
865,all_blocks,Temperature,59,0.10946814728229108,0.2,-0.013819403857393336,0.06575757575757575
865,all_blocks,Fisher,59,0.39304500292226774,0.3333333333333333,-0.040289304500292236,0.03727272727272728
866,all_blocks,Semantic,62,0.07874392485709249,0.2727272727272727,0.008075848001813098,0.07325174825174825
866,all_blocks,Temperature,62,0.24635491425549594,0.2727272727272727,-0.04782553952305407,0.045046620046620044
866,all_blocks,Fisher,62,0.006773941728991967,0.2727272727272727,-0.020205988265216187,0.07196969696969696
872,all_blocks,Semantic,89,0.20631596867551927,0.125,-0.01918369084099421,0.05522058823529412
872,all_blocks,Temperature,89,0.050272386789240724,0.125,-0.0019016002723867896,0.06514705882352942
872,all_blocks,Fisher,89,0.10715015321756897,0.058823529411764705,0.025268130745658833,0.04191176470588236
874,all_blocks,Semantic,97,-0.007784557121817798,0.17647058823529413,-0.00331632653061225,0.06291709666322669
874,all_blocks,Temperature,97,-0.09760940458657688,0.05263157894736842,-0.013006259204712808,0.052390780873753
874,all_blocks,Fisher,97,-0.07338786029875867,0.1111111111111111,0.012479618135914158,0.07634588923288614
879,all_blocks,Semantic,159,0.09820277048005734,0.14285714285714285,0.008360401241939335,0.055076010381905814
879,all_blocks,Temperature,159,0.21021614521136855,0.14285714285714285,0.01358251731550036,0.04555220085809629
879,all_blocks,Fisher,159,0.17464473369954622,0.14285714285714285,-0.011976952471936952,0.047165104083902745
884,all_blocks,Semantic,70,-0.0012422360248447203,0.16666666666666666,-0.018883737205843753,0.04807692307692307
884,all_blocks,Temperature,70,0.0013822062811652523,0.2727272727272727,0.03303647974805354,0.04294871794871794
884,all_blocks,Fisher,70,-0.016289038579301897,0.16666666666666666,0.0174735368734144,0.06171328671328671
891,all_blocks,Semantic,82,0.14273897759057913,0.2,0.012577137819570969,0.07441176470588236
891,all_blocks,Temperature,82,0.05166465319271667,0.2,0.010650733013354228,0.05227941176470589
891,all_blocks,Fisher,82,0.04644050456568823,0.2,0.005808600254677245,0.042279411764705885
898,all_blocks,Semantic,88,-0.23523299637208978,0.058823529411764705,0.014228100454369345,0.06772058823529412
898,all_blocks,Temperature,88,-0.11190165897643621,0.2,0.023171955901518094,0.07316176470588236
898,all_blocks,Fisher,88,-0.2735902222535311,0.058823529411764705,-0.035146701419463924,0.042279411764705885
904,all_blocks,Semantic,73,0.08598667160310997,0.3333333333333333,-0.003592805133901024,0.07952380952380952
904,all_blocks,Temperature,73,0.16614216956682712,0.23076923076923078,0.030152412686659268,0.06523809523809523
904,all_blocks,Fisher,73,0.032179439713686295,0.23076923076923078,-0.063501172405282,0.054285714285714284
908,all_blocks,Semantic,146,0.2964360425322704,0.1111111111111111,0.006515766438838175,0.04447181171319102
908,all_blocks,Temperature,146,0.17626213451842715,0.07142857142857142,-0.0055386424763575704,0.04886636352153593
908,all_blocks,Fisher,146,0.1983573211996183,0.1111111111111111,-0.005897448256581797,0.0546682244958107
916,all_blocks,Semantic,75,0.194850640113798,0.14285714285714285,0.0023997155049786654,0.06904761904761904
916,all_blocks,Temperature,75,0.1348790896159317,0.23076923076923078,-0.005516358463726887,0.048205128205128206
916,all_blocks,Fisher,75,0.1813086770981508,0.23076923076923078,0.005271692745376958,0.08915750915750915
917,all_blocks,Semantic,68,0.16391189830896666,0.16666666666666666,-0.009386570981410079,0.0608974358974359
917,all_blocks,Temperature,68,0.10577547047371835,0.2727272727272727,0.01894682597243959,0.04294871794871795
917,all_blocks,Fisher,68,0.02164369966026644,0.07692307692307693,-0.004027178684582202,0.062354312354312345
918,all_blocks,Semantic,65,0.3417395104895105,0.16666666666666666,0.003966346153846154,0.0608974358974359
918,all_blocks,Temperature,65,0.2221153846153846,0.16666666666666666,0.020402097902097897,0.09376456876456876
918,all_blocks,Fisher,65,0.32255244755244755,0.07692307692307693,0.010876311188811192,0.07004662004662005
927,all_blocks,Semantic,67,0.21302578018995932,0.2727272727272727,-0.01117008540186767,0.05961538461538461
927,all_blocks,Temperature,67,0.2696544017878522,0.2727272727272727,0.003918908133131133,0.07645687645687645
927,all_blocks,Fisher,67,0.15476095458536196,0.2727272727272727,0.004854737010136485,0.05273892773892773
933,all_blocks,Semantic,51,0.09764705882352942,0.2,0.013751131221719453,0.06090909090909091
933,all_blocks,Temperature,51,0.17520361990950226,0.2,0.025588235294117644,0.08757575757575757
933,all_blocks,Fisher,51,0.08932126696832579,0.2,0.05540723981900451,0.07515151515151515
934,all_blocks,Semantic,89,0.10835886959482466,0.125,-0.007362104187946886,0.08102941176470588
934,all_blocks,Temperature,89,0.08542730677562138,0.125,0.009292645556690496,0.06323529411764706
934,all_blocks,Fisher,89,0.13500170241743276,0.2,-0.041099761661559424,0.036397058823529414
938,all_blocks,Semantic,70,0.4834397690490771,0.16666666666666666,-0.03242061062024319,0.04294871794871795
938,all_blocks,Temperature,70,0.46954772110926424,0.16666666666666666,-0.00949348263494008,0.06555944055944056
938,all_blocks,Fisher,70,0.46058962470475023,0.16666666666666666,-0.018607295949610712,0.05786713286713285
939,all_blocks,Semantic,59,0.057744009351256585,0.2,0.0018351841028638183,0.0609090909090909
939,all_blocks,Temperature,59,0.042723553477498545,0.2,0.0022355347749853853,0.05818181818181818
939,all_blocks,Fisher,59,0.13962594973699594,0.2,-0.005128579777907665,0.05181818181818182
944,all_blocks,Semantic,94,-0.13101903695408737,0.17647058823529413,0.028033811364375254,0.06355349157206741
944,all_blocks,Temperature,94,-0.06374309142795218,0.17647058823529413,0.005042083589206373,0.059941520467836254
944,all_blocks,Fisher,94,-0.2333923346458115,0.1111111111111111,-0.019478380233356213,0.05116959064327485
945,all_blocks,Semantic,105,-0.04622641509433961,0.1,-0.01002280738129795,0.06071010860484546
945,all_blocks,Temperature,105,0.05484138503006428,0.15789473684210525,-0.004670329670329672,0.06613445378151261
945,all_blocks,Fisher,105,0.11834957495334854,0.15789473684210525,-0.02355173128758034,0.056466165413533845
946,all_blocks,Semantic,108,0.15676355425991026,0.2222222222222222,-0.02600483961626035,0.041428571428571426
946,all_blocks,Temperature,108,0.06785942248516201,0.15789473684210525,-0.020911334038316805,0.06281537176274019
946,all_blocks,Fisher,108,-0.17133003705926625,0.047619047619047616,-0.024139491459220515,0.0693233082706767
960,all_blocks,Semantic,71,-0.16629778672032192,0.06666666666666667,-0.007444668008048288,0.0701098901098901
960,all_blocks,Temperature,71,0.1352448021462106,0.23076923076923078,0.018417169684775317,0.049633699633699624
960,all_blocks,Fisher,71,-0.16666666666666666,0.14285714285714285,-0.0012910798122065755,0.06857142857142856
965,all_blocks,Semantic,151,0.22349250609968627,0.14285714285714285,0.0023462879051934457,0.05773610890407331
965,all_blocks,Temperature,151,0.16160334611362842,0.10344827586206896,0.0013804461484837928,0.061144422668338125
965,all_blocks,Fisher,151,0.10452073893342627,0.10344827586206896,-0.017377483443708607,0.0452184967424122
966,all_blocks,Semantic,58,0.3385831615860224,0.09090909090909091,0.008256175213017938,0.05939393939393939
966,all_blocks,Temperature,58,0.27201697991325485,0.09090909090909091,-0.04188993817096805,0.041818181818181824
966,all_blocks,Fisher,58,0.40496477898428135,0.09090909090909091,0.001335014918945527,0.07303030303030303
969,all_blocks,Semantic,123,0.025757438959899914,0.23809523809523808,0.003401542608762949,0.04789855072463768
969,all_blocks,Temperature,123,0.004875469167171841,0.18181818181818182,0.012321200552037257,0.04102173913043479
969,all_blocks,Fisher,123,-0.06490307102965266,0.18181818181818182,-0.002562200926081179,0.052065217391304354
977,all_blocks,Semantic,53,0.1958555071762619,0.3333333333333333,-0.05456378003547815,0.038181818181818185
977,all_blocks,Temperature,53,0.34679890340267694,0.3333333333333333,0.01600951459442026,0.08212121212121211
977,all_blocks,Fisher,53,0.22472181906144167,0.09090909090909091,0.005926463473633281,0.0709090909090909
980,all_blocks,Semantic,86,0.04459644322845417,0.125,0.02666918250860889,0.06272058823529413
980,all_blocks,Temperature,86,0.09895749799518844,0.2857142857142857,-0.034021416104533235,0.05970588235294118
980,all_blocks,Fisher,86,0.07593754422378413,0.125,0.05762252936459268,0.05889705882352941
983,all_blocks,Semantic,73,0.008669628532642233,0.06666666666666667,-0.018368196964087376,0.04095238095238095
983,all_blocks,Temperature,73,0.17657040602246082,0.06666666666666667,0.006477539183018634,0.07249084249084249
983,all_blocks,Fisher,73,0.15370850302357153,0.06666666666666667,0.012419782796495128,0.06571428571428571
993,all_blocks,Semantic,172,0.04562724191848083,0.09090909090909091,0.017422403973369367,0.04600458365164248
993,all_blocks,Temperature,172,0.019671102746784963,0.09090909090909091,0.023296024036431984,0.05075057295645531
993,all_blocks,Fisher,172,0.15194930463677678,0.09090909090909091,9.916914884333799e-05,0.06684507380664875
997,all_blocks,Semantic,72,0.21969258473213718,0.23076923076923078,0.009172615602289543,0.03333333333333333
997,all_blocks,Temperature,72,0.25081998842369285,0.23076923076923078,-0.011727442279246252,0.05582417582417583
997,all_blocks,Fisher,72,0.10216091066949645,0.14285714285714285,0.027066049263618254,0.047619047619047616
998,all_blocks,Semantic,66,0.3724245903350381,0.2727272727272727,0.055585012002922464,0.035256410256410256
998,all_blocks,Temperature,66,0.4037365619455172,0.16666666666666666,-0.0342740841248304,0.06812354312354311
998,all_blocks,Fisher,66,0.39805865776015037,0.2727272727272727,-0.02098737083811711,0.06794871794871796
