index,checkpoint,method,n_tokens,spearman,top10_jaccard,random_floor_spearman,random_floor_top10_jaccard
1,final_quarter,Semantic,107,0.9219616371794119,0.4666666666666667,0.02487460569368522,0.03670426065162907
1,final_quarter,Temperature,107,0.9045631771782363,0.5714285714285714,-0.022264836693508885,0.057456140350877205
1,final_quarter,Fisher,107,0.8973628009953174,0.29411764705882354,0.0032960089343443237,0.07670008354218881
4,final_quarter,Semantic,67,0.9148774842365713,0.16666666666666666,-0.03570316864873494,0.055128205128205134
4,final_quarter,Temperature,67,0.7449118046132972,0.4,0.008099209833187007,0.06666666666666667
4,final_quarter,Fisher,67,0.8831510894724242,0.5555555555555556,0.027506185649293642,0.057226107226107215
23,final_quarter,Semantic,67,0.8758480325644507,0.2727272727272727,0.006632612339372656,0.05512820512820512
23,final_quarter,Temperature,67,0.9183893367387661,0.4,2.3944448878600312e-05,0.07307692307692308
23,final_quarter,Fisher,67,0.8553755287732462,0.07692307692307693,-0.007257163380956182,0.06940559440559439
31,final_quarter,Semantic,99,0.8880395794681509,0.8181818181818182,-0.015183055040197896,0.061674406604747156
31,final_quarter,Temperature,99,0.9004576376004947,0.8181818181818182,0.05999876314162028,0.06350189198486413
31,final_quarter,Fisher,99,0.811317254174397,0.6666666666666666,-0.0073487940630797745,0.06448228414172687
34,final_quarter,Semantic,68,0.8966675573538954,0.2727272727272727,0.012289575142191858,0.05641025641025641
34,final_quarter,Temperature,68,0.9034622284994462,0.4,-0.009882811008894142,0.04038461538461539
34,final_quarter,Fisher,68,0.9043783639348018,0.4,0.030180936748482646,0.05641025641025641
45,final_quarter,Semantic,90,0.8067580359715191,0.38461538461538464,0.007117751162694986,0.043897058823529414
45,final_quarter,Temperature,90,0.8003704161007532,0.38461538461538464,-0.010631765238506806,0.07220588235294119
45,final_quarter,Fisher,90,0.6819031156109807,0.38461538461538464,-0.048099765403136194,0.03272058823529412
57,final_quarter,Semantic,82,0.8970625047615939,0.5,0.02223745932238439,0.06816176470588237
57,final_quarter,Temperature,82,0.8572936733383398,0.38461538461538464,-0.04230472023595738,0.05602941176470588
57,final_quarter,Fisher,82,0.8806282038724002,0.6363636363636364,0.06375529217139561,0.061544117647058826
59,final_quarter,Semantic,80,0.8964838255977498,0.7777777777777778,0.015911861228316927,0.0557142857142857
59,final_quarter,Temperature,80,0.8698781059540553,0.3333333333333333,-0.012946554149085793,0.023809523809523808
59,final_quarter,Fisher,80,0.8469292076887015,0.6,-0.016346694796061885,0.0657142857142857
62,final_quarter,Semantic,73,0.9480747871158831,0.7777777777777778,0.00012958163643095208,0.05761904761904761
62,final_quarter,Temperature,73,0.9638405528816488,0.7777777777777778,0.002964951252622486,0.058571428571428566
62,final_quarter,Fisher,73,0.9500802172035049,0.6,-0.023926323583857836,0.06677655677655676
63,final_quarter,Semantic,66,0.9592944369063773,0.75,0.0477904185366872,0.09761072261072261
63,final_quarter,Temperature,66,0.9506940820373657,0.5555555555555556,0.03762237762237763,0.06858974358974358
63,final_quarter,Fisher,66,0.9596284312702226,0.75,0.011900636676756088,0.0641025641025641
64,final_quarter,Semantic,88,0.9525553872706141,0.6363636363636364,0.01993677573879047,0.04308823529411765
64,final_quarter,Temperature,88,0.939928146243528,0.8,0.011538867951111264,0.0672794117647059
64,final_quarter,Fisher,88,0.9355077313233068,0.5,-0.02580307139586489,0.05602941176470588
66,final_quarter,Semantic,75,0.9071977240398293,0.6,-0.05667567567567568,0.06238095238095237
66,final_quarter,Temperature,75,0.8336273115220483,0.45454545454545453,-0.011661450924608819,0.06249084249084249
66,final_quarter,Fisher,75,0.831977240398293,0.45454545454545453,0.014446657183499287,0.056666666666666664
68,final_quarter,Semantic,78,0.9648958636300409,0.6,0.011598528054224257,0.05868131868131867
68,final_quarter,Temperature,78,0.9242529622276456,0.7777777777777778,0.04079591294781169,0.06355311355311355
68,final_quarter,Fisher,78,0.9272373196423829,0.7777777777777778,0.013244982865236028,0.08857142857142855
75,final_quarter,Semantic,87,0.917839177662754,0.6363636363636364,0.008450280673616672,0.08139705882352942
75,final_quarter,Temperature,87,0.9350258802945249,0.5,0.0026709557483414696,0.05816176470588236
75,final_quarter,Fisher,87,0.943209156521105,0.8,-0.006439090180068527,0.07404411764705883
76,final_quarter,Semantic,74,0.8107960014809328,0.23076923076923078,0.0029396519807478694,0.0706959706959707
76,final_quarter,Temperature,74,0.826760459089226,0.3333333333333333,-0.001227693446871536,0.0705860805860806
76,final_quarter,Fisher,74,0.8823546834505737,0.14285714285714285,0.021772676786375414,0.07523809523809524
79,final_quarter,Semantic,79,0.797638753651412,0.14285714285714285,0.044167478091528725,0.0757142857142857
79,final_quarter,Temperature,79,0.7211538461538461,0.45454545454545453,0.03576801363193768,0.05142857142857142
79,final_quarter,Fisher,79,0.577020447906524,0.14285714285714285,0.01494157740993184,0.05095238095238096
95,final_quarter,Semantic,83,0.902082196381344,0.5,-0.01279753158977373,0.04345588235294118
95,final_quarter,Temperature,83,0.9215398178078165,0.8,-0.049527727635279795,0.06477941176470589
95,final_quarter,Fisher,83,0.93039754838168,0.38461538461538464,-0.0006958146173544375,0.046838235294117646
100,final_quarter,Semantic,77,0.5778432094221567,0.3333333333333333,0.0007676533992323466,0.048095238095238094
100,final_quarter,Temperature,77,0.878305904621694,0.7777777777777778,0.02079368000420631,0.07249084249084248
100,final_quarter,Fisher,77,0.7972290867027708,0.6,-0.010142489089857506,0.054029304029304025
101,final_quarter,Semantic,62,0.8362670292865957,0.2727272727272727,-0.018440734305356192,0.07243589743589743
101,final_quarter,Temperature,62,0.8577220417516557,0.2727272727272727,0.03329556042406386,0.09294871794871794
101,final_quarter,Fisher,62,0.6648283850822191,0.2727272727272727,0.012359295912971217,0.054836829836829824
104,final_quarter,Semantic,91,0.9402771141901577,0.6666666666666666,0.04365424430641822,0.06430598555211559
104,final_quarter,Temperature,91,0.6037904124860647,0.6666666666666666,-0.007515527950310556,0.04888200894392843
104,final_quarter,Fisher,91,0.7447045707915273,0.6666666666666666,0.003280777193820671,0.06366959064327485
105,final_quarter,Semantic,106,0.918381741693327,0.5714285714285714,-0.017162505982819858,0.06194235588972432
105,final_quarter,Temperature,106,0.9516840063480868,0.6923076923076923,-0.026116331208907474,0.05479949874686717
105,final_quarter,Fisher,106,0.9532962188578482,0.4666666666666667,0.023994256492933984,0.04857142857142858
107,final_quarter,Semantic,77,0.9215521320784477,0.6,0.01849466323150533,0.04095238095238095
107,final_quarter,Temperature,77,0.8866922551133077,0.45454545454545453,0.00014853567485146463,0.0563003663003663
107,final_quarter,Fisher,77,0.8561175666438824,0.6,-0.0228928965771071,0.07058608058608058
108,final_quarter,Semantic,74,0.9440503517215844,0.7777777777777778,-0.02365938541281007,0.05142857142857142
108,final_quarter,Temperature,74,0.9403776379118842,0.7777777777777778,0.006932247315808955,0.05142857142857142
108,final_quarter,Fisher,74,0.8705664568678266,0.6,0.03983709737134393,0.07344322344322343
111,final_quarter,Semantic,64,0.827518315018315,0.5555555555555556,0.017680860805860805,0.08624708624708624
111,final_quarter,Temperature,64,0.8913461538461538,0.4,0.022399267399267404,0.09137529137529138
111,final_quarter,Fisher,64,0.8446886446886446,0.2727272727272727,0.01850503663003663,0.1043706293706294
113,final_quarter,Semantic,71,0.593158953722334,0.06666666666666667,-0.01588028169014084,0.04963369963369964
113,final_quarter,Temperature,71,0.3859490274983232,0.23076923076923078,0.0270992622401073,0.0663003663003663
113,final_quarter,Fisher,71,0.5074782025486251,0.0,0.038428906773977194,0.04380952380952381
114,final_quarter,Semantic,85,0.8663279265194449,0.38461538461538464,0.043661324995114326,0.08801470588235294
114,final_quarter,Temperature,85,0.9514363885088919,0.5,-0.0286906390463162,0.04933823529411765
114,final_quarter,Fisher,85,0.9356263435606802,0.6363636363636364,-0.03479577877662693,0.04852941176470589
115,final_quarter,Semantic,100,0.8704470447044704,0.5384615384615384,0.015733573357335735,0.07828947368421052
115,final_quarter,Temperature,100,0.8042724272427241,0.5384615384615384,0.01989558955895589,0.05765393876848986
115,final_quarter,Fisher,100,0.904014401440144,0.5384615384615384,-0.05871047104710471,0.029824561403508764
120,final_quarter,Semantic,80,0.9110407876230662,0.6,-0.002836380684481948,0.07106227106227106
120,final_quarter,Temperature,80,0.8506797937177685,0.23076923076923078,0.033089545241443974,0.04095238095238095
120,final_quarter,Fisher,80,0.8585560243788093,0.6,0.0014146741678387267,0.03761904761904762
121,final_quarter,Semantic,78,0.9633278114290773,0.7777777777777778,-0.05286865033700476,0.03
121,final_quarter,Temperature,78,0.9625690764931271,0.7777777777777778,0.021292631419213698,0.07879120879120878
121,final_quarter,Fisher,78,0.9511880524538752,0.7777777777777778,-0.006772973861581456,0.04428571428571428
128,final_quarter,Semantic,80,0.9169010782934834,0.7777777777777778,0.038575949367088615,0.047619047619047616
128,final_quarter,Temperature,80,0.9185419596812002,0.7777777777777778,0.01983473980309423,0.06476190476190477
128,final_quarter,Fisher,80,0.9556258790436007,0.7777777777777778,-0.0039006094702297204,0.07677655677655677
130,final_quarter,Semantic,82,0.8591438926437458,0.5,-0.039445587226956604,0.07397058823529412
130,final_quarter,Temperature,82,0.8799098834361838,0.8,-0.03621096853538817,0.04595588235294118
130,final_quarter,Fisher,82,0.8791044938561835,0.8,0.02505088103089866,0.07882352941176471
132,final_quarter,Semantic,95,0.8430431131019036,0.3333333333333333,0.0045618701007838726,0.07600189198486412
132,final_quarter,Temperature,95,0.7848124300111983,0.3333333333333333,-0.04785834266517357,0.06103801169590643
132,final_quarter,Fisher,95,0.8013017917133258,0.25,0.023710106382978723,0.05938682490540076
134,final_quarter,Semantic,77,0.950864924549135,0.7777777777777778,0.053270413796729574,0.04476190476190476
134,final_quarter,Temperature,77,0.9320153530679846,0.6,0.02501971712498028,0.07677655677655677
134,final_quarter,Fisher,77,0.9270203480729795,0.6,0.011053420263946583,0.04095238095238095
136,final_quarter,Semantic,64,0.8184065934065934,0.4,-0.010013736263736264,0.044230769230769226
136,final_quarter,Temperature,64,0.9188644688644687,0.5555555555555556,0.06919871794871794,0.0673076923076923
136,final_quarter,Fisher,64,0.9053113553113553,0.5555555555555556,0.06066849816849816,0.05273892773892773
137,final_quarter,Semantic,84,0.8610509263946542,0.5,-0.005585704161182547,0.05816176470588236
137,final_quarter,Temperature,84,0.8302116027133745,0.5,0.0292912827781715,0.05191176470588236
137,final_quarter,Fisher,84,0.7483243899969626,0.5,0.03675711248354764,0.07147058823529413
166,final_quarter,Semantic,73,0.8482969270640506,0.3333333333333333,0.025098728865852165,0.06963369963369963
166,final_quarter,Temperature,73,0.8169505121559917,0.45454545454545453,0.025155806491422933,0.08868131868131866
166,final_quarter,Fisher,73,0.8874490929285452,0.45454545454545453,0.013894545230161665,0.05963369963369963
171,final_quarter,Semantic,78,0.786997812314268,0.14285714285714285,-0.02089682469429304,0.037619047619047614
171,final_quarter,Temperature,78,0.8513385348828386,0.3333333333333333,0.005682924670266439,0.054761904761904755
171,final_quarter,Fisher,78,0.8425625007903488,0.14285714285714285,-0.024352862327545875,0.06915750915750915
175,final_quarter,Semantic,71,0.8376928236083165,0.45454545454545453,0.013346747149564048,0.0839194139194139
175,final_quarter,Temperature,71,0.8627095908786048,0.6,-0.03472669349429912,0.06857142857142856
175,final_quarter,Fisher,71,0.7202883970489604,0.6,-0.011309523809523808,0.07344322344322345
176,final_quarter,Semantic,75,0.7436130867709815,0.23076923076923078,0.014058321479374112,0.06391941391941391
176,final_quarter,Temperature,75,0.7533428165007112,0.45454545454545453,-0.05986913229018491,0.04428571428571428
176,final_quarter,Fisher,75,0.872062588904694,0.3333333333333333,0.023476529160739685,0.04095238095238095
185,final_quarter,Semantic,79,0.8332035053554041,0.45454545454545453,0.011723466407010708,0.048571428571428564
185,final_quarter,Temperature,79,0.8905063291139241,0.6,-0.0035722979552093525,0.05952380952380952
185,final_quarter,Fisher,79,0.9421859785783837,0.7777777777777778,-0.013444498539435242,0.058571428571428566
188,final_quarter,Semantic,82,0.9280591199486293,0.6363636363636364,-0.029856009403467533,0.0782563025210084
188,final_quarter,Temperature,82,0.712628290941544,0.6363636363636364,0.022811027307060226,0.05816176470588236
188,final_quarter,Fisher,82,0.7784525636421024,0.5,-0.02954473721444042,0.06220588235294118
193,final_quarter,Semantic,73,0.9237319511292116,0.6,0.022877329384178705,0.04915750915750916
193,final_quarter,Temperature,73,0.7637911884487227,0.45454545454545453,0.014938911514253982,0.06402930402930403
193,final_quarter,Fisher,73,0.8693385165987908,0.6,-0.05138220412193016,0.05142857142857142
196,final_quarter,Semantic,68,0.8823529411764705,0.5555555555555556,-0.0027674924609688138,0.06491841491841491
196,final_quarter,Temperature,68,0.8739932053288543,0.5555555555555556,-0.018643356109478183,0.06171328671328672
196,final_quarter,Fisher,68,0.8165820513799288,0.16666666666666666,-0.02255029201817002,0.04294871794871795
199,final_quarter,Semantic,62,0.7289416030822694,0.5555555555555556,0.04512603560726247,0.11334498834498834
199,final_quarter,Temperature,62,0.8602905995819798,0.4,0.04474830651456775,0.06089743589743589
199,final_quarter,Fisher,62,0.9314043967666389,0.4,0.02548915917503966,0.047435897435897434
200,final_quarter,Semantic,94,0.958776144204024,0.8181818181818182,-0.007557706895928912,0.045906432748538006
200,final_quarter,Temperature,94,0.8850558104251706,0.6666666666666666,0.010187479680670445,0.047764017887856905
200,final_quarter,Fisher,94,0.9366687136509771,0.5384615384615384,0.016644149839251526,0.06454678362573099
205,final_quarter,Semantic,91,0.9329351807612679,0.42857142857142855,0.026970058926580665,0.06494238046095631
205,final_quarter,Temperature,91,0.9068322981366461,0.6666666666666666,0.025418060200668897,0.05273477812177503
205,final_quarter,Fisher,91,0.862494027711419,0.3333333333333333,0.008359611403089667,0.04064327485380116
211,final_quarter,Semantic,74,0.9153498704183635,0.6,-0.061482413920770085,0.04582417582417582
211,final_quarter,Temperature,74,0.9500629396519806,0.7777777777777778,0.0040740466493891115,0.06725274725274724
211,final_quarter,Fisher,74,0.9030877452795258,0.7777777777777778,0.01579118844872269,0.04428571428571428
215,final_quarter,Semantic,76,0.8769377990430621,0.6,0.009107313738892685,0.06630036630036629
215,final_quarter,Temperature,76,0.8065345181134655,0.7777777777777778,-0.025257689678742305,0.04380952380952381
215,final_quarter,Fisher,76,0.8995215311004785,0.6,0.027101845522898155,0.07677655677655677
230,final_quarter,Semantic,90,0.7539613944108324,0.2,0.003317281968967362,0.06477941176470589
230,final_quarter,Temperature,90,0.8897312425402312,0.5,0.0192468205951352,0.06656512605042017
230,final_quarter,Fisher,90,0.8552249248878461,0.2,0.014252788410091779,0.07066176470588234
232,final_quarter,Semantic,70,0.8762662934126497,0.5555555555555556,-0.012961245735281254,0.06107226107226107
232,final_quarter,Temperature,70,0.8027819088443706,0.4,-0.022806403639226668,0.04743589743589744
232,final_quarter,Fisher,70,0.8207330942174786,0.5555555555555556,-0.046645087918817246,0.05064102564102564
234,final_quarter,Semantic,96,0.7764785675529029,0.25,-0.06016752577319588,0.05285087719298245
234,final_quarter,Temperature,96,0.8037303309820945,0.1111111111111111,-0.011441264243081931,0.0717406260749914
234,final_quarter,Fisher,96,0.8602685838307109,0.25,-0.0020618556701030924,0.05502235982112143
238,final_quarter,Semantic,85,0.8774477232753567,0.6363636363636364,0.007800469024819229,0.09147058823529411
238,final_quarter,Temperature,85,0.9053742427203441,0.5,-0.0016122728161031877,0.05816176470588236
238,final_quarter,Fisher,85,0.8774281805745555,0.6363636363636364,-0.03247703732655853,0.04602941176470589
240,final_quarter,Semantic,78,0.8076354025721114,0.0,0.02461462588044866,0.057252747252747246
240,final_quarter,Temperature,78,0.853918233665069,0.45454545454545453,0.017630470795027754,0.047619047619047616
240,final_quarter,Fisher,78,0.7638058144387256,0.0,0.04684808862024052,0.06296703296703296
255,final_quarter,Semantic,92,0.8877517993927531,0.42857142857142855,0.013391797543270195,0.07237702098383211
255,final_quarter,Temperature,92,0.9086355439791625,0.5384615384615384,-0.02613935853767551,0.04625042999656002
255,final_quarter,Fisher,92,0.8862259759875468,0.42857142857142855,0.0019612225082070818,0.0537796697626419
260,final_quarter,Semantic,69,0.9015710632078919,0.2727272727272727,0.029448301059554267,0.06410256410256411
260,final_quarter,Temperature,69,0.9044208987943003,0.4,-0.02465473145780052,0.0662004662004662
260,final_quarter,Fisher,69,0.8877603215199125,0.2727272727272727,0.012345633905736217,0.035256410256410256
262,final_quarter,Semantic,80,0.8638302859821847,0.45454545454545453,0.0026957337083919368,0.04476190476190476
262,final_quarter,Temperature,80,0.8621190811064229,0.6,-0.037157759024847636,0.058681318681318685
262,final_quarter,Fisher,80,0.8518049695264885,0.6,-0.011019690576652596,0.058571428571428566
268,final_quarter,Semantic,77,0.8692097376307901,0.7777777777777778,-0.02413901887586099,0.04476190476190476
268,final_quarter,Temperature,77,0.9115621220884377,0.6,0.025834691624165303,0.05249084249084248
268,final_quarter,Fisher,77,0.870865976129134,0.6,0.0615424049634576,0.05963369963369963
269,final_quarter,Semantic,72,0.9181940960833496,0.6,0.02456267284069715,0.05963369963369963
269,final_quarter,Temperature,72,0.8879349154286451,1.0,-0.02480706154736639,0.06523809523809523
269,final_quarter,Fisher,72,0.9093189272622034,0.7777777777777778,0.010404206058267416,0.06963369963369963
278,final_quarter,Semantic,82,0.9352205570248473,0.6363636363636364,0.031135925817089505,0.05933823529411765
278,final_quarter,Temperature,82,0.9427302706762006,0.8,0.018239897258410333,0.08102941176470588
278,final_quarter,Fisher,82,0.9279285162329536,0.8,0.041025892186632704,0.05639705882352941
284,final_quarter,Semantic,67,0.8955223880597015,0.75,-0.03486112219650413,0.051923076923076926
284,final_quarter,Temperature,67,0.9402186926330914,0.75,-0.004872695346795438,0.03141025641025641
284,final_quarter,Fisher,67,0.9634049006305373,1.0,-0.005134088913720172,0.03461538461538462
296,final_quarter,Semantic,76,0.8749965823650033,0.6,-0.03657826384142173,0.047619047619047616
296,final_quarter,Temperature,76,0.8639234449760765,0.7777777777777778,-0.022821599453178402,0.052490842490842494
296,final_quarter,Fisher,76,0.879671907040328,1.0,-0.005012987012987014,0.041428571428571426
314,final_quarter,Semantic,69,0.8728534892217759,0.16666666666666666,-0.00877603215199123,0.08012820512820512
314,final_quarter,Temperature,69,0.8878333942272563,0.5555555555555556,0.0017519181585677745,0.08927738927738929
314,final_quarter,Fisher,69,0.9355864084764342,0.5555555555555556,0.01860065765436609,0.0738927738927739
315,final_quarter,Semantic,74,0.8724620510921879,0.6,-0.000903369122547202,0.07106227106227106
315,final_quarter,Temperature,74,0.7589633469085522,0.6,0.004085894113291374,0.06190476190476189
315,final_quarter,Fisher,74,0.8441762310255458,0.6,0.026504257682339872,0.062380952380952384
329,final_quarter,Semantic,73,0.940145625077132,0.6,-0.05945945945945946,0.03761904761904762
329,final_quarter,Temperature,73,0.9143527088732569,0.6,-0.015319943230902138,0.06296703296703296
329,final_quarter,Fisher,73,0.9365358509194126,0.7777777777777778,-0.03615481920276441,0.051428571428571435
331,final_quarter,Semantic,80,0.8758321612751993,0.6,0.01716479137365213,0.06344322344322344
331,final_quarter,Temperature,80,0.9255274261603376,0.7777777777777778,-0.008210267229254567,0.05523809523809524
331,final_quarter,Fisher,80,0.9082278481012659,0.7777777777777778,0.026973745897796532,0.06582417582417582
341,final_quarter,Semantic,74,0.8328619029988892,0.6,0.02054498333950388,0.04476190476190476
341,final_quarter,Temperature,74,0.6164975934838948,0.45454545454545453,-0.00046353202517585983,0.059743589743589745
341,final_quarter,Fisher,74,0.7890559052202887,0.6,0.02791854868567196,0.05809523809523809
343,final_quarter,Semantic,85,0.9030682040257964,0.6363636363636364,-0.0011940590189564201,0.053088235294117644
343,final_quarter,Temperature,85,0.8847176079734219,0.6363636363636364,-0.012093023255813953,0.058529411764705885
343,final_quarter,Fisher,85,0.8735782685167091,0.6363636363636364,-0.03095270666406097,0.055661764705882355
347,final_quarter,Semantic,72,0.9385491028361954,0.6,-0.02439063605376552,0.048095238095238094
347,final_quarter,Temperature,72,0.852337770917744,0.3333333333333333,0.01701395588140717,0.0419047619047619
347,final_quarter,Fisher,72,0.9471027075696189,0.7777777777777778,-0.022466074988745262,0.062380952380952384
354,final_quarter,Semantic,75,0.9183783783783783,0.7777777777777778,-0.004514935988620203,0.037142857142857144
354,final_quarter,Temperature,75,0.8051778093883357,0.45454545454545453,0.011617354196301563,0.08545787545787545
354,final_quarter,Fisher,75,0.902162162162162,0.7777777777777778,0.03655476529160739,0.06190476190476189
359,final_quarter,Semantic,104,0.7720046943347916,0.4666666666666667,-0.006468046516590206,0.05174185463659149
359,final_quarter,Temperature,104,0.8752693908033715,0.4666666666666667,-0.024438280166435507,0.06440267335004177
359,final_quarter,Fisher,104,0.8844340125893524,0.5714285714285714,0.022095380347807534,0.05273182957393484
363,final_quarter,Semantic,69,0.7737303617099015,0.4,-0.03607964925100475,0.07179487179487179
363,final_quarter,Temperature,69,0.8834124954329559,0.5555555555555556,0.028136645962732926,0.03910256410256411
363,final_quarter,Fisher,69,0.9380708805261235,0.5555555555555556,0.003224333211545495,0.047435897435897434
365,final_quarter,Semantic,73,0.6090336912254721,0.23076923076923078,-0.005184808095766998,0.06249084249084249
365,final_quarter,Temperature,73,0.7301925212884117,0.3333333333333333,0.011225780575095646,0.0657142857142857
365,final_quarter,Fisher,73,0.7386770331975813,0.45454545454545453,0.001747809453288903,0.05534798534798534
368,final_quarter,Semantic,92,0.7954317771989582,0.3333333333333333,0.0278786430960344,0.05829033367733059
368,final_quarter,Temperature,92,0.8583296086802398,0.3333333333333333,-0.0023788973999352724,0.03742690058479532
368,final_quarter,Fisher,92,0.8075921273677232,0.25,0.024360772467364334,0.04069487444100447
371,final_quarter,Semantic,70,0.9183623480010497,0.75,0.016869915143032106,0.07453379953379954
371,final_quarter,Temperature,70,0.8891435569941388,0.75,0.028872364622517716,0.06620046620046618
371,final_quarter,Fisher,70,0.820768086781559,0.5555555555555556,0.010291313095967106,0.04358974358974358
373,final_quarter,Semantic,92,0.8843610807145169,0.5384615384615384,0.009918622751722334,0.06418988648090815
373,final_quarter,Temperature,92,0.9422653083242142,0.6666666666666666,-0.012504816361758857,0.04327485380116959
373,final_quarter,Fisher,92,0.7520614028327913,0.42857142857142855,-0.01705916804093522,0.05970072239422084
387,final_quarter,Semantic,70,0.8391741754877089,0.5555555555555556,-0.038283614731869475,0.05641025641025641
387,final_quarter,Temperature,70,0.9065348613419648,0.75,0.04288688653661097,0.06153846153846154
387,final_quarter,Fisher,70,0.8127547896072085,0.2727272727272727,-0.02249496981891348,0.036538461538461534
388,final_quarter,Semantic,63,0.9485887096774194,0.75,0.0267569124423963,0.057226107226107215
388,final_quarter,Temperature,63,0.8472542242703534,0.5555555555555556,-0.0039890552995391695,0.08385780885780886
388,final_quarter,Fisher,63,0.8947772657450077,0.4,0.007022849462365595,0.08927738927738929
399,final_quarter,Semantic,82,0.8962135806097016,0.5,0.0466364101392018,0.07264705882352941
399,final_quarter,Temperature,82,0.8926002111426736,0.6363636363636364,-0.009416527900218758,0.061102941176470596
399,final_quarter,Fisher,82,0.9525037820659332,0.6363636363636364,0.0006671673142434276,0.07102941176470588
402,final_quarter,Semantic,92,0.7646995360880354,0.42857142857142855,-0.004113558251005659,0.05701754385964912
402,final_quarter,Temperature,92,0.8410061187059784,0.3333333333333333,0.03518795370127768,0.05701754385964911
402,final_quarter,Fisher,92,0.8889693756453924,0.6666666666666666,0.02291663455758827,0.05175438596491229
408,final_quarter,Semantic,79,0.7912366114897761,0.6,0.0030270204479065283,0.06333333333333332
408,final_quarter,Temperature,79,0.806475170399221,0.6,0.0314155306718598,0.06069597069597069
408,final_quarter,Fisher,79,0.7905550146056476,0.6,0.013079357351509247,0.05523809523809524
412,final_quarter,Semantic,69,0.7070880526123494,0.4,0.04648520277676289,0.07115384615384615
412,final_quarter,Temperature,69,0.5605042016806723,0.4,0.02390025575447572,0.07948717948717948
412,final_quarter,Fisher,69,0.4510047497259774,0.4,0.04884727804165146,0.05192307692307692
413,final_quarter,Semantic,68,0.8897965415887313,0.5555555555555556,-0.011610108027636748,0.051923076923076926
413,final_quarter,Temperature,68,0.953773332824369,0.75,0.025850288200939042,0.04568764568764569
413,final_quarter,Fisher,68,0.9072031148604802,0.2727272727272727,0.07896705729663701,0.08333333333333333
415,final_quarter,Semantic,78,0.7960520492166061,0.6,0.007850377470630637,0.060219780219780215
415,final_quarter,Temperature,78,0.8251115972634958,0.6,-0.028599248852413404,0.054761904761904755
415,final_quarter,Fisher,78,0.8136041174015857,0.45454545454545453,-0.023887504900163125,0.06296703296703296
417,final_quarter,Semantic,160,0.7975155279503104,0.5238095238095238,0.040967713582561814,0.0655249512980325
417,final_quarter,Temperature,160,0.9270010547287004,0.6,-0.014707166295558422,0.06270618147147625
417,final_quarter,Fisher,160,0.8371528184694715,0.5238095238095238,-0.007016289698816363,0.041742677048572485
424,final_quarter,Semantic,80,0.8260900140646976,0.45454545454545453,0.010556727613689636,0.04380952380952381
424,final_quarter,Temperature,80,0.8942334739803095,0.45454545454545453,-0.036440459446788566,0.04476190476190476
424,final_quarter,Fisher,80,0.8433192686357243,0.3333333333333333,0.03766291608063761,0.06523809523809523
428,final_quarter,Semantic,65,0.8904283216783216,0.4,-0.005472027972027972,0.04615384615384614
428,final_quarter,Temperature,65,0.8988636363636363,0.2727272727272727,0.003981643356643356,0.05897435897435897
428,final_quarter,Fisher,65,0.8944055944055944,0.5555555555555556,-0.0018334790209790224,0.058974358974358966
430,final_quarter,Semantic,81,0.6802393857271907,0.38461538461538464,-0.045922538392050585,0.0444327731092437
430,final_quarter,Temperature,81,0.8985772357723576,0.6363636363636364,0.03093721770551039,0.07316176470588236
430,final_quarter,Fisher,81,0.7591237579042456,0.38461538461538464,0.010828816621499546,0.06481900452488688
435,final_quarter,Semantic,65,0.8499562937062938,0.5555555555555556,-0.021424825174825177,0.05128205128205128
435,final_quarter,Temperature,65,0.8147727272727273,0.75,0.013336975524475523,0.08012820512820513
435,final_quarter,Fisher,65,0.8645104895104895,0.5555555555555556,-0.01413461538461538,0.05448717948717948
436,final_quarter,Semantic,68,0.8182998053212199,0.2727272727272727,0.03906363324044737,0.05979020979020979
436,final_quarter,Temperature,68,0.9080810779860289,0.5555555555555556,-0.00609230064511203,0.06043123543123543
436,final_quarter,Fisher,68,0.917013398480742,0.75,-0.011909760659617507,0.0641025641025641
438,final_quarter,Semantic,67,0.9093702609944928,0.4,0.038169446883230915,0.08094405594405593
438,final_quarter,Temperature,67,0.8462367307845798,0.4,0.006419107670205125,0.047435897435897434
438,final_quarter,Fisher,67,0.8675871977013331,0.5555555555555556,0.0028194588554553437,0.03910256410256411
440,final_quarter,Semantic,72,0.9032413660042447,0.6,0.020396810084249792,0.05142857142857142
440,final_quarter,Temperature,72,0.8709241751881152,0.6,0.016300083606662814,0.06677655677655676
440,final_quarter,Fisher,72,0.942343559071323,0.6,0.04923146183034279,0.06963369963369964
443,final_quarter,Semantic,66,0.8112514351320324,0.75,0.012040496816616222,0.07773892773892774
443,final_quarter,Temperature,66,0.847114079949901,0.75,0.015764533973489196,0.08222610722610722
443,final_quarter,Fisher,66,0.9198831019726542,0.75,0.039204675921093834,0.06794871794871796
447,final_quarter,Semantic,86,0.8741261380253785,0.6363636363636364,0.06083117128166423,0.0672794117647059
447,final_quarter,Temperature,86,0.8364828529647623,0.8,-0.014957309307042786,0.04558823529411765
447,final_quarter,Fisher,86,0.808406056889476,0.6363636363636364,-0.046249351384499274,0.06102941176470589
450,final_quarter,Semantic,65,0.9086101398601398,0.4,0.034530157342657346,0.047435897435897434
450,final_quarter,Temperature,65,0.8281468531468532,0.4,0.023780594405594425,0.08671328671328671
450,final_quarter,Fisher,65,0.8635926573426573,0.4,-0.0030638111888111855,0.07243589743589744
464,final_quarter,Semantic,145,0.8933986773736419,0.7647058823529411,-0.007414186742245319,0.05256094480232411
464,final_quarter,Temperature,145,0.9090891198236498,0.7647058823529411,0.014694142654700043,0.06568565534082776
464,final_quarter,Fisher,145,0.9166548575027554,0.875,0.020045858919855143,0.05825333670161257
471,final_quarter,Semantic,92,0.9385509301357828,0.5384615384615384,0.0165243592312316,0.08675610595115238
471,final_quarter,Temperature,92,0.9595425612255907,0.5384615384615384,-0.0271180432470755,0.07359821121431029
471,final_quarter,Fisher,92,0.9147234252423594,0.5384615384615384,0.009469352526856028,0.06366959064327485
475,final_quarter,Semantic,86,0.9215057314024245,0.6363636363636364,-0.006825793669512713,0.05639705882352941
475,final_quarter,Temperature,86,0.926279541487806,0.8,-0.0016406434265767253,0.030147058823529416
475,final_quarter,Fisher,86,0.949393839332044,0.6363636363636364,-0.004417189490070284,0.06595588235294117
481,final_quarter,Semantic,75,0.886827880512091,0.3333333333333333,-0.016746799431009953,0.04476190476190476
481,final_quarter,Temperature,75,0.8904125177809389,0.6,-0.01502560455192034,0.04963369963369963
481,final_quarter,Fisher,75,0.9265718349928876,0.45454545454545453,0.024123755334281648,0.0519047619047619
485,final_quarter,Semantic,86,0.9281286853153449,0.5,-0.013008160762300108,0.053088235294117644
485,final_quarter,Temperature,86,0.9252417566866361,1.0,0.008971177885749328,0.045220588235294124
485,final_quarter,Fisher,86,0.9370536346054059,0.5,0.027505070993914804,0.04235294117647059
488,final_quarter,Semantic,78,0.9283501308817764,0.7777777777777778,-0.0038556380328532273,0.06238095238095237
488,final_quarter,Temperature,78,0.9422855625387269,0.7777777777777778,-0.0094361334867664,0.03047619047619048
488,final_quarter,Fisher,78,0.8950416671935658,0.7777777777777778,-0.015064682153289743,0.06296703296703296
490,final_quarter,Semantic,83,0.7658368666302842,0.5,0.014542840350950848,0.061102941176470596
490,final_quarter,Temperature,83,0.8272322740439108,0.6363636363636364,0.04215188279249401,0.08345588235294119
490,final_quarter,Fisher,83,0.7870996179841315,0.5,0.005119432433567024,0.07029411764705883
493,final_quarter,Semantic,79,0.8080087633885104,0.3333333333333333,0.007183544303797465,0.06783882783882784
493,final_quarter,Temperature,79,0.7591528724440118,0.23076923076923078,-0.014679892891918206,0.03428571428571429
493,final_quarter,Fisher,79,0.8518743914313535,0.14285714285714285,0.016308422590068164,0.06952380952380952
519,final_quarter,Semantic,78,0.9149458136799908,0.45454545454545453,-0.0434603371312232,0.0557142857142857
519,final_quarter,Temperature,78,0.9245817473665574,0.45454545454545453,-0.04314672669103049,0.0663003663003663
519,final_quarter,Fisher,78,0.91054515105148,0.3333333333333333,-0.019122649502396335,0.05307692307692308
521,final_quarter,Semantic,94,0.8513744897590579,0.25,0.01801033125022577,0.04203216374269005
521,final_quarter,Temperature,94,0.8143409312574503,0.3333333333333333,-0.03673518043564643,0.06647746818025455
521,final_quarter,Fisher,94,0.7350287179857674,0.17647058823529413,0.06426687858974822,0.05146198830409356
523,final_quarter,Semantic,86,0.874975234680881,0.8,-0.04564271899617906,0.05404411764705882
523,final_quarter,Temperature,86,0.9323741685928582,1.0,-0.0007594697863106739,0.05227941176470589
523,final_quarter,Fisher,86,0.900089626869192,0.6363636363636364,0.03373177980093401,0.07110294117647059
524,final_quarter,Semantic,104,0.8512749386535795,0.5714285714285714,-0.011304278246025817,0.07043441938178781
524,final_quarter,Temperature,104,0.800341406166649,0.375,0.005822575482769652,0.0593609022556391
524,final_quarter,Fisher,104,0.9219246772644832,0.5714285714285714,0.0016110103488744289,0.056942355889724315
526,final_quarter,Semantic,92,0.9325401106607277,0.42857142857142855,0.012453955581585314,0.07605349157206742
526,final_quarter,Temperature,92,0.9489542715349166,0.42857142857142855,0.005066812570318881,0.06618507051943584
526,final_quarter,Fisher,92,0.9182066180663656,0.3333333333333333,-0.013900405345005622,0.05350877192982456
529,final_quarter,Semantic,74,0.9108182154757495,0.23076923076923078,-0.001796371714179934,0.06677655677655678
529,final_quarter,Temperature,74,0.9414142910033318,0.45454545454545453,-0.004784894483524622,0.054761904761904755
529,final_quarter,Fisher,74,0.9152313957793409,0.45454545454545453,-0.012627915586819699,0.06296703296703296
537,final_quarter,Semantic,67,0.9233777635884748,0.5555555555555556,0.010625349189879483,0.07307692307692307
537,final_quarter,Temperature,67,0.9254529491579537,0.16666666666666666,-0.00037912044057785354,0.05961538461538461
537,final_quarter,Fisher,67,0.9299225796152927,0.5555555555555556,0.008669885864793673,0.06107226107226107
538,final_quarter,Semantic,108,0.7776729829374945,0.29411764705882354,-0.014012022826221573,0.05745614035087719
538,final_quarter,Temperature,108,0.8806482037211695,0.375,0.0060090314098716745,0.06194235588972432
538,final_quarter,Fisher,108,0.5832404469976278,0.29411764705882354,0.03958386921603931,0.05697994987468672
548,final_quarter,Semantic,72,0.8711171136407487,0.7777777777777778,-0.004262331982764165,0.06402930402930403
548,final_quarter,Temperature,72,0.9098012733937875,0.7777777777777778,-0.034452376358608275,0.058571428571428566
548,final_quarter,Fisher,72,0.8427551611036082,0.6,-0.012634253006624222,0.05095238095238095
551,final_quarter,Semantic,71,0.9183433936955062,0.6,0.004327632461435273,0.08926739926739927
551,final_quarter,Temperature,71,0.839570757880617,0.45454545454545453,0.041532528504359484,0.06879120879120879
551,final_quarter,Fisher,71,0.9081824279007377,0.6,-0.016537558685446013,0.048095238095238094
554,final_quarter,Semantic,73,0.8116746883870173,0.45454545454545453,0.013903801061335309,0.07212454212454213
554,final_quarter,Temperature,73,0.8815870665185734,0.45454545454545453,-0.03367425644822906,0.06677655677655678
554,final_quarter,Fisher,73,0.8071701838825128,0.45454545454545453,-0.016035727508330246,0.06725274725274724
555,final_quarter,Semantic,75,0.8121194879089616,0.45454545454545453,-0.0037240398293029893,0.04428571428571428
555,final_quarter,Temperature,75,0.936529160739687,0.6,-0.02208392603129445,0.04380952380952381
555,final_quarter,Fisher,75,0.8807396870554765,0.6,0.02120341394025605,0.06999999999999999
566,final_quarter,Semantic,82,0.9139321513697066,0.5,-0.03306015389471164,0.05639705882352941
566,final_quarter,Temperature,82,0.9129743907880847,0.6363636363636364,-0.008384758546380643,0.03970588235294118
566,final_quarter,Fisher,82,0.950283518899446,0.6363636363636364,-0.03412022072027949,0.04933823529411765
568,final_quarter,Semantic,72,0.47620425750852147,0.23076923076923078,0.016959289986494312,0.05534798534798534
568,final_quarter,Temperature,72,0.7921731301048299,0.6,0.03471766673097948,0.052490842490842494
568,final_quarter,Fisher,72,0.789279053315326,0.3333333333333333,-0.022586661521641266,0.03761904761904762
571,final_quarter,Semantic,77,0.8508596666491403,0.6,0.000711130974288872,0.06772893772893772
571,final_quarter,Temperature,77,0.8660549976339448,0.6,-0.006012408643987592,0.048571428571428564
571,final_quarter,Fisher,77,0.8770440086229558,0.45454545454545453,0.03113728376886271,0.07688644688644689
572,final_quarter,Semantic,73,0.8031284709366902,0.3333333333333333,-0.014105886708626437,0.05095238095238095
572,final_quarter,Temperature,73,0.7402813772676787,0.45454545454545453,-0.05252375663334567,0.04476190476190476
572,final_quarter,Fisher,73,0.8713130939158339,0.45454545454545453,-0.0031145871899296547,0.049157509157509154
576,final_quarter,Semantic,96,0.899158979924037,0.6666666666666666,-0.019823657080846442,0.0586343309253526
576,final_quarter,Temperature,96,0.9212425393380358,0.5384615384615384,0.0013185024416711895,0.06062951496388027
576,final_quarter,Fisher,96,0.8315111231687465,0.5384615384615384,-0.01428241996744438,0.04975920192638459
584,final_quarter,Semantic,73,0.8668085894113292,0.6,-0.0012896458101937566,0.08772893772893772
584,final_quarter,Temperature,73,0.922281870912008,0.45454545454545453,-0.016854868567197333,0.06582417582417581
584,final_quarter,Fisher,73,0.8141120572627424,0.6,-0.04108200666419846,0.05963369963369962
587,final_quarter,Semantic,72,0.8944626664094156,0.7777777777777778,-0.029387741976976012,0.054761904761904755
587,final_quarter,Temperature,72,0.9445623512766095,0.7777777777777778,-8.843012412373049e-05,0.08402930402930402
587,final_quarter,Fisher,72,0.9448839153643324,0.7777777777777778,-0.007826869895170105,0.059523809523809514
592,final_quarter,Semantic,78,0.8681571592963996,0.6,0.011145816209107345,0.0519047619047619
592,final_quarter,Temperature,78,0.8778436753120297,1.0,0.0017741751918967075,0.05582417582417583
592,final_quarter,Fisher,78,0.8698263761554901,0.7777777777777778,-0.009745950252279367,0.059157509157509156
600,final_quarter,Semantic,92,0.8781344882326648,0.5384615384615384,-0.025174544950141008,0.05180598555211559
600,final_quarter,Temperature,92,0.9598353960205291,0.6666666666666666,-0.007950464682582495,0.05319487444100447
600,final_quarter,Fisher,92,0.9109011605505294,0.5384615384615384,0.005775781021222814,0.059941520467836254
606,final_quarter,Semantic,99,0.9091774891774892,0.42857142857142855,-0.011625231910946204,0.04912280701754386
606,final_quarter,Temperature,99,0.8781076066790351,0.5384615384615384,0.01265986394557823,0.054729962160302716
606,final_quarter,Fisher,99,0.9489795918367346,0.6666666666666666,-0.011890538033395178,0.04454764361885104
608,final_quarter,Semantic,81,0.866892502258356,0.5,-0.016539069557362243,0.05441176470588236
608,final_quarter,Temperature,81,0.8591915085817524,0.2857142857142857,0.015922538392050586,0.07691176470588236
608,final_quarter,Fisher,81,0.8384598012646793,0.6363636363636364,-0.0111303071364047,0.06654411764705884
631,final_quarter,Semantic,102,0.8844450978507332,0.6923076923076923,-0.02248389887532442,0.058329156223893064
631,final_quarter,Temperature,102,0.9128079569807352,0.5714285714285714,0.021312856585487216,0.0643233082706767
631,final_quarter,Fisher,102,0.8461416672792351,0.4666666666666667,0.03182113756778305,0.06170008354218881
632,final_quarter,Semantic,84,0.681117748304141,0.2857142857142857,0.027153994127771586,0.04191176470588235
632,final_quarter,Temperature,84,0.8194998481320239,0.2857142857142857,0.0015925888427660274,0.04602941176470589
632,final_quarter,Fisher,84,0.803158853903007,0.2857142857142857,0.01664675508757719,0.05110294117647059
639,final_quarter,Semantic,62,0.8303240915615322,0.5555555555555556,0.001130669084132863,0.04807692307692307
639,final_quarter,Temperature,62,0.8593336858804865,0.5555555555555556,-0.002231119840850139,0.08846153846153845
639,final_quarter,Fisher,62,0.6884994082244216,0.5555555555555556,-0.00825212157840397,0.04871794871794871
644,final_quarter,Semantic,70,0.7848307234712624,0.75,0.01925640801329717,0.05064102564102564
644,final_quarter,Temperature,70,0.8211879975505205,0.75,0.008734143994401191,0.07179487179487179
644,final_quarter,Fisher,70,0.8627941562417986,0.5555555555555556,0.024963695214766858,0.06555944055944055
647,final_quarter,Semantic,66,0.6158229829871622,0.07692307692307693,-0.020329819434297052,0.07692307692307694
647,final_quarter,Temperature,66,0.8172215843857636,0.5555555555555556,-0.01649514664440038,0.06474358974358974
647,final_quarter,Fisher,66,0.6960233796054692,0.5555555555555556,0.006135058970879865,0.06346153846153844
651,final_quarter,Semantic,67,0.9523106393167851,0.5555555555555556,0.01143546971027217,0.06346153846153847
651,final_quarter,Temperature,67,0.8936866469790089,1.0,0.007143427248782826,0.06812354312354311
651,final_quarter,Fisher,67,0.9340729507542502,0.75,0.02165176789847554,0.06346153846153846
659,final_quarter,Semantic,77,0.915531836584468,0.3333333333333333,0.028914506546085496,0.1052014652014652
659,final_quarter,Temperature,77,0.8941847626058153,0.45454545454545453,0.02399837005100162,0.05047619047619047
659,final_quarter,Fisher,77,0.8984699511015299,0.45454545454545453,0.014866712235133283,0.07725274725274725
661,final_quarter,Semantic,68,0.8449822498759398,0.4,0.0007519945031873865,0.05128205128205128
661,final_quarter,Temperature,68,0.8291789136160628,0.4,-0.0029526281635301756,0.05833333333333333
661,final_quarter,Fisher,68,0.769859144176814,0.2727272727272727,-0.06700194678780012,0.06317016317016316
665,final_quarter,Semantic,85,0.9672073480555012,0.5,-0.012619699042407664,0.04154411764705883
665,final_quarter,Temperature,85,0.9093414109829978,0.5,0.000385968340824701,0.07612394957983193
665,final_quarter,Fisher,85,0.8133672073480555,0.2857142857142857,0.0011051397303107318,0.06433823529411765
670,final_quarter,Semantic,80,0.8074074074074076,0.45454545454545453,-0.0277555086732302,0.060109890109890096
670,final_quarter,Temperature,80,0.8169479606188468,0.23076923076923078,-0.05906000937646507,0.05523809523809523
670,final_quarter,Fisher,80,0.8376465072667604,0.3333333333333333,0.017613689639006093,0.06249084249084249
680,final_quarter,Semantic,70,0.8942874639139183,0.2727272727272727,-0.031923716210305306,0.060256410256410264
680,final_quarter,Temperature,70,0.8277665995975854,0.2727272727272727,0.018500568629166304,0.06107226107226107
680,final_quarter,Fisher,70,0.8338902983116087,0.2727272727272727,-0.02912781034030268,0.04294871794871795
684,final_quarter,Semantic,85,0.8965995700605824,0.38461538461538464,0.005664451827242525,0.051102941176470594
684,final_quarter,Temperature,85,0.8282196599570062,0.38461538461538464,0.02183310533515732,0.06502100840336134
684,final_quarter,Fisher,85,0.8907563025210085,0.6363636363636364,-0.020474887629470397,0.04933823529411765
686,final_quarter,Semantic,74,0.888100703443169,0.6,-0.029735653461680854,0.05761904761904761
686,final_quarter,Temperature,74,0.6810366530914475,0.3333333333333333,-0.013968159940762675,0.06809523809523808
686,final_quarter,Fisher,74,0.8937282487967418,0.6,0.008903369122547206,0.06117216117216116
691,final_quarter,Semantic,70,0.9190621992826523,0.5555555555555556,-0.0018686029218791017,0.04294871794871795
691,final_quarter,Temperature,70,0.8814451928965096,0.75,-0.02311433820313183,0.04423076923076923
691,final_quarter,Fisher,70,0.8975067798092904,0.75,0.009953634852593821,0.08910256410256409
697,final_quarter,Semantic,105,0.8794733568318472,0.4666666666666667,-0.027171884719054535,0.052418546365914795
697,final_quarter,Temperature,105,0.8670329670329671,0.5714285714285714,0.02728540327596931,0.04904761904761904
697,final_quarter,Fisher,105,0.7996578892805307,0.5714285714285714,0.010330707028820238,0.046942355889724306
700,final_quarter,Semantic,78,0.9271614461487878,0.7777777777777778,9.863554167351407e-05,0.06344322344322344
700,final_quarter,Temperature,78,0.9343947192048456,0.6,0.018470137457479226,0.04428571428571428
700,final_quarter,Fisher,78,0.9434995384362473,0.6,0.04541660870774794,0.05761904761904761
709,final_quarter,Semantic,66,0.855923181296316,0.4,-0.005108026302056155,0.0685897435897436
709,final_quarter,Temperature,66,0.8355077758062834,0.4,-0.0046592213756392895,0.04294871794871795
709,final_quarter,Fisher,66,0.9399227638033609,0.75,0.034848136937689185,0.06876456876456875
712,final_quarter,Semantic,102,0.9029013124042273,0.6923076923076923,-0.004354513121215038,0.03428571428571429
712,final_quarter,Temperature,102,0.8883466873243578,0.4666666666666667,0.006968012620793776,0.06245614035087721
712,final_quarter,Fisher,102,0.9249424656914579,0.5714285714285714,-0.02401230414303566,0.06618629908103593
722,final_quarter,Semantic,65,0.8937062937062936,0.2727272727272727,-0.011997377622377622,0.08752913752913752
722,final_quarter,Temperature,65,0.8765734265734266,0.4,-0.01949737762237762,0.04807692307692307
722,final_quarter,Fisher,65,0.8750437062937063,0.5555555555555556,-0.02348994755244755,0.07243589743589743
726,final_quarter,Semantic,79,0.8885589094449854,0.6,0.054334225900681585,0.0706959706959707
726,final_quarter,Temperature,79,0.8611002921129504,0.7777777777777778,0.02529576436222005,0.04714285714285714
726,final_quarter,Fisher,79,0.8784566699123662,0.45454545454545453,-0.043920399221032136,0.030476190476190473
736,final_quarter,Semantic,68,0.9303355346031987,0.5555555555555556,-0.012698018857121043,0.046794871794871795
736,final_quarter,Temperature,68,0.8907890216436996,0.5555555555555556,-0.006619078520441271,0.046794871794871795
736,final_quarter,Fisher,68,0.9236172080772607,0.75,-0.030963469099515206,0.05897435897435897
743,final_quarter,Semantic,74,0.6689522399111439,0.14285714285714285,-0.008028137726767862,0.05238095238095238
743,final_quarter,Temperature,74,0.7209922251018139,0.23076923076923078,-0.05087597186227322,0.06344322344322342
743,final_quarter,Fisher,74,0.5085079600148092,0.14285714285714285,0.05016808589411328,0.07344322344322343
752,final_quarter,Semantic,118,0.8379221310427691,0.6,-0.026285246823631668,0.051609260304912474
752,final_quarter,Temperature,118,0.845350395699349,0.4117647058823529,0.007762792209452229,0.03596837944664032
752,final_quarter,Fisher,118,0.8338610542000373,0.7142857142857143,0.024851818171858046,0.04943534726143421
759,final_quarter,Semantic,84,0.7581249367216767,0.5,-0.007255239445175662,0.0736029411764706
759,final_quarter,Temperature,84,0.7851776855320441,0.6363636363636364,0.006335931963146704,0.04558823529411765
759,final_quarter,Fisher,84,0.8107320036448313,0.6363636363636364,0.0028611926698390174,0.047794117647058834
766,final_quarter,Semantic,75,0.937724039829303,0.6,-0.015951635846372682,0.05963369963369963
766,final_quarter,Temperature,75,0.8896159317211949,0.6,-0.010122332859174962,0.05582417582417583
766,final_quarter,Fisher,75,0.8725177809388336,0.45454545454545453,-0.06208961593172119,0.052490842490842494
773,final_quarter,Semantic,82,0.8285173213177915,0.5,-0.025763759645628586,0.05227941176470589
773,final_quarter,Temperature,82,0.8155222516080582,0.5,0.031409105255711195,0.04933823529411765
773,final_quarter,Fisher,82,0.8801057890096974,0.5,0.0022333235380546566,0.06406512605042017
776,final_quarter,Semantic,83,0.8945678183115736,0.38461538461538464,-0.02902585953570379,0.05602941176470588
776,final_quarter,Temperature,83,0.8520633054867552,0.5,-0.016279753158977374,0.06970588235294119
776,final_quarter,Fisher,83,0.6706477477855673,0.38461538461538464,-0.029535913689601605,0.07058823529411765
778,final_quarter,Semantic,84,0.8862812594917486,0.8,-0.03684418345651515,0.04485294117647059
778,final_quarter,Temperature,84,0.8953123418041915,0.6363636363636364,0.024560089095879315,0.04235294117647059
778,final_quarter,Fisher,84,0.8777766528298067,0.8,0.0259997975093652,0.06227941176470588
779,final_quarter,Semantic,87,0.8773055332798715,0.2857142857142857,-0.00839013632718524,0.061102941176470596
779,final_quarter,Temperature,87,0.8793285703871108,0.5,-0.0020540205584311426,0.05816176470588236
779,final_quarter,Fisher,87,0.8842859225778229,0.6363636363636364,-0.0397681708828461,0.0636029411764706
784,final_quarter,Semantic,75,0.9021906116642959,0.45454545454545453,-0.015290184921763863,0.07391941391941391
784,final_quarter,Temperature,75,0.8759886201991465,0.6,-0.026524893314367,0.04095238095238095
784,final_quarter,Fisher,75,0.8509246088193457,0.45454545454545453,0.026917496443812233,0.07117216117216116
790,final_quarter,Semantic,86,0.7852540214161046,0.38461538461538464,-0.027276758337657435,0.06338235294117647
790,final_quarter,Temperature,86,0.893504410585405,0.2857142857142857,0.023486956931930748,0.03272058823529412
790,final_quarter,Fisher,86,0.8384829473088353,0.5,0.018115948865512516,0.07147058823529412
792,final_quarter,Semantic,69,0.8936792108147608,0.5555555555555556,0.013061746437705515,0.06410256410256411
792,final_quarter,Temperature,69,0.8617464377055171,0.5555555555555556,-0.022075264888564122,0.04358974358974359
792,final_quarter,Fisher,69,0.9188892948483743,0.5555555555555556,-0.02641213006941908,0.06876456876456877
799,final_quarter,Semantic,93,0.9274715764972695,0.42857142857142855,-0.013219539852585716,0.06355349157206742
799,final_quarter,Temperature,93,0.9341410283190593,0.6666666666666666,-0.024615051774044345,0.059356725146198816
799,final_quarter,Fisher,93,0.9212945003133298,0.3333333333333333,0.01823505714541493,0.06355349157206741
801,final_quarter,Semantic,67,0.912363317104318,0.4,0.006850107750019957,0.03974358974358974
801,final_quarter,Temperature,67,0.875808125149653,0.5555555555555556,0.0018357410806927924,0.048076923076923066
801,final_quarter,Fisher,67,0.8281586718812357,0.16666666666666666,0.0034200654481602692,0.06043123543123543
804,final_quarter,Semantic,70,0.9731607033505381,0.75,-0.009007085994226224,0.026923076923076928
804,final_quarter,Temperature,70,0.6386317907444667,0.75,0.011458315108039541,0.06491841491841491
804,final_quarter,Fisher,70,0.9287551395328492,0.2727272727272727,-0.04573003236812177,0.026923076923076928
805,final_quarter,Semantic,79,0.9559883154819863,0.6,0.021405793573515092,0.05201465201465201
805,final_quarter,Temperature,79,0.9328870496592016,0.6,0.04795155793573517,0.05249084249084248
805,final_quarter,Fisher,79,0.8983933787731256,0.6,-0.033309396299902636,0.04047619047619047
810,final_quarter,Semantic,81,0.8347786811201445,0.5,-0.0366237579042457,0.05441176470588236
810,final_quarter,Temperature,81,0.8021002710027101,0.5,0.012835365853658543,0.06183823529411765
810,final_quarter,Fisher,81,0.7879177958446251,0.5,0.03821589882565492,0.07397058823529412
814,final_quarter,Semantic,72,0.9010547302077306,0.7777777777777778,-0.001392372499839218,0.06523809523809523
814,final_quarter,Temperature,72,0.898482217505949,0.7777777777777778,0.020465946363110173,0.06809523809523808
814,final_quarter,Fisher,72,0.8656505241494632,0.6,-0.011323879349154286,0.048095238095238094
821,final_quarter,Semantic,70,0.8269267780596622,0.5555555555555556,0.015377482285014437,0.06812354312354311
821,final_quarter,Temperature,70,0.9207068497944186,0.75,-0.033676843670719964,0.05192307692307692
821,final_quarter,Fisher,70,0.9058350100603622,0.4,-0.02597847957309072,0.05064102564102564
823,final_quarter,Semantic,96,0.9435973955507325,0.6666666666666666,0.01695401519262072,0.060921912624699
823,final_quarter,Temperature,96,0.9022517634291916,0.25,-0.0022693977211068915,0.04391124871001032
823,final_quarter,Fisher,96,0.8808735756918068,0.5384615384615384,-0.026083830710797618,0.04975920192638459
827,final_quarter,Semantic,74,0.724427989633469,0.23076923076923078,-0.018732321362458344,0.0557142857142857
827,final_quarter,Temperature,74,0.8175194372454645,0.45454545454545453,0.020453165494261377,0.055824175824175815
827,final_quarter,Fisher,74,0.7092928544983338,0.3333333333333333,0.016500555349870404,0.06190476190476189
831,final_quarter,Semantic,72,0.8120136343173195,0.6,-0.031301048298925986,0.08058608058608058
831,final_quarter,Temperature,72,0.8843333976461509,0.7777777777777778,-0.0696041546080134,0.04095238095238095
831,final_quarter,Fisher,72,0.8399253971316485,0.6,-0.02494854974596437,0.06069597069597069
840,final_quarter,Semantic,72,0.745192616888546,0.6,-0.0056161167920766595,0.042967032967032956
840,final_quarter,Temperature,72,0.874975882693421,0.6,-0.021729693227860315,0.07285714285714286
840,final_quarter,Fisher,72,0.8310180719017302,0.6,-0.01833879992282462,0.048095238095238094
842,final_quarter,Semantic,68,0.7084017253884031,0.16666666666666666,0.019670191243272128,0.05
842,final_quarter,Temperature,68,0.9103332442646104,0.4,0.02415734626102225,0.09137529137529138
842,final_quarter,Fisher,68,0.890827193953506,0.4,0.004513875634614653,0.04038461538461539
849,final_quarter,Semantic,67,0.923258041344082,0.5555555555555556,-0.007107510575464923,0.04423076923076922
849,final_quarter,Temperature,67,0.9569798068481126,0.5555555555555556,0.03134328358208956,0.06474358974358974
849,final_quarter,Fisher,67,0.9187485034719453,0.75,0.004631255487269538,0.04038461538461539
858,final_quarter,Semantic,87,0.9118065174600859,0.6363636363636364,0.00521797769191514,0.08193277310924371
858,final_quarter,Temperature,87,0.9165816140555513,0.8,0.028107457898957487,0.06477941176470589
858,final_quarter,Fisher,87,0.9281548443537214,0.38461538461538464,-0.024865130859517384,0.06227941176470588
860,final_quarter,Semantic,81,0.8827235772357723,0.6363636363636364,0.029179087624209572,0.06735294117647059
860,final_quarter,Temperature,81,0.8095754290876243,0.5,0.015188572719060522,0.058529411764705885
860,final_quarter,Fisher,81,0.8939250225835591,0.8,0.0026196928635953,0.05808823529411765
864,final_quarter,Semantic,80,0.9002109704641351,0.45454545454545453,0.00803563056727614,0.04904761904761904
864,final_quarter,Temperature,80,0.8774027191748711,0.7777777777777778,0.006779184247538676,0.05153846153846155
864,final_quarter,Fisher,80,0.8675808720112518,0.45454545454545453,0.001878809188935768,0.0338095238095238
866,final_quarter,Semantic,75,0.907027027027027,0.6,-0.015167852062588905,0.08593406593406593
866,final_quarter,Temperature,75,0.9097012802275959,0.7777777777777778,-0.016153627311522045,0.054871794871794874
866,final_quarter,Fisher,75,0.9083926031294453,0.45454545454545453,0.0023926031294452363,0.05582417582417583
873,final_quarter,Semantic,75,0.7677098150782361,0.3333333333333333,-0.0289302987197724,0.05201465201465201
873,final_quarter,Temperature,75,0.8104694167852061,0.7777777777777778,0.036166429587482216,0.08106227106227105
873,final_quarter,Fisher,75,0.8350213371266003,0.7777777777777778,-0.024246088193456614,0.02761904761904762
875,final_quarter,Semantic,85,0.7746335743599766,0.2857142857142857,0.011947430134844634,0.07477941176470589
875,final_quarter,Temperature,85,0.8964627711549736,0.8,-0.027877662692984174,0.05406512605042017
875,final_quarter,Fisher,85,0.8101622044166504,0.6363636363636364,0.027556185264803596,0.05110294117647059
879,final_quarter,Semantic,79,0.8894839337877313,0.6,0.013423807205452776,0.0338095238095238
879,final_quarter,Temperature,79,0.9154576436222006,0.45454545454545453,0.03946811100292112,0.03761904761904762
879,final_quarter,Fisher,79,0.8774342745861733,0.6,-0.010578140214216167,0.05523809523809523
887,final_quarter,Semantic,87,0.9426259386163155,0.8,-0.023343296639206822,0.05676470588235294
887,final_quarter,Temperature,87,0.9447583290807026,0.6363636363636364,-0.00983451191951593,0.07882352941176471
887,final_quarter,Fisher,87,0.9337865422468468,1.0,0.02408416563388496,0.09102941176470589
888,final_quarter,Semantic,77,0.8366633366633366,0.23076923076923078,0.024210000525789997,0.062380952380952384
888,final_quarter,Temperature,77,0.7280088332719912,0.14285714285714285,-0.04824123245175877,0.04476190476190476
888,final_quarter,Fisher,77,0.8142383931857615,0.23076923076923078,0.00038251222461748656,0.055824175824175815
903,final_quarter,Semantic,94,0.8962829173138749,0.5384615384615384,-0.014189936061843008,0.057997936016511854
903,final_quarter,Temperature,94,0.7520066466784668,0.3333333333333333,0.019513058555792363,0.051754385964912275
903,final_quarter,Fisher,94,0.857775530108731,0.5384615384615384,-0.0045703139110645505,0.060921912624699
915,final_quarter,Semantic,86,0.6307939053728949,0.2,-0.022032171328836267,0.04889705882352942
915,final_quarter,Temperature,86,0.9358837681022689,0.6363636363636364,0.04485211566583329,0.06066176470588236
915,final_quarter,Fisher,86,0.6745884239822633,0.2,-0.02611632624180386,0.04852941176470589
917,final_quarter,Semantic,74,0.9517512032580524,0.7777777777777778,0.01148315438726398,0.05344322344322344
917,final_quarter,Temperature,74,0.9352536097741576,0.7777777777777778,0.014690855238800444,0.05904761904761905
917,final_quarter,Fisher,74,0.9358756016290262,0.7777777777777778,-0.03444946316179193,0.05915750915750915
918,final_quarter,Semantic,73,0.8922621251388376,0.6,-0.006713562877946441,0.048205128205128206
918,final_quarter,Temperature,73,0.9201530297420709,0.6,-0.012819326175490562,0.06296703296703296
918,final_quarter,Fisher,73,0.7314266321115637,0.45454545454545453,-0.0058064914229297784,0.07604395604395604
926,final_quarter,Semantic,86,0.9471295815840369,0.6363636363636364,0.03506391810934478,0.07102941176470588
926,final_quarter,Temperature,86,0.9096938534836548,0.5,0.004893627057880088,0.049779411764705885
926,final_quarter,Fisher,86,0.9039766026699372,0.5,0.01679984904948346,0.07147058823529412
929,final_quarter,Semantic,74,0.911440207330618,0.3333333333333333,-0.004217697149203998,0.060109890109890096
929,final_quarter,Temperature,74,0.9204738985560902,0.6,-0.03196297667530544,0.06285714285714286
929,final_quarter,Fisher,74,0.8289226212513882,0.45454545454545453,0.025722325064790812,0.06344322344322344
936,final_quarter,Semantic,66,0.8875273979751592,0.5555555555555556,0.0021354764638346806,0.046794871794871795
936,final_quarter,Temperature,66,0.8900323557039976,0.5555555555555556,-0.04925373134328359,0.06555944055944056
936,final_quarter,Fisher,66,0.8104999478133809,0.5555555555555556,0.012128170337125562,0.05128205128205128
937,final_quarter,Semantic,70,0.9288601172250897,0.4,0.046365147406176185,0.0832167832167832
937,final_quarter,Temperature,70,0.8932026944274342,0.2727272727272727,0.03664596273291926,0.07004662004662005
937,final_quarter,Fisher,70,0.9030356049339515,0.16666666666666666,-0.03598635290000875,0.04807692307692307
948,final_quarter,Semantic,80,0.9242147210501641,0.3333333333333333,-0.029735114861697144,0.03380952380952381
948,final_quarter,Temperature,80,0.9053680262541023,0.3333333333333333,0.013114158462259728,0.047619047619047616
948,final_quarter,Fisher,80,0.9098921706516644,0.23076923076923078,0.04906352555086733,0.0663003663003663
951,final_quarter,Semantic,79,0.7022638753651412,0.14285714285714285,0.012493914313534565,0.06190476190476189
951,final_quarter,Temperature,79,0.8161392405063292,0.3333333333333333,-0.00925024342745862,0.058571428571428566
951,final_quarter,Fisher,79,0.635856864654333,0.14285714285714285,0.033042843232716654,0.0838095238095238
956,final_quarter,Semantic,66,0.9074000626239433,0.4,0.06334203110322514,0.0814102564102564
956,final_quarter,Temperature,66,0.8545037052499741,0.4,0.06507045193612358,0.06876456876456877
956,final_quarter,Fisher,66,0.8686149671224299,0.2727272727272727,0.006318755870994683,0.05786713286713287
959,final_quarter,Semantic,92,0.920056100981767,0.5384615384615384,-0.006144906986421709,0.0567251461988304
959,final_quarter,Temperature,92,0.8790438173327373,0.5384615384615384,-2.3118536442533546e-06,0.06260319917440661
959,final_quarter,Fisher,92,0.8558790438173327,0.6666666666666666,0.0024436293019743254,0.06584107327141382
962,final_quarter,Semantic,69,0.8062842528315675,0.2727272727272727,0.05068505663134819,0.06043123543123543
962,final_quarter,Temperature,69,0.8665692363902083,0.5555555555555556,-0.02407380343441725,0.04358974358974359
962,final_quarter,Fisher,69,0.7506393861892584,0.2727272727272727,0.020571793934965287,0.06555944055944055
965,final_quarter,Semantic,79,0.8841528724440118,0.3333333333333333,-0.013807205452775079,0.048095238095238094
965,final_quarter,Temperature,79,0.8054771178188901,0.3333333333333333,0.0025048685491723477,0.06296703296703296
965,final_quarter,Fisher,79,0.880111976630964,0.45454545454545453,-0.007601022395326193,0.05142857142857142
970,final_quarter,Semantic,75,0.8846088193456615,0.45454545454545453,0.029378378378378374,0.08879120879120879
970,final_quarter,Temperature,75,0.8826173541963015,0.6,0.02682788051209104,0.07714285714285714
970,final_quarter,Fisher,75,0.9330867709815078,0.45454545454545453,-0.004254623044096731,0.0845054945054945
975,final_quarter,Semantic,73,0.8507651487103542,0.7777777777777778,0.017658583240775023,0.054761904761904755
975,final_quarter,Temperature,73,0.9133962729853142,1.0,0.018769282981611755,0.056776556776556776
975,final_quarter,Fisher,73,0.8884055288164878,1.0,0.018826360607182523,0.06963369963369963
977,final_quarter,Semantic,82,0.8561182398972585,0.38461538461538464,-0.0013528368215409078,0.07244747899159665
977,final_quarter,Temperature,82,0.8672413230156397,0.38461538461538464,-0.032844657763846714,0.03566176470588235
977,final_quarter,Fisher,82,0.8243815369880607,0.5,0.000823891773054277,0.05639705882352941
981,final_quarter,Semantic,84,0.9317809051331377,0.8,-0.01621038776956566,0.06308823529411765
981,final_quarter,Temperature,84,0.9378151260504202,1.0,-0.010242988761769774,0.07612394957983194
981,final_quarter,Fisher,84,0.9392528095575581,0.8,-0.003965779082717424,0.0720798319327731
985,final_quarter,Semantic,76,0.9350375939849624,0.7777777777777778,-0.00436226930963773,0.05201465201465201
985,final_quarter,Temperature,76,0.9466028708133971,0.6,0.00216267942583732,0.05523809523809524
985,final_quarter,Fisher,76,0.9561722488038278,0.6,-0.013652768284347227,0.048571428571428564
997,final_quarter,Semantic,86,0.8664465304967216,0.6363636363636364,-0.01797348931553375,0.03345588235294118
997,final_quarter,Temperature,86,0.9328647577715931,0.6363636363636364,-0.010953346855983776,0.06441176470588236
997,final_quarter,Fisher,86,0.8770130666540874,0.5,0.0045785178546157825,0.03933823529411765
998,final_quarter,Semantic,85,0.8353722884502639,0.38461538461538464,0.05493648622239593,0.05522058823529412
998,final_quarter,Temperature,85,0.9370138753175689,0.38461538461538464,-0.01131522376392417,0.04443277310924369
998,final_quarter,Fisher,85,0.9006839945280437,0.38461538461538464,0.0037736955247215146,0.06281512605042017
1,final_half,Semantic,107,0.90588569525265,0.5714285714285714,-0.012030995905092188,0.0593233082706767
1,final_half,Temperature,107,0.8166891984560827,0.5714285714285714,0.0210819177491722,0.06329156223893068
1,final_half,Fisher,107,0.8465976997981935,0.4666666666666667,0.003730970434373712,0.04908521303258146
4,final_half,Semantic,67,0.8280788570516402,0.16666666666666666,-0.016848910527576023,0.06491841491841491
4,final_half,Temperature,67,0.707518556947881,0.16666666666666666,-0.03930680820496448,0.05128205128205128
4,final_half,Fisher,67,0.8207758001436668,0.16666666666666666,0.03444808045334823,0.052564102564102565
23,final_half,Semantic,67,0.7389256923936468,0.16666666666666666,-0.015947002953148694,0.05512820512820512
23,final_half,Temperature,67,0.8219730225875969,0.2727272727272727,-0.00413241280229867,0.045046620046620044
23,final_half,Fisher,67,0.5594221406337299,0.07692307692307693,-0.040978928884986845,0.04358974358974359
31,final_half,Semantic,99,0.8261719233147804,0.5384615384615384,-0.012600494743351887,0.060577915376676984
31,final_half,Temperature,99,0.8002844774273346,0.42857142857142855,0.0004730983302411888,0.0500515995872033
31,final_half,Fisher,99,0.7420531849103277,0.42857142857142855,-0.04059678416821274,0.023976608187134502
34,final_half,Semantic,68,0.7011489865251745,0.07692307692307693,-0.025817841737603542,0.03461538461538462
34,final_half,Temperature,68,0.7458105889987403,0.4,-0.013352673970301945,0.06043123543123543
34,final_half,Fisher,68,0.7774936061381074,0.2727272727272727,0.025604076802687326,0.08543123543123542
45,final_half,Semantic,90,0.5786969584722392,0.2857142857142857,0.0029674445404782508,0.05720588235294118
45,final_half,Temperature,90,0.6358892044285301,0.2857142857142857,-0.005339753879079723,0.023897058823529414
45,final_half,Fisher,90,0.47856937070420213,0.2857142857142857,0.03878832777709182,0.042279411764705885
57,final_half,Semantic,82,0.8029189930453521,0.38461538461538464,-0.0017294108684058735,0.06772058823529412
57,final_half,Temperature,82,0.7725100945788574,0.5,0.015704008445706946,0.0850735294117647
57,final_half,Fisher,82,0.8439285597675253,0.6363636363636364,-0.023747020602736153,0.03897058823529412
59,final_half,Semantic,80,0.7251523675574308,0.3333333333333333,-0.017481247069854666,0.04047619047619047
59,final_half,Temperature,80,0.7835443037974684,0.3333333333333333,-0.01062939521800281,0.03487179487179487
59,final_half,Fisher,80,0.7233942803563057,0.3333333333333333,-0.016466244725738398,0.04476190476190476
62,final_half,Semantic,73,0.9197210909539678,1.0,0.036882944588424046,0.04963369963369964
62,final_half,Temperature,73,0.8885597926693818,1.0,0.035735221522892754,0.07058608058608058
62,final_half,Fisher,73,0.9003764038010614,0.3333333333333333,-0.020267184993212402,0.07725274725274725
63,final_half,Semantic,66,0.9086525414883625,0.4,0.010247364575722787,0.07628205128205129
63,final_half,Temperature,66,0.9331593779354975,0.5555555555555556,0.01256236301012421,0.05128205128205128
63,final_half,Fisher,66,0.8977977246633965,0.5555555555555556,0.011263959920676348,0.04358974358974359
64,final_half,Semantic,88,0.8646402028811949,0.5,-0.04117413969215598,0.06619747899159664
64,final_half,Temperature,88,0.8515374590539257,0.6363636363636364,-0.008765982177450598,0.05147058823529412
64,final_half,Fisher,88,0.9063435595787398,0.5,-0.0022304603571554364,0.06779411764705882
66,final_half,Semantic,75,0.7610526315789473,0.45454545454545453,-0.03789473684210526,0.06296703296703296
66,final_half,Temperature,75,0.8044381223328592,0.6,0.03315647226173542,0.04476190476190476
66,final_half,Fisher,75,0.8110099573257468,0.45454545454545453,0.04625035561877667,0.07391941391941391
68,final_half,Semantic,78,0.9191694381567798,0.6,0.00024279517950403958,0.04476190476190476
68,final_half,Temperature,78,0.9234436449626322,0.6,-0.04427597718736959,0.05142857142857142
68,final_half,Fisher,78,0.8448134144336675,0.6,-0.02547199635807231,0.04428571428571428
75,final_half,Semantic,87,0.849821389516658,0.5,0.02095301450754538,0.03970588235294118
75,final_half,Temperature,87,0.8909382518043303,0.38461538461538464,0.004120799008529563,0.07404411764705883
75,final_half,Fisher,87,0.9082343077932492,0.6363636363636364,-0.016231683312677696,0.06522058823529411
76,final_half,Semantic,74,0.744835246205109,0.23076923076923078,0.049580155497963706,0.06296703296703296
76,final_half,Temperature,74,0.8829174379859309,0.3333333333333333,-0.008155497963717137,0.06190476190476189
76,final_half,Fisher,74,0.8131951129211402,0.3333333333333333,0.0211047760088856,0.08058608058608059
79,final_half,Semantic,79,0.600097370983447,0.23076923076923078,0.02118184031158715,0.07117216117216117
79,final_half,Temperature,79,0.535223953261928,0.23076923076923078,-0.009755355404089583,0.06677655677655678
79,final_half,Fisher,79,0.6959347614410906,0.14285714285714285,-0.02604308666017526,0.056776556776556776
95,final_half,Semantic,83,0.7767516057260401,0.2,-0.008809453843247553,0.04558823529411765
95,final_half,Temperature,83,0.8483480962176231,0.2857142857142857,0.029473993535116077,0.058529411764705885
95,final_half,Fisher,83,0.8148692330296796,0.2857142857142857,0.010637672641786652,0.057352941176470586
100,final_half,Semantic,77,0.57481991692518,0.3333333333333333,-0.044909038330090946,0.0519047619047619
100,final_half,Temperature,77,0.9025185340974814,1.0,-0.01129791261370209,0.059157509157509156
100,final_half,Fisher,77,0.7606341027393658,0.3333333333333333,0.01106130711393869,0.07630036630036631
101,final_half,Semantic,62,0.40132457001838284,0.07692307692307693,-0.054740500113318734,0.04679487179487178
101,final_half,Temperature,62,0.6718793281458537,0.16666666666666666,0.06027297222432071,0.0970979020979021
101,final_half,Fisher,62,0.41094407091234164,0.07692307692307693,-0.0005640754450907823,0.07389277389277388
104,final_half,Semantic,91,0.8715559802516324,0.5384615384615384,-0.029556458034718902,0.06425438596491227
104,final_half,Temperature,91,0.6892339544513457,0.6666666666666666,0.01390826564739609,0.06934984520123838
104,final_half,Fisher,91,0.8962414397197006,0.8181818181818182,0.02161012900143335,0.060577915376676984
105,final_half,Semantic,106,0.9353704310149382,0.5714285714285714,0.016597223971584755,0.0543233082706767
105,final_half,Temperature,106,0.8967579414061516,0.4666666666666667,-0.02509106481598105,0.03694235588972431
105,final_half,Fisher,106,0.9048693855958889,0.4666666666666667,-0.039734992568707966,0.05007518796992481
107,final_half,Semantic,77,0.7997528787002469,0.23076923076923078,0.018325095956674906,0.047619047619047616
107,final_half,Temperature,77,0.8065618591934381,0.45454545454545453,0.01746542930753457,0.03915750915750915
107,final_half,Fisher,77,0.7752773542247225,0.14285714285714285,-0.009399810715600185,0.06952380952380952
108,final_half,Semantic,74,0.9038874490929284,0.7777777777777778,0.0425353572750833,0.09069597069597068
108,final_half,Temperature,74,0.8955942243613474,0.45454545454545453,0.023312847093669008,0.06677655677655678
108,final_half,Fisher,74,0.9072047389855609,0.6,0.056824879674194737,0.07857142857142856
111,final_half,Semantic,64,0.8371336996336997,0.4,-0.012348901098901095,0.07773892773892774
111,final_half,Temperature,64,0.8610805860805861,0.16666666666666666,-0.040885989010989006,0.06876456876456875
111,final_half,Fisher,64,0.8260989010989009,0.16666666666666666,-0.021852106227106226,0.046794871794871795
113,final_half,Semantic,71,0.5098591549295773,0.06666666666666667,-0.006420187793427225,0.06296703296703296
113,final_half,Temperature,71,0.281757209926224,0.0,-0.051604627766599596,0.05904761904761905
113,final_half,Fisher,71,0.3841716968477531,0.0,-0.015769617706237422,0.04476190476190476
114,final_half,Semantic,85,0.7957006058237248,0.5,-0.014393199140121165,0.05147058823529412
114,final_half,Temperature,85,0.804827047097909,0.2857142857142857,-0.00385088919288646,0.0798529411764706
114,final_half,Fisher,85,0.8164744967754544,0.5,-0.007088137580613642,0.05183823529411765
115,final_half,Semantic,100,0.8144854485448544,0.5384615384615384,0.0006720672067206709,0.06945304437564499
115,final_half,Temperature,100,0.7524992499249925,0.3333333333333333,0.013428742874287428,0.04992690058479532
115,final_half,Fisher,100,0.8892409240924091,0.42857142857142855,0.028889288928892885,0.05209838321293429
120,final_half,Semantic,80,0.8047585560243788,0.23076923076923078,-0.012971167369901546,0.05809523809523809
120,final_half,Temperature,80,0.802695733708392,0.14285714285714285,-0.07833684950773558,0.059047619047619036
120,final_half,Fisher,80,0.789943741209564,0.23076923076923078,-0.023634552273792787,0.048095238095238094
121,final_half,Semantic,78,0.9280466369073963,0.7777777777777778,-0.0027883508896167156,0.059047619047619036
121,final_half,Temperature,78,0.89979640612552,0.7777777777777778,0.026573426573426574,0.08164835164835164
121,final_half,Fisher,78,0.9009345085294451,0.7777777777777778,0.02543026593659504,0.07820512820512819
128,final_half,Semantic,80,0.8609470229723394,0.7777777777777778,-0.04369315518049695,0.052490842490842494
128,final_half,Temperature,80,0.8166432255039849,0.45454545454545453,-0.0377555086732302,0.06391941391941391
128,final_half,Fisher,80,0.9136896390060948,0.6,0.04521331458040319,0.05963369963369963
130,final_half,Semantic,82,0.883849762192401,0.5,0.024279230744114668,0.09691176470588236
130,final_half,Temperature,82,0.8449516222069852,0.6363636363636364,-0.0037885961188929155,0.055609243697478994
130,final_half,Fisher,82,0.8529184488632034,0.5,0.02861309737595368,0.05406512605042017
132,final_half,Semantic,95,0.5746500559910415,0.1111111111111111,0.00010778275475923984,0.04917440660474716
132,final_half,Temperature,95,0.7362961926091824,0.3333333333333333,-0.009155235162374025,0.045614035087719294
132,final_half,Fisher,95,0.7795632698768197,0.17647058823529413,-0.0030487122060470343,0.03771929824561404
134,final_half,Semantic,77,0.8576949366423049,0.45454545454545453,-0.04843577475156423,0.06619047619047619
134,final_half,Temperature,77,0.9235501340764497,1.0,-0.015427993059572005,0.03761904761904762
134,final_half,Fisher,77,0.8745465061254534,0.3333333333333333,-0.029774173195225823,0.0519047619047619
136,final_half,Semantic,64,0.6533424908424907,0.4,-0.0019116300366300368,0.05641025641025641
136,final_half,Temperature,64,0.890613553113553,0.4,0.02929487179487179,0.06346153846153846
136,final_half,Fisher,64,0.8683150183150183,0.5555555555555556,0.02949633699633699,0.08671328671328672
137,final_half,Semantic,84,0.6374202693125444,0.38461538461538464,0.0015581654348486365,0.06669117647058824
137,final_half,Temperature,84,0.663258074314063,0.38461538461538464,0.03079781310114408,0.061470588235294124
137,final_half,Fisher,84,0.5463602308393237,0.38461538461538464,-0.0342138301103574,0.04191176470588236
166,final_half,Semantic,73,0.7952610144390969,0.45454545454545453,-0.020475441194619283,0.03380952380952381
166,final_half,Temperature,73,0.6111008268542517,0.3333333333333333,-0.007762557077625571,0.059157509157509156
166,final_half,Fisher,73,0.6677465136369247,0.23076923076923078,0.008751388374676046,0.07831501831501832
171,final_half,Semantic,78,0.646227190530988,0.06666666666666667,0.0029451561097130715,0.05021978021978022
171,final_half,Temperature,78,0.6480481543772683,0.3333333333333333,0.0076012594999936775,0.06904761904761905
171,final_half,Fisher,78,0.6031563373335525,0.14285714285714285,-0.01570201949948785,0.03761904761904762
175,final_half,Semantic,71,0.7303822937625752,0.45454545454545453,-0.039934607645875246,0.05523809523809524
175,final_half,Temperature,71,0.6872568745808181,0.3333333333333333,-0.01405264922870556,0.06296703296703296
175,final_half,Fisher,71,0.7263916834339369,0.3333333333333333,0.022188128772635807,0.07439560439560439
176,final_half,Semantic,75,0.6275675675675676,0.06666666666666667,0.04533997155049786,0.05523809523809523
176,final_half,Temperature,75,0.5265433854907539,0.14285714285714285,0.007149359886201992,0.04428571428571428
176,final_half,Fisher,75,0.772375533428165,0.14285714285714285,0.019635846372688476,0.06190476190476191
185,final_half,Semantic,79,0.8335686465433302,0.45454545454545453,0.012568159688412855,0.03809523809523809
185,final_half,Temperature,79,0.8346884128529699,0.45454545454545453,0.019836903602726393,0.0745054945054945
185,final_half,Fisher,79,0.8918208373904577,0.6,0.02931110029211295,0.05523809523809523
188,final_half,Semantic,82,0.5954114561225934,0.5,-0.01892883185859971,0.038970588235294125
188,final_half,Temperature,82,0.47310107639229004,0.38461538461538464,-0.011095874010948947,0.04852941176470589
188,final_half,Fisher,82,0.7864193902983206,0.5,-0.01905508211708623,0.08147058823529413
193,final_half,Semantic,73,0.7817166481550045,0.45454545454545453,0.03388405528816489,0.07058608058608058
193,final_half,Temperature,73,0.6101135381957301,0.45454545454545453,-0.009700111069974083,0.07117216117216117
193,final_half,Fisher,73,0.7475009255831175,0.45454545454545453,0.0008793039614957426,0.08212454212454212
196,final_half,Semantic,68,0.7435965950299652,0.16666666666666666,-0.011390617246249568,0.0564102564102564
196,final_half,Temperature,68,0.8205901439096078,0.16666666666666666,0.02848417757758521,0.0628205128205128
196,final_half,Fisher,68,0.7418406687788678,0.16666666666666666,0.00923388174218422,0.06346153846153846
199,final_half,Semantic,62,0.8025232303392007,0.4,-0.005532472111001985,0.0694055944055944
199,final_half,Temperature,62,0.9026466218428144,0.4,-0.041917856513308656,0.05064102564102564
199,final_half,Fisher,62,0.7526629901034978,0.2727272727272727,0.014227795824834428,0.080011655011655
200,final_half,Semantic,94,0.8167250659249359,0.25,0.04094426182133439,0.042324561403508765
200,final_half,Temperature,94,0.8057002492504425,0.25,0.0018430083444713348,0.04064327485380116
200,final_half,Fisher,94,0.8167250659249359,0.25,0.009475851605678579,0.05021929824561403
205,final_half,Semantic,91,0.8966395922917663,0.5384615384615384,0.02400222965440357,0.09035087719298245
205,final_half,Temperature,91,0.8360089186176144,0.3333333333333333,0.010754100971492275,0.07541709666322668
205,final_half,Fisher,91,0.8462971810797899,0.5384615384615384,-0.009468068163720336,0.04098727210182318
211,final_half,Semantic,74,0.8344316919659384,0.6,0.024196964087375036,0.05761904761904761
211,final_half,Temperature,74,0.9153202517586078,0.45454545454545453,-0.00947056645686783,0.04153846153846154
211,final_half,Fisher,74,0.8297519437245463,0.45454545454545453,0.020405775638652358,0.08058608058608058
215,final_half,Semantic,76,0.8479835953520164,0.23076923076923078,-0.013905673274094324,0.05582417582417583
215,final_half,Temperature,76,0.8612987012987013,0.45454545454545453,0.03288448393711551,0.07439560439560439
215,final_half,Fisher,76,0.8303759398496241,0.45454545454545453,0.005058099794941905,0.06952380952380952
230,final_half,Semantic,90,0.7467177017738815,0.2,0.03982796229987241,0.06227941176470588
230,final_half,Temperature,90,0.815170597193069,0.5,0.0068485821294809995,0.06595588235294117
230,final_half,Fisher,90,0.6339301148289912,0.2,-0.04257809606124212,0.061102941176470596
232,final_half,Semantic,70,0.8333654098504067,0.5555555555555556,0.004837721984078385,0.039102564102564095
232,final_half,Temperature,70,0.8778759513603359,0.2727272727272727,0.03569241536173563,0.03141025641025641
232,final_half,Fisher,70,0.8343801942087307,0.4,-0.03580089231038404,0.0694055944055944
234,final_half,Semantic,96,0.5252984264785676,0.05263157894736842,-0.01094343461747151,0.05268317853457173
234,final_half,Temperature,96,0.6915626695604992,0.1111111111111111,-0.0037981551817688553,0.07081183350533195
234,final_half,Fisher,96,0.590735214324471,0.05263157894736842,-0.03290355398806294,0.060921912624699
238,final_half,Semantic,85,0.8579636505765097,0.6363636363636364,-0.0004299394176275173,0.05816176470588236
238,final_half,Temperature,85,0.7915380105530584,0.5,0.007125268712136021,0.05227941176470589
238,final_half,Fisher,85,0.852139925737737,0.38461538461538464,-0.0030467070549149915,0.05522058823529412
240,final_half,Semantic,78,0.6349979134789261,0.06666666666666667,0.005327583808596463,0.04534798534798534
240,final_half,Temperature,78,0.7287269692332984,0.3333333333333333,0.030695886392088912,0.059047619047619036
240,final_half,Fisher,78,0.601967652600564,0.0,0.0017703815172169575,0.06999999999999998
255,final_half,Semantic,92,0.7919948214478368,0.3333333333333333,-0.009088667293435876,0.07049793601651186
255,final_half,Temperature,92,0.8270425226946966,0.42857142857142855,0.0004901129725814211,0.07232542139662881
255,final_half,Fisher,92,0.7356472419586023,0.3333333333333333,-0.0004384815745264553,0.060921912624699
260,final_half,Semantic,69,0.8378516624040923,0.16666666666666666,-0.04337778589696749,0.04871794871794871
260,final_half,Temperature,69,0.908732188527585,0.5555555555555556,0.0035074899525027402,0.05576923076923077
260,final_half,Fisher,69,0.9201680672268909,0.5555555555555556,0.023781512605042014,0.06923076923076922
262,final_half,Semantic,80,0.7732301922175341,0.6,-0.021140412564463203,0.04095238095238095
262,final_half,Temperature,80,0.806657290201594,0.7777777777777778,0.03987224566338491,0.0338095238095238
262,final_half,Fisher,80,0.7216361931551806,0.6,0.018169245194561656,0.07344322344322343
268,final_half,Semantic,77,0.860245018139755,0.6,-0.022885009727114988,0.05095238095238095
268,final_half,Temperature,77,0.8783584836216415,0.45454545454545453,0.04174904043325096,0.0657142857142857
268,final_half,Fisher,77,0.8481518481518482,0.45454545454545453,0.005894105894105893,0.09974358974358974
269,final_half,Semantic,72,0.8665187471863143,0.45454545454545453,-0.009019872660621259,0.04534798534798534
269,final_half,Temperature,72,0.8913434947585055,1.0,0.0430719017300148,0.04534798534798534
269,final_half,Fisher,72,0.8178661007138724,1.0,0.020247282783458748,0.07725274725274725
278,final_half,Semantic,82,0.9333268031475497,0.6363636363636364,-0.03163439666525179,0.06612394957983195
278,final_half,Temperature,82,0.9284073965237645,0.8,-0.032570389960927724,0.033088235294117654
278,final_half,Fisher,82,0.9389427629216051,0.8,-0.009766981203948585,0.057352941176470586
284,final_half,Semantic,67,0.9443291563572515,0.75,0.03158671881235534,0.047435897435897434
284,final_half,Temperature,67,0.9480405459334346,0.75,0.02330393487109905,0.08461538461538462
284,final_half,Fisher,67,0.8384148774842367,0.4,-0.022126666134567808,0.04807692307692308
296,final_half,Semantic,76,0.9067122351332877,0.7777777777777778,-0.03467122351332878,0.04095238095238095
296,final_half,Temperature,76,0.8065892002734109,0.45454545454545453,-0.017533834586466162,0.041428571428571426
296,final_half,Fisher,76,0.9191250854408749,0.7777777777777778,-0.033883800410116204,0.04047619047619048
314,final_half,Semantic,69,0.8288637194008039,0.2727272727272727,0.047033248081841415,0.07453379953379953
314,final_half,Temperature,69,0.8339057362075266,0.5555555555555556,-0.021043112897332846,0.06427738927738927
314,final_half,Fisher,69,0.8400073072707346,0.4,0.05263061746437707,0.07307692307692307
315,final_half,Semantic,74,0.8032136245834873,0.7777777777777778,-0.03437689744539059,0.04095238095238095
315,final_half,Temperature,74,0.7576305072195482,0.45454545454545453,0.06391410588670862,0.07677655677655677
315,final_half,Fisher,74,0.8070640503517215,0.7777777777777778,-0.0061503146982599035,0.06344322344322344
329,final_half,Semantic,73,0.8440700974947553,0.45454545454545453,-0.053370665185733676,0.0706959706959707
329,final_half,Temperature,73,0.8405837344193511,0.3333333333333333,0.036501912871775885,0.04476190476190476
329,final_half,Fisher,73,0.8243551770949032,0.45454545454545453,0.011762618783166734,0.08820512820512819
331,final_half,Semantic,80,0.8815049226441631,0.6,0.004643694327238633,0.07010989010989012
331,final_half,Temperature,80,0.931669010782935,0.7777777777777778,-0.03849507735583685,0.04249084249084249
331,final_half,Fisher,80,0.8437880918893579,0.45454545454545453,-0.0005789967182372235,0.048095238095238094
341,final_half,Semantic,74,0.6231617919289151,0.14285714285714285,-0.010784154017030732,0.0582051282051282
341,final_half,Temperature,74,0.7773565346168085,0.3333333333333333,-0.006049611255090707,0.030000000000000006
341,final_half,Fisher,74,0.6823991114402073,0.14285714285714285,0.012196964087375044,0.060109890109890096
343,final_half,Semantic,85,0.8364275942935314,0.5,-0.001294703928082863,0.04264705882352941
343,final_half,Temperature,85,0.7971858510846198,0.5,-0.0020549149892515155,0.06441176470588236
343,final_half,Fisher,85,0.8051983584131327,0.6363636363636364,0.04265585303888998,0.06522058823529411
347,final_half,Semantic,72,0.8088301498488649,0.6,-0.0103189915750209,0.06201465201465202
347,final_half,Temperature,72,0.829571033506978,0.45454545454545453,-0.0018972281175638323,0.06428571428571428
347,final_half,Fisher,72,0.6672133256157954,0.45454545454545453,0.004403820181362147,0.07476190476190475
354,final_half,Semantic,75,0.8423044096728307,0.45454545454545453,0.00595874822190612,0.07999999999999999
354,final_half,Temperature,75,0.7921194879089615,0.6,-0.030529160739687044,0.05391941391941392
354,final_half,Fisher,75,0.8472261735419631,0.45454545454545453,-0.08453342816500711,0.04428571428571428
359,final_half,Semantic,104,0.7981009281980157,0.29411764705882354,-0.022195668409260644,0.05380952380952382
359,final_half,Temperature,104,0.7765389949855971,0.4666666666666667,-0.0007804331590739367,0.041942355889724316
359,final_half,Fisher,104,0.7720687079910382,0.5714285714285714,-0.025145097620825778,0.07218045112781957
363,final_half,Semantic,69,0.7952868103763245,0.4,-0.03193642674461088,0.08479020979020979
363,final_half,Temperature,69,0.6989039093898429,0.4,0.013549506759225421,0.05961538461538461
363,final_half,Fisher,69,0.7027402265253929,0.2727272727272727,0.00787175739861162,0.05576923076923077
365,final_half,Semantic,73,0.42231272368258677,0.06666666666666667,0.016253239540910777,0.06725274725274724
365,final_half,Temperature,73,0.22371343946686417,0.06666666666666667,0.012250092558311746,0.06736263736263737
365,final_half,Fisher,73,0.2306553128470937,0.0,-0.05214889547081329,0.048095238095238094
368,final_half,Semantic,92,0.7843194673489203,0.17647058823529413,-0.014902979208729562,0.04853801169590642
368,final_half,Temperature,92,0.8189356225821863,0.3333333333333333,0.00698719233081085,0.04683522531819745
368,final_half,Fisher,92,0.7198187506742906,0.17647058823529413,0.04108626296564585,0.07232542139662883
371,final_half,Semantic,70,0.6063686466625842,0.5555555555555556,-0.032212404863966405,0.05128205128205128
371,final_half,Temperature,70,0.7907094742367247,0.75,-0.031174875338990465,0.05897435897435897
371,final_half,Fisher,70,0.6564779984253345,0.5555555555555556,-0.011239611582538712,0.059324009324009316
373,final_half,Semantic,92,0.969437294822989,0.8181818181818182,0.05516545165914029,0.06413828689370485
373,final_half,Temperature,92,0.8934235469999846,0.5384615384615384,0.005270255691013054,0.08314413484692124
373,final_half,Fisher,92,0.7730067968497141,0.6666666666666666,0.010493503691259655,0.07266941864465085
387,final_half,Semantic,70,0.8445980229201294,0.4,-0.012644563030356052,0.06107226107226107
387,final_half,Temperature,70,0.8489371008660659,0.2727272727272727,0.005388854868340477,0.055128205128205134
387,final_half,Fisher,70,0.8351150380544133,0.2727272727272727,0.03339340390167089,0.07855477855477855
388,final_half,Semantic,63,0.8301171274961598,0.4,-0.02149337557603687,0.05576923076923076
388,final_half,Temperature,63,0.7630568356374808,0.5555555555555556,0.04623895929339478,0.09970862470862471
388,final_half,Fisher,63,0.8380856374807988,0.4,-0.003950652841781871,0.08397435897435897
399,final_half,Semantic,82,0.7850480512837258,0.38461538461538464,0.05629346654912333,0.07058823529411765
399,final_half,Temperature,82,0.8317606469237383,0.6363636363636364,-0.003934436934730792,0.06397058823529413
399,final_half,Fisher,82,0.8899881368291596,0.5,-0.01142129493584093,0.055661764705882355
402,final_half,Semantic,92,0.7657013393338777,0.5384615384615384,-0.01896644729744309,0.06618507051943584
402,final_half,Temperature,92,0.7268621981104451,0.17647058823529413,-0.032312778385709666,0.038992088063295495
402,final_half,Fisher,92,0.740841206479355,0.5384615384615384,-0.0586224434751784,0.026900584795321637
408,final_half,Semantic,79,0.6753164556962025,0.45454545454545453,0.013287487828627074,0.08617049617049616
408,final_half,Temperature,79,0.7308179162609544,0.3333333333333333,-0.03074123661148978,0.06439560439560439
408,final_half,Fisher,79,0.7946445959104187,0.45454545454545453,-0.02381694255111978,0.05
412,final_half,Semantic,69,0.49280233832663506,0.2727272727272727,0.0250018268176836,0.05658508158508159
412,final_half,Temperature,69,0.323127511874315,0.4,-0.028765071245889666,0.05128205128205128
412,final_half,Fisher,69,0.3430032882718305,0.2727272727272727,-0.009152356594811839,0.06940559440559439
413,final_half,Semantic,68,0.8826964919647287,0.5555555555555556,0.028699851127991748,0.059615384615384605
413,final_half,Temperature,68,0.8861701721571171,0.75,-0.003061419246478604,0.06940559440559439
413,final_half,Fisher,68,0.8636866816811084,0.4,-0.038399435049814856,0.05961538461538461
415,final_half,Semantic,78,0.6091756344920901,0.3333333333333333,-0.009901490914149139,0.048571428571428564
415,final_half,Temperature,78,0.7146650817536894,0.45454545454545453,-0.028171828171828166,0.05809523809523809
415,final_half,Fisher,78,0.6572288471022648,0.45454545454545453,0.012229542609289443,0.05534798534798534
417,final_half,Semantic,160,0.8855619360131255,0.5238095238095238,0.020540987929215986,0.0722991448464196
417,final_half,Temperature,160,0.8460769951951248,0.7777777777777778,0.023758056955349816,0.06709942263891096
417,final_half,Fisher,160,0.816998710887144,0.5238095238095238,-0.01685808039376538,0.048527994067482386
424,final_half,Semantic,80,0.7579465541490858,0.23076923076923078,-0.0567991092358181,0.054761904761904755
424,final_half,Temperature,80,0.9403891233005158,0.6,-0.015137130801687762,0.04
424,final_half,Fisher,80,0.8173464603844351,0.23076923076923078,-0.0018260665729020124,0.054285714285714284
428,final_half,Semantic,65,0.835270979020979,0.4,-0.03918706293706293,0.047435897435897434
428,final_half,Temperature,65,0.8181818181818181,0.2727272727272727,-0.024079982517482522,0.04358974358974359
428,final_half,Fisher,65,0.8973776223776223,0.5555555555555556,-0.06493881118881119,0.05337995337995337
430,final_half,Semantic,81,0.3913279132791328,0.058823529411764705,-0.015958672086720867,0.07808823529411765
430,final_half,Temperature,81,0.7752032520325204,0.6363636363636364,-0.023807588075880758,0.06151018099547512
430,final_half,Fisher,81,0.7137533875338753,0.2857142857142857,-0.003114272809394764,0.06558823529411764
435,final_half,Semantic,65,0.7707167832167832,0.4,-0.031031468531468525,0.05192307692307692
435,final_half,Temperature,65,0.7888986013986014,0.5555555555555556,0.042198426573426574,0.04807692307692308
435,final_half,Fisher,65,0.7243444055944056,0.75,0.0449104020979021,0.06089743589743589
436,final_half,Semantic,68,0.7921517731037905,0.07692307692307693,-0.036633965721265795,0.05722610722610723
436,final_half,Temperature,68,0.8668931557048516,0.4,0.004359277779898457,0.08671328671328672
436,final_half,Fisher,68,0.9239989311753254,0.4,-0.019299919838149403,0.05448717948717948
438,final_half,Semantic,67,0.8320695985314073,0.5555555555555556,0.032656237528932874,0.07773892773892774
438,final_half,Temperature,67,0.8058504270093384,0.2727272727272727,0.0009298427647856974,0.06025641025641025
438,final_half,Fisher,67,0.8000638518636763,0.4,0.015521988985553514,0.07243589743589743
440,final_half,Semantic,72,0.8889317641005853,0.45454545454545453,0.032293073509550456,0.07439560439560439
440,final_half,Temperature,72,0.8513409222458036,0.45454545454545453,0.0033651681780178812,0.047619047619047616
440,final_half,Fisher,72,0.9119235963727572,0.45454545454545453,0.006706219049456558,0.0657142857142857
443,final_half,Semantic,66,0.7323035173781445,0.75,-0.012791984135267723,0.05961538461538461
443,final_half,Temperature,66,0.8399749504227116,1.0,0.012378666110009392,0.059615384615384626
443,final_half,Fisher,66,0.8309571025988937,0.75,-0.022072852520613723,0.035897435897435895
447,final_half,Semantic,86,0.7710646728619275,0.6363636363636364,0.0587999433935563,0.06522058823529411
447,final_half,Temperature,86,0.871201471767536,0.8,-0.015095051653379876,0.05191176470588236
447,final_half,Fisher,86,0.7122694466720128,0.5,0.005709703287890938,0.07102941176470588
450,final_half,Semantic,65,0.9001748251748252,0.75,0.053057255244755255,0.10240093240093243
450,final_half,Temperature,65,0.8878933566433568,0.5555555555555556,-0.03112762237762238,0.06107226107226107
450,final_half,Fisher,65,0.9217657342657342,1.0,-0.07478802447552446,0.041200466200466204
464,final_half,Semantic,145,0.7911313179026924,0.5789473684210527,0.012250236183278222,0.07240221464359395
464,final_half,Temperature,145,0.8935994331601321,0.6666666666666666,0.004008620689655173,0.06536672140120417
464,final_half,Fisher,145,0.8593410486537552,0.6666666666666666,0.0004989371752479918,0.05600922066439308
471,final_half,Semantic,92,0.8849929873772789,0.25,0.010775549835858392,0.04941520467836258
471,final_half,Temperature,92,0.8569733212089453,0.25,-0.010005702572322491,0.058698830409356716
471,final_half,Fisher,92,0.8693648567421357,0.25,-0.009721344574079504,0.06642586859305125
475,final_half,Semantic,86,0.7349686305957828,0.2857142857142857,-0.05747818293315722,0.053088235294117644
475,final_half,Temperature,86,0.883202037831973,0.6363636363636364,-0.03924902118024435,0.06612394957983195
475,final_half,Fisher,86,0.8350299542431245,0.5,0.0019132977970659024,0.061397058823529416
481,final_half,Semantic,75,0.8751635846372688,0.45454545454545453,-0.0192574679943101,0.04428571428571428
481,final_half,Temperature,75,0.876045519203414,0.45454545454545453,-0.001782361308677101,0.06571428571428571
481,final_half,Fisher,75,0.9021906116642959,0.45454545454545453,0.021600284495021334,0.0645054945054945
485,final_half,Semantic,86,0.8023491674135571,0.5,-0.004920043398273503,0.050073529411764704
485,final_half,Temperature,86,0.8124062455776215,0.6363636363636364,0.005266286145572898,0.0574264705882353
485,final_half,Fisher,86,0.8672956271522242,0.38461538461538464,0.03287985282324639,0.06735294117647059
488,final_half,Semantic,78,0.8287029426269933,0.45454545454545453,0.02745102998267555,0.05963369963369962
488,final_half,Temperature,78,0.919068273498653,0.7777777777777778,-0.013673668104047848,0.07391941391941391
488,final_half,Fisher,78,0.8370490269224445,0.6,0.02858280959546782,0.06296703296703296
490,final_half,Semantic,83,0.508102094790311,0.2857142857142857,0.01937051341253515,0.06985294117647059
490,final_half,Temperature,83,0.760925234037194,0.5,-0.0007860711137231844,0.07852941176470589
490,final_half,Fisher,83,0.7173082574199234,0.38461538461538464,0.0006129045799924415,0.05477941176470589
493,final_half,Semantic,79,0.636319376825706,0.06666666666666667,-0.029152872444011692,0.04428571428571428
493,final_half,Temperature,79,0.4995374878286271,0.14285714285714285,0.017702044790652384,0.04476190476190476
493,final_half,Fisher,79,0.6429649464459593,0.0,0.050797224926971765,0.07106227106227106
519,final_half,Semantic,78,0.7570783646733013,0.23076923076923078,-0.03669747973545442,0.04523809523809523
519,final_half,Temperature,78,0.9092300104958332,0.45454545454545453,-0.0006664221854095264,0.07450549450549451
519,final_half,Fisher,78,0.8260979526802311,0.23076923076923078,0.013423285575184305,0.060109890109890096
521,final_half,Semantic,94,0.6427554817035726,0.17647058823529413,0.05015641368348807,0.051754385964912275
521,final_half,Temperature,94,0.6507603944659177,0.25,-0.017806596105913376,0.05085569315445476
521,final_half,Fisher,94,0.4816457753856157,0.05263157894736842,-0.03400642993895171,0.06821035431716546
523,final_half,Semantic,86,0.7542148214538422,0.6363636363636364,0.012782678428227747,0.06514705882352942
523,final_half,Temperature,86,0.8657483843577526,0.8,-0.02957403651115619,0.06264705882352942
523,final_half,Fisher,86,0.8490494834662012,0.5,-0.01781121751025992,0.05639705882352941
524,final_half,Semantic,104,0.7731035954336926,0.2222222222222222,-0.016196521924677264,0.06492063492063493
524,final_half,Temperature,104,0.6715139229702337,0.29411764705882354,-0.02397631494718874,0.041666666666666664
524,final_half,Fisher,104,0.7433159073935773,0.29411764705882354,0.02238130801237597,0.05007518796992481
526,final_half,Semantic,92,0.8834671639720727,0.3333333333333333,-0.012796109920934606,0.05794633642930856
526,final_half,Temperature,92,0.8734337191560192,0.3333333333333333,-0.0013709292110414134,0.052390780873753005
526,final_half,Fisher,92,0.8511474500254305,0.25,-0.0170006010819475,0.04191606467148262
529,final_half,Semantic,74,0.7629026286560532,0.23076923076923078,-0.037147723065531275,0.048095238095238094
529,final_half,Temperature,74,0.8162754535357275,0.3333333333333333,-0.0046412439837097376,0.058571428571428566
529,final_half,Fisher,74,0.8096704924102183,0.23076923076923078,-0.016738985560903367,0.08604395604395604
537,final_half,Semantic,67,0.9093303535796953,0.2727272727272727,-0.031093862239604135,0.05128205128205128
537,final_half,Temperature,67,0.8787213664298827,0.2727272727272727,0.06948479527496211,0.10304195804195804
537,final_half,Fisher,67,0.8636363636363636,0.2727272727272727,-0.028434033043339458,0.051923076923076926
538,final_half,Semantic,108,0.5879752684176931,0.15789473684210525,-0.03946335514971371,0.06141014300457026
538,final_half,Temperature,108,0.5225642344736916,0.047619047619047616,0.029372088370630777,0.0424561403508772
538,final_half,Fisher,108,0.43479379233473375,0.047619047619047616,-0.02864566959139539,0.05218045112781955
548,final_half,Semantic,72,0.8394752074088366,0.7777777777777778,0.0031529358801209084,0.06355311355311355
548,final_half,Temperature,72,0.8704739854653033,0.7777777777777778,-0.0008746543186056999,0.03428571428571429
548,final_half,Fisher,72,0.8476429352369927,0.7777777777777778,-0.004522798893819539,0.048681318681318676
551,final_half,Semantic,71,0.7930248155600267,0.45454545454545453,0.008532863849765256,0.04476190476190476
551,final_half,Temperature,71,0.7918511066398389,0.23076923076923078,0.010875251509054324,0.054761904761904755
551,final_half,Fisher,71,0.8109657947686115,0.45454545454545453,0.05026492287055667,0.0638095238095238
554,final_half,Semantic,73,0.678544983339504,0.3333333333333333,-0.03125694187338023,0.07285714285714286
554,final_half,Temperature,73,0.7769344687152908,0.3333333333333333,-0.01747655189436012,0.06190476190476191
554,final_half,Fisher,73,0.6507157842774283,0.45454545454545453,0.01912254720473899,0.04095238095238095
555,final_half,Semantic,75,0.7315504978662873,0.45454545454545453,-0.0025106685633001394,0.05534798534798534
555,final_half,Temperature,75,0.9204551920341395,0.7777777777777778,-0.038082503556187766,0.06545787545787544
555,final_half,Fisher,75,0.8368705547652915,0.7777777777777778,0.007459459459459461,0.027619047619047616
566,final_half,Semantic,82,0.7377912734950642,0.125,0.0060839564218935355,0.06397058823529413
566,final_half,Temperature,82,0.7433854659831739,0.38461538461538464,0.05416027252642006,0.06227941176470588
566,final_half,Fisher,82,0.6793678780161296,0.2,0.007875404055245375,0.03860294117647058
568,final_half,Semantic,72,0.407228760692006,0.23076923076923078,0.00234420219949836,0.05344322344322344
568,final_half,Temperature,72,0.5750209016657021,0.45454545454545453,-0.00963406006817159,0.0964102564102564
568,final_half,Fisher,72,0.32381503633674197,0.3333333333333333,-0.003299247540034729,0.07333333333333333
571,final_half,Semantic,77,0.8034334086965664,0.3333333333333333,-0.003526736421473259,0.07985347985347985
571,final_half,Temperature,77,0.7950996372049003,0.3333333333333333,-0.0030062043219937938,0.06831501831501832
571,final_half,Fisher,77,0.8235974551764024,0.3333333333333333,-0.003984173721015829,0.09032967032967033
572,final_half,Semantic,73,0.6972726150808344,0.23076923076923078,-0.003583549302727383,0.07498168498168498
572,final_half,Temperature,73,0.6234727878563495,0.23076923076923078,0.0036514253980007385,0.05809523809523809
572,final_half,Fisher,73,0.754288535110453,0.23076923076923078,0.029993520918178453,0.06952380952380952
576,final_half,Semantic,96,0.9074877916440587,0.6666666666666666,-0.002185973955507326,0.06511867905056759
576,final_half,Temperature,96,0.8938008681497558,0.6666666666666666,9.698860553445541e-05,0.04035087719298245
576,final_half,Fisher,96,0.8435160065111232,0.5384615384615384,0.0074905046120455785,0.06389748882008943
584,final_half,Semantic,73,0.8318524003455513,0.23076923076923078,0.011350734295939776,0.06190476190476191
584,final_half,Temperature,73,0.8794273725780577,0.23076923076923078,-0.0423793656670369,0.047619047619047616
584,final_half,Fisher,73,0.8306182895223991,0.14285714285714285,0.011997099839565591,0.08879120879120878
587,final_half,Semantic,72,0.8386712971895299,0.6,-0.05539423757154802,0.04047619047619048
587,final_half,Temperature,72,0.8821789182584091,0.7777777777777778,0.02062029712521706,0.05142857142857142
587,final_half,Fisher,72,0.8587690526721977,0.7777777777777778,-0.010325422856775356,0.05095238095238095
592,final_half,Semantic,78,0.8495175710365583,0.45454545454545453,0.012998394011052239,0.06831501831501832
592,final_half,Temperature,78,0.9083448197372248,0.45454545454545453,-0.021916058624919382,0.06190476190476189
592,final_half,Fisher,78,0.8527548400966122,0.7777777777777778,-0.029619747341266323,0.046886446886446886
600,final_half,Semantic,92,0.8038006873911502,0.42857142857142855,-0.019832621796156157,0.05794633642930856
600,final_half,Temperature,92,0.4728665443952962,0.25,-0.005713360972828009,0.06581957344341245
600,final_half,Fisher,92,0.5528566804864139,0.25,0.011226361296487523,0.05701754385964912
606,final_half,Semantic,99,0.8150773036487322,0.42857142857142855,0.01603277674706246,0.05146198830409356
606,final_half,Temperature,99,0.8513048855905998,0.5384615384615384,-0.02127705627705628,0.07466460268317852
606,final_half,Fisher,99,0.8696598639455781,0.5384615384615384,-0.008374149659863939,0.08183694530443757
608,final_half,Semantic,81,0.7813233965672991,0.38461538461538464,0.03925474254742547,0.09873707175177764
608,final_half,Temperature,81,0.8354787714543812,0.38461538461538464,0.004574299909665761,0.05602941176470588
608,final_half,Fisher,81,0.8018292682926829,0.2857142857142857,0.020072267389340565,0.07147058823529412
631,final_half,Semantic,102,0.6902703405691798,0.29411764705882354,-0.0043901363294524785,0.06558897243107771
631,final_half,Temperature,102,0.8022063771197222,0.375,0.001415881165500902,0.05956140350877194
631,final_half,Fisher,102,0.7735607941148198,0.2222222222222222,-0.019509078263623053,0.06170426065162908
632,final_half,Semantic,84,0.7162903715703149,0.6363636363636364,-0.037095271843677224,0.05441176470588235
632,final_half,Temperature,84,0.6310013161891264,0.2857142857142857,-0.007437481016502985,0.0636764705882353
632,final_half,Fisher,84,0.7085147311936824,0.38461538461538464,0.0062306368330464715,0.045220588235294124
639,final_half,Semantic,62,0.7938606431467352,0.5555555555555556,0.0033517161491778114,0.046794871794871795
639,final_half,Temperature,62,0.7791040265921281,0.5555555555555556,0.00818161214776762,0.0685897435897436
639,final_half,Fisher,62,0.7377552819118128,0.5555555555555556,0.023147238800332405,0.058974358974358966
644,final_half,Semantic,70,0.7310821450441781,0.5555555555555556,-0.043030356049339503,0.05897435897435897
644,final_half,Temperature,70,0.7317470037617007,0.5555555555555556,0.010245822762662936,0.05641025641025641
644,final_half,Fisher,70,0.6966144694252471,0.5555555555555556,0.017181348963345288,0.06876456876456877
647,final_half,Semantic,66,0.4732073896253001,0.07692307692307693,-0.02183905646592214,0.05064102564102564
647,final_half,Temperature,66,0.753386911595867,0.5555555555555556,-0.023060223358730824,0.05722610722610723
647,final_half,Fisher,66,0.5758689072121909,0.4,0.052247155829245384,0.06346153846153847
651,final_half,Semantic,67,0.9331949876287016,0.75,-0.012756405140075028,0.05705128205128205
651,final_half,Temperature,67,0.8817144225397079,0.75,-0.013103599648814754,0.059615384615384626
651,final_half,Fisher,67,0.8937265543938065,0.5555555555555556,0.03356812195705962,0.06491841491841491
659,final_half,Semantic,77,0.876229034123771,0.23076923076923078,-0.04303722593196277,0.0563003663003663
659,final_half,Temperature,77,0.8847468321152531,0.3333333333333333,0.012889741837110258,0.07285714285714286
659,final_half,Fisher,77,0.8303538566696461,0.3333333333333333,0.0068050370681949635,0.06809523809523808
661,final_half,Semantic,68,0.7611940298507461,0.2727272727272727,0.011020345841126841,0.0444055944055944
661,final_half,Temperature,68,0.7955109363667594,0.2727272727272727,0.0025499102950719563,0.07004662004662005
661,final_half,Fisher,68,0.7080200022903386,0.16666666666666666,0.0009867542084971595,0.07243589743589743
665,final_half,Semantic,85,0.8986320109439125,0.38461538461538464,0.02302423294899355,0.05970588235294118
665,final_half,Temperature,85,0.4049638460035177,0.2,-0.04038303693570451,0.06612394957983195
665,final_half,Fisher,85,0.6815126050420167,0.2857142857142857,0.0015966386554621854,0.06558823529411764
670,final_half,Semantic,80,0.6654242850445382,0.3333333333333333,0.009927332395686824,0.0563003663003663
670,final_half,Temperature,80,0.6738631036099391,0.23076923076923078,-0.03007501172058134,0.04428571428571428
670,final_half,Fisher,80,0.6553445850914206,0.23076923076923078,0.029320206282231604,0.052490842490842494
680,final_half,Semantic,70,0.7773073221940339,0.16666666666666666,-0.01750328055288251,0.08397435897435897
680,final_half,Temperature,70,0.7546321406701076,0.2727272727272727,-0.013113463389029825,0.06043123543123543
680,final_half,Fisher,70,0.7699938763012859,0.2727272727272727,0.004832473099466364,0.03461538461538462
684,final_half,Semantic,85,0.8549149892515145,0.5,0.02667871799882744,0.05441176470588236
684,final_half,Temperature,85,0.8320695720148525,0.5,-0.0074232948993550926,0.044852941176470595
684,final_half,Fisher,85,0.824701973812781,0.5,0.005349814344342394,0.05514705882352942
686,final_half,Semantic,74,0.8730544242873007,0.3333333333333333,-0.00884413180303591,0.05307692307692308
686,final_half,Temperature,74,0.5533209922251018,0.23076923076923078,-0.014843391336542014,0.04534798534798534
686,final_half,Fisher,74,0.7878711588300629,0.23076923076923078,0.05453980007404664,0.0719047619047619
691,final_half,Semantic,70,0.7942087306447381,0.4,-0.03165077421048027,0.05128205128205128
691,final_half,Temperature,70,0.8969468987840085,0.75,0.01010235324993439,0.06876456876456877
691,final_half,Fisher,70,0.870247572390867,0.75,-0.0230793456390517,0.054487179487179495
697,final_half,Semantic,105,0.7513166079203816,0.4666666666666667,0.04767675720505909,0.07118629908103594
697,final_half,Temperature,105,0.5556707443499895,0.375,-0.019239581173543442,0.07535087719298247
697,final_half,Fisher,105,0.6406800746423388,0.29411764705882354,0.024881297947335686,0.06404344193817879
700,final_half,Semantic,78,0.8248839767827109,0.45454545454545453,-0.019324978818649707,0.06963369963369963
700,final_half,Temperature,78,0.8388699907687248,0.45454545454545453,0.01169210536299144,0.060952380952380945
700,final_half,Fisher,78,0.8138064467178391,0.6,0.02305795470352432,0.09032967032967032
709,final_half,Semantic,66,0.5454754201022859,0.4,-0.00013359774553804385,0.055256410256410246
709,final_half,Temperature,66,0.6068886337543055,0.4,-0.0038325853251226444,0.075
709,final_half,Fisher,66,0.6619977037887487,0.5555555555555556,0.03538044045506733,0.0532051282051282
712,final_half,Semantic,102,0.8262379064862511,0.4666666666666667,0.02445109159688099,0.056704260651629076
712,final_half,Temperature,102,0.8812220456768692,0.375,-0.00525583683439732,0.05697994987468672
712,final_half,Fisher,102,0.8158336678899187,0.4666666666666667,0.05002290063386692,0.06459899749373435
722,final_half,Semantic,65,0.8181381118881119,0.2727272727272727,0.032633304195804194,0.05722610722610723
722,final_half,Temperature,65,0.7965909090909091,0.4,-0.041385489510489495,0.052564102564102565
722,final_half,Fisher,65,0.7232517482517482,0.4,-0.010620629370629376,0.06025641025641025
726,final_half,Semantic,79,0.8367088607594937,0.45454545454545453,-0.005217867575462512,0.04582417582417582
726,final_half,Temperature,79,0.8219571567672832,0.3333333333333333,-0.03091285296981499,0.030952380952380953
726,final_half,Fisher,79,0.746445959104187,0.6,0.06450219084712756,0.058571428571428566
736,final_half,Semantic,68,0.7753559567889452,0.5555555555555556,-0.006651524983776766,0.047435897435897434
736,final_half,Temperature,68,0.7275260526014428,0.4,-0.020746650379814484,0.04294871794871795
736,final_half,Fisher,68,0.7726457227926861,0.4,0.0021681871970072935,0.07389277389277388
743,final_half,Semantic,74,0.4556090336912254,0.06666666666666667,0.018252499074416874,0.07725274725274725
743,final_half,Temperature,74,0.7011477230655312,0.23076923076923078,0.004577563865235097,0.05095238095238096
743,final_half,Fisher,74,0.145857089966679,0.0,-0.031764531654942606,0.03476190476190476
752,final_half,Semantic,118,0.7933160226280865,0.5,-0.0017084278300629244,0.06372106154714849
752,final_half,Temperature,118,0.7533626227544472,0.3333333333333333,-0.007663821721648242,0.06002823263692828
752,final_half,Fisher,118,0.7958870640824779,0.5,0.03188274005821364,0.06352343308865047
759,final_half,Semantic,84,0.6894401133947556,0.5,0.02564037663258074,0.0831827731092437
759,final_half,Temperature,84,0.7558772906753062,0.5,-0.04786169889642604,0.058529411764705885
759,final_half,Fisher,84,0.8288144173331984,0.6363636363636364,-0.01470082008707097,0.06362394957983193
766,final_half,Semantic,75,0.7868563300142247,0.23076923076923078,-0.021547652916073967,0.048681318681318676
766,final_half,Temperature,75,0.8535704125177809,0.45454545454545453,-0.011825035561877667,0.07106227106227106
766,final_half,Fisher,75,0.7403698435277382,0.3333333333333333,0.022197724039829305,0.0645054945054945
773,final_half,Semantic,82,0.8042903320599472,0.38461538461538464,0.007107018861353276,0.06764705882352942
773,final_half,Temperature,82,0.8869842513686181,0.38461538461538464,-0.022302761180222248,0.06404411764705883
773,final_half,Fisher,82,0.861777734243206,0.38461538461538464,-0.026267672315277373,0.061470588235294124
776,final_half,Semantic,83,0.7584904076235254,0.5,-0.005169808152470504,0.05183823529411765
776,final_half,Temperature,83,0.7522144326434658,0.2857142857142857,0.017340791738382096,0.05602941176470588
776,final_half,Fisher,83,0.7121237563494395,0.5,0.006445993031358882,0.05147058823529412
778,final_half,Semantic,84,0.8298066214437583,0.6363636363636364,0.007008200870709728,0.07066176470588235
778,final_half,Temperature,84,0.8634808140123519,0.38461538461538464,0.002902703249974691,0.06404411764705883
778,final_half,Fisher,84,0.8123114305963349,0.38461538461538464,-0.03841449832945227,0.0672794117647059
779,final_half,Semantic,87,0.8071553546693883,0.38461538461538464,0.01710559889188598,0.05367647058823529
779,final_half,Temperature,87,0.8235765838011226,0.5,-0.01120780782970037,0.07691176470588236
779,final_half,Fisher,87,0.8260734854560033,0.38461538461538464,-0.009449041335569003,0.05110294117647059
784,final_half,Semantic,75,0.8285633001422474,0.6,-0.00045092460881934586,0.05857142857142857
784,final_half,Temperature,75,0.8728307254623044,0.6,-0.0006586059743954431,0.06772893772893773
784,final_half,Fisher,75,0.7710953058321479,0.3333333333333333,-0.032778093883357035,0.05095238095238095
790,final_half,Semantic,86,0.7246473890277844,0.38461538461538464,-0.0122269918392377,0.07477941176470589
790,final_half,Temperature,86,0.84755884711543,0.38461538461538464,-0.020606632388320202,0.061470588235294124
790,final_half,Fisher,86,0.6979668852304354,0.38461538461538464,0.02061984055851691,0.04977941176470589
792,final_half,Semantic,69,0.86065034709536,0.5555555555555556,0.049811837778589704,0.059615384615384605
792,final_half,Temperature,69,0.8729265619291197,0.2727272727272727,-0.02552795031055901,0.035897435897435895
792,final_half,Fisher,69,0.8308366824990867,0.4,-0.004579831932773111,0.044230769230769226
799,final_half,Semantic,93,0.8286383575542359,0.42857142857142855,-0.03225806451612903,0.05438596491228069
799,final_half,Temperature,93,0.8965265136820744,0.6666666666666666,0.022121094565963416,0.05531475748194015
799,final_half,Fisher,93,0.8341589328877084,0.6666666666666666,0.009488675360329442,0.06876504987960097
801,final_half,Semantic,67,0.8605634926969433,0.2727272727272727,0.017016521669726236,0.07325174825174825
801,final_half,Temperature,67,0.8262431159709476,0.4,-0.0038211349668768463,0.05722610722610723
801,final_half,Fisher,67,0.76267060419826,0.16666666666666666,-0.0068082049644824,0.046794871794871795
804,final_half,Semantic,70,0.8899483859679818,0.2727272727272727,-0.00698451579039454,0.05273892773892773
804,final_half,Temperature,70,0.7905695039804042,0.2727272727272727,0.009106814801854605,0.03846153846153846
804,final_half,Fisher,70,0.8934476423759952,0.4,0.03118537310821451,0.03076923076923077
805,final_half,Semantic,79,0.7736611489776046,0.45454545454545453,0.006114897760467383,0.03714285714285714
805,final_half,Temperature,79,0.833130477117819,0.45454545454545453,-0.014290408958130479,0.06677655677655678
805,final_half,Fisher,79,0.7810370009737099,0.6,-0.0026777020447906535,0.05963369963369963
810,final_half,Semantic,81,0.5920957542908762,0.38461538461538464,0.004818202348690151,0.05485294117647059
810,final_half,Temperature,81,0.7526648599819331,0.5,-0.0035602981029810308,0.07869747899159665
810,final_half,Fisher,81,0.6852303523035229,0.38461538461538464,0.014732384823848237,0.055955882352941175
814,final_half,Semantic,72,0.8293137822368,0.6,-0.0030162711428387756,0.07117216117216116
814,final_half,Temperature,72,0.8670975625442152,0.6,-0.03581420027011383,0.05582417582417583
814,final_half,Fisher,72,0.8370634767509166,0.6,-0.01850601324844042,0.058424908424908426
821,final_half,Semantic,70,0.8590149593211441,0.5555555555555556,-0.010566004723996148,0.047435897435897434
821,final_half,Temperature,70,0.9044703000612369,0.5555555555555556,0.033522876388767386,0.06812354312354311
821,final_half,Fisher,70,0.8229726183186072,0.5555555555555556,-0.0076353774822850145,0.048076923076923066
823,final_half,Semantic,96,0.8040558871405317,0.17647058823529413,0.041100786760716226,0.03864809081527347
823,final_half,Temperature,96,0.8648941942485079,0.42857142857142855,-0.017833695062398264,0.05209838321293429
823,final_half,Fisher,96,0.7956049918610961,0.3333333333333333,0.0043421052631578945,0.052098383212934286
827,final_half,Semantic,74,0.7122547204738985,0.23076923076923078,0.015349870418363564,0.05095238095238095
827,final_half,Temperature,74,0.7566234727878562,0.45454545454545453,-0.017014439096630873,0.07391941391941391
827,final_half,Fisher,74,0.6498185857089965,0.23076923076923078,0.020910773787486115,0.06857142857142856
831,final_half,Semantic,72,0.8510836709756255,0.6,0.0019165219628271876,0.05142857142857142
831,final_half,Temperature,72,0.8696057624284521,1.0,-0.0194980384590649,0.05761904761904761
831,final_half,Fisher,72,0.8247797285999101,0.6,0.0411553797671876,0.05523809523809523
840,final_half,Semantic,72,0.7608849443694129,0.3333333333333333,-0.03593961026432568,0.03047619047619048
840,final_half,Temperature,72,0.8643964242073446,0.45454545454545453,0.018330760820631557,0.03476190476190476
840,final_half,Fisher,72,0.8138143932085666,0.45454545454545453,-0.004257508521448325,0.07725274725274725
842,final_half,Semantic,68,0.6349963736305683,0.0,-0.0007252738863228636,0.06043123543123543
842,final_half,Temperature,68,0.8774668855212427,0.4,0.030614192464786045,0.07051282051282051
842,final_half,Fisher,68,0.8407451234874221,0.2727272727272727,0.01498263159903807,0.04743589743589742
849,final_half,Semantic,67,0.9177508181020034,0.75,-0.011525261393566927,0.06410256410256411
849,final_half,Temperature,67,0.9371458216936708,0.75,-0.05370739883470349,0.05512820512820512
849,final_half,Fisher,67,0.9525101763907735,0.75,0.03305730704764946,0.05641025641025641
858,final_half,Semantic,87,0.8916854997448421,0.5,-0.005433039294306338,0.04602941176470589
858,final_half,Temperature,87,0.8165415178245972,0.38461538461538464,0.030279033316322805,0.07568277310924369
858,final_half,Fisher,87,0.9056645039002696,0.38461538461538464,-0.02311000947729095,0.061102941176470596
860,final_half,Semantic,81,0.7343721770551038,0.6363636363636364,0.0021985094850948523,0.06602941176470589
860,final_half,Temperature,81,0.7516937669376693,0.38461538461538464,-0.0116869918699187,0.07551470588235294
860,final_half,Fisher,81,0.836427280939476,0.5,0.0026501806684733507,0.06227941176470588
864,final_half,Semantic,80,0.8454992967651196,0.6,0.022522269104547583,0.027619047619047616
864,final_half,Temperature,80,0.8647679324894516,0.7777777777777778,0.002923112986404126,0.04868131868131868
864,final_half,Fisher,80,0.8839896858884201,0.7777777777777778,-0.026707688701359596,0.048095238095238094
866,final_half,Semantic,75,0.8025604551920341,0.14285714285714285,0.035556187766714084,0.06523809523809523
866,final_half,Temperature,75,0.8381223328591749,0.45454545454545453,-0.022415362731152206,0.047619047619047616
866,final_half,Fisher,75,0.9086201991465149,0.45454545454545453,0.010378378378378381,0.0719047619047619
873,final_half,Semantic,75,0.7722617354196301,0.6,-0.03447937411095305,0.07296703296703295
873,final_half,Temperature,75,0.8600853485064012,0.7777777777777778,-0.038261735419630155,0.0557142857142857
873,final_half,Fisher,75,0.7720056899004266,0.7777777777777778,-0.015496443812233284,0.05333333333333333
875,final_half,Semantic,85,0.6756107094000391,0.38461538461538464,-0.010349814344342389,0.05897058823529412
875,final_half,Temperature,85,0.8426812585499316,0.8,-0.01973715067422318,0.06220588235294118
875,final_half,Fisher,85,0.7981043580222787,0.5,-0.00855384014070745,0.07139705882352941
879,final_half,Semantic,79,0.900097370983447,0.7777777777777778,-0.01059518013631938,0.08344322344322344
879,final_half,Temperature,79,0.8922103213242453,0.45454545454545453,-0.040755842259006816,0.048095238095238094
879,final_half,Fisher,79,0.9160175267770205,0.7777777777777778,-0.01809518013631938,0.06010989010989011
887,final_half,Semantic,87,0.9137748778887511,0.5,0.009745206677845009,0.06808823529411764
887,final_half,Temperature,87,0.8889698913756651,0.38461538461538464,-0.003961325362688638,0.06772058823529412
887,final_half,Fisher,87,0.8677006634103666,0.38461538461538464,0.0071589997812932845,0.05522058823529412
888,final_half,Semantic,77,0.6786897313213102,0.0,-0.013641621536358372,0.04714285714285714
888,final_half,Temperature,77,0.7909721857090277,0.14285714285714285,0.01811609443188391,0.08617049617049616
888,final_half,Fisher,77,0.7133918712866081,0.0,-0.03632946001367053,0.05963369963369963
903,final_half,Semantic,94,0.5926164071813026,0.3333333333333333,-0.013245674240508622,0.06613347093223254
903,final_half,Temperature,94,0.5976158653325145,0.25,0.02234945634504931,0.061674406604747156
903,final_half,Fisher,94,0.5748004190297294,0.42857142857142855,-0.029646353357656325,0.04649122807017544
915,final_half,Semantic,86,0.5172036416812114,0.058823529411764705,0.008011698665031364,0.06558823529411764
915,final_half,Temperature,86,0.8663710552384545,0.2,-0.009195716779093355,0.04014705882352941
915,final_half,Fisher,86,0.609528751356196,0.058823529411764705,0.022825604981367043,0.05522058823529412
917,final_half,Semantic,74,0.9415623843021101,0.6,0.0011388374676045976,0.058571428571428566
917,final_half,Temperature,74,0.8776156978896703,0.45454545454545453,-0.021627545353572752,0.07058608058608058
917,final_half,Fisher,74,0.9081229174379858,0.6,0.009766753054424291,0.10545787545787547
918,final_half,Semantic,73,0.8064605701592004,0.14285714285714285,0.013945452301616687,0.0926007326007326
918,final_half,Temperature,73,0.81981981981982,0.14285714285714285,-0.015930828088362336,0.05523809523809523
918,final_half,Fisher,73,0.6506232259656918,0.06666666666666667,-0.013245094409477975,0.059157509157509156
926,final_half,Semantic,86,0.8646728619274494,0.38461538461538464,-0.02420491532619463,0.07494747899159665
926,final_half,Temperature,86,0.8754092174159157,0.38461538461538464,0.01900938723524695,0.07237394957983194
926,final_half,Fisher,86,0.8854474267654135,0.38461538461538464,-0.018815038445209677,0.06735294117647059
929,final_half,Semantic,74,0.882413920770085,0.3333333333333333,-0.016885597926693807,0.0706959706959707
929,final_half,Temperature,74,0.8867086264346536,0.6,0.006373935579415025,0.0606959706959707
929,final_half,Fisher,74,0.8167789707515732,0.6,-0.0020718252499074426,0.05963369963369963
936,final_half,Semantic,66,0.8239849702536272,0.4,-0.012771109487527401,0.05064102564102564
936,final_half,Temperature,66,0.8857739275649725,0.2727272727272727,0.05769752635424278,0.05961538461538461
936,final_half,Fisher,66,0.8800960233796057,0.75,-0.03186097484604948,0.03974358974358975
937,final_half,Semantic,70,0.8165339865278629,0.2727272727272727,0.022318257370308812,0.05576923076923077
937,final_half,Temperature,70,0.8408188259994752,0.16666666666666666,0.0013857055375732646,0.035256410256410256
937,final_half,Fisher,70,0.8521914093255183,0.16666666666666666,0.014364447554894582,0.0685897435897436
948,final_half,Semantic,80,0.9170886075949367,0.45454545454545453,0.0031540084388185633,0.05095238095238095
948,final_half,Temperature,80,0.8919127988748242,0.3333333333333333,0.01411040787623066,0.05142857142857142
948,final_half,Fisher,80,0.927402719174871,0.23076923076923078,-0.03305672761368964,0.0657142857142857
951,final_half,Semantic,79,0.6002677702044791,0.06666666666666667,0.020988315481986368,0.07604395604395604
951,final_half,Temperature,79,0.5940603700097371,0.3333333333333333,0.003258276533592991,0.04476190476190476
951,final_half,Fisher,79,0.2969814995131451,0.0,-0.023919182083739048,0.05487179487179487
956,final_half,Semantic,66,0.7151445569356019,0.4,0.01272309779772467,0.06474358974358975
956,final_half,Temperature,66,0.7802734578853983,0.2727272727272727,-0.03123056048429183,0.052564102564102565
956,final_half,Fisher,66,0.8305813589395681,0.4,0.055534912848345684,0.09813519813519812
959,final_half,Semantic,92,0.8981705531495152,0.5384615384615384,0.03688100118675154,0.0955280357757138
959,final_half,Temperature,92,0.8637701709230461,0.5384615384615384,-0.011525361034477445,0.05443756449948399
959,final_half,Fisher,92,0.777368494058536,0.42857142857142855,0.02780543439729976,0.05701754385964912
962,final_half,Semantic,69,0.7208622579466569,0.07692307692307693,-0.03669345999269273,0.0641025641025641
962,final_half,Temperature,69,0.7772743880160762,0.4,-0.043129338691998545,0.03846153846153846
962,final_half,Fisher,69,0.6212276214833761,0.07692307692307693,0.009296675191815863,0.07307692307692307
965,final_half,Semantic,79,0.819255111976631,0.23076923076923078,0.02895447906523856,0.04
965,final_half,Temperature,79,0.8412366114897761,0.45454545454545453,0.009723709834469333,0.0519047619047619
965,final_half,Fisher,79,0.8368305744888025,0.45454545454545453,0.015371226874391433,0.030952380952380946
970,final_half,Semantic,75,0.8056614509246088,0.23076923076923078,-0.02105547652916074,0.055714285714285716
970,final_half,Temperature,75,0.8228165007112375,0.45454545454545453,-0.006783783783783778,0.07344322344322343
970,final_half,Fisher,75,0.852859174964438,0.45454545454545453,0.0217226173541963,0.0663003663003663
975,final_half,Semantic,73,0.7983154387263978,0.7777777777777778,0.023117980994693327,0.0982051282051282
975,final_half,Temperature,73,0.9124398370973714,0.7777777777777778,0.019452671849932122,0.06523809523809523
975,final_half,Fisher,73,0.8276564235468347,0.7777777777777778,0.03773910897198569,0.06619047619047617
977,final_half,Semantic,82,0.7200291681631675,0.2857142857142857,0.011003363045678654,0.07514705882352941
977,final_half,Temperature,82,0.7754704454675069,0.2857142857142857,0.028441135816980656,0.08183823529411764
977,final_half,Fisher,82,0.718070112428032,0.2857142857142857,0.005209999891163572,0.06558823529411764
981,final_half,Semantic,84,0.8985724410246028,0.5,-0.0025453072795383184,0.05558823529411765
981,final_half,Temperature,84,0.9163511187607573,0.2857142857142857,-0.0068026728763794665,0.058529411764705885
981,final_half,Fisher,84,0.9091424521615874,0.5,0.016364280652019846,0.04860294117647059
985,final_half,Semantic,76,0.9242652084757348,0.3333333333333333,0.009994531784005464,0.059047619047619036
985,final_half,Temperature,76,0.8589747095010254,0.14285714285714285,-0.020400546821599454,0.05904761904761905
985,final_half,Fisher,76,0.8577443609022556,0.45454545454545453,0.0029637730690362297,0.06238095238095237
997,final_half,Semantic,86,0.8033303457710269,0.5,-0.008559837728194727,0.0663970588235294
997,final_half,Temperature,86,0.8748054153497805,0.5,0.013644983253927073,0.06477941176470589
997,final_half,Fisher,86,0.8007641869899523,0.5,0.008902306712580781,0.05698529411764706
998,final_half,Semantic,85,0.7141293726793042,0.125,0.00543971076802814,0.07110294117647059
998,final_half,Temperature,85,0.8258159077584522,0.2,-0.014383427789720538,0.048161764705882355
998,final_half,Fisher,85,0.8144225131913231,0.125,-0.019673636896619107,0.04558823529411765
1,all_blocks,Semantic,107,-0.12299418092047258,0.15789473684210525,0.04090156546954289,0.05908521303258146
1,all_blocks,Temperature,107,-0.14278296988577363,0.1,-0.04966006387272478,0.05015873015873016
1,all_blocks,Fisher,107,-0.13222241815082583,0.1,0.0016036756206038467,0.078796992481203
4,all_blocks,Semantic,67,0.050243435230265795,0.16666666666666666,-0.012115891132572436,0.052564102564102565
4,all_blocks,Temperature,67,0.2696544017878522,0.2727272727272727,-0.027278713384946935,0.06107226107226107
4,all_blocks,Fisher,67,0.06628621597892889,0.07692307692307693,0.058125149652805505,0.06555944055944056
23,all_blocks,Semantic,67,0.23856652566046774,0.07692307692307693,-0.020195147258360614,0.0391025641025641
23,all_blocks,Temperature,67,0.04589352701731983,0.16666666666666666,0.023092425572671407,0.0662004662004662
23,all_blocks,Fisher,67,-0.03479926570356773,0.07692307692307693,-0.006985792960332034,0.047435897435897434
31,all_blocks,Semantic,99,-0.07225726654298083,0.05263157894736842,0.012655534941249224,0.06910904712762297
31,all_blocks,Temperature,99,-0.15795918367346937,0.05263157894736842,0.032885590599876315,0.05366357069143447
31,all_blocks,Fisher,99,-0.12722325293753867,0.05263157894736842,0.02850958565244279,0.042982456140350865
34,all_blocks,Semantic,68,0.5175401763560712,0.16666666666666666,0.02992709088826965,0.06282051282051282
34,all_blocks,Temperature,68,0.516776730159942,0.2727272727272727,-0.042203305722029245,0.05961538461538461
34,all_blocks,Fisher,68,0.5883116387372599,0.2727272727272727,0.021706683971447108,0.0738927738927739
45,all_blocks,Semantic,90,-0.08289912334856155,0.058823529411764705,0.03578548792031938,0.06220588235294118
45,all_blocks,Temperature,90,-0.019878997407087297,0.125,0.005094456105692062,0.05227941176470589
45,all_blocks,Fisher,90,-0.17109108120344074,0.058823529411764705,-0.00412149648104704,0.06397058823529413
57,all_blocks,Semantic,82,0.35261914868144667,0.2,0.038524831031442844,0.06691176470588237
57,all_blocks,Temperature,82,0.4152436303479501,0.2,-0.010538631490732581,0.03345588235294118
57,all_blocks,Fisher,82,0.31879278632143754,0.2,0.039840663466875634,0.09399159663865547
59,all_blocks,Semantic,80,0.07351148616971402,0.06666666666666667,0.01202414439756212,0.05476190476190477
59,all_blocks,Temperature,80,0.048030942334739805,0.06666666666666667,0.016225972808251287,0.05809523809523809
59,all_blocks,Fisher,80,-0.09995311767463666,0.06666666666666667,-0.008943975621190819,0.05534798534798534
62,all_blocks,Semantic,73,0.25555349870418365,0.14285714285714285,0.0027057879797605837,0.06307692307692309
62,all_blocks,Temperature,73,0.2337714426755523,0.14285714285714285,-0.03651271134147848,0.049157509157509154
62,all_blocks,Fisher,73,0.31803035912624955,0.06666666666666667,-0.005497963717141796,0.06190476190476191
63,all_blocks,Semantic,66,0.16839578332115648,0.5555555555555556,-0.029172320217096332,0.044405594405594405
63,all_blocks,Temperature,66,0.16831228473019522,0.4,-0.00043210520822461497,0.05512820512820512
63,all_blocks,Fisher,66,0.18689072121907943,0.4,-0.0023713599833002836,0.06794871794871796
64,all_blocks,Semantic,88,0.647564368990173,0.2857142857142857,-0.028203479976048752,0.05441176470588236
64,all_blocks,Temperature,88,0.6607375576767287,0.38461538461538464,0.01593814941354655,0.045220588235294124
64,all_blocks,Fisher,88,0.6566517558381177,0.2857142857142857,0.030164488746433737,0.06073529411764707
66,all_blocks,Semantic,75,0.44042674253200564,0.3333333333333333,-0.03262162162162162,0.052380952380952375
66,all_blocks,Temperature,75,0.43900426742532,0.45454545454545453,-0.007483641536273114,0.06582417582417582
66,all_blocks,Fisher,75,0.4120910384068278,0.3333333333333333,0.001540540540540539,0.05904761904761905
68,all_blocks,Semantic,78,0.46544594645860465,0.14285714285714285,0.008750742927958124,0.06142857142857143
68,all_blocks,Temperature,78,0.405252974873228,0.14285714285714285,-0.0022407971775060377,0.05047619047619047
68,all_blocks,Fisher,78,0.46359969144779273,0.14285714285714285,0.014274333261675029,0.05095238095238095
75,all_blocks,Semantic,87,0.35647371874316536,0.2857142857142857,0.01926441641758402,0.03977941176470588
75,all_blocks,Temperature,87,0.38539768170882843,0.2857142857142857,-0.019475832908070277,0.04602941176470589
75,all_blocks,Fisher,87,0.31690602901509074,0.2857142857142857,-0.03680287234818109,0.04816176470588236
76,all_blocks,Semantic,74,0.546271751203258,0.06666666666666667,-0.01747500925583117,0.05285714285714286
76,all_blocks,Temperature,74,0.5031469825990373,0.0,-0.029140318400592374,0.058571428571428566
76,all_blocks,Fisher,74,0.6564531654942612,0.3333333333333333,0.0009211403184005886,0.06952380952380952
79,all_blocks,Semantic,79,0.3082278481012658,0.14285714285714285,0.019441333982473226,0.06344322344322344
79,all_blocks,Temperature,79,0.2779941577409932,0.45454545454545453,0.02665287244401169,0.06725274725274724
79,all_blocks,Fisher,79,0.24819863680623175,0.06666666666666667,-0.011329113924050635,0.07117216117216117
95,all_blocks,Semantic,83,0.4763444019982368,0.2857142857142857,-0.001092523403719407,0.06691176470588237
95,all_blocks,Temperature,83,0.34954451954158094,0.2,-0.035615633264766376,0.06555429864253394
95,all_blocks,Fisher,83,0.40176734813819737,0.2,0.02799945426304521,0.04683823529411765
100,all_blocks,Semantic,77,0.39849624060150374,0.06666666666666667,0.05353988117146012,0.038681318681318674
100,all_blocks,Temperature,77,0.23124244176875752,0.06666666666666667,-0.017738840107261157,0.047619047619047616
100,all_blocks,Fisher,77,0.26781113623218883,0.06666666666666667,-0.02920631999579369,0.05857142857142857
101,all_blocks,Semantic,62,-0.004054292261589988,0.07692307692307693,-0.04682078013648612,0.06555944055944055
101,all_blocks,Temperature,62,0.006270302938732341,0.07692307692307693,0.002344438568658557,0.07705128205128206
101,all_blocks,Fisher,62,0.06585077182644607,0.07692307692307693,0.023273148497897307,0.03205128205128205
104,all_blocks,Semantic,91,-0.13949673514890906,0.1111111111111111,0.0043024366937410435,0.07793257653938768
104,all_blocks,Temperature,91,0.12218506131549613,0.1111111111111111,0.00032250358337315086,0.05285087719298245
104,all_blocks,Fisher,91,-0.017566491479534957,0.1111111111111111,0.008106386367255932,0.06257309941520467
105,all_blocks,Semantic,106,0.3629241504395799,0.15789473684210525,-0.007979948106909843,0.0627777777777778
105,all_blocks,Temperature,106,0.4555558354535607,0.15789473684210525,-0.003004257248658588,0.05983709273182958
105,all_blocks,Fisher,106,0.3423684409401214,0.15789473684210525,0.00881023754943699,0.05956140350877195
107,all_blocks,Semantic,77,0.36426731163573267,0.14285714285714285,0.04361559493138441,0.04523809523809523
107,all_blocks,Temperature,77,0.4438456280561543,0.23076923076923078,-0.002732793522267203,0.04523809523809523
107,all_blocks,Fisher,77,0.3958672906041327,0.14285714285714285,0.035992954414007045,0.06857142857142857
108,all_blocks,Semantic,74,0.1615549796371714,0.45454545454545453,0.030681969640873746,0.048095238095238094
108,all_blocks,Temperature,74,0.18436134764901885,0.3333333333333333,0.06634579785264716,0.08344322344322344
108,all_blocks,Fisher,74,0.2874046649389114,0.3333333333333333,-0.00729655683080341,0.05047619047619047
111,all_blocks,Semantic,64,0.31785714285714284,0.4,-0.021591117216117214,0.04889277389277389
111,all_blocks,Temperature,64,0.19157509157509153,0.2727272727272727,0.04097985347985347,0.0983799533799534
111,all_blocks,Fisher,64,0.26231684981684983,0.2727272727272727,0.03304945054945054,0.046794871794871795
113,all_blocks,Semantic,71,0.399832327297116,0.23076923076923078,-0.027317236753856472,0.0563003663003663
113,all_blocks,Temperature,71,0.47984574111334666,0.23076923076923078,-0.0059389671361502385,0.0745054945054945
113,all_blocks,Fisher,71,0.4589872568745807,0.23076923076923078,0.00461770623742455,0.0519047619047619
114,all_blocks,Semantic,85,-0.32137971467656834,0.058823529411764705,0.0333984756693375,0.07323529411764707
114,all_blocks,Temperature,85,-0.2786202853234317,0.058823529411764705,0.016657221027946062,0.05889705882352941
114,all_blocks,Fisher,85,-0.3136212624584718,0.058823529411764705,-0.013753175688880199,0.056932773109243696
115,all_blocks,Semantic,100,0.34636663666366635,0.1111111111111111,0.006054005400540052,0.08383212934296523
115,all_blocks,Temperature,100,0.40373237323732364,0.05263157894736842,-0.010957095709570954,0.051169590643274844
115,all_blocks,Fisher,100,0.3885868586858685,0.1111111111111111,0.007299129912991298,0.058238734090127274
120,all_blocks,Semantic,80,0.044772620721987816,0.06666666666666667,-0.004372948898265355,0.07153846153846152
120,all_blocks,Temperature,80,0.19676511954992967,0.06666666666666667,-0.03490975152367558,0.04095238095238095
120,all_blocks,Fisher,80,0.047609001406469766,0.06666666666666667,-0.0012236286919831223,0.05095238095238096
121,all_blocks,Semantic,78,0.5820129237850756,0.23076923076923078,-0.017528041578674484,0.013333333333333332
121,all_blocks,Temperature,78,0.5371463979058916,0.23076923076923078,-0.03826932561109776,0.06571428571428571
121,all_blocks,Fisher,78,0.49359501258235433,0.23076923076923078,0.006153340330555519,0.04476190476190476
128,all_blocks,Semantic,80,0.43295827473042664,0.23076923076923078,-0.013645100796999533,0.07344322344322343
128,all_blocks,Temperature,80,0.502836380684482,0.23076923076923078,0.019614392873886548,0.08725274725274725
128,all_blocks,Fisher,80,0.4488279418659165,0.23076923076923078,0.001243553680262541,0.06069597069597069
130,all_blocks,Semantic,82,0.05580043752244752,0.2,0.010238242944678441,0.0798529411764706
130,all_blocks,Temperature,82,0.02717645650352086,0.2,0.01027415896648926,0.07808823529411765
130,all_blocks,Fisher,82,0.12197298679814107,0.2857142857142857,0.03040563337360281,0.05477941176470589
132,all_blocks,Semantic,95,0.33314669652855544,0.1111111111111111,-0.014518477043673015,0.05507395940832473
132,all_blocks,Temperature,95,0.3082446808510638,0.25,0.001993980963045909,0.060577915376676984
132,all_blocks,Fisher,95,0.367035274356103,0.17647058823529413,-0.019787933930571107,0.05935672514619883
134,all_blocks,Semantic,77,0.19964246280035752,0.06666666666666667,-0.0035714285714285657,0.0563003663003663
134,all_blocks,Temperature,77,0.155738997844261,0.06666666666666667,0.004427151795572853,0.0645054945054945
134,all_blocks,Fisher,77,0.2286660707713339,0.06666666666666667,0.023471265576528736,0.06249084249084249
136,all_blocks,Semantic,64,0.3396520146520146,0.07692307692307693,0.07377060439560439,0.06794871794871794
136,all_blocks,Temperature,64,0.4460622710622711,0.16666666666666666,-0.051472069597069604,0.10501165501165502
136,all_blocks,Fisher,64,0.27660256410256406,0.07692307692307693,-0.00830128205128205,0.0673076923076923
137,all_blocks,Semantic,84,0.28152272957375724,0.058823529411764705,-0.004665384225979548,0.055955882352941175
137,all_blocks,Temperature,84,0.1293307684519591,0.058823529411764705,0.016853295535081504,0.08558823529411766
137,all_blocks,Fisher,84,0.231143059633492,0.0,0.018016604232054267,0.06808823529411764
166,all_blocks,Semantic,73,-0.07540417129458227,0.0,0.027455880538072325,0.0757142857142857
166,all_blocks,Temperature,73,-0.05994693323460448,0.06666666666666667,-0.026194002221399487,0.0757142857142857
166,all_blocks,Fisher,73,-0.0025607799580402322,0.0,0.029038627668764656,0.08926739926739925
171,all_blocks,Semantic,78,0.2148357971142781,0.14285714285714285,0.04517887176115025,0.06117216117216116
171,all_blocks,Temperature,78,0.21501283526599982,0.14285714285714285,0.02014947078238217,0.05476190476190477
171,all_blocks,Fisher,78,0.06751476371729535,0.06666666666666667,0.012691106361992438,0.048095238095238094
175,all_blocks,Semantic,71,0.47501676727028835,0.14285714285714285,0.05351945003353453,0.09534798534798535
175,all_blocks,Temperature,71,0.39580818242790067,0.06666666666666667,0.003363514419852453,0.07937728937728937
175,all_blocks,Fisher,71,0.34825620389000667,0.14285714285714285,0.03761737089201878,0.0580952380952381
176,all_blocks,Semantic,75,0.46901849217638686,0.45454545454545453,-0.008109530583214793,0.05523809523809523
176,all_blocks,Temperature,75,0.53049786628734,0.45454545454545453,0.05206116642958748,0.06344322344322344
176,all_blocks,Fisher,75,0.4322617354196301,0.45454545454545453,-0.047419630156472256,0.030476190476190473
185,all_blocks,Semantic,79,0.4627555988315482,0.14285714285714285,-0.010138753651411887,0.06344322344322344
185,all_blocks,Temperature,79,0.4747078870496592,0.14285714285714285,0.014896543330087633,0.06904761904761904
185,all_blocks,Fisher,79,0.46626095423563785,0.14285714285714285,0.03696811100292114,0.06677655677655678
188,all_blocks,Semantic,82,0.49706685821878305,0.2857142857142857,-0.0350660092946311,0.06227941176470588
188,all_blocks,Temperature,82,0.4165061329328153,0.2,0.021979516983924856,0.07906512605042017
188,all_blocks,Fisher,82,0.4635887724339091,0.2857142857142857,0.020513490275465,0.06102941176470589
193,all_blocks,Semantic,73,-0.3018018018018019,0.06666666666666667,0.07702085647291128,0.06333333333333332
193,all_blocks,Temperature,73,-0.056090336912254735,0.14285714285714285,-0.0078026656793780125,0.054761904761904755
193,all_blocks,Fisher,73,-0.24984573614710606,0.0,0.023283043317289902,0.0663003663003663
196,all_blocks,Semantic,68,0.24296675191815856,0.16666666666666666,0.010039317479100663,0.10419580419580418
196,all_blocks,Temperature,68,0.22452952628163528,0.16666666666666666,-0.07048517005764018,0.04889277389277389
196,all_blocks,Fisher,68,0.2062068175745314,0.16666666666666666,-0.014255449097224876,0.03846153846153846
199,all_blocks,Semantic,62,-0.12089849160182319,0.07692307692307693,0.033058850192641834,0.0846153846153846
199,all_blocks,Temperature,62,-0.01971745863866435,0.2727272727272727,-0.022160106771423525,0.05192307692307692
199,all_blocks,Fisher,62,-0.14376369267961017,0.0,-0.031270932487220175,0.08555944055944056
200,all_blocks,Semantic,94,-0.03230141241917422,0.05263157894736842,-0.019708846584546472,0.045906432748538006
200,all_blocks,Temperature,94,-0.17234403785716865,0.05263157894736842,0.04278149044539971,0.07266941864465085
200,all_blocks,Fisher,94,-0.09307517248853087,0.05263157894736842,0.028804681573528872,0.06613347093223254
205,all_blocks,Semantic,91,0.2191591017677974,0.05263157894736842,-0.005311355311355311,0.09850361197110422
205,all_blocks,Temperature,91,0.13696448479057174,0.05263157894736842,-0.026081382385730212,0.04625042999656002
205,all_blocks,Fisher,91,0.27494824016563146,0.05263157894736842,0.001887243191591024,0.06584107327141384
211,all_blocks,Semantic,74,0.2991040355423917,0.06666666666666667,0.0011003332099222495,0.06010989010989011
211,all_blocks,Temperature,74,0.21033691225472043,0.14285714285714285,0.005279526101443911,0.08271062271062271
211,all_blocks,Fisher,74,0.3181192151055164,0.06666666666666667,-0.020891521658644944,0.06571428571428571
215,all_blocks,Semantic,76,0.2900888585099111,0.14285714285714285,0.01700341763499658,0.06783882783882783
215,all_blocks,Temperature,76,0.30701298701298696,0.06666666666666667,0.010262474367737532,0.049157509157509154
215,all_blocks,Fisher,76,0.2391524265208476,0.06666666666666667,-0.022632946001367053,0.047619047619047616
230,all_blocks,Semantic,90,-0.050532987611639296,0.058823529411764705,-0.009201959089599546,0.04764705882352941
230,all_blocks,Temperature,90,0.047158085360332544,0.125,-0.037193892250072025,0.03014705882352941
230,all_blocks,Fisher,90,-0.04745441824093509,0.058823529411764705,0.053227147384450745,0.06612394957983193
232,all_blocks,Semantic,70,0.4498469075321494,0.07692307692307693,0.0236584725745779,0.07179487179487179
232,all_blocks,Temperature,70,0.5707462164290088,0.16666666666666666,0.03501705887498906,0.04871794871794871
232,all_blocks,Fisher,70,0.4267518152392617,0.07692307692307693,0.019203919167176974,0.04038461538461539
234,all_blocks,Semantic,96,0.4950352685838308,0.42857142857142855,-0.013903960933260984,0.060577915376676984
234,all_blocks,Temperature,96,0.35415084102007593,0.25,0.018955507325013568,0.05730994152046783
234,all_blocks,Fisher,96,0.4533640803038524,0.42857142857142855,0.0019682582745523592,0.04098727210182318
238,all_blocks,Semantic,85,0.3560289231971859,0.5,-0.009258354504592536,0.06397058823529411
238,all_blocks,Temperature,85,0.3539183115106508,0.5,0.005575532538596833,0.05889705882352941
238,all_blocks,Fisher,85,0.37699824115692787,0.5,-0.04611686535079147,0.036029411764705886
240,all_blocks,Semantic,78,0.30011760391507225,0.06666666666666667,0.008081791626095422,0.06344322344322344
240,all_blocks,Temperature,78,0.15125380948165756,0.0,-0.04840602435539144,0.05809523809523809
240,all_blocks,Fisher,78,0.37917778424107534,0.06666666666666667,0.031841576145373626,0.05190476190476191
255,all_blocks,Semantic,92,0.569455789652143,0.1111111111111111,0.013525885054636807,0.03450292397660818
255,all_blocks,Temperature,92,0.6010973598631383,0.1111111111111111,0.011752693309495557,0.0581140350877193
255,all_blocks,Fisher,92,0.5571413159070943,0.05263157894736842,0.013794060077370033,0.0754170966632267
260,all_blocks,Semantic,69,0.23587869930580932,0.16666666666666666,-0.018454512239678495,0.04358974358974359
260,all_blocks,Temperature,69,0.2840701497990501,0.2727272727272727,-0.012805991962002198,0.07115384615384615
260,all_blocks,Fisher,69,0.28290098648154915,0.2727272727272727,0.002175739861161858,0.07115384615384615
262,all_blocks,Semantic,80,0.13330989217065167,0.3333333333333333,-0.03604547585560244,0.020476190476190474
262,all_blocks,Temperature,80,0.21153305203938116,0.14285714285714285,0.019635489920300047,0.05523809523809523
262,all_blocks,Fisher,80,0.12013595874355369,0.23076923076923078,-0.02363455227379278,0.04153846153846154
268,all_blocks,Semantic,77,0.12256164887743834,0.23076923076923078,-0.026884957148115052,0.052490842490842494
268,all_blocks,Temperature,77,0.20887007729112989,0.23076923076923078,0.00013670539986329334,0.07391941391941391
268,all_blocks,Fisher,77,0.13441821336558177,0.23076923076923078,-0.011225616488774386,0.054285714285714284
269,all_blocks,Semantic,72,-0.22409801273393787,0.06666666666666667,0.0009711235449225006,0.07238095238095237
269,all_blocks,Temperature,72,-0.40417390185864044,0.06666666666666667,0.0005112868994790645,0.054285714285714284
269,all_blocks,Fisher,72,-0.3602804038844942,0.06666666666666667,-0.01611518425622227,0.047619047619047616
278,all_blocks,Semantic,82,0.46809460062472114,0.38461538461538464,0.004690850121352618,0.04933823529411765
278,all_blocks,Temperature,82,0.44478183737660676,0.6363636363636364,-0.010266540416408185,0.05558823529411765
278,all_blocks,Fisher,82,0.45936591896039447,0.6363636363636364,0.0027818591438926454,0.06477941176470589
284,all_blocks,Semantic,67,0.2933993135924655,0.4,-0.06514885465719532,0.05064102564102564
284,all_blocks,Temperature,67,0.30612977891292203,0.4,-0.004940537951951473,0.07004662004662005
284,all_blocks,Fisher,67,0.30648894564610113,0.4,0.030698778833107194,0.05897435897435897
296,all_blocks,Semantic,76,0.45722488038277515,0.23076923076923078,0.0031209842788790174,0.04534798534798534
296,all_blocks,Temperature,76,0.5770608339029392,0.3333333333333333,0.028336295283663705,0.07487179487179488
296,all_blocks,Fisher,76,0.37421736158578267,0.23076923076923078,0.01005058099794942,0.04428571428571428
314,all_blocks,Semantic,69,0.34669345999269274,0.07692307692307693,-0.01936792108147607,0.035256410256410256
314,all_blocks,Temperature,69,0.37658019729630987,0.07692307692307693,0.0053288271830471325,0.05064102564102564
314,all_blocks,Fisher,69,0.2995250274022653,0.07692307692307693,-0.027464377055169898,0.06171328671328671
315,all_blocks,Semantic,74,0.16125879303961493,0.23076923076923078,-0.0375223991114402,0.04095238095238095
315,all_blocks,Temperature,74,0.2372010366530914,0.3333333333333333,-0.040857460199925935,0.04476190476190476
315,all_blocks,Fisher,74,0.03383931877082561,0.23076923076923078,-0.00897297297297297,0.08714285714285713
329,all_blocks,Semantic,73,0.4142292977909417,0.06666666666666667,0.010813896087868697,0.08783882783882783
329,all_blocks,Temperature,73,0.37199185486856723,0.14285714285714285,-0.010019437245464648,0.05809523809523809
329,all_blocks,Fisher,73,0.37479945699123784,0.06666666666666667,0.02796340861409354,0.048095238095238094
331,all_blocks,Semantic,80,0.06265822784810128,0.06666666666666667,0.007962962962962969,0.04095238095238095
331,all_blocks,Temperature,80,0.08551336146272855,0.06666666666666667,0.026289263947491797,0.06783882783882783
331,all_blocks,Fisher,80,0.019221753398968592,0.06666666666666667,-0.028220815752461326,0.04428571428571428
341,all_blocks,Semantic,74,0.1368530174009626,0.0,0.011004813032210292,0.06190476190476191
341,all_blocks,Temperature,74,-0.18510181414291,0.06666666666666667,-0.019218067382450937,0.047619047619047616
341,all_blocks,Fisher,74,-0.031055164753794884,0.06666666666666667,-0.035609033691225464,0.0657142857142857
343,all_blocks,Semantic,85,-0.13040844244674613,0.058823529411764705,-0.020206175493453195,0.06183823529411765
343,all_blocks,Temperature,85,-0.16454954074653114,0.058823529411764705,-0.016145202266953294,0.05227941176470589
343,all_blocks,Fisher,85,-0.3510064490912644,0.058823529411764705,-0.03698456126636701,0.052647058823529415
347,all_blocks,Semantic,72,-0.35732201427744553,0.06666666666666667,0.015647308508585762,0.0557142857142857
347,all_blocks,Temperature,72,-0.05061418740755033,0.14285714285714285,-0.017004308958775482,0.04428571428571428
347,all_blocks,Fisher,72,-0.21747379252685065,0.06666666666666667,0.0012155122515917424,0.056776556776556776
354,all_blocks,Semantic,75,-0.10389758179231863,0.06666666666666667,-0.044783783783783775,0.07772893772893771
354,all_blocks,Temperature,75,0.20753911806543385,0.14285714285714285,0.07681507823613087,0.07783882783882784
354,all_blocks,Fisher,75,-0.07627311522048365,0.06666666666666667,0.014550497866287343,0.06190476190476189
359,all_blocks,Semantic,104,0.23443934706070632,0.2222222222222222,-0.008587431985490234,0.05904761904761906
359,all_blocks,Temperature,104,0.28236423770404356,0.1,-0.010506241331484053,0.07110275689223058
359,all_blocks,Fisher,104,-0.05590525978875494,0.1,0.00729222234076603,0.03666666666666667
363,all_blocks,Semantic,69,0.35535257581293395,0.0,-0.015246620387285354,0.039102564102564095
363,all_blocks,Temperature,69,0.17811472415052979,0.07692307692307693,0.018511143587869934,0.045046620046620044
363,all_blocks,Fisher,69,0.2779685787358422,0.0,-0.01457069784435513,0.07115384615384615
365,all_blocks,Semantic,73,0.5760520794767371,0.3333333333333333,0.012587930396149574,0.0557142857142857
365,all_blocks,Temperature,73,0.5210724423053191,0.3333333333333333,-0.05909231148957176,0.05523809523809523
365,all_blocks,Fisher,73,0.5501357521905468,0.3333333333333333,-0.025381031716648163,0.04380952380952381
368,all_blocks,Semantic,92,-0.12707488864571612,0.1111111111111111,-0.01547477767674121,0.04420364637082903
368,all_blocks,Temperature,92,-0.16776351278455065,0.1111111111111111,0.013412604226068464,0.051169590643274844
368,all_blocks,Fisher,92,-0.2131374936424025,0.1111111111111111,0.015451659140298696,0.06448228414172687
371,all_blocks,Semantic,70,-0.2265593561368209,0.07692307692307693,-0.008314233225439591,0.06235431235431236
371,all_blocks,Temperature,70,0.13669845157903945,0.16666666666666666,-0.03467588137520776,0.04294871794871795
371,all_blocks,Fisher,70,-0.058944974192983994,0.07692307692307693,0.012742542209780428,0.0358974358974359
373,all_blocks,Semantic,92,0.38350569486614366,0.0,-0.04258819721652821,0.05268317853457172
373,all_blocks,Temperature,92,0.3638857636052587,0.05263157894736842,0.029671100288211093,0.08149294805641553
373,all_blocks,Fisher,92,0.4151472650771388,0.0,-0.02469445001001803,0.04098727210182318
387,all_blocks,Semantic,70,0.12403114338203132,0.16666666666666666,-0.023814189484734495,0.06620046620046618
387,all_blocks,Temperature,70,0.1864228851369084,0.16666666666666666,0.01053451141632403,0.055256410256410246
387,all_blocks,Fisher,70,0.06356399265156154,0.07692307692307693,0.012786282914880593,0.04889277389277389
388,all_blocks,Semantic,63,-0.0867415514592934,0.07692307692307693,0.019364439324116745,0.08304195804195805
388,all_blocks,Temperature,63,-0.11271121351766512,0.16666666666666666,0.019412442396313366,0.08607226107226108
388,all_blocks,Fisher,63,-0.20886136712749617,0.07692307692307693,0.0324644777265745,0.07658508158508158
399,all_blocks,Semantic,82,0.3532939345457712,0.125,-0.019353293934545775,0.05816176470588236
399,all_blocks,Temperature,82,0.12399734439111458,0.125,0.0014018132149192966,0.04933823529411765
399,all_blocks,Fisher,82,0.3195546413295458,0.2,0.007542364580272312,0.06485294117647059
402,all_blocks,Semantic,92,-0.003205770386696053,0.1111111111111111,-0.017044526301188297,0.05670364637082903
402,all_blocks,Temperature,92,0.19402617018325294,0.05263157894736842,0.0323058428247769,0.053078775369797035
402,all_blocks,Fisher,92,0.03615739099610067,0.1111111111111111,-0.023811321917913787,0.07466460268317854
408,all_blocks,Semantic,79,0.22604673807205453,0.14285714285714285,-0.024771178188899713,0.03915750915750915
408,all_blocks,Temperature,79,0.24481499513145083,0.06666666666666667,0.008841285296981497,0.06238095238095237
408,all_blocks,Fisher,79,0.1587147030185005,0.14285714285714285,-0.032386806231742934,0.06344322344322342
412,all_blocks,Semantic,69,0.48370478626233104,0.16666666666666666,-0.017157471684325905,0.05337995337995338
412,all_blocks,Temperature,69,0.5282060650347096,0.2727272727272727,-0.02476982097186702,0.047435897435897434
412,all_blocks,Fisher,69,0.4600657654366095,0.2727272727272727,-0.009086591158202404,0.05576923076923077
413,all_blocks,Semantic,68,-0.09466732832003662,0.16666666666666666,0.012314387143566054,0.04294871794871795
413,all_blocks,Temperature,68,-0.026453410695881203,0.16666666666666666,0.009907623010268346,0.06474358974358974
413,all_blocks,Fisher,68,-0.0650837882200252,0.16666666666666666,-0.001983051494445929,0.044230769230769226
415,all_blocks,Semantic,78,-0.10380758482024303,0.06666666666666667,0.029686768927275252,0.06523809523809523
415,all_blocks,Temperature,78,0.032385336182804536,0.14285714285714285,-0.02004577700780232,0.03809523809523809
415,all_blocks,Fisher,78,-0.05261826780814122,0.14285714285714285,-0.01572604610579294,0.06285714285714285
417,all_blocks,Semantic,160,0.04768838626508848,0.10344827586206896,0.03922169811320754,0.050498437417236086
417,all_blocks,Temperature,160,0.10192780968006562,0.14285714285714285,0.0016242821985233817,0.04728375443614598
417,all_blocks,Fisher,160,0.07733505215047463,0.10344827586206896,-0.005078372202039144,0.04162402669632925
424,all_blocks,Semantic,80,0.4345522737927801,0.23076923076923078,0.03702062822315987,0.04428571428571428
424,all_blocks,Temperature,80,0.4967416783872481,0.23076923076923078,7.383966244725315e-05,0.05736263736263736
424,all_blocks,Fisher,80,0.47948898265353956,0.45454545454545453,0.043625175808720114,0.06831501831501831
428,all_blocks,Semantic,65,-0.274256993006993,0.07692307692307693,0.014604458041958044,0.07773892773892774
428,all_blocks,Temperature,65,-0.11678321678321678,0.07692307692307693,0.057832167832167825,0.08076923076923076
428,all_blocks,Fisher,65,-0.30743006993006994,0.07692307692307693,0.016901223776223773,0.07961538461538462
430,all_blocks,Semantic,81,0.39674796747967483,0.125,0.03872515808491417,0.06772058823529412
430,all_blocks,Temperature,81,-0.12389340560072268,0.125,0.015135501355013547,0.07433823529411765
430,all_blocks,Fisher,81,0.19467028003613368,0.058823529411764705,0.0438403342366757,0.0813970588235294
435,all_blocks,Semantic,65,0.13277972027972026,0.07692307692307693,-0.02308347902097902,0.027564102564102567
435,all_blocks,Temperature,65,0.10485139860139861,0.07692307692307693,-0.005327797202797203,0.03076923076923077
435,all_blocks,Fisher,65,0.07215909090909091,0.07692307692307693,-0.03510926573426573,0.05128205128205128
436,all_blocks,Semantic,68,0.30724892163224793,0.16666666666666666,-0.02328320036645417,0.05448717948717948
436,all_blocks,Temperature,68,-0.04084437149291903,0.07692307692307693,-0.0019200671832652564,0.04807692307692309
436,all_blocks,Fisher,68,0.21597892888498682,0.16666666666666666,0.02858724281406267,0.06491841491841492
438,all_blocks,Semantic,67,-0.19458855455343604,0.07692307692307693,0.025211509298427644,0.06555944055944056
438,all_blocks,Temperature,67,0.014127224838374973,0.07692307692307693,-0.03242876526458617,0.026923076923076928
438,all_blocks,Fisher,67,-0.12199696703647539,0.07692307692307693,-0.01378801181259479,0.04679487179487178
440,all_blocks,Semantic,72,0.24287735545694258,0.23076923076923078,-0.01032220721589813,0.052490842490842494
440,all_blocks,Temperature,72,0.28866808154865264,0.23076923076923078,0.010212875426072418,0.03
440,all_blocks,Fisher,72,0.18049392243874207,0.23076923076923078,0.01809601903659399,0.07523809523809524
443,all_blocks,Semantic,66,0.46406429391504017,0.5555555555555556,0.030460285982674046,0.052564102564102565
443,all_blocks,Temperature,66,0.3386494102912014,0.5555555555555556,-0.016086003548690123,0.0564102564102564
443,all_blocks,Fisher,66,0.49383154159273573,0.5555555555555556,0.019991650140903875,0.06555944055944055
447,all_blocks,Semantic,86,-0.26360677390442944,0.0,0.051053351573187425,0.04816176470588236
447,all_blocks,Temperature,86,0.11869427803198264,0.058823529411764705,-0.011200528326807874,0.05816176470588236
447,all_blocks,Fisher,86,-0.2565875748856078,0.058823529411764705,0.001320817019670737,0.07397058823529412
450,all_blocks,Semantic,65,0.3751748251748252,0.16666666666666666,-0.02215034965034965,0.056585081585081576
450,all_blocks,Temperature,65,0.4204982517482518,0.5555555555555556,-0.009047202797202798,0.059615384615384605
450,all_blocks,Fisher,65,0.26005244755244755,0.16666666666666666,-0.05272945804195804,0.05786713286713287
464,all_blocks,Semantic,145,0.49167060305463695,0.42857142857142855,0.0009427649189104068,0.05019367605574502
464,all_blocks,Temperature,145,0.33279011179341833,0.42857142857142855,0.008068020784128483,0.05202517788724685
464,all_blocks,Fisher,145,0.4262005983309714,0.42857142857142855,0.0011130136986301398,0.041326680981853395
471,all_blocks,Semantic,92,0.49114560054251494,0.3333333333333333,0.003455450580275262,0.035724114207086335
471,all_blocks,Temperature,92,0.4218054035725845,0.3333333333333333,0.0016884237781853509,0.05699604403164774
471,all_blocks,Fisher,92,0.44193394263520486,0.3333333333333333,-0.017831327158115372,0.07015393876848984
475,all_blocks,Semantic,86,-0.07363554884664371,0.058823529411764705,0.004152082645407802,0.05147058823529412
475,all_blocks,Temperature,86,-0.19369781593471389,0.058823529411764705,-0.016701731213736495,0.06433823529411765
475,all_blocks,Fisher,86,-0.15054483702061416,0.058823529411764705,0.03382895419595263,0.06441176470588236
481,all_blocks,Semantic,75,0.3359317211948791,0.06666666666666667,0.021557610241820763,0.058571428571428566
481,all_blocks,Temperature,75,0.30600284495021335,0.06666666666666667,0.017651493598862016,0.04487179487179488
481,all_blocks,Fisher,75,0.27376955903271694,0.06666666666666667,-0.010951635846372683,0.0519047619047619
485,all_blocks,Semantic,86,0.4231614698806547,0.125,0.03705552148686259,0.07183823529411765
485,all_blocks,Temperature,86,0.4361620831171282,0.2,0.024919099957545165,0.06889705882352941
485,all_blocks,Fisher,86,0.4155950752393981,0.058823529411764705,0.021289683475635642,0.06772058823529412
488,all_blocks,Semantic,78,0.5008282856384122,0.3333333333333333,-0.0024368037026264886,0.06344322344322344
488,all_blocks,Temperature,78,0.5010306149546655,0.3333333333333333,0.04576309766183184,0.06630036630036629
488,all_blocks,Fisher,78,0.5447590384299245,0.3333333333333333,0.0299675008535768,0.055824175824175815
490,all_blocks,Semantic,83,0.477834683682465,0.2857142857142857,-0.048639855589605804,0.04566176470588236
490,all_blocks,Temperature,83,0.29245203811762727,0.2857142857142857,0.0035609336299903442,0.04779411764705882
490,all_blocks,Fisher,83,0.3987657948868645,0.2857142857142857,-0.015511523445699168,0.05558823529411765
493,all_blocks,Semantic,79,0.521811100292113,0.06666666666666667,-0.0215883641674781,0.048681318681318676
493,all_blocks,Temperature,79,0.2349561830574489,0.14285714285714285,0.0041455696202531665,0.048095238095238094
493,all_blocks,Fisher,79,0.4101265822784811,0.0,-0.013549172346640697,0.04095238095238095
519,all_blocks,Semantic,78,0.3784696316341886,0.06666666666666667,0.007417898557139061,0.052967032967032965
519,all_blocks,Temperature,78,0.3744736276381846,0.23076923076923078,0.01710062089808925,0.05904761904761905
519,all_blocks,Fisher,78,0.37725565573666836,0.06666666666666667,0.0054527750730282406,0.041428571428571426
521,all_blocks,Semantic,94,0.15338655492540548,0.0,-0.031253838095582125,0.06214310285517716
521,all_blocks,Temperature,94,0.3363869522811834,0.05263157894736842,0.021726691471300078,0.058238734090127274
521,all_blocks,Fisher,94,0.051851316692554994,0.0,0.025534804753820035,0.04649122807017544
523,all_blocks,Semantic,86,0.1690362752960045,0.5,0.010282560498136709,0.056985294117647065
523,all_blocks,Temperature,86,0.15790367470163688,0.5,-0.0052379829237228165,0.051911764705882345
523,all_blocks,Fisher,86,0.0858625406858814,0.5,0.03293740270767488,0.05514705882352942
524,all_blocks,Semantic,104,0.21341086098367654,0.047619047619047616,0.0020479035527579226,0.04956140350877193
524,all_blocks,Temperature,104,0.35663074789288385,0.1,0.027673103595433696,0.0524561403508772
524,all_blocks,Fisher,104,0.1984316654219567,0.047619047619047616,-0.04168142537074577,0.07141014300457026
526,all_blocks,Semantic,92,0.3311190912873942,0.42857142857142855,-0.003766009586486446,0.0632610939112487
526,all_blocks,Temperature,92,0.39491083951112005,0.42857142857142855,0.005825871183514946,0.05794633642930856
526,all_blocks,Fisher,92,0.3707442627498729,0.42857142857142855,-0.010659957153645792,0.06842105263157895
529,all_blocks,Semantic,74,0.556401332839689,0.06666666666666667,-0.00554905590522029,0.0557142857142857
529,all_blocks,Temperature,74,0.5099296556830802,0.14285714285714285,0.05834875971862273,0.05630036630036629
529,all_blocks,Fisher,74,0.5280266567937799,0.06666666666666667,-0.02469307663828211,0.037142857142857144
537,all_blocks,Semantic,67,0.2889695905499242,0.4,-0.08576103440019156,0.06555944055944056
537,all_blocks,Temperature,67,0.32516561577141034,0.2727272727272727,0.0032424774523106374,0.051923076923076926
537,all_blocks,Fisher,67,0.35338015803336265,0.2727272727272727,0.013167451512491019,0.06491841491841491
538,all_blocks,Semantic,108,0.19872912439147541,0.1,-0.006214334028790001,0.06805346700083544
538,all_blocks,Temperature,108,0.2085322053597797,0.047619047619047616,0.049714195890136904,0.044323308270676695
538,all_blocks,Fisher,108,0.3505482675507541,0.047619047619047616,-0.01404346127830651,0.055472013366750214
548,all_blocks,Semantic,72,0.4262010418676443,0.6,0.02426040259823783,0.0826007326007326
548,all_blocks,Temperature,72,0.4138529808990932,0.45454545454545453,0.002582159624413144,0.06688644688644689
548,all_blocks,Fisher,72,0.4211846420991705,0.6,0.02608045533474822,0.06428571428571428
551,all_blocks,Semantic,71,0.28346747149564044,0.23076923076923078,0.02274815560026827,0.059157509157509156
551,all_blocks,Temperature,71,0.28997317236753856,0.14285714285714285,0.004126425217974518,0.047619047619047616
551,all_blocks,Fisher,71,0.23906773977196513,0.14285714285714285,-0.001961770623742453,0.05142857142857142
554,all_blocks,Semantic,73,0.054701962236208816,0.14285714285714285,0.034775700357892146,0.0519047619047619
554,all_blocks,Temperature,73,0.27005430087621873,0.23076923076923078,0.017334629149697644,0.05153846153846155
554,all_blocks,Fisher,73,0.05590522028878194,0.06666666666666667,0.01596013822041219,0.0689010989010989
555,all_blocks,Semantic,75,0.29735419630156473,0.23076923076923078,0.021839260312944524,0.06296703296703296
555,all_blocks,Temperature,75,0.3957894736842105,0.23076923076923078,0.019384068278805115,0.05142857142857142
555,all_blocks,Fisher,75,0.36873399715504973,0.23076923076923078,0.020091038406827876,0.09666666666666665
566,all_blocks,Semantic,82,0.521946866055006,0.125,0.024648186240898557,0.048161764705882355
566,all_blocks,Temperature,82,0.5881194153306996,0.058823529411764705,0.05622598796269088,0.06227941176470588
566,all_blocks,Fisher,82,0.5744495597566417,0.058823529411764705,0.017302815598437105,0.05404411764705883
568,all_blocks,Semantic,72,0.4823782879927971,0.06666666666666667,-0.03334619589684225,0.043333333333333335
568,all_blocks,Temperature,72,0.3446845456299441,0.14285714285714285,0.017544536626149597,0.05142857142857142
568,all_blocks,Fisher,72,0.4869766544472314,0.06666666666666667,0.006762492764808026,0.06571428571428571
571,all_blocks,Semantic,77,0.3617172301382827,0.14285714285714285,-0.017093432882906566,0.0657142857142857
571,all_blocks,Temperature,77,0.1026867868973132,0.06666666666666667,0.03916083916083916,0.10545787545787544
571,all_blocks,Fisher,77,0.29431095220568904,0.14285714285714285,0.0022346074977653944,0.030000000000000006
572,all_blocks,Semantic,73,0.12183759101567324,0.0,0.026456250771319266,0.04428571428571428
572,all_blocks,Temperature,73,0.057355300505985446,0.23076923076923078,0.004256139701345181,0.06476190476190476
572,all_blocks,Fisher,73,0.028754782179439716,0.0,0.024239479205232634,0.06285714285714285
576,all_blocks,Semantic,96,0.16515192620727076,0.05263157894736842,-0.002544763971785132,0.08814499484004126
576,all_blocks,Temperature,96,0.1856483993488877,0.05263157894736842,0.00030453065653825563,0.05701754385964912
576,all_blocks,Fisher,96,-0.04426207270754205,0.05263157894736842,0.022712289744981008,0.05502235982112143
584,all_blocks,Semantic,73,0.09737134394668642,0.14285714285714285,-0.00923269159570529,0.07937728937728937
584,all_blocks,Temperature,73,0.23210539306429717,0.23076923076923078,0.001178575836110083,0.07238095238095238
584,all_blocks,Fisher,73,0.12674318153770212,0.23076923076923078,-0.02010058003208688,0.04476190476190476
587,all_blocks,Semantic,72,-0.1316483375136665,0.14285714285714285,0.061180783330117706,0.030476190476190473
587,all_blocks,Temperature,72,-0.12106887902759023,0.06666666666666667,0.03929030805839605,0.06285714285714285
587,all_blocks,Fisher,72,-0.2266383690269471,0.06666666666666667,-0.03581741591099107,0.06772893772893772
592,all_blocks,Semantic,78,0.048318769837757174,0.14285714285714285,0.01555533074520416,0.05904761904761905
592,all_blocks,Temperature,78,0.0663513701488385,0.14285714285714285,0.018146410551473837,0.06249084249084249
592,all_blocks,Fisher,78,0.062051872178454454,0.14285714285714285,0.02709189544632582,0.07058608058608058
600,all_blocks,Semantic,92,0.3010187568392337,0.17647058823529413,0.003097113265416207,0.05730994152046783
600,all_blocks,Temperature,92,0.5329439144305904,0.17647058823529413,0.03850161059137215,0.060577915376676984
600,all_blocks,Fisher,92,0.45316955134626946,0.17647058823529413,-0.0016144444615692796,0.06033711730306156
606,all_blocks,Semantic,99,0.3406307977736549,0.0,0.014697588126159556,0.04361885104919161
606,all_blocks,Temperature,99,0.2679158936301793,0.1111111111111111,-0.00405194805194805,0.05999312005503955
606,all_blocks,Fisher,99,0.2724551638837353,0.05263157894736842,0.013552875695732838,0.06228070175438596
608,all_blocks,Semantic,81,0.11260162601626016,0.125,0.0072843270099367695,0.07305429864253395
608,all_blocks,Temperature,81,0.11047877145438122,0.2,-0.0072177055103884395,0.05779411764705883
608,all_blocks,Fisher,81,0.08254290876242094,0.125,0.01759598012646793,0.06102941176470589
631,all_blocks,Semantic,102,0.2339313885700392,0.1,-0.004659289458357601,0.04146616541353384
631,all_blocks,Temperature,102,0.16962867046270588,0.1,-0.030698723784428693,0.05483709273182957
631,all_blocks,Fisher,102,0.16780792870834768,0.1,-0.019181118568738654,0.053567251461988305
632,all_blocks,Semantic,84,-0.17280550774526676,0.058823529411764705,-0.006757112483547633,0.07231900452488689
632,all_blocks,Temperature,84,-0.11321251392123115,0.125,0.02353649893692416,0.061470588235294124
632,all_blocks,Fisher,84,-0.1582261820390807,0.058823529411764705,-0.022132226384529725,0.061397058823529416
639,all_blocks,Semantic,62,0.06519604139910856,0.07692307692307693,0.03803983782830954,0.06025641025641025
639,all_blocks,Temperature,62,0.012062149026718037,0.07692307692307693,0.03654654881518974,0.08461538461538462
639,all_blocks,Fisher,62,-0.09788219888695829,0.07692307692307693,-0.022872755659640902,0.08671328671328672
644,all_blocks,Semantic,70,-0.05282127547896072,0.16666666666666666,-0.03672644563030355,0.06107226107226107
644,all_blocks,Temperature,70,-0.011075146531362086,0.2727272727272727,-0.016299536348525937,0.07389277389277389
644,all_blocks,Fisher,70,-0.014294462426734319,0.16666666666666666,0.008562680430408537,0.06282051282051282
647,all_blocks,Semantic,66,0.039432209581463325,0.07692307692307693,-0.0009226594301221171,0.05512820512820512
647,all_blocks,Temperature,66,-0.130195177956372,0.07692307692307693,-0.019960338169293396,0.026923076923076928
647,all_blocks,Fisher,66,0.0011481056257175663,0.07692307692307693,0.02414779250600146,0.05722610722610723
651,all_blocks,Semantic,67,-0.009019075744273287,0.07692307692307693,0.0541044776119403,0.07884615384615386
651,all_blocks,Temperature,67,-0.09901029611301781,0.07692307692307693,0.021144943730545134,0.08927738927738926
651,all_blocks,Fisher,67,-0.003831111820576264,0.07692307692307693,-0.014833586080293717,0.045046620046620044
659,all_blocks,Semantic,77,0.22138387927861608,0.6,0.028930280246069705,0.052967032967032965
659,all_blocks,Temperature,77,0.1329197118670803,0.3333333333333333,-0.00655002891844997,0.08439560439560438
659,all_blocks,Fisher,77,0.14635364635364634,0.3333333333333333,0.02204768915295231,0.06677655677655678
661,all_blocks,Semantic,68,0.5750276749246096,0.16666666666666666,0.011560484024888342,0.04358974358974359
661,all_blocks,Temperature,68,0.4810474481810894,0.16666666666666666,0.01702675878917433,0.06346153846153846
661,all_blocks,Fisher,68,0.5978547161888765,0.07692307692307693,0.018687254265755616,0.10868298368298368
665,all_blocks,Semantic,85,-0.2820598006644518,0.058823529411764705,0.003318350596052378,0.052720588235294116
665,all_blocks,Temperature,85,0.09681453976939614,0.2,0.027988078952511236,0.07514705882352941
665,all_blocks,Fisher,85,-0.17736955247215164,0.058823529411764705,-0.02379714676568301,0.05112394957983193
670,all_blocks,Semantic,80,0.50028129395218,0.14285714285714285,0.02199835911861229,0.047619047619047616
670,all_blocks,Temperature,80,0.26275199249882797,0.06666666666666667,-0.030206282231598686,0.04095238095238095
670,all_blocks,Fisher,80,0.4503281762775434,0.14285714285714285,-0.027407407407407415,0.05523809523809524
680,all_blocks,Semantic,70,0.2635464963695215,0.07692307692307693,0.027887323943661963,0.04807692307692307
680,all_blocks,Temperature,70,0.533689091068148,0.16666666666666666,0.007458665033680345,0.058974358974358966
680,all_blocks,Fisher,70,0.22781908844370571,0.07692307692307693,-0.006919779546846296,0.035897435897435895
684,all_blocks,Semantic,85,0.2709595466093414,0.2857142857142857,0.01748094586671878,0.056985294117647065
684,all_blocks,Temperature,85,0.38071135430916553,0.2,0.022657807308970095,0.03897058823529412
684,all_blocks,Fisher,85,0.2574946257572797,0.2,-0.006364080515927305,0.04852941176470589
686,all_blocks,Semantic,74,0.020185116623472783,0.06666666666666667,0.02665679378008144,0.0701098901098901
686,all_blocks,Temperature,74,0.026582747130692332,0.06666666666666667,-0.025504627915586813,0.06952380952380952
686,all_blocks,Fisher,74,0.07625323954091076,0.06666666666666667,-0.00889300259163273,0.06238095238095237
691,all_blocks,Semantic,70,0.025352112676056335,0.0,0.03804741492432858,0.06252913752913752
691,all_blocks,Temperature,70,-0.037984428308984346,0.07692307692307693,-0.012462601697139357,0.0391025641025641
691,all_blocks,Fisher,70,-0.001837109614206981,0.0,-0.008412212404863968,0.0770979020979021
697,all_blocks,Semantic,105,0.20698735227037113,0.2222222222222222,-0.0017162554426705396,0.07459482038429407
697,all_blocks,Temperature,105,0.2476052249637155,0.15789473684210525,0.024824279494090808,0.06829156223893067
697,all_blocks,Fisher,105,0.2785092266224341,0.15789473684210525,0.012834335475844911,0.06805346700083544
700,all_blocks,Semantic,78,0.43975012329442703,0.45454545454545453,-0.02088670822848037,0.07344322344322343
700,all_blocks,Temperature,78,0.34050759367215055,0.45454545454545453,-0.017931435652954644,0.058571428571428566
700,all_blocks,Fisher,78,0.4056070511766714,0.45454545454545453,0.002554407617698754,0.038681318681318674
709,all_blocks,Semantic,66,-0.024485961799394638,0.2727272727272727,-0.0183592526876109,0.04953379953379953
709,all_blocks,Temperature,66,-0.09750547959503184,0.16666666666666666,-0.002365097588978187,0.07948717948717948
709,all_blocks,Fisher,66,-0.0551299446821835,0.2727272727272727,-0.021100093935914836,0.05961538461538461
712,all_blocks,Semantic,102,0.4830789760872147,0.2222222222222222,-0.02024811847261254,0.05594820384294068
712,all_blocks,Temperature,102,0.37392494246569147,0.29411764705882354,-0.008280982295830953,0.050075187969924814
712,all_blocks,Fisher,102,0.5252274513573574,0.2222222222222222,0.01128294439952276,0.049837092731829576
722,all_blocks,Semantic,65,-0.019274475524475525,0.07692307692307693,0.017058566433566437,0.041200466200466204
722,all_blocks,Temperature,65,0.02495629370629371,0.16666666666666666,-0.04550480769230769,0.06410256410256411
722,all_blocks,Fisher,65,0.07967657342657342,0.2727272727272727,-0.03607954545454546,0.07325174825174825
726,all_blocks,Semantic,79,0.06039435248296008,0.14285714285714285,-0.03365506329113925,0.04476190476190476
726,all_blocks,Temperature,79,0.05394352482960078,0.14285714285714285,-0.04212633885102239,0.055714285714285716
726,all_blocks,Fisher,79,-0.013145082765335929,0.14285714285714285,-0.010024342745861732,0.05915750915750915
736,all_blocks,Semantic,68,0.08833072489216322,0.07692307692307693,0.0014791770050005676,0.062354312354312345
736,all_blocks,Temperature,68,0.11375348322326984,0.0,-0.014329885101347483,0.07115384615384615
736,all_blocks,Fisher,68,0.03958468526930564,0.07692307692307693,-0.0060445852578539525,0.03974358974358975
743,all_blocks,Semantic,74,0.3188004442798963,0.14285714285714285,0.011650499814883381,0.06190476190476189
743,all_blocks,Temperature,74,0.09215845982969269,0.0,0.0064272491669751936,0.06344322344322342
743,all_blocks,Fisher,74,0.5736986301369863,0.14285714285714285,0.009901517956312477,0.06344322344322344
752,all_blocks,Semantic,118,-0.05738462268871043,0.043478260869565216,-0.014423761681987007,0.06823828345567476
752,all_blocks,Temperature,118,0.1616067548270938,0.09090909090909091,0.00716495203035582,0.054206662902315086
752,all_blocks,Fisher,118,-0.06387065908501602,0.043478260869565216,-0.033532369923197435,0.04901185770750989
759,all_blocks,Semantic,84,-0.0465323478789106,0.2857142857142857,-0.032596942391414405,0.064359243697479
759,all_blocks,Temperature,84,-0.025696061557152983,0.2,0.052443049508960206,0.08906512605042016
759,all_blocks,Fisher,84,-0.01986433127467855,0.2857142857142857,0.02158550167054774,0.057794117647058815
766,all_blocks,Semantic,75,-0.06916073968705548,0.06666666666666667,0.006034139402560455,0.04476190476190476
766,all_blocks,Temperature,75,-0.2672546230440967,0.14285714285714285,0.014927453769559035,0.08142857142857142
766,all_blocks,Fisher,75,-0.2916642958748222,0.06666666666666667,0.002765291607396872,0.062380952380952384
773,all_blocks,Semantic,82,0.2587368443965565,0.2,-0.053255841795365744,0.06029411764705883
773,all_blocks,Temperature,82,0.24728725198898577,0.125,-0.00549515133705554,0.04816176470588236
773,all_blocks,Fisher,82,0.3746476420587499,0.2,0.032038179819549206,0.06227941176470588
776,all_blocks,Semantic,83,-0.08135678602913396,0.125,0.007054699634776037,0.0631827731092437
776,all_blocks,Temperature,83,0.04013265605977918,0.058823529411764705,-0.01710360606187817,0.05227941176470589
776,all_blocks,Fisher,83,-0.16519037823768942,0.125,-0.05624134167331346,0.04816176470588236
778,all_blocks,Semantic,84,0.16640680368532956,0.2,0.012534170294623873,0.055955882352941175
778,all_blocks,Temperature,84,0.14686645742634405,0.2,0.02319530221727245,0.05522058823529411
778,all_blocks,Fisher,84,0.1339475549255847,0.2,-0.020271337450642912,0.061470588235294124
779,all_blocks,Semantic,87,0.4895932055114091,0.125,0.019236166800320774,0.06264705882352942
779,all_blocks,Temperature,87,0.3551614784573886,0.125,-0.029411496682948162,0.061102941176470596
779,all_blocks,Fisher,87,0.5175876649413137,0.125,0.021219107676605672,0.06433823529411765
784,all_blocks,Semantic,75,-0.05499288762446657,0.06666666666666667,-0.008460881934566147,0.05582417582417583
784,all_blocks,Temperature,75,-0.10577524893314368,0.06666666666666667,0.036438122332859174,0.0763003663003663
784,all_blocks,Fisher,75,-0.10167852062588903,0.06666666666666667,0.0012788051209103827,0.08344322344322344
790,all_blocks,Semantic,86,0.36778149912731734,0.2,0.02417755554507288,0.06588235294117648
790,all_blocks,Temperature,86,0.37651776027171097,0.2857142857142857,0.001919901882164253,0.045220588235294124
790,all_blocks,Fisher,86,0.4054625218170669,0.2857142857142857,-0.005247417331006176,0.048161764705882355
792,all_blocks,Semantic,69,0.4440628425283157,0.4,0.0029886737303617024,0.0662004662004662
792,all_blocks,Temperature,69,0.42155644866642317,0.16666666666666666,-0.02927475337961271,0.035256410256410256
792,all_blocks,Fisher,69,0.2255023748629887,0.2727272727272727,0.03741505297771283,0.05722610722610723
799,all_blocks,Semantic,93,-0.3072125570708125,0.05263157894736842,0.006377756557548267,0.060629514963880284
799,all_blocks,Temperature,93,-0.3317716570678284,0.05263157894736842,0.01873340097281489,0.05502235982112143
799,all_blocks,Fisher,93,-0.21763003192981406,0.05263157894736842,-0.014436304497030822,0.051754385964912275
801,all_blocks,Semantic,67,0.3428446005267779,0.4,0.013001835741080691,0.06235431235431234
801,all_blocks,Temperature,67,0.2978290366350068,0.16666666666666666,-0.02855575065847235,0.04568764568764568
801,all_blocks,Fisher,67,0.32919626466597496,0.2727272727272727,-0.004814829595338818,0.0641025641025641
804,all_blocks,Semantic,70,-0.3609657947686116,0.07692307692307693,-0.021139007960808327,0.03974358974358975
804,all_blocks,Temperature,70,-0.30329804916455255,0.16666666666666666,0.02079258157641501,0.07115384615384615
804,all_blocks,Fisher,70,-0.35596185810515263,0.07692307692307693,0.027766599597585512,0.044230769230769226
805,all_blocks,Semantic,79,0.4438656280428433,0.23076923076923078,0.022391674780915284,0.03809523809523809
805,all_blocks,Temperature,79,0.3410662122687439,0.06666666666666667,-0.014963485881207406,0.06915750915750915
805,all_blocks,Fisher,79,0.4698880233690361,0.23076923076923078,0.007596153846153847,0.052380952380952375
810,all_blocks,Semantic,81,-0.1380984643179765,0.2,-0.0016135953026196934,0.06522058823529411
810,all_blocks,Temperature,81,-0.058920505871725384,0.2,-0.0009112466124661295,0.07897058823529413
810,all_blocks,Fisher,81,-0.21194670280036135,0.2,-0.01720302619692864,0.039338235294117646
814,all_blocks,Semantic,72,0.04003472892147406,0.23076923076923078,0.01977940703582224,0.06439560439560439
814,all_blocks,Temperature,72,-0.017107209466846744,0.23076923076923078,-0.00789118271271465,0.05915750915750915
814,all_blocks,Fisher,72,-0.0055630587176024185,0.14285714285714285,0.002876390764679404,0.037142857142857144
821,all_blocks,Semantic,70,0.17410550258070157,0.16666666666666666,0.0013209692940250194,0.039102564102564095
821,all_blocks,Temperature,70,0.24321581663896422,0.16666666666666666,0.07549995625929491,0.06474358974358974
821,all_blocks,Fisher,70,0.31481060274691625,0.16666666666666666,0.0026681830111101373,0.06794871794871794
823,all_blocks,Semantic,96,-0.37920510037981553,0.05263157894736842,-0.00690450352685838,0.06355349157206742
823,all_blocks,Temperature,96,-0.372802495930548,0.05263157894736842,-0.011245930548019534,0.052390780873753005
823,all_blocks,Fisher,96,-0.17986977753662503,0.1111111111111111,-0.03937398263700489,0.06815875472996216
827,all_blocks,Semantic,74,0.3222954461310625,0.0,-0.014406516105146244,0.05296703296703296
827,all_blocks,Temperature,74,0.3029544613106256,0.14285714285714285,0.05417845242502776,0.06190476190476189
827,all_blocks,Fisher,74,0.303931877082562,0.0,0.0016690114772306564,0.03666666666666667
831,all_blocks,Semantic,72,0.3049392243874205,0.14285714285714285,0.011749951765386842,0.048095238095238094
831,all_blocks,Temperature,72,0.10482989259759472,0.14285714285714285,0.013804746285934788,0.04095238095238095
831,all_blocks,Fisher,72,0.25863399575535406,0.14285714285714285,0.04828767123287672,0.06190476190476189
840,all_blocks,Semantic,72,0.16300083606662813,0.06666666666666667,-0.011351212296610718,0.05249084249084248
840,all_blocks,Temperature,72,0.08505370120264971,0.14285714285714285,-0.023215319313139103,0.06010989010989011
840,all_blocks,Fisher,72,0.009293202135185545,0.06666666666666667,-0.020507749694514122,0.047619047619047616
842,all_blocks,Semantic,68,0.03893575600259572,0.07692307692307693,0.019492690002672064,0.05273892773892773
842,all_blocks,Temperature,68,-0.2162079627438256,0.07692307692307693,-0.021794480284001987,0.051923076923076926
842,all_blocks,Fisher,68,-0.1735313203801962,0.0,0.039588502500286296,0.06491841491841491
849,all_blocks,Semantic,67,0.3811557187325406,0.4,-0.017669007901668133,0.07325174825174827
849,all_blocks,Temperature,67,0.412004150371139,0.4,0.04853938861840531,0.0641025641025641
849,all_blocks,Fisher,67,0.36016441854896647,0.4,0.0006764306808204959,0.06107226107226107
858,all_blocks,Semantic,87,0.44218852518772317,0.058823529411764705,0.006758037471750379,0.05441176470588236
858,all_blocks,Temperature,87,0.4361740905445797,0.125,-0.02436119413866006,0.06477941176470589
858,all_blocks,Fisher,87,0.4166727418531748,0.125,-0.010548042574907048,0.045220588235294124
860,all_blocks,Semantic,81,-0.022222222222222223,0.058823529411764705,-0.02895776874435412,0.061470588235294124
860,all_blocks,Temperature,81,0.16723125564588978,0.125,0.028783875338753383,0.0636029411764706
860,all_blocks,Fisher,81,0.02899728997289973,0.058823529411764705,-0.046928635953026196,0.07772058823529412
864,all_blocks,Semantic,80,0.24050632911392406,0.23076923076923078,0.003883028598218469,0.06677655677655678
864,all_blocks,Temperature,80,0.026136896390060952,0.14285714285714285,0.027917252695733717,0.047619047619047616
864,all_blocks,Fisher,80,0.18954524144397564,0.23076923076923078,-0.020137130801687764,0.06142857142857142
866,all_blocks,Semantic,75,0.4932290184921764,0.23076923076923078,-0.043396870554765286,0.0519047619047619
866,all_blocks,Temperature,75,0.4348506401137979,0.06666666666666667,-0.01676102418207681,0.06249084249084249
866,all_blocks,Fisher,75,0.47362731152204834,0.23076923076923078,-0.025224751066856326,0.10021978021978022
873,all_blocks,Semantic,75,0.1363584637268848,0.14285714285714285,-0.045423897581792314,0.054761904761904755
873,all_blocks,Temperature,75,0.2078805120910384,0.23076923076923078,-0.014873399715504975,0.05904761904761905
873,all_blocks,Fisher,75,0.09359886201991464,0.14285714285714285,-0.02185917496443812,0.05380952380952381
875,all_blocks,Semantic,85,0.06265389876880985,0.058823529411764705,0.007439906195036155,0.05816176470588236
875,all_blocks,Temperature,85,-0.4499316005471956,0.058823529411764705,-0.01656439319914012,0.06691176470588237
875,all_blocks,Fisher,85,-0.12702755520812978,0.058823529411764705,0.03729822161422709,0.06808823529411764
879,all_blocks,Semantic,79,0.39849074975657256,0.3333333333333333,-0.021859785783836416,0.04095238095238095
879,all_blocks,Temperature,79,0.45513631937682575,0.3333333333333333,-0.013662366114897764,0.06736263736263735
879,all_blocks,Fisher,79,0.355842259006816,0.3333333333333333,0.003930136319376829,0.0519047619047619
887,all_blocks,Semantic,87,0.1444557847925931,0.125,0.00927498724210833,0.051911764705882345
887,all_blocks,Temperature,87,0.1380403878399067,0.058823529411764705,0.0036141284537435326,0.06558823529411764
887,all_blocks,Fisher,87,0.20234016184296857,0.125,0.0037471750382736735,0.04852941176470588
888,all_blocks,Semantic,77,0.16919922183080074,0.0,-0.01772569535727431,0.05963369963369963
888,all_blocks,Temperature,77,0.13765182186234817,0.0,-0.02346732215153267,0.0519047619047619
888,all_blocks,Fisher,77,0.12839791787160207,0.0,0.006602607918397394,0.0519047619047619
903,all_blocks,Semantic,94,-0.17370227215258463,0.05263157894736842,0.02786908933280353,0.06940144478844171
903,all_blocks,Temperature,94,-0.11420005057255354,0.05263157894736842,0.0030842033016652776,0.05804953560371516
903,all_blocks,Fisher,94,-0.2150128237546509,0.05263157894736842,0.0009305349853700815,0.06525627794977638
915,all_blocks,Semantic,86,0.300325487051276,0.0,0.0020614179914146893,0.045220588235294124
915,all_blocks,Temperature,86,0.10550497664984197,0.058823529411764705,0.002959573564790792,0.1057563025210084
915,all_blocks,Fisher,86,0.22137836690409926,0.0,0.011889240058493325,0.047794117647058834
917,all_blocks,Semantic,74,0.3056793780081451,0.23076923076923078,0.0057238059977786,0.07963369963369962
917,all_blocks,Temperature,74,0.2972676786375416,0.23076923076923078,-0.022624213254350236,0.055714285714285716
917,all_blocks,Fisher,74,0.3215253609774157,0.23076923076923078,0.04749500185116623,0.07391941391941391
918,all_blocks,Semantic,73,0.3374984573614711,0.23076923076923078,0.004698876959150936,0.08032967032967032
918,all_blocks,Temperature,73,0.2365173392570653,0.23076923076923078,-0.007390781192151053,0.06677655677655678
918,all_blocks,Fisher,73,0.4319079353325929,0.23076923076923078,-0.016538627668764655,0.04047619047619048
926,all_blocks,Semantic,86,0.03599226378602764,0.058823529411764705,-0.0036897966885230415,0.06183823529411765
926,all_blocks,Temperature,86,0.042973725175715835,0.058823529411764705,0.0184093589320251,0.05558823529411765
926,all_blocks,Fisher,86,-0.06982404830416528,0.058823529411764705,0.0016038492381716077,0.06477941176470589
929,all_blocks,Semantic,74,0.011714179933358014,0.06666666666666667,-0.04102924842650869,0.06904761904761905
929,all_blocks,Temperature,74,-0.06256941873380228,0.06666666666666667,-0.015376527212143647,0.05582417582417583
929,all_blocks,Fisher,74,-0.09144761199555719,0.06666666666666667,-0.0213550536838208,0.04714285714285714
936,all_blocks,Semantic,66,0.1680617889573114,0.16666666666666666,-0.045853251226385554,0.06282051282051282
936,all_blocks,Temperature,66,0.19131614654002715,0.2727272727272727,0.020384093518421874,0.06491841491841491
936,all_blocks,Fisher,66,0.14422294123786664,0.16666666666666666,0.014322095814633128,0.05128205128205128
937,all_blocks,Semantic,70,0.2422710174088006,0.16666666666666666,-0.01950310559006211,0.05448717948717948
937,all_blocks,Temperature,70,0.28741142507217216,0.07692307692307693,0.026935526200682347,0.05705128205128206
937,all_blocks,Fisher,70,0.29059574840346425,0.07692307692307693,-0.007421922841396202,0.0737179487179487
948,all_blocks,Semantic,80,0.21901078293483356,0.3333333333333333,-0.010436005625879045,0.059047619047619036
948,all_blocks,Temperature,80,0.21814345991561182,0.23076923076923078,-0.04425222691045476,0.04047619047619048
948,all_blocks,Fisher,80,0.19371776840131275,0.23076923076923078,0.05029653070792313,0.0701098901098901
951,all_blocks,Semantic,79,0.5079113924050633,0.14285714285714285,0.023496835443037975,0.059157509157509156
951,all_blocks,Temperature,79,0.368889970788705,0.06666666666666667,0.02242453748782863,0.09747252747252746
951,all_blocks,Fisher,79,0.4725413826679649,0.06666666666666667,0.030787487828627075,0.0419047619047619
956,all_blocks,Semantic,66,0.30115854294958777,0.07692307692307693,0.007011794175973274,0.06812354312354313
956,all_blocks,Temperature,66,0.5119924851268135,0.16666666666666666,0.03235779146226908,0.058974358974358966
956,all_blocks,Fisher,66,0.2752322304561111,0.07692307692307693,0.013399436384511012,0.0608974358974359
959,all_blocks,Semantic,92,0.3982244964012145,0.25,-0.009612687452799652,0.04298245614035088
959,all_blocks,Temperature,92,0.17243345714593958,0.1111111111111111,-0.017112340674753014,0.054093567251461985
959,all_blocks,Fisher,92,0.4390826564739608,0.25,-0.020319652297211905,0.06881664946680426
962,all_blocks,Semantic,69,0.49981731823164055,0.16666666666666666,-0.0187504567044209,0.059615384615384605
962,all_blocks,Temperature,69,0.4449762513701133,0.16666666666666666,-0.03350566313481915,0.06876456876456875
962,all_blocks,Fisher,69,0.5919620021921813,0.16666666666666666,-0.008072707343807092,0.027564102564102567
965,all_blocks,Semantic,79,-0.30722979552093477,0.06666666666666667,0.0389228334956183,0.0882051282051282
965,all_blocks,Temperature,79,-0.39780915287244406,0.06666666666666667,0.0393804771178189,0.07238095238095237
965,all_blocks,Fisher,79,-0.38118305744888026,0.06666666666666667,-0.027000973709834463,0.049157509157509154
970,all_blocks,Semantic,75,0.28173541963015647,0.23076923076923078,0.0007226173541963005,0.06355311355311355
970,all_blocks,Temperature,75,0.33007112375533426,0.14285714285714285,0.02845234708392603,0.06963369963369963
970,all_blocks,Fisher,75,0.27342816500711237,0.14285714285714285,-0.054425320056899006,0.03809523809523809
975,all_blocks,Semantic,73,0.2565099345921264,0.14285714285714285,0.017016845612736035,0.06058608058608058
975,all_blocks,Temperature,73,0.29680365296803657,0.14285714285714285,0.036438664692089354,0.07688644688644689
975,all_blocks,Fisher,73,0.18098235221522893,0.14285714285714285,-0.014608786869060846,0.048571428571428564
977,all_blocks,Semantic,82,0.03216116498514383,0.125,0.06157421011961124,0.0976470588235294
977,all_blocks,Temperature,82,0.1823336707262655,0.058823529411764705,0.02562771410846639,0.07514705882352941
977,all_blocks,Fisher,82,-0.0317693538381167,0.058823529411764705,-0.04346600494117392,0.0813970588235294
981,all_blocks,Semantic,84,0.4709729675002531,0.2857142857142857,-0.038908575478384125,0.06397058823529413
981,all_blocks,Temperature,84,0.43899969626404783,0.5,-0.0021291890250075907,0.06227941176470588
981,all_blocks,Fisher,84,0.44442644527690595,0.38461538461538464,-0.016021059026020048,0.04602941176470589
985,all_blocks,Semantic,76,-0.040054682159945315,0.06666666666666667,0.01700615174299385,0.07985347985347985
985,all_blocks,Temperature,76,-0.03576213260423787,0.06666666666666667,-0.027241285030758716,0.05201465201465201
985,all_blocks,Fisher,76,-0.03256322624743677,0.06666666666666667,0.009505126452494874,0.04915750915750915
997,all_blocks,Semantic,86,0.11582621821784046,0.125,-0.009640077362139728,0.0506827731092437
997,all_blocks,Temperature,86,0.19103731308080568,0.058823529411764705,-0.04275201660455681,0.04852941176470588
997,all_blocks,Fisher,86,0.09424029435350724,0.058823529411764705,0.03349403273739328,0.06477941176470589
998,all_blocks,Semantic,85,0.3860269689271057,0.5,-0.044742036349423496,0.04191176470588236
998,all_blocks,Temperature,85,0.2913425835450459,0.5,0.06389192886456908,0.07022058823529412
998,all_blocks,Fisher,85,0.35829587649013095,0.38461538461538464,-0.03527555208129764,0.03933823529411765
