index,checkpoint,method,n_tokens,spearman,top10_jaccard,random_floor_spearman,random_floor_top10_jaccard
1,final_quarter,Semantic,107,0.5973765159975705,0.375,0.018583828053057454,0.044085213032581456
1,final_quarter,Temperature,107,0.7389545249711006,0.375,-0.0023726953897999616,0.05269423558897244
1,final_quarter,Fisher,107,0.6363467152569604,0.5714285714285714,0.0072042947549912795,0.07005675954592364
19,final_quarter,Semantic,75,0.887112375533428,0.3333333333333333,0.015540540540540538,0.06725274725274724
19,final_quarter,Temperature,75,0.8840967283072546,0.3333333333333333,-0.026786628733997155,0.059047619047619036
19,final_quarter,Fisher,75,0.6561308677098151,0.14285714285714285,-0.018620199146514943,0.047619047619047616
23,final_quarter,Semantic,67,0.446524064171123,0.07692307692307693,-0.0157654242158193,0.05128205128205128
23,final_quarter,Temperature,67,0.8584883071274644,0.4,0.025604597334184694,0.07453379953379953
23,final_quarter,Fisher,67,0.5656077899273686,0.16666666666666666,0.01736371617846596,0.06107226107226108
41,final_quarter,Semantic,97,0.8404297285924679,0.3333333333333333,0.0281480117820324,0.04391124871001032
41,final_quarter,Temperature,97,0.8592599410898379,0.3333333333333333,0.0027140753208499922,0.0547299621603027
41,final_quarter,Fisher,97,0.7756679991584261,0.5384615384615384,-0.016966915632232273,0.06191520467836257
53,final_quarter,Semantic,69,0.4581658750456705,0.07692307692307693,-0.05847643405188163,0.04807692307692307
53,final_quarter,Temperature,69,0.4160394592619658,0.16666666666666666,0.045076726342710996,0.05722610722610723
53,final_quarter,Fisher,69,0.6431494336865181,0.2727272727272727,0.0026726342710997456,0.07389277389277389
55,final_quarter,Semantic,78,0.7001226621479786,0.23076923076923078,0.025630066136395253,0.047619047619047616
55,final_quarter,Temperature,78,0.6179516685845798,0.06666666666666667,0.032943006360727875,0.04476190476190476
55,final_quarter,Fisher,78,0.5369693597541698,0.06666666666666667,-0.02003313142553649,0.06831501831501831
58,final_quarter,Semantic,76,0.75784005468216,0.45454545454545453,0.003380724538619276,0.048095238095238094
58,final_quarter,Temperature,76,0.7223513328776487,0.3333333333333333,-0.004492139439507864,0.04047619047619048
58,final_quarter,Fisher,76,0.7313192071086809,0.23076923076923078,0.028384142173615855,0.07963369963369962
61,final_quarter,Semantic,75,0.829900426742532,0.45454545454545453,0.007554765291607394,0.055714285714285716
61,final_quarter,Temperature,75,0.9113513513513514,0.6,-0.01445803698435277,0.06249084249084249
61,final_quarter,Fisher,75,0.8254907539118065,0.3333333333333333,-0.002954480796586055,0.04428571428571428
63,final_quarter,Semantic,66,0.8797620290157606,0.75,0.0406596388685941,0.11043123543123542
63,final_quarter,Temperature,66,0.8284938941655361,0.75,0.06736457572278469,0.07325174825174825
63,final_quarter,Fisher,66,0.8887381275440978,1.0,0.034952510176390776,0.05961538461538461
65,final_quarter,Semantic,78,0.737806497300168,0.6,0.012491306162192236,0.06963369963369963
65,final_quarter,Temperature,78,0.739728625804575,0.6,-0.01837150191580571,0.054029304029304025
65,final_quarter,Fisher,78,0.8836859343188456,0.3333333333333333,0.015504748416140824,0.07879120879120878
70,final_quarter,Semantic,61,0.7142781597038603,0.2727272727272727,-0.05294553146483342,0.03910256410256411
70,final_quarter,Temperature,61,0.7067689053410893,0.4,-0.06054468535166578,0.048076923076923066
70,final_quarter,Fisher,61,0.7242199894235853,0.4,0.04537546271813854,0.08671328671328671
71,final_quarter,Semantic,70,0.6102178287113988,0.07692307692307693,-0.05188172513340915,0.04358974358974358
71,final_quarter,Temperature,70,0.5329192546583851,0.07692307692307693,-0.028113025981978824,0.04358974358974358
71,final_quarter,Fisher,70,0.8175837634502667,0.4,0.005457090368296733,0.06025641025641025
74,final_quarter,Semantic,80,0.4209798406000938,0.14285714285714285,-0.023159868729488987,0.0563003663003663
74,final_quarter,Temperature,80,0.8381622128457572,0.3333333333333333,0.014613220815752462,0.037142857142857144
74,final_quarter,Fisher,80,0.6989920300046882,0.3333333333333333,0.019642522269104547,0.06296703296703296
87,final_quarter,Semantic,78,0.7275129933357781,0.45454545454545453,0.01420604711743952,0.060476190476190475
87,final_quarter,Temperature,78,0.6937745798505293,0.45454545454545453,0.02612071472830967,0.058571428571428566
87,final_quarter,Fisher,78,0.4924063278493658,0.06666666666666667,-0.030129364306579497,0.06285714285714286
93,final_quarter,Semantic,69,0.6651443185970041,0.4,-0.0006558275484106691,0.049533799533799536
93,final_quarter,Temperature,69,0.6821702594081112,0.4,0.0270094994519547,0.05868298368298368
93,final_quarter,Fisher,69,0.4872122762148338,0.5555555555555556,-0.016136280599196202,0.05337995337995338
94,final_quarter,Semantic,62,0.8555060310745134,0.4,0.007403490216816503,0.04294871794871794
94,final_quarter,Temperature,62,0.5614313414419179,0.2727272727272727,0.01726725592405127,0.0641025641025641
94,final_quarter,Fisher,62,0.7418851199919418,0.2727272727272727,0.005252952582407893,0.05128205128205128
97,final_quarter,Semantic,78,0.8312320590801603,0.6,0.029221411499892512,0.054871794871794874
97,final_quarter,Temperature,78,0.8098610250508984,0.6,0.004363990439939807,0.059157509157509156
97,final_quarter,Fisher,78,0.8637817878324207,0.7777777777777778,-0.004644722366241352,0.05095238095238095
102,final_quarter,Semantic,88,0.7917473847345992,0.8,-0.013749075411221867,0.06441176470588235
102,final_quarter,Temperature,88,0.8720545243210879,0.5,-0.002640801662498678,0.05514705882352942
102,final_quarter,Fisher,88,0.7872213025254483,0.6363636363636364,0.01158289598816527,0.05191176470588236
103,final_quarter,Semantic,84,0.9565455097701733,0.6363636363636364,-0.004064999493773413,0.0820063025210084
103,final_quarter,Temperature,84,0.9310114407208666,0.8,-0.04737167156019035,0.04602941176470589
103,final_quarter,Fisher,84,0.9592386352131215,0.8,0.017994330262225376,0.04933823529411765
104,final_quarter,Semantic,91,0.7873228221054308,0.5384615384615384,0.019972129319955408,0.06951754385964912
104,final_quarter,Temperature,91,0.8241758241758242,0.6666666666666666,0.012177894569198915,0.03742690058479532
104,final_quarter,Fisher,91,0.7528746615703138,0.8181818181818182,-0.04258480649784997,0.06630116959064328
105,final_quarter,Semantic,106,0.6597223971584756,0.29411764705882354,-0.014102325112728922,0.05666666666666668
105,final_quarter,Temperature,106,0.7206942590120161,0.4666666666666667,-0.02605335415774492,0.06320802005012532
105,final_quarter,Fisher,106,0.7608685794896339,0.29411764705882354,0.03093029699977328,0.046428571428571444
106,final_quarter,Semantic,67,0.8054513528613617,1.0,0.0038091627424375494,0.06235431235431236
106,final_quarter,Temperature,67,0.8443211748742918,0.75,0.023110383909330363,0.05961538461538461
106,final_quarter,Fisher,67,0.7396041184452072,0.4,-0.01850905898315907,0.05961538461538461
107,final_quarter,Semantic,77,0.6261633103738367,0.14285714285714285,0.0340251853409748,0.06285714285714285
107,final_quarter,Temperature,77,0.8307744886692254,0.23076923076923078,0.011935432988064563,0.03761904761904762
107,final_quarter,Fisher,77,0.5762921289237078,0.23076923076923078,0.0016286345233713722,0.059157509157509156
110,final_quarter,Semantic,76,0.5106493506493506,0.23076923076923078,-0.04146138072453862,0.04
110,final_quarter,Temperature,76,0.7485714285714286,0.3333333333333333,0.012571428571428563,0.07736263736263735
110,final_quarter,Fisher,76,0.6351606288448394,0.23076923076923078,-0.021089542036910457,0.05582417582417583
113,final_quarter,Semantic,71,0.2764587525150905,0.06666666666666667,-0.041666666666666664,0.05523809523809523
113,final_quarter,Temperature,71,0.710093896713615,0.14285714285714285,0.009451710261569417,0.054761904761904755
113,final_quarter,Fisher,71,0.5055667337357478,0.14285714285714285,0.018247820254862504,0.08106227106227104
119,final_quarter,Semantic,75,0.836529160739687,0.23076923076923078,-0.011655761024182077,0.07106227106227106
119,final_quarter,Temperature,75,0.7098150782361309,0.23076923076923078,0.07637126600284494,0.08699633699633699
119,final_quarter,Fisher,75,0.553172119487909,0.23076923076923078,-0.013928876244665716,0.048095238095238094
120,final_quarter,Semantic,80,0.7639474917955931,0.45454545454545453,0.004304969526488513,0.07391941391941391
120,final_quarter,Temperature,80,0.8800046882325363,0.6,0.008806844819503053,0.04428571428571428
120,final_quarter,Fisher,80,0.618987341772152,0.45454545454545453,-0.016429910923581804,0.0563003663003663
121,final_quarter,Semantic,78,0.793447059269844,0.6,-0.04704662426181413,0.03047619047619048
121,final_quarter,Temperature,78,0.8388446996041933,0.6,0.011984218313332231,0.08271062271062271
121,final_quarter,Fisher,78,0.7343416077593292,0.6,-0.006174837820407439,0.06010989010989011
122,final_quarter,Semantic,73,0.9108663457978528,0.23076923076923078,0.009283598667160307,0.07604395604395604
122,final_quarter,Temperature,73,0.9433851659879059,0.6,0.04843267925459707,0.04047619047619048
122,final_quarter,Fisher,73,0.8210230778723931,0.3333333333333333,-0.02707176354436629,0.05677655677655676
124,final_quarter,Semantic,80,0.4056024378809189,0.23076923076923078,-0.025316455696202535,0.04047619047619048
124,final_quarter,Temperature,80,0.6310360993905297,0.23076923076923078,-0.016601031411157995,0.05736263736263736
124,final_quarter,Fisher,80,0.5609235818096578,0.3333333333333333,-0.004977730895452415,0.062380952380952384
125,final_quarter,Semantic,66,0.8904915979542847,0.2727272727272727,0.002987162091639702,0.05786713286713287
125,final_quarter,Temperature,66,0.9300281807744495,0.4,-0.0060432105208224575,0.05576923076923077
125,final_quarter,Fisher,66,0.9398810145078803,0.5555555555555556,0.011648053439098216,0.05128205128205129
153,final_quarter,Semantic,81,0.827393857271906,0.2,0.06252597109304425,0.06735294117647059
153,final_quarter,Temperature,81,0.870144534778681,0.2,0.02807023486901536,0.062279411764705896
153,final_quarter,Fisher,81,0.7172990063233966,0.125,0.04109981933152665,0.05227941176470589
158,final_quarter,Semantic,67,0.7416393965998883,0.2727272727272727,-0.046863277196903204,0.06107226107226107
158,final_quarter,Temperature,67,0.7364115252613938,0.2727272727272727,-0.022982680181977817,0.06637529137529137
158,final_quarter,Fisher,67,0.7037273525421025,0.2727272727272727,0.010202330593024183,0.06491841491841491
164,final_quarter,Semantic,60,0.8154487357599335,0.2,-0.06171158655181995,0.047272727272727265
164,final_quarter,Temperature,60,0.5944429008057794,0.09090909090909091,-0.005690469574881913,0.08212121212121211
164,final_quarter,Fisher,60,0.6869686023895528,0.09090909090909091,-0.005006946373992774,0.06181818181818181
174,final_quarter,Semantic,95,0.470996640537514,0.25,0.020380739081746924,0.06905744754041968
174,final_quarter,Temperature,95,0.4009378499440089,0.25,0.028630319148936177,0.06291709666322669
174,final_quarter,Fisher,95,0.5463605823068309,0.3333333333333333,-0.023248880179171334,0.06315789473684211
175,final_quarter,Semantic,71,0.9085848423876591,0.3333333333333333,0.020026827632461434,0.06677655677655676
175,final_quarter,Temperature,71,0.8648893360160965,0.45454545454545453,-0.01347250167672703,0.059157509157509156
175,final_quarter,Fisher,71,0.7727699530516431,0.3333333333333333,0.0062575452716297775,0.08106227106227105
176,final_quarter,Semantic,75,0.6787482219061166,0.45454545454545453,0.007719772403982933,0.048095238095238094
176,final_quarter,Temperature,75,0.7347368421052631,0.6,-0.029539118065433856,0.054761904761904755
176,final_quarter,Fisher,75,0.7464011379800853,0.45454545454545453,0.04205120910384068,0.048095238095238094
178,final_quarter,Semantic,68,0.6841241363514905,0.16666666666666666,0.022575104019544222,0.09312354312354312
178,final_quarter,Temperature,68,0.8145970912699928,0.75,-0.03177081345192197,0.06346153846153846
178,final_quarter,Fisher,68,0.7437111119593847,0.16666666666666666,-0.046679009046837416,0.06171328671328671
180,final_quarter,Semantic,94,0.3471805801394357,0.25,-0.038349167359029004,0.069453044375645
180,final_quarter,Temperature,94,0.7357945309395658,0.42857142857142855,-0.03343929487411047,0.0501547987616099
180,final_quarter,Fisher,94,0.39145323844958996,0.3333333333333333,0.012432901058411302,0.06676986584107328
181,final_quarter,Semantic,76,0.521531100478469,0.14285714285714285,-0.02777033492822966,0.05963369963369962
181,final_quarter,Temperature,76,0.4635406698564593,0.23076923076923078,-0.04200956937799043,0.06238095238095237
181,final_quarter,Fisher,76,0.45301435406698565,0.14285714285714285,0.007198906356801091,0.06296703296703296
188,final_quarter,Semantic,82,0.5983718070112428,0.5,-0.030567799653900152,0.06889705882352941
188,final_quarter,Temperature,82,0.7505033684875001,0.2857142857142857,-0.010500538740327164,0.058529411764705885
188,final_quarter,Fisher,82,0.719833262589654,0.38461538461538464,-0.02988974869668375,0.05889705882352941
196,final_quarter,Semantic,68,0.948925449478948,0.5555555555555556,0.008323472153299991,0.06743589743589742
196,final_quarter,Temperature,68,0.7520326754971942,0.5555555555555556,-0.024689849982822466,0.05192307692307692
196,final_quarter,Fisher,68,0.9333893193877161,0.5555555555555556,-0.019235026911478412,0.07243589743589744
210,final_quarter,Semantic,85,0.7010162204416651,0.2857142857142857,-0.00929646277115497,0.060735294117647054
210,final_quarter,Temperature,85,0.7197576705100645,0.2857142857142857,0.01754543677936291,0.08790966386554622
210,final_quarter,Fisher,85,0.7161618135626343,0.2,-0.032080320500293136,0.05404411764705882
211,final_quarter,Semantic,74,0.7208441318030357,0.23076923076923078,-0.05459755646057015,0.045824175824175827
211,final_quarter,Temperature,74,0.8245390596075526,0.45454545454545453,-0.008839689004072565,0.07058608058608058
211,final_quarter,Fisher,74,0.7198963346908551,0.45454545454545453,0.013055905220288776,0.047619047619047616
214,final_quarter,Semantic,82,0.5854638064452934,0.125,0.023837354839411844,0.06227941176470588
214,final_quarter,Temperature,82,0.8098627572621108,0.5,0.015448242835842011,0.050735294117647066
214,final_quarter,Fisher,82,0.4353783698479555,0.125,0.00918905976208356,0.058529411764705885
217,final_quarter,Semantic,71,0.46659959758551306,0.14285714285714285,-0.004780348759222003,0.05857142857142857
217,final_quarter,Temperature,71,0.671663313212609,0.3333333333333333,0.009213615023474175,0.05095238095238096
217,final_quarter,Fisher,71,0.6960093896713614,0.3333333333333333,0.00846411804158283,0.07677655677655677
221,final_quarter,Semantic,69,0.5517720131530873,0.16666666666666666,-0.037212276214833764,0.0715034965034965
221,final_quarter,Temperature,69,0.6770917062477165,0.16666666666666666,-0.028200584581658743,0.0391025641025641
221,final_quarter,Fisher,69,0.2442820606503471,0.07692307692307693,-0.00957252466203873,0.04358974358974359
234,final_quarter,Semantic,96,0.8874118285404232,0.5384615384615384,-0.0719689365165491,0.05502235982112143
234,final_quarter,Temperature,96,0.8626017362995115,0.5384615384615384,-0.014859603906673902,0.054145166838665285
234,final_quarter,Fisher,96,0.7823385784047748,0.5384615384615384,-0.0035614487249050475,0.05799793601651186
238,final_quarter,Semantic,85,0.8786593707250343,1.0,-0.0033974985342974406,0.08183823529411766
238,final_quarter,Temperature,85,0.8600156341606411,0.6363636363636364,0.010158295876490133,0.0595063025210084
238,final_quarter,Fisher,85,0.844576900527653,1.0,-0.021504787961696303,0.04852941176470589
239,final_quarter,Semantic,81,0.6754516711833785,0.5,0.05021454381210477,0.06897058823529413
239,final_quarter,Temperature,81,0.7965672990063234,0.6363636363636364,-0.03314363143631436,0.05485294117647059
239,final_quarter,Fisher,81,0.5229223125564588,0.5,0.013150406504065043,0.055955882352941175
245,final_quarter,Semantic,70,0.7135508704400314,0.07692307692307693,-0.02850319307147232,0.03461538461538462
245,final_quarter,Temperature,70,0.7246435132534336,0.2727272727272727,0.012502843145831508,0.032867132867132866
245,final_quarter,Fisher,70,0.8444230600997287,0.75,-0.01702738168139271,0.08543123543123543
247,final_quarter,Semantic,89,0.8806094654409263,0.5,-0.0260478379298604,0.05602941176470588
247,final_quarter,Temperature,89,0.8432243786176372,0.5,-0.008718930881852235,0.06558823529411764
247,final_quarter,Fisher,89,0.7233741913517197,0.2,0.017917092271024858,0.06772058823529412
255,final_quarter,Semantic,92,0.8545227563460384,0.3333333333333333,-0.01762557218377695,0.06379428964568283
255,final_quarter,Temperature,92,0.8869657691537073,0.3333333333333333,-0.036556571058674846,0.05701754385964911
255,final_quarter,Fisher,92,0.9187768752986145,0.42857142857142855,0.004398686867130062,0.052390780873753005
259,final_quarter,Semantic,77,0.8070613596929386,0.14285714285714285,-0.029226037120773967,0.04523809523809523
259,final_quarter,Temperature,77,0.8608233871391765,0.3333333333333333,0.024688469425311527,0.04476190476190476
259,final_quarter,Fisher,77,0.843787791156212,0.23076923076923078,-0.02919448972080551,0.06476190476190476
272,final_quarter,Semantic,122,0.8146460424094825,0.4444444444444444,-0.013907164406964484,0.06424703557312253
272,final_quarter,Temperature,122,0.6083880497387821,0.13043478260869565,0.008592265573109598,0.0689828722002635
272,final_quarter,Fisher,122,0.7818789839436125,0.3,0.004963634380958358,0.06601119894598155
293,final_quarter,Semantic,72,0.5505177181812336,0.23076923076923078,0.04548524020837354,0.06142857142857142
293,final_quarter,Temperature,72,0.5460801337706606,0.14285714285714285,-0.0029149784552061197,0.07333333333333333
293,final_quarter,Fisher,72,0.7075374622162198,0.23076923076923078,-0.003056466653804106,0.0801098901098901
303,final_quarter,Semantic,65,0.7488199300699301,0.4,-0.013815559440559446,0.06043123543123543
303,final_quarter,Temperature,65,0.7892482517482518,0.4,0.026042395104895106,0.05064102564102564
303,final_quarter,Fisher,65,0.8375,0.4,0.00605987762237762,0.06107226107226107
304,final_quarter,Semantic,101,0.8182061735585323,0.1,0.008127548048922536,0.07243771192687601
304,final_quarter,Temperature,101,0.6684333139196272,0.1,0.005072218986604539,0.03880952380952381
304,final_quarter,Fisher,101,0.6874199184624343,0.047619047619047616,-0.02001223063482819,0.029285714285714283
314,final_quarter,Semantic,69,0.7442820606503472,0.07692307692307693,-0.0029174278407015004,0.0673076923076923
314,final_quarter,Temperature,69,0.8638290098648157,0.5555555555555556,-0.0075173547679941565,0.08222610722610722
314,final_quarter,Fisher,69,0.7151625867738401,0.2727272727272727,0.01244428206065035,0.06410256410256411
323,final_quarter,Semantic,64,0.5992216117216117,0.16666666666666666,0.01966575091575091,0.06346153846153846
323,final_quarter,Temperature,64,0.8176739926739927,0.2727272727272727,-0.01601419413919413,0.05064102564102564
323,final_quarter,Fisher,64,0.6646520146520146,0.16666666666666666,-0.030478479853479845,0.039102564102564095
331,final_quarter,Semantic,80,0.6808485700890765,0.45454545454545453,0.020215658696671357,0.07593406593406592
331,final_quarter,Temperature,80,0.7609939052977028,0.45454545454545453,-0.015643459915611814,0.04523809523809523
331,final_quarter,Fisher,80,0.5847866854195969,0.23076923076923078,0.013314580403187995,0.05963369963369963
335,final_quarter,Semantic,70,0.5745604059137432,0.16666666666666666,0.04054238474324206,0.04871794871794872
335,final_quarter,Temperature,70,0.6276441256233051,0.16666666666666666,-0.029264281340215203,0.044230769230769226
335,final_quarter,Fisher,70,0.6083632228151518,0.07692307692307693,-0.006044965444842972,0.05576923076923077
338,final_quarter,Semantic,65,0.6741258741258741,0.16666666666666666,0.007095716783216782,0.05273892773892774
338,final_quarter,Temperature,65,0.7663461538461539,0.2727272727272727,-0.021440122377622377,0.04889277389277389
338,final_quarter,Fisher,65,0.6836101398601399,0.0,0.001267482517482516,0.08094405594405595
340,final_quarter,Semantic,77,0.578000946421999,0.23076923076923078,-0.0040722435459277576,0.06677655677655676
340,final_quarter,Temperature,77,0.804300962195699,0.45454545454545453,0.013397129186602871,0.0557142857142857
340,final_quarter,Fisher,77,0.7553236237446763,0.3333333333333333,-0.030104106419895887,0.03761904761904762
344,final_quarter,Semantic,82,0.5026828179928385,0.2857142857142857,0.013171384725895454,0.07801470588235294
344,final_quarter,Temperature,82,0.6170263710669236,0.2857142857142857,0.011936091248462687,0.058529411764705885
344,final_quarter,Fisher,82,0.6964551974837019,0.38461538461538464,-0.003460998465406337,0.08700630252100841
345,final_quarter,Semantic,78,0.4825933560110775,0.06666666666666667,-0.004093374979450933,0.054761904761904755
345,final_quarter,Temperature,78,0.7168907042324765,0.06666666666666667,0.026209233804170513,0.048095238095238094
345,final_quarter,Fisher,78,0.4047977339116579,0.06666666666666667,0.0026909799061697846,0.07666666666666666
361,final_quarter,Semantic,69,0.7290464011691634,0.07692307692307693,0.03941907197661673,0.08525641025641026
361,final_quarter,Temperature,69,0.776141761052247,0.2727272727272727,-0.014274753379612714,0.07022144522144522
361,final_quarter,Fisher,69,0.7813664596273293,0.16666666666666666,-0.009040920716112535,0.06282051282051282
376,final_quarter,Semantic,69,0.8480818414322252,0.5555555555555556,-0.000893313847278042,0.09166666666666666
376,final_quarter,Temperature,69,0.7404457435147972,0.4,0.0027566678845451246,0.044230769230769226
376,final_quarter,Fisher,69,0.7857142857142858,0.4,0.04301607599561563,0.09458041958041957
378,final_quarter,Semantic,93,0.6967115275581152,0.0,0.0166348363224016,0.06682146542827658
378,final_quarter,Temperature,93,0.7211661842380112,0.17647058823529413,-0.007687774163707436,0.03801169590643274
378,final_quarter,Fisher,93,0.7806093521530243,0.17647058823529413,0.013692518874399451,0.07232542139662883
382,final_quarter,Semantic,78,0.5995144096409918,0.6,0.04180755952907851,0.08106227106227105
382,final_quarter,Temperature,78,0.5421287573186306,0.3333333333333333,0.023883711225483373,0.07772893772893771
382,final_quarter,Fisher,78,0.5836315583151026,0.6,0.0050114442519505805,0.08058608058608058
383,final_quarter,Semantic,66,0.6402045715478553,0.2727272727272727,0.022759628431270232,0.09761072261072261
383,final_quarter,Temperature,66,0.6025884563197996,0.5555555555555556,0.006673624882580111,0.055128205128205134
383,final_quarter,Fisher,66,0.511825487944891,0.4,-0.046732073896253,0.04230769230769231
384,final_quarter,Semantic,70,0.6322631440818826,0.2727272727272727,0.059392879013209686,0.05961538461538461
384,final_quarter,Temperature,70,0.8419385880500393,0.5555555555555556,0.049021083019858275,0.07179487179487179
384,final_quarter,Fisher,70,0.38483072347126235,0.16666666666666666,-0.03064298836497244,0.05128205128205128
385,final_quarter,Semantic,76,0.5403417634996582,0.23076923076923078,-0.022961038961038953,0.08212454212454211
385,final_quarter,Temperature,76,0.8486397812713602,0.23076923076923078,0.050775119617224876,0.06725274725274724
385,final_quarter,Fisher,76,0.4520027341079973,0.06666666666666667,-0.01198496240601504,0.06069597069597069
389,final_quarter,Semantic,70,0.7269180299186423,0.4,-0.027217216341527427,0.06555944055944055
389,final_quarter,Temperature,70,0.7800717347563643,0.2727272727272727,-0.02075933864053888,0.03076923076923077
389,final_quarter,Fisher,70,0.5714460677106115,0.2727272727272727,0.03310471524800981,0.06637529137529137
394,final_quarter,Semantic,63,0.6642665130568357,0.4,0.004089861751152081,0.05576923076923077
394,final_quarter,Temperature,63,0.5523233486943164,0.4,-0.06253600230414748,0.05722610722610723
394,final_quarter,Fisher,63,0.6672427035330262,0.4,0.017780337941628265,0.04743589743589744
397,final_quarter,Semantic,76,0.7013807245386192,0.14285714285714285,-0.002911825017088177,0.04714285714285714
397,final_quarter,Temperature,76,0.6374572795625427,0.23076923076923078,-0.006870813397129182,0.0557142857142857
397,final_quarter,Fisher,76,0.6148462064251539,0.14285714285714285,0.01172795625427204,0.07545787545787545
408,final_quarter,Semantic,79,0.9149221032132425,0.7777777777777778,-0.0019668938656280457,0.06904761904761905
408,final_quarter,Temperature,79,0.8508763388510224,0.45454545454545453,0.020933544303797468,0.06355311355311355
408,final_quarter,Fisher,79,0.8582765335929894,0.3333333333333333,0.023988558909444985,0.06666666666666667
410,final_quarter,Semantic,82,0.7113222537847869,0.2,-0.03507253948041489,0.038970588235294125
410,final_quarter,Temperature,82,0.7818482602496708,0.2,-0.01107519508930029,0.05191176470588236
410,final_quarter,Fisher,82,0.7449091759993905,0.2,-0.004587455513109349,0.07595588235294118
411,final_quarter,Semantic,72,0.6572769953051644,0.45454545454545453,-0.04739050742813044,0.08556776556776557
411,final_quarter,Temperature,72,0.5883658113061935,0.45454545454545453,0.002025853752652902,0.08820512820512819
411,final_quarter,Fisher,72,0.5542157051900445,0.23076923076923078,0.003030741526786289,0.06296703296703296
412,final_quarter,Semantic,69,0.7509316770186336,0.4,0.022997807818779692,0.08094405594405595
412,final_quarter,Temperature,69,0.8666057727438803,0.75,0.04488125685056633,0.0726107226107226
412,final_quarter,Fisher,69,0.7661673364998174,0.2727272727272727,0.037429667519181586,0.04889277389277389
413,final_quarter,Semantic,68,0.7932205977783714,0.4,-0.009390388212390726,0.05128205128205128
413,final_quarter,Temperature,68,0.7897850898957894,0.4,0.008688017711951749,0.047435897435897434
413,final_quarter,Fisher,68,0.648394854372638,0.2727272727272727,0.033007596289651484,0.11043123543123542
416,final_quarter,Semantic,69,0.6930215564486665,0.5555555555555556,-0.02661856046766533,0.06555944055944055
416,final_quarter,Temperature,69,0.7847643405188164,0.2727272727272727,0.014671172816952871,0.044871794871794865
416,final_quarter,Fisher,69,0.5797223237120936,0.07692307692307693,-0.026892583120204604,0.059615384615384605
418,final_quarter,Semantic,78,0.7287522603978298,0.6,0.052256604155338324,0.07238095238095238
418,final_quarter,Temperature,78,0.4515358059661857,0.45454545454545453,0.01987253253076038,0.05523809523809523
418,final_quarter,Fisher,78,0.6589233551258867,0.6,-0.019314862352837033,0.048095238095238094
428,final_quarter,Semantic,64,0.7070054945054944,0.4,-0.008553113553113553,0.05273892773892773
428,final_quarter,Temperature,64,0.7871336996336995,0.4,-0.02299450549450549,0.0662004662004662
428,final_quarter,Fisher,64,0.5629578754578755,0.2727272727272727,0.0333058608058608,0.07179487179487179
433,final_quarter,Semantic,93,0.7335054161320163,0.6666666666666666,0.01316433409925099,0.04327485380116959
433,final_quarter,Temperature,93,0.7408015278565245,0.5384615384615384,-0.031107695980424333,0.05039559683522532
433,final_quarter,Fisher,93,0.7676285398824265,0.8181818181818182,-0.0299670257527379,0.027192982456140345
435,final_quarter,Semantic,65,0.5147727272727273,0.07692307692307693,-0.0006118881118881106,0.058974358974358966
435,final_quarter,Temperature,65,0.7181818181818181,0.0,-0.004713723776223776,0.05961538461538461
435,final_quarter,Fisher,65,0.5701048951048951,0.16666666666666666,-0.009816433566433566,0.059615384615384626
440,final_quarter,Semantic,72,0.8719210238600555,0.6,0.02325551482410445,0.06571428571428571
440,final_quarter,Temperature,72,0.9142388578043606,0.6,-0.004286449289343364,0.06666666666666665
440,final_quarter,Fisher,72,0.8531095247282785,0.7777777777777778,0.008196668596051197,0.06904761904761905
444,final_quarter,Semantic,77,0.6013986013986014,0.14285714285714285,0.03218623481781376,0.06772893772893772
444,final_quarter,Temperature,77,0.6174351963825646,0.14285714285714285,0.0042234081707765905,0.05761904761904761
444,final_quarter,Fisher,77,0.6649403228350595,0.14285714285714285,0.018606393606393608,0.0843956043956044
448,final_quarter,Semantic,77,0.9645617540354382,0.45454545454545453,-0.020748987854251,0.042490842490842486
448,final_quarter,Temperature,77,0.9018087175981913,0.45454545454545453,-0.05758057731741941,0.05142857142857142
448,final_quarter,Fisher,77,0.9387191755612807,0.6,0.00844024396655976,0.048571428571428564
449,final_quarter,Semantic,79,0.7302580331061345,0.06666666666666667,0.0073502921129503405,0.07238095238095238
449,final_quarter,Temperature,79,0.8013631937682572,0.14285714285714285,0.054981742940603706,0.06831501831501832
449,final_quarter,Fisher,79,0.7173807205452775,0.14285714285714285,-0.056344936708860774,0.048095238095238094
450,final_quarter,Semantic,65,0.8434440559440559,0.2727272727272727,0.0167416958041958,0.05337995337995338
450,final_quarter,Temperature,65,0.727534965034965,0.07692307692307693,0.013881118881118875,0.07534965034965034
450,final_quarter,Fisher,65,0.8673513986013986,0.4,-0.03382648601398602,0.047435897435897434
478,final_quarter,Semantic,73,0.8101629026286562,0.3333333333333333,0.008240775021596942,0.06190476190476189
478,final_quarter,Temperature,73,0.7645316549426139,0.23076923076923078,0.011292114031840057,0.06831501831501832
478,final_quarter,Fisher,73,0.692459582870542,0.14285714285714285,-0.030686165617672474,0.058571428571428566
481,final_quarter,Semantic,75,0.7991749644381223,0.06666666666666667,-0.02423328591749644,0.06296703296703296
481,final_quarter,Temperature,75,0.6972119487908961,0.14285714285714285,-0.02091891891891892,0.04857142857142857
481,final_quarter,Fisher,75,0.6706401137980085,0.06666666666666667,0.01442958748221906,0.06582417582417582
483,final_quarter,Semantic,72,0.6584024696121938,0.23076923076923078,-0.0037864171329345933,0.05963369963369963
483,final_quarter,Temperature,72,0.7295967586339959,0.23076923076923078,0.023733037494372635,0.04476190476190476
483,final_quarter,Fisher,72,0.5855038909254616,0.23076923076923078,0.005672390507428126,0.07117216117216117
485,final_quarter,Semantic,86,0.8067078635784707,0.125,-0.007007877730081605,0.046397058823529416
485,final_quarter,Temperature,86,0.7692910042926553,0.2857142857142857,0.016599839615076183,0.05705882352941176
485,final_quarter,Fisher,86,0.8135195056370583,0.125,0.04752205292702486,0.045294117647058825
486,final_quarter,Semantic,67,0.6158512251576344,0.07692307692307693,0.014654002713704211,0.06025641025641025
486,final_quarter,Temperature,67,0.5189959294436907,0.2727272727272727,0.01381594700295315,0.08012820512820512
486,final_quarter,Fisher,67,0.5067842605156039,0.07692307692307693,-0.013694229387820259,0.044405594405594405
490,final_quarter,Semantic,83,0.6430460518030309,0.38461538461538464,0.025320095713865915,0.06102941176470589
490,final_quarter,Temperature,83,0.8901599429075187,0.38461538461538464,0.045798874942277815,0.06808823529411764
490,final_quarter,Fisher,83,0.6816044666470761,0.38461538461538464,-0.0017662986440535686,0.05448529411764706
496,final_quarter,Semantic,64,0.8177655677655677,0.4,-0.01910027472527474,0.09201631701631703
496,final_quarter,Temperature,64,0.7590659340659339,0.2727272727272727,0.008935439560439563,0.06555944055944056
496,final_quarter,Fisher,64,0.8454670329670328,0.2727272727272727,-0.023360805860805856,0.052564102564102565
497,final_quarter,Semantic,66,0.7438263229308008,0.16666666666666666,0.024010019830915354,0.047435897435897434
497,final_quarter,Temperature,66,0.7584385763490242,0.2727272727272727,0.019709842396409567,0.06666666666666667
497,final_quarter,Fisher,66,0.7227011794175975,0.4,0.023137459555370006,0.07645687645687646
506,final_quarter,Semantic,78,0.7557126417885911,0.45454545454545453,0.020957523489169055,0.04534798534798534
506,final_quarter,Temperature,78,0.7807256035104136,0.45454545454545453,0.03422526840248359,0.0519047619047619
506,final_quarter,Fisher,78,0.8226836454684555,0.45454545454545453,0.009591674148636178,0.0519047619047619
507,final_quarter,Semantic,79,0.7684518013631938,0.23076923076923078,-0.024791869522882187,0.0557142857142857
507,final_quarter,Temperature,79,0.683763388510224,0.14285714285714285,-0.015220301850048693,0.048095238095238094
507,final_quarter,Fisher,79,0.8288218111002922,0.3333333333333333,-0.007901655306718594,0.0563003663003663
510,final_quarter,Semantic,87,0.772927753882044,0.2857142857142857,-0.04326474447765546,0.05404411764705883
510,final_quarter,Temperature,87,0.536779179120799,0.38461538461538464,-0.006027192534810818,0.05183823529411765
510,final_quarter,Fisher,87,0.6759495516512356,0.5,-0.05153823722388277,0.05345588235294117
511,final_quarter,Semantic,78,0.7405126519050569,0.23076923076923078,-0.007899695241467393,0.08926739926739927
511,final_quarter,Temperature,78,0.4912935166099723,0.06666666666666667,0.007056234904336166,0.04476190476190476
511,final_quarter,Fisher,78,0.7576600614575297,0.06666666666666667,-0.011215366911569446,0.055714285714285716
516,final_quarter,Semantic,79,0.8320107108081792,0.7777777777777778,0.02229308666017527,0.048095238095238094
516,final_quarter,Temperature,79,0.7250243427458618,0.6,0.0008495618305744909,0.04095238095238095
516,final_quarter,Fisher,79,0.6895813047711783,0.6,-0.04709225900681597,0.08571428571428572
517,final_quarter,Semantic,89,0.5011746680286008,0.2,-0.007099080694586315,0.0670063025210084
517,final_quarter,Temperature,89,0.5042219952332313,0.125,0.02676029962546817,0.08522058823529412
517,final_quarter,Fisher,89,0.5641300646918626,0.2857142857142857,0.026920326864147092,0.058529411764705885
520,final_quarter,Semantic,77,0.7162048477837951,0.45454545454545453,-0.008620327041379673,0.048095238095238094
520,final_quarter,Temperature,77,0.7352647352647352,0.3333333333333333,-0.006381776118618223,0.05736263736263736
520,final_quarter,Fisher,77,0.6465902518534097,0.45454545454545453,0.018869288606130713,0.058571428571428566
521,final_quarter,Semantic,94,0.7698804320341004,0.3333333333333333,-0.02529133403171622,0.04005847953216374
521,final_quarter,Temperature,94,0.5151103565365026,0.25,-0.03563775602355236,0.05706914344685241
521,final_quarter,Fisher,94,0.680005779720406,0.1111111111111111,0.04228804681573529,0.05175438596491226
529,final_quarter,Semantic,74,0.8344020733061828,0.6,0.00023102554609403524,0.0580952380952381
529,final_quarter,Temperature,74,0.7509959274342836,0.14285714285714285,0.005546094039244725,0.05523809523809523
529,final_quarter,Fisher,74,0.8599037393557939,0.6,0.0033009996297667524,0.07857142857142857
531,final_quarter,Semantic,111,0.8188223938223939,0.5,0.0032041944541944525,0.06440429136081309
531,final_quarter,Temperature,111,0.7624517374517374,0.3333333333333333,-0.0027399964899964897,0.06631846414455109
531,final_quarter,Fisher,111,0.7555107055107054,0.2,-0.024923218673218672,0.0459966120835686
537,final_quarter,Semantic,67,0.7853380158033364,0.4,0.02027895282943571,0.060256410256410264
537,final_quarter,Temperature,67,0.8960411844520714,0.5555555555555556,-0.007915635725117725,0.05897435897435897
537,final_quarter,Fisher,67,0.7559661585122516,0.5555555555555556,0.003663500678426046,0.08158508158508158
545,final_quarter,Semantic,70,0.8695827136733444,0.5555555555555556,-0.022006823549995634,0.04294871794871794
545,final_quarter,Temperature,70,0.8377394803604233,0.4,0.027495407225964486,0.06346153846153846
545,final_quarter,Fisher,70,0.9476861167002012,1.0,-0.014380194208730643,0.05337995337995337
550,final_quarter,Semantic,87,0.8041299117882919,0.5,-0.0011609681417219502,0.06102941176470589
550,final_quarter,Temperature,87,0.8053145731573959,0.38461538461538464,-0.01097543194576073,0.05301470588235294
550,final_quarter,Fisher,87,0.8001202886928628,0.5,-0.03631260479696726,0.06470588235294118
553,final_quarter,Semantic,72,0.8961991124831179,0.7777777777777778,0.01269695800373014,0.06857142857142857
553,final_quarter,Temperature,72,0.7899543378995436,0.6,-0.04228085407421699,0.054285714285714284
553,final_quarter,Fisher,72,0.8110167856453794,0.6,0.027673805389414115,0.07630036630036628
571,final_quarter,Semantic,76,0.6551196172248804,0.14285714285714285,0.018131237183868765,0.0580952380952381
571,final_quarter,Temperature,76,0.7414080656185918,0.23076923076923078,0.03533971291866029,0.0580952380952381
571,final_quarter,Fisher,76,0.6612440191387561,0.23076923076923078,0.06485304169514697,0.0519047619047619
572,final_quarter,Semantic,73,0.8699555720103668,0.6,-0.025833024805627554,0.03428571428571429
572,final_quarter,Temperature,73,0.8742749598913984,0.45454545454545453,-0.027327841540170306,0.05582417582417583
572,final_quarter,Fisher,73,0.8042083179069481,0.3333333333333333,-0.00928822658274713,0.05582417582417583
577,final_quarter,Semantic,74,0.6121436504998148,0.14285714285714285,0.048072565716401325,0.08106227106227105
577,final_quarter,Temperature,74,0.6956090336912254,0.23076923076923078,0.017703072935949655,0.0657142857142857
577,final_quarter,Fisher,74,0.534542761940022,0.14285714285714285,-0.023472787856349493,0.0706959706959707
580,final_quarter,Semantic,67,0.7817064410567485,0.2727272727272727,0.00030130098172239853,0.05256410256410256
580,final_quarter,Temperature,67,0.8315907095538353,0.2727272727272727,0.027653843084045015,0.055128205128205134
580,final_quarter,Fisher,67,0.6716417910447763,0.16666666666666666,-0.00294915795354777,0.05576923076923077
586,final_quarter,Semantic,66,0.6426677799812129,0.4,0.026709111783738654,0.0803030303030303
586,final_quarter,Temperature,66,0.7820269282955852,0.16666666666666666,0.01434297046237345,0.06410256410256411
586,final_quarter,Fisher,66,0.4917858261141844,0.2727272727272727,-0.01983300281807745,0.05641025641025641
590,final_quarter,Semantic,69,0.7425283156740958,0.4,0.0025045670442089872,0.05705128205128205
590,final_quarter,Temperature,69,0.7545487760321521,0.4,-0.03504749725977348,0.05064102564102564
590,final_quarter,Fisher,69,0.7714285714285716,0.5555555555555556,0.002053343076360979,0.08222610722610722
592,final_quarter,Semantic,77,0.3803039066196961,0.23076923076923078,0.03557232241442767,0.04915750915750915
592,final_quarter,Temperature,77,0.4977916820022083,0.23076923076923078,-0.02320705610179294,0.06190476190476189
592,final_quarter,Fisher,77,0.6670171933329827,0.23076923076923078,0.012081339712918658,0.07619047619047617
594,final_quarter,Semantic,71,0.8637491616364855,0.45454545454545453,0.013378604963112,0.07238095238095238
594,final_quarter,Temperature,71,0.8993963782696176,0.6,-0.017499999999999998,0.05523809523809524
594,final_quarter,Fisher,71,0.9279342723004693,0.3333333333333333,-0.03746311200536552,0.06249084249084249
598,final_quarter,Semantic,97,0.8830606985062066,0.8181818181818182,0.03333881232905532,0.08149294805641553
598,final_quarter,Temperature,97,0.8561829370923626,0.8181818181818182,-0.015625,0.04098727210182318
598,final_quarter,Fisher,97,0.8555254576057227,0.6666666666666666,-0.015947822427940246,0.04946680426556588
606,final_quarter,Semantic,99,0.8199752628324055,0.17647058823529413,0.004205936920222637,0.043567251461988296
606,final_quarter,Temperature,99,0.6728756957328387,0.1111111111111111,0.013824366110080399,0.05970072239422084
606,final_quarter,Fisher,99,0.7859121830550401,0.25,0.00696784168212739,0.04454764361885105
611,final_quarter,Semantic,82,0.717634766709113,0.2,0.036869428935253204,0.06207983193277311
611,final_quarter,Temperature,82,0.9029396719670006,0.38461538461538464,0.029727582416386417,0.07852941176470588
611,final_quarter,Fisher,82,0.6060774262361097,0.2857142857142857,-0.008537129548002306,0.0736029411764706
614,final_quarter,Semantic,92,0.9048441040025892,0.6666666666666666,0.04814820523095418,0.07886136910904712
614,final_quarter,Temperature,92,0.805033676001418,0.6666666666666666,-0.00352249433595857,0.03801169590643274
614,final_quarter,Fisher,92,0.8911425180709894,0.6666666666666666,-0.004743923678005022,0.06647746818025455
617,final_quarter,Semantic,64,0.7537545787545787,0.4,0.0339514652014652,0.0673076923076923
617,final_quarter,Temperature,64,0.7676739926739925,0.4,-0.010721153846153847,0.06794871794871794
617,final_quarter,Fisher,64,0.5615842490842491,0.2727272727272727,0.02637362637362637,0.08927738927738928
625,final_quarter,Semantic,78,0.8977478217984547,0.45454545454545453,0.06510704485388027,0.07238095238095237
625,final_quarter,Temperature,78,0.7856320894295578,0.45454545454545453,0.004997534111458165,0.06285714285714286
625,final_quarter,Fisher,78,0.8504280529596985,0.23076923076923078,-0.030684505368049675,0.04047619047619048
630,final_quarter,Semantic,77,0.8957358431042641,0.6,0.022088437877911555,0.030952380952380953
630,final_quarter,Temperature,77,0.8127661811872338,0.6,0.01039486828960513,0.08223443223443225
630,final_quarter,Fisher,77,0.9178978915821021,0.7777777777777778,0.00304300962195699,0.04582417582417582
638,final_quarter,Semantic,72,0.7768666795292303,0.6,-0.005442472184706412,0.04428571428571428
638,final_quarter,Temperature,72,0.847900186507171,0.6,0.02905331532574442,0.06355311355311355
638,final_quarter,Fisher,72,0.846935494244003,0.45454545454545453,0.01836774069071966,0.05201465201465202
639,final_quarter,Semantic,62,0.7870111555992042,0.75,-0.03877011407418599,0.06346153846153847
639,final_quarter,Temperature,62,0.7643474100375212,0.2727272727272727,0.0320364634484148,0.09120046620046621
639,final_quarter,Fisher,62,0.6885497721034475,0.5555555555555556,0.008778424114225278,0.06043123543123543
648,final_quarter,Semantic,96,0.6711475854584916,0.1111111111111111,-0.03132392837764515,0.04269005847953215
648,final_quarter,Temperature,96,0.7429055887140532,0.42857142857142855,0.006427699403147044,0.05285087719298245
648,final_quarter,Fisher,96,0.7381036353771024,0.17647058823529413,-0.002027265328269125,0.0693498452012384
668,final_quarter,Semantic,84,0.8728358813404881,0.5,-0.04054368735445986,0.0657563025210084
668,final_quarter,Temperature,84,0.7345752758934899,0.125,-0.002996861395160473,0.07526018099547513
668,final_quarter,Fisher,84,0.8231041814316087,0.2,0.043507137794876985,0.09308823529411765
676,final_quarter,Semantic,71,0.6432260228034876,0.45454545454545453,-0.011522468142186455,0.06904761904761905
676,final_quarter,Temperature,71,0.7659624413145539,0.45454545454545453,0.01928236083165661,0.07285714285714286
676,final_quarter,Fisher,71,0.5516767270288396,0.23076923076923078,-0.018947015425888655,0.058571428571428566
682,final_quarter,Semantic,79,0.8968841285296982,0.6,-0.0005160662122687424,0.054761904761904755
682,final_quarter,Temperature,79,0.8821811100292114,1.0,-0.00809761441090555,0.08498168498168499
682,final_quarter,Fisher,79,0.8935978578383643,0.6,0.006820837390457643,0.048571428571428564
690,final_quarter,Semantic,77,0.6316052368683946,0.23076923076923078,0.023312214101687788,0.03809523809523809
690,final_quarter,Temperature,77,0.6756927283243072,0.45454545454545453,-0.014898259635101743,0.0563003663003663
690,final_quarter,Fisher,77,0.5573636889426363,0.3333333333333333,-0.01941216678058783,0.07212454212454213
696,final_quarter,Semantic,120,0.791895270504896,0.3333333333333333,0.016113619001319534,0.07080745341614905
696,final_quarter,Temperature,120,0.5955413570386832,0.2,-0.024173900965344816,0.07797854319593449
696,final_quarter,Fisher,120,0.7064518369331203,0.2631578947368421,-0.001700465310090975,0.05577075098814229
698,final_quarter,Semantic,79,0.6885345666991237,0.6,-0.026996105160662122,0.048571428571428564
698,final_quarter,Temperature,79,0.712877312560857,0.7777777777777778,0.004823515092502437,0.048095238095238094
698,final_quarter,Fisher,79,0.7772638753651412,0.6,0.03398612463485882,0.06857142857142857
701,final_quarter,Semantic,81,0.5302845528455283,0.2857142857142857,0.006700542005420057,0.06470588235294118
701,final_quarter,Temperature,81,0.6327461607949413,0.38461538461538464,0.03981368563685637,0.06522058823529411
701,final_quarter,Fisher,81,0.5379855465221318,0.2857142857142857,-0.04505081300813008,0.04051470588235294
702,final_quarter,Semantic,87,0.6430888678282423,0.058823529411764705,0.006893817890209231,0.036397058823529414
702,final_quarter,Temperature,87,0.8890974702923378,0.2,-0.037730553327987165,0.0636029411764706
702,final_quarter,Fisher,87,0.643216446744915,0.38461538461538464,-0.0011564117518407806,0.07656512605042018
706,final_quarter,Semantic,88,0.6221161635729634,0.125,0.03217921172202459,0.05735294117647059
706,final_quarter,Temperature,88,0.7749286745799726,0.5,-0.009011658624211893,0.0544327731092437
706,final_quarter,Fisher,88,0.5772780106371739,0.2857142857142857,-0.018474164347856717,0.042279411764705885
716,final_quarter,Semantic,75,0.8247510668563299,0.3333333333333333,0.01062873399715505,0.05582417582417583
716,final_quarter,Temperature,75,0.7154196301564721,0.23076923076923078,-0.0002332859174964435,0.05476190476190477
716,final_quarter,Fisher,75,0.7753627311522048,0.3333333333333333,-0.0313556187766714,0.05249084249084248
728,final_quarter,Semantic,66,0.5620081411126189,0.16666666666666666,-0.01866193507984553,0.05641025641025641
728,final_quarter,Temperature,66,0.5769126395992069,0.16666666666666666,0.03003861809831959,0.06666666666666667
728,final_quarter,Fisher,66,0.8134641477925061,0.4,0.04272205406533765,0.04807692307692307
729,final_quarter,Semantic,98,0.8236775497452964,0.25,0.01780374755337936,0.06783625730994151
729,final_quarter,Temperature,98,0.8388896327040656,0.5384615384615384,-0.008221920445779062,0.04391124871001032
729,final_quarter,Fisher,98,0.8694413097947707,0.17647058823529413,0.0009097922205433269,0.07668988648090816
735,final_quarter,Semantic,75,0.9094167852062589,0.6,-0.025223328591749646,0.059999999999999984
735,final_quarter,Temperature,75,0.9088762446657184,0.7777777777777778,0.015789473684210527,0.0701098901098901
735,final_quarter,Fisher,75,0.808620199146515,0.45454545454545453,-0.06440256045519202,0.04582417582417582
736,final_quarter,Semantic,68,0.8304385998396763,0.4,0.00449478947971142,0.06666666666666665
736,final_quarter,Temperature,68,0.7812726648089475,0.4,-0.006412948047486352,0.05576923076923076
736,final_quarter,Fisher,68,0.7541703248463563,0.2727272727272727,-0.04034622284994463,0.05576923076923077
747,final_quarter,Semantic,73,0.6737010983586328,0.14285714285714285,0.01881401949895101,0.04476190476190476
747,final_quarter,Temperature,73,0.7099839565592991,0.23076923076923078,-0.01341478464766136,0.054761904761904755
747,final_quarter,Fisher,73,0.7418240157966186,0.3333333333333333,0.0033598667160311007,0.060952380952380945
748,final_quarter,Semantic,114,0.5185030679816125,0.2631578947368421,-0.02656446811526701,0.0688876341050254
748,final_quarter,Temperature,114,0.619878090763654,0.2,-0.0014066138798323226,0.05914737436476567
748,final_quarter,Fisher,114,0.5365342945667363,0.3333333333333333,-0.050331909033838926,0.0479107848673066
749,final_quarter,Semantic,98,0.8073561195799781,0.3333333333333333,0.029190495317152166,0.06257309941520468
749,final_quarter,Temperature,98,0.7504861363476975,0.17647058823529413,0.014812972986757964,0.07168902648778809
749,final_quarter,Fisher,98,0.7679041626022479,0.5384615384615384,-0.0248551154294895,0.060577915376676984
753,final_quarter,Semantic,62,0.4361763743043489,0.16666666666666666,0.0004986024023570301,0.046794871794871795
753,final_quarter,Temperature,62,0.4388456598927249,0.2727272727272727,-0.020425071138979123,0.05512820512820512
753,final_quarter,Fisher,62,0.405051497066304,0.16666666666666666,-0.03198609956938883,0.05192307692307692
754,final_quarter,Semantic,74,0.8873602369492779,0.23076923076923078,-0.011163272861902994,0.06344322344322345
754,final_quarter,Temperature,74,0.8648204368752311,0.3333333333333333,0.028108108108108106,0.0563003663003663
754,final_quarter,Fisher,74,0.844679748241392,0.14285714285714285,-0.011634209552017768,0.048571428571428564
759,final_quarter,Semantic,84,0.7868583578009518,0.38461538461538464,-0.011085349802571625,0.08316176470588235
759,final_quarter,Temperature,84,0.6838108737470893,0.38461538461538464,0.0009719550470790716,0.058529411764705885
759,final_quarter,Fisher,84,0.789774222942189,0.6363636363636364,0.02950389794472006,0.04272058823529412
763,final_quarter,Semantic,63,0.5323540706605223,0.2727272727272727,-0.008496543778801841,0.05722610722610723
763,final_quarter,Temperature,63,0.8257968509984639,0.5555555555555556,-0.027431355606758835,0.0423076923076923
763,final_quarter,Fisher,63,0.38018433179723504,0.07692307692307693,0.047451036866359445,0.08076923076923077
771,final_quarter,Semantic,77,0.7850570482149428,0.06666666666666667,-0.028516220621483773,0.054285714285714284
771,final_quarter,Temperature,77,0.6632577948367422,0.14285714285714285,0.017412850307587147,0.0783150183150183
771,final_quarter,Fisher,77,0.748803827751196,0.14285714285714285,0.026430148798569853,0.06857142857142857
782,final_quarter,Semantic,77,0.6541090488458908,0.45454545454545453,0.03331142541668857,0.07238095238095237
782,final_quarter,Temperature,77,0.7832430727167569,0.45454545454545453,0.010843104264156894,0.06095238095238096
782,final_quarter,Fisher,77,0.5696408854303591,0.23076923076923078,-0.0031271360218728616,0.07820512820512819
784,final_quarter,Semantic,75,0.69524893314367,0.3333333333333333,-0.014482219061166427,0.05142857142857142
784,final_quarter,Temperature,75,0.6139118065433855,0.45454545454545453,-0.03909672830725462,0.05190476190476191
784,final_quarter,Fisher,75,0.7567567567567567,0.45454545454545453,-0.011425320056899007,0.07058608058608058
799,final_quarter,Semantic,93,0.12340723941392377,0.05263157894736842,0.004091939960013134,0.06910904712762297
799,final_quarter,Temperature,93,0.46592163767121236,0.1111111111111111,-0.026686759571483993,0.054093567251461985
799,final_quarter,Fisher,93,0.44536122467249556,0.1111111111111111,0.046059502849810516,0.051461988304093556
800,final_quarter,Semantic,88,0.781532880138072,0.8,0.0022331020393786777,0.048161764705882355
800,final_quarter,Temperature,88,0.7558205064985384,0.6363636363636364,0.034405269275474624,0.05183823529411765
800,final_quarter,Fisher,88,0.6425980064104824,0.2857142857142857,0.0012574407382621223,0.06558823529411764
803,final_quarter,Semantic,75,0.7452347083926031,0.23076923076923078,-0.02794736842105263,0.0783150183150183
803,final_quarter,Temperature,75,0.7418207681365576,0.6,0.05321337126600284,0.03333333333333334
803,final_quarter,Fisher,75,0.8291322901849217,0.45454545454545453,-0.024890469416785205,0.05688644688644688
809,final_quarter,Semantic,76,0.49257689678742306,0.23076923076923078,0.025852358168147637,0.07439560439560437
809,final_quarter,Temperature,76,0.5094736842105263,0.6,-0.022120300751879696,0.047619047619047616
809,final_quarter,Fisher,76,0.5107587149692413,0.23076923076923078,0.023700615174299382,0.041428571428571426
811,final_quarter,Semantic,85,0.7880007817080321,0.6363636363636364,-0.023812780926324016,0.05227941176470589
811,final_quarter,Temperature,85,0.8635333203048661,0.5,0.03282098886066055,0.06397058823529413
811,final_quarter,Fisher,85,0.8556185264803596,0.5,-0.044812390072307993,0.042720588235294114
818,final_quarter,Semantic,74,0.5498556090336911,0.3333333333333333,-0.025639392817475005,0.04582417582417582
818,final_quarter,Temperature,74,0.6336171788226581,0.14285714285714285,0.030135505368382075,0.05963369963369962
818,final_quarter,Fisher,74,0.5818141429100333,0.14285714285714285,-0.005815623843021094,0.07677655677655677
822,final_quarter,Semantic,102,0.7013870433302611,0.5714285714285714,0.008778576315655547,0.07146198830409357
822,final_quarter,Temperature,102,0.8311573019095171,0.5714285714285714,-0.05587641573980358,0.06796992481203008
822,final_quarter,Fisher,102,0.7916777400184337,0.6923076923076923,-0.002141916076244975,0.05741854636591479
828,final_quarter,Semantic,74,0.8064124398370973,0.45454545454545453,-0.016447241762310254,0.07296703296703297
828,final_quarter,Temperature,74,0.8944687152906329,0.6,-0.006117734172528687,0.08820512820512819
828,final_quarter,Fisher,74,0.6741947426878933,0.23076923076923078,-0.021517956312476848,0.062380952380952384
830,final_quarter,Semantic,95,0.738031914893617,0.42857142857142855,-0.04377239641657335,0.06257309941520468
830,final_quarter,Temperature,95,0.7383678611422173,0.3333333333333333,0.013101203807390818,0.0692251461988304
830,final_quarter,Fisher,95,0.7246360582306831,0.42857142857142855,0.011714725643896978,0.04098727210182318
836,final_quarter,Semantic,65,0.6286276223776224,0.07692307692307693,0.032215909090909094,0.08158508158508157
836,final_quarter,Temperature,65,0.7812937062937063,0.16666666666666666,-0.008107517482517484,0.05804195804195803
836,final_quarter,Fisher,65,0.6020541958041958,0.16666666666666666,-0.026429195804195803,0.04871794871794871
845,final_quarter,Semantic,84,0.5064290776551585,0.5,0.0403057608585603,0.05477941176470589
845,final_quarter,Temperature,84,0.6313860483952618,0.2,-0.0003543586109142474,0.05779411764705883
845,final_quarter,Fisher,84,0.3469069555533057,0.125,0.026626506024096386,0.0663970588235294
847,final_quarter,Semantic,63,0.7957949308755761,0.4,0.005669162826420891,0.04294871794871795
847,final_quarter,Temperature,63,0.755184331797235,0.4,-0.03618231566820277,0.05128205128205128
847,final_quarter,Fisher,63,0.7705933179723504,0.4,0.001178475422427036,0.06794871794871796
857,final_quarter,Semantic,86,0.8383131279777347,0.38461538461538464,-0.010051417519694322,0.04816176470588236
857,final_quarter,Temperature,86,0.888768338129157,0.6363636363636364,0.023910561818953718,0.030147058823529416
857,final_quarter,Fisher,86,0.7359686777678193,0.2857142857142857,-0.01873390254257276,0.05816176470588236
861,final_quarter,Semantic,95,0.731047032474804,0.17647058823529413,-0.013704507278835393,0.07753697970416237
861,final_quarter,Temperature,95,0.7985022396416573,0.0,-0.030590705487122068,0.04391124871001032
861,final_quarter,Fisher,95,0.641097424412094,0.0,-0.007047172452407617,0.04717922256621947
862,final_quarter,Semantic,64,0.3292124542124542,0.16666666666666666,0.0011996336996337002,0.05850815850815851
862,final_quarter,Temperature,64,0.7780677655677656,0.2727272727272727,-0.0347367216117216,0.06410256410256411
862,final_quarter,Fisher,64,0.26730769230769225,0.07692307692307693,-0.043578296703296694,0.05337995337995338
871,final_quarter,Semantic,68,0.7213421384127953,0.75,-0.018622361339084625,0.044871794871794865
871,final_quarter,Temperature,68,0.7706225903729433,0.75,0.013679047219147231,0.06538461538461539
871,final_quarter,Fisher,68,0.8099782417834102,0.2727272727272727,-0.0062907966561056555,0.06474358974358975
874,final_quarter,Semantic,75,0.6987482219061166,0.6,-0.04067709815078237,0.06296703296703296
874,final_quarter,Temperature,75,0.48779516358463726,0.3333333333333333,0.014776671408250352,0.06344322344322344
874,final_quarter,Fisher,75,0.20807965860597435,0.23076923076923078,-0.016147937411095305,0.060219780219780215
875,final_quarter,Semantic,85,0.6475669337502443,0.5,0.019193863591948405,0.06656512605042017
875,final_quarter,Temperature,85,0.7596052374438147,0.5,0.014103967168262654,0.06522058823529411
875,final_quarter,Fisher,85,0.6585499316005472,0.2857142857142857,0.04932675395739691,0.07602941176470589
883,final_quarter,Semantic,75,0.811095305832148,0.3333333333333333,-0.015674253200568998,0.04582417582417582
883,final_quarter,Temperature,75,0.7918918918918917,0.23076923076923078,-0.06171977240398294,0.05630036630036629
883,final_quarter,Fisher,75,0.7150782361308677,0.23076923076923078,0.010135135135135134,0.0701098901098901
884,final_quarter,Semantic,76,0.66149008885851,0.45454545454545453,-0.0016855775803144234,0.05688644688644688
884,final_quarter,Temperature,76,0.5917976760082023,0.3333333333333333,-0.037570745044429255,0.05582417582417583
884,final_quarter,Fisher,76,0.4743403964456597,0.23076923076923078,0.003516062884483937,0.05523809523809523
885,final_quarter,Semantic,79,0.2937439143135346,0.0,0.025647517039922102,0.05523809523809523
885,final_quarter,Temperature,79,0.5499269717624149,0.14285714285714285,0.015455209347614412,0.07868131868131868
885,final_quarter,Fisher,79,0.4287974683544304,0.14285714285714285,-0.002710564751703997,0.06249084249084248
890,final_quarter,Semantic,91,0.6647555343207517,0.3333333333333333,0.029017359452142056,0.04332645338837289
890,final_quarter,Temperature,91,0.7382226469182991,0.42857142857142855,-0.011425386207994905,0.04098727210182318
890,final_quarter,Fisher,91,0.6489249880554229,0.3333333333333333,-0.0387402452619844,0.05209838321293429
899,final_quarter,Semantic,93,0.9387962161678254,0.6666666666666666,0.013961087404135953,0.04035087719298245
899,final_quarter,Temperature,93,0.9063591059652053,0.6666666666666666,0.007672107666139479,0.07203302373581011
899,final_quarter,Fisher,93,0.9362746560830771,0.5384615384615384,0.006029363492584521,0.07049793601651186
900,final_quarter,Semantic,72,0.7346131584024698,0.3333333333333333,0.02844716702038717,0.06999999999999999
900,final_quarter,Temperature,72,0.839989709949193,0.23076923076923078,0.028426265354685197,0.04523809523809523
900,final_quarter,Fisher,72,0.5938645572062513,0.3333333333333333,-0.00710978197954853,0.06402930402930403
920,final_quarter,Semantic,73,0.769714920399852,0.14285714285714285,-0.0029371837591015706,0.058571428571428566
920,final_quarter,Temperature,73,0.7716894977168951,0.3333333333333333,-0.041105146242132545,0.031538461538461536
920,final_quarter,Fisher,73,0.9333580155497965,0.6,0.0019452671849932042,0.05809523809523809
923,final_quarter,Semantic,68,0.618925831202046,0.07692307692307693,-0.0017349314807038971,0.07325174825174825
923,final_quarter,Temperature,68,0.7882200251937245,0.4,-0.01747719204489064,0.03141025641025641
923,final_quarter,Fisher,68,0.6263312593045004,0.2727272727272727,0.024916975226170937,0.06427738927738927
924,final_quarter,Semantic,74,0.3223843021103294,0.23076923076923078,-0.00512847093669012,0.041428571428571426
924,final_quarter,Temperature,74,0.5128322843391335,0.14285714285714285,0.025313587560162897,0.07783882783882783
924,final_quarter,Fisher,74,0.34406516105146234,0.3333333333333333,0.007370603480192519,0.05963369963369963
931,final_quarter,Semantic,105,0.6436968691685673,0.2222222222222222,0.034904105328633625,0.05932330827067669
931,final_quarter,Temperature,105,0.7795562927638399,0.29411764705882354,-0.01573139125025918,0.04805346700083542
931,final_quarter,Fisher,105,0.6676860874974082,0.29411764705882354,-0.04541986315571221,0.04777777777777777
933,final_quarter,Semantic,113,0.6529210193625657,0.2,0.0017225031605562573,0.046194240542066625
933,final_quarter,Temperature,113,0.7399610752545079,0.2,-0.013751330760529649,0.03992094861660079
933,final_quarter,Fisher,113,0.7532270942843836,0.4117647058823529,0.016615376937920024,0.06460191981931111
940,final_quarter,Semantic,95,0.7582446808510638,0.3333333333333333,-0.01488381858902576,0.06682146542827658
940,final_quarter,Temperature,95,0.799958006718925,0.5384615384615384,0.005936450167973129,0.051461988304093556
940,final_quarter,Fisher,95,0.708664613661814,0.42857142857142855,0.005242161254199326,0.05904282765737874
942,final_quarter,Semantic,81,0.8674119241192412,0.5,0.011213866305329718,0.05772058823529412
942,final_quarter,Temperature,81,0.7294715447154472,0.5,0.0021973803071364054,0.05191176470588236
942,final_quarter,Fisher,81,0.7688572719060524,0.6363636363636364,0.00497515808491418,0.06323529411764706
946,final_quarter,Semantic,80,0.6617909048288796,0.23076923076923078,-0.016560009376465075,0.047619047619047616
946,final_quarter,Temperature,80,0.6501640881387718,0.6,0.023584153774027197,0.07868131868131868
946,final_quarter,Fisher,80,0.5502578527894983,0.3333333333333333,0.005542662916080635,0.048095238095238094
955,final_quarter,Semantic,67,0.4550642509378244,0.16666666666666666,0.0026139356692473437,0.06555944055944055
955,final_quarter,Temperature,67,0.6791443850267381,0.4,-0.03633969191475778,0.029662004662004658
955,final_quarter,Fisher,67,0.654880676829755,0.4,-0.011307765982919625,0.06701631701631701
957,final_quarter,Semantic,68,0.6435469710272168,0.4,0.0025231896782074224,0.05128205128205129
957,final_quarter,Temperature,68,0.8814749780509218,0.5555555555555556,0.04543650036263693,0.046794871794871795
957,final_quarter,Fisher,68,0.6585868610909645,0.16666666666666666,0.01732068557468412,0.0694055944055944
960,final_quarter,Semantic,76,0.7354477101845524,0.6,0.03538892686261107,0.05809523809523809
960,final_quarter,Temperature,76,0.6346411483253589,0.3333333333333333,-0.02027204374572796,0.03380952380952381
960,final_quarter,Fisher,76,0.5675187969924812,0.3333333333333333,0.03185919343814081,0.048095238095238094
965,final_quarter,Semantic,79,0.7540408958130479,0.45454545454545453,0.007112950340798447,0.041428571428571426
965,final_quarter,Temperature,79,0.5963729308666018,0.23076923076923078,0.021226874391431356,0.08117216117216117
965,final_quarter,Fisher,79,0.6699610516066212,0.3333333333333333,-0.0036246348588120786,0.05238095238095238
969,final_quarter,Semantic,79,0.7546251217137292,0.23076923076923078,0.01136684518013632,0.0563003663003663
969,final_quarter,Temperature,79,0.7824975657254138,0.23076923076923078,0.005057205452775064,0.03761904761904762
969,final_quarter,Fisher,79,0.729016553067186,0.23076923076923078,-0.0025292112950340757,0.07714285714285714
976,final_quarter,Semantic,83,0.7616808698207463,0.2,0.005001889089458883,0.06735294117647059
976,final_quarter,Temperature,83,0.5480458419042021,0.38461538461538464,-0.0019247722597707886,0.05933823529411765
976,final_quarter,Fisher,83,0.6975147978674278,0.2857142857142857,0.038597246127366605,0.08360294117647059
979,final_quarter,Semantic,78,0.46736807496301164,0.14285714285714285,0.0018576360348512282,0.05809523809523809
979,final_quarter,Temperature,78,0.7801691978907168,0.3333333333333333,0.0172890400738502,0.06783882783882784
979,final_quarter,Fisher,78,0.6667130338016414,0.23076923076923078,0.03592230554255871,0.06238095238095237
984,final_quarter,Semantic,92,0.8067906847710493,0.17647058823529413,-0.010626049966863432,0.06384588923288614
984,final_quarter,Temperature,92,0.5684539864063005,0.25,0.033739962702094534,0.05641124871001032
984,final_quarter,Fisher,92,0.5977991153306721,0.25,0.0157768598862568,0.0585827313381493
992,final_quarter,Semantic,74,0.1846575342465753,0.14285714285714285,0.026347278785634937,0.047619047619047616
992,final_quarter,Temperature,74,0.463339503887449,0.23076923076923078,0.02194002221399482,0.0838095238095238
992,final_quarter,Fisher,74,0.2873454276194002,0.14285714285714285,0.038721954831543864,0.09809523809523808
994,final_quarter,Semantic,69,0.7608330288637195,0.5555555555555556,0.029947022287175745,0.07692307692307693
994,final_quarter,Temperature,69,0.841322616002923,0.4,0.01680124223602485,0.03846153846153846
994,final_quarter,Fisher,69,0.6043843624406284,0.4,-0.00079283887468031,0.03141025641025641
997,final_quarter,Semantic,86,0.7721779329213643,0.38461538461538464,-0.028523986980517946,0.06369747899159664
997,final_quarter,Temperature,86,0.6659465069107032,0.2857142857142857,0.0020095287513561973,0.06514705882352942
997,final_quarter,Fisher,86,0.5483937921600075,0.2,0.0006453134581819898,0.042279411764705885
998,final_quarter,Semantic,85,0.7057455540355676,0.6363636363636364,0.07599863201094391,0.07022058823529412
998,final_quarter,Temperature,85,0.7020715262849325,0.5,0.005376196990424077,0.05227941176470589
998,final_quarter,Fisher,85,0.6731483290990815,0.6363636363636364,-0.008211842876685554,0.05345588235294117
999,final_quarter,Semantic,78,0.5978704839464333,0.14285714285714285,0.003108284120942348,0.08545787545787545
999,final_quarter,Temperature,78,0.7160813869674628,0.45454545454545453,-0.012358527548400965,0.0657142857142857
999,final_quarter,Fisher,78,0.39030589663501053,0.0,-0.0023697821166175615,0.07391941391941391
1,final_half,Semantic,107,0.8698054428966085,0.5714285714285714,0.004124297106134525,0.06507518796992483
1,final_half,Temperature,107,0.6799996081427928,0.2222222222222222,0.01645506377476048,0.03956140350877192
1,final_half,Fisher,107,0.6698211171848979,0.375,0.019051607594192672,0.05827731092436975
19,final_half,Semantic,75,0.7741678520625889,0.45454545454545453,0.02924608819345661,0.06391941391941391
19,final_half,Temperature,75,0.7677382645803698,0.3333333333333333,0.014386913229018495,0.07333333333333333
19,final_half,Fisher,75,0.6411664295874822,0.14285714285714285,-0.011574679943100994,0.04095238095238095
23,final_half,Semantic,67,0.493255646899194,0.07692307692307693,0.02662024104078538,0.07389277389277389
23,final_half,Temperature,67,0.7996248703009021,0.2727272727272727,0.04342525341208396,0.0694055944055944
23,final_half,Fisher,67,0.47645462526937515,0.16666666666666666,-0.027709713464761754,0.04358974358974359
41,final_half,Semantic,97,0.6503129602356406,0.17647058823529413,-0.0258100147275405,0.05548245614035087
41,final_half,Temperature,97,0.7448190616452764,0.25,-0.019038633494634964,0.045958032335741306
41,final_half,Fisher,97,0.6832395329265726,0.42857142857142855,0.0059981853566168745,0.048830409356725134
53,final_half,Semantic,69,0.4828279137742055,0.16666666666666666,0.005213737668980634,0.0770979020979021
53,final_half,Temperature,69,0.4550968213372306,0.16666666666666666,-0.01213554987212276,0.06089743589743589
53,final_half,Fisher,69,0.45728900255754484,0.07692307692307693,-0.012228717573986117,0.046794871794871795
55,final_half,Semantic,78,0.4885114885114885,0.0,-0.0011267213798859393,0.05653679653679653
55,final_half,Temperature,78,0.6204302027086838,0.14285714285714285,-0.015289773517621615,0.055824175824175815
55,final_half,Fisher,78,0.47025126771962206,0.0,-0.037558643887757814,0.0419047619047619
58,final_half,Semantic,76,0.6566507177033493,0.23076923076923078,0.07046069719753931,0.07725274725274725
58,final_half,Temperature,76,0.6357894736842105,0.23076923076923078,-0.023946684894053317,0.03761904761904762
58,final_half,Fisher,76,0.45008885850991115,0.14285714285714285,-0.018751879699248117,0.08106227106227105
61,final_half,Semantic,75,0.7937980085348506,0.23076923076923078,0.029381223328591742,0.04201465201465201
61,final_half,Temperature,75,0.8990611664295873,0.6,0.0547126600284495,0.05963369963369963
61,final_half,Fisher,75,0.8253200568990042,0.45454545454545453,0.03269701280227596,0.06296703296703296
63,final_half,Semantic,66,0.9451414257384407,0.5555555555555556,0.013138503287757019,0.08607226107226107
63,final_half,Temperature,66,0.8489927982465296,0.75,0.014119611731552035,0.0391025641025641
63,final_half,Fisher,66,0.8455693560171174,0.5555555555555556,0.020801586473228266,0.047435897435897434
65,final_half,Semantic,78,0.6261207147283095,0.45454545454545453,0.019338888959142125,0.06190476190476189
65,final_half,Temperature,78,0.8459515168375926,0.6,0.030984205667749964,0.04047619047619048
65,final_half,Fisher,78,0.7942816676993891,0.23076923076923078,-0.004962126481113827,0.05534798534798535
70,final_half,Semantic,61,0.5363828662083554,0.16666666666666666,0.018437334743521945,0.06794871794871794
70,final_half,Temperature,61,0.606292966684294,0.4,-0.012681121099947113,0.0641025641025641
70,final_half,Fisher,61,0.5945002644103649,0.07692307692307693,0.021483342147012155,0.04807692307692307
71,final_half,Semantic,70,0.5942612194908582,0.16666666666666666,0.034353949785670544,0.05337995337995338
71,final_half,Temperature,70,0.6255445717784971,0.16666666666666666,0.011418073659347388,0.05273892773892774
71,final_half,Fisher,70,0.5505904995188522,0.07692307692307693,0.0014469425247135002,0.04807692307692307
74,final_half,Semantic,80,0.3193389592123769,0.14285714285714285,-0.016978434130332867,0.058571428571428566
74,final_half,Temperature,80,0.6737224566338491,0.3333333333333333,0.015209798406000934,0.05523809523809523
74,final_half,Fisher,80,0.4922175339896859,0.14285714285714285,-0.029596812001875295,0.047619047619047616
87,final_half,Semantic,78,0.5429380745836441,0.45454545454545453,0.003801262029110132,0.047619047619047616
87,final_half,Temperature,78,0.6551296804461361,0.3333333333333333,-0.0302672011532771,0.03714285714285714
87,final_half,Fisher,78,0.2609162988909824,0.06666666666666667,-0.056561160358628716,0.027142857142857146
93,final_half,Semantic,69,0.509864815491414,0.16666666666666666,0.01903361344537815,0.06666666666666668
93,final_half,Temperature,69,0.3921446839605408,0.2727272727272727,0.02510047497259773,0.0673076923076923
93,final_half,Fisher,69,0.38860065765436613,0.4,-0.006015710632078919,0.07004662004662005
94,final_half,Semantic,62,0.8165747525874444,0.75,-0.00026189217093500644,0.07628205128205127
94,final_half,Temperature,62,0.5906423912769762,0.5555555555555556,-0.001440406940142534,0.05192307692307692
94,final_half,Fisher,62,0.7871118833572562,0.75,0.02990103497771398,0.059615384615384605
97,final_half,Semantic,78,0.7233146600235207,0.6,-0.040492418973431636,0.060952380952380945
97,final_half,Temperature,78,0.75993626626538,0.3333333333333333,0.012247246424461603,0.0843956043956044
97,final_half,Fisher,78,0.7448880233690358,0.45454545454545453,-0.0016363383451991037,0.06783882783882783
102,final_half,Semantic,88,0.628667535486598,0.6363636363636364,0.036004367581275766,0.06301470588235294
102,final_half,Temperature,88,0.7652953400725584,0.38461538461538464,-0.016860096509457224,0.08102941176470588
102,final_half,Fisher,88,0.6069881300412103,0.6363636363636364,-0.005212919587193124,0.05808823529411765
103,final_half,Semantic,84,0.9196314670446493,0.5,0.006594107522527084,0.05154411764705882
103,final_half,Temperature,84,0.9075832742735649,0.6363636363636364,0.040217677432418754,0.06183823529411765
103,final_half,Fisher,84,0.8882656677128682,0.38461538461538464,-0.004635010630758327,0.07397058823529412
104,final_half,Semantic,91,0.7498327759197325,0.8181818181818182,-0.0352802994107342,0.05600275197798417
104,final_half,Temperature,91,0.7411052715400541,0.6666666666666666,0.0042044911610129,0.08933608531131751
104,final_half,Fisher,91,0.7522853957636566,0.6666666666666666,-0.019309603440038226,0.05701754385964912
105,final_half,Semantic,106,0.6582311005869461,0.2222222222222222,0.024772149028893874,0.05777777777777778
105,final_half,Temperature,106,0.7457943925233645,0.29411764705882354,-0.02652391868403154,0.04932330827067669
105,final_half,Fisher,106,0.6889538252260876,0.2222222222222222,-0.03062800715419301,0.04483709273182958
106,final_half,Semantic,67,0.8383749700694391,0.4,0.0036854497565647635,0.055128205128205134
106,final_half,Temperature,67,0.8512251576342885,0.75,-0.03322691356053954,0.05576923076923076
106,final_half,Fisher,67,0.7719291244313194,0.2727272727272727,0.010990502035278156,0.07855477855477855
107,final_half,Semantic,77,0.5223723644776276,0.14285714285714285,0.021435143803564857,0.08153846153846153
107,final_half,Temperature,77,0.7507755402492244,0.23076923076923078,0.0186247962563752,0.05142857142857142
107,final_half,Fisher,77,0.6706977233293022,0.14285714285714285,-0.00024712129975287963,0.06677655677655678
110,final_half,Semantic,76,0.6083116883116884,0.3333333333333333,0.018265208475734783,0.041428571428571426
110,final_half,Temperature,76,0.4959945317840055,0.23076923076923078,-0.009975393028024606,0.03476190476190476
110,final_half,Fisher,76,0.7735338345864662,0.45454545454545453,0.027447710184552294,0.037619047619047614
113,final_half,Semantic,71,0.15492957746478872,0.06666666666666667,-0.008184104627766604,0.06095238095238096
113,final_half,Temperature,71,0.5378940308517773,0.14285714285714285,-0.03670187793427229,0.059047619047619036
113,final_half,Fisher,71,0.1060697518443997,0.06666666666666667,-0.03597082494969818,0.05296703296703296
119,final_half,Semantic,75,0.6703271692745376,0.14285714285714285,-0.015246088193456613,0.06523809523809523
119,final_half,Temperature,75,0.7334281650071123,0.23076923076923078,0.013214793741109527,0.07058608058608058
119,final_half,Fisher,75,0.6257183499288762,0.23076923076923078,-0.0394452347083926,0.052490842490842494
120,final_half,Semantic,80,0.5962259728082514,0.3333333333333333,-0.01001289263947491,0.04095238095238095
120,final_half,Temperature,80,0.8073605250820441,0.6,-0.05620839193624004,0.048681318681318676
120,final_half,Fisher,80,0.4482887951242382,0.3333333333333333,-0.018131739334270976,0.037142857142857144
121,final_half,Semantic,78,0.8013884849327887,0.6,-0.010385816714930638,0.06783882783882783
121,final_half,Temperature,78,0.8117578623907739,0.45454545454545453,0.010388345831383806,0.08498168498168499
121,final_half,Fisher,78,0.7209119993930121,0.3333333333333333,-0.006635137014883852,0.08271062271062271
122,final_half,Semantic,73,0.803467851413057,0.3333333333333333,0.014736825866962852,0.062380952380952384
122,final_half,Temperature,73,0.8489139824756265,0.45454545454545453,-0.0030343699864247794,0.059047619047619036
122,final_half,Fisher,73,0.7502776749352094,0.45454545454545453,0.0036190299888930076,0.07142857142857142
124,final_half,Semantic,80,0.6236755743084857,0.23076923076923078,-0.04764767932489452,0.035824175824175825
124,final_half,Temperature,80,0.6369432723863104,0.3333333333333333,-0.0224507735583685,0.07142857142857142
124,final_half,Fisher,80,0.5598921706516643,0.23076923076923078,0.035162916080637596,0.06904761904761904
125,final_half,Semantic,66,0.829203632188707,0.2727272727272727,-0.015770796367811295,0.06555944055944056
125,final_half,Temperature,66,0.8133806492015448,0.4,0.011155411752426675,0.06730769230769232
125,final_half,Fisher,66,0.69084646696587,0.4,-0.007928191211773308,0.044230769230769226
153,final_half,Semantic,81,0.7787940379403794,0.125,-0.00928071364046974,0.07058823529411765
153,final_half,Temperature,81,0.8224480578139114,0.2,0.018285907859078583,0.04889705882352942
153,final_half,Fisher,81,0.7298328816621499,0.125,-0.018037488708220417,0.06441176470588236
158,final_half,Semantic,67,0.7741240322451913,0.2727272727272727,0.015625748264027454,0.03846153846153846
158,final_half,Temperature,67,0.7632692154202252,0.4,-0.004657195306888022,0.0744172494172494
158,final_half,Fisher,67,0.76969430920265,0.2727272727272727,-0.03382951552398437,0.07068764568764568
164,final_half,Semantic,60,0.7458738538482913,0.09090909090909091,0.033367602111697696,0.051818181818181805
164,final_half,Temperature,60,0.6091136426785219,0.09090909090909091,-0.02125590441789386,0.06
164,final_half,Fisher,60,0.7781606001667131,0.09090909090909091,0.017057515976660186,0.07454545454545453
174,final_half,Semantic,95,0.5635638297872341,0.3333333333333333,0.02137248040313549,0.06448228414172687
174,final_half,Temperature,95,0.4616041433370661,0.3333333333333333,0.0044218924972004425,0.07278551771585826
174,final_half,Fisher,95,0.4777295632698768,0.25,-0.03827967525195968,0.05804953560371516
175,final_half,Semantic,71,0.7976861167002012,0.23076923076923078,-0.04834674714956405,0.04476190476190476
175,final_half,Temperature,71,0.7653252850435949,0.3333333333333333,-0.00647048960429242,0.04582417582417582
175,final_half,Fisher,71,0.793796109993293,0.23076923076923078,0.01938296445338699,0.0680952380952381
176,final_half,Semantic,75,0.5366998577524893,0.45454545454545453,0.03789900426742531,0.05047619047619047
176,final_half,Temperature,75,0.7058321479374111,0.45454545454545453,-0.023366998577524892,0.04428571428571428
176,final_half,Fisher,75,0.7581223328591749,0.6,-0.01053058321479374,0.05915750915750915
178,final_half,Semantic,68,0.6995075772034965,0.07692307692307693,-0.015933122113219067,0.05850815850815851
178,final_half,Temperature,68,0.8356682062831622,0.2727272727272727,0.0328529984349353,0.0770979020979021
178,final_half,Fisher,68,0.6894682597243958,0.07692307692307693,0.0018017330228652171,0.07902097902097902
180,final_half,Semantic,94,0.1909980854676155,0.25,-0.009385543474334426,0.04912280701754386
180,final_half,Temperature,94,0.5243001119820828,0.42857142857142855,-0.0018769642018567384,0.07897746818025456
180,final_half,Fisher,94,0.5005165625112885,0.3333333333333333,0.011867933388722324,0.04327485380116959
181,final_half,Semantic,76,0.40442925495557075,0.06666666666666667,-0.0369583048530417,0.05153846153846155
181,final_half,Temperature,76,0.3789747095010253,0.06666666666666667,-0.01873410799726589,0.04428571428571428
181,final_half,Fisher,76,0.5473957621326042,0.06666666666666667,-0.014416951469583045,0.08937728937728937
188,final_half,Semantic,82,0.6946267454642419,0.2857142857142857,-0.003992120242487566,0.044852941176470595
188,final_half,Temperature,82,0.6163951197744909,0.2,0.010135936700732474,0.06485294117647059
188,final_half,Fisher,82,0.49856880094905376,0.2,-0.006432232997028763,0.06779411764705882
196,final_half,Semantic,68,0.6521357407336716,0.2727272727272727,0.01291941825399855,0.07307692307692308
196,final_half,Temperature,68,0.672863304958583,0.2727272727272727,0.008361644463106466,0.05576923076923077
196,final_half,Fisher,68,0.7560789403366797,0.2727272727272727,0.013847005382295677,0.07499999999999998
210,final_half,Semantic,85,0.7710181747117452,0.2,-0.019033613445378156,0.04014705882352941
210,final_half,Temperature,85,0.7681844830955638,0.38461538461538464,0.018764901309360957,0.07139705882352941
210,final_half,Fisher,85,0.7605432870822748,0.5,0.009624780144615984,0.07183823529411765
211,final_half,Semantic,74,0.6566308774527951,0.3333333333333333,0.026234727878563485,0.05523809523809523
211,final_half,Temperature,74,0.7576897445390595,0.45454545454545453,-0.01076786375416512,0.04582417582417582
211,final_half,Fisher,74,0.7361273602369491,0.3333333333333333,0.005399481673454277,0.06963369963369963
214,final_half,Semantic,82,0.48896942784688896,0.2,-0.009967240234651347,0.07227941176470588
214,final_half,Temperature,82,0.7381395500701996,0.38461538461538464,-0.04476877700503913,0.03272058823529412
214,final_half,Fisher,82,0.2963724817971071,0.125,-0.042861962756173745,0.06433823529411765
217,final_half,Semantic,71,0.396914822266935,0.23076923076923078,-0.006235747820254866,0.07820512820512819
217,final_half,Temperature,71,0.6380281690140844,0.3333333333333333,-0.022652582159624405,0.0519047619047619
217,final_half,Fisher,71,0.5494634473507712,0.23076923076923078,0.023742454728370214,0.04095238095238095
221,final_half,Semantic,69,0.42385823894775304,0.0,0.03495250274022652,0.07628205128205127
221,final_half,Temperature,69,0.4316404822798685,0.07692307692307693,-0.009806357325538915,0.06294871794871795
221,final_half,Fisher,69,0.2708805261234929,0.07692307692307693,-0.01578553160394593,0.0391025641025641
234,final_half,Semantic,96,0.8572571893651655,0.8181818181818182,0.0008104991861096047,0.055073959408324734
234,final_half,Temperature,96,0.8678920238741183,0.5384615384615384,-0.0011475854584915915,0.06023391812865496
234,final_half,Fisher,96,0.8055480195333695,0.6666666666666666,-0.014015870862723817,0.055073959408324734
238,final_half,Semantic,85,0.8321672855188588,1.0,-0.020218878248973997,0.05772058823529412
238,final_half,Temperature,85,0.8477819034590581,0.6363636363636364,0.025880398671096344,0.06477941176470589
238,final_half,Fisher,85,0.8162008989642369,1.0,-0.002039280828610512,0.04860294117647059
239,final_half,Semantic,81,0.5016711833785005,0.5,-0.0187037037037037,0.06514705882352942
239,final_half,Temperature,81,0.7108401084010841,0.6363636363636364,-0.03421973803071364,0.038970588235294125
239,final_half,Fisher,81,0.6471093044263776,0.5,0.015101626016260158,0.06691176470588237
245,final_half,Semantic,70,0.7359811040153966,0.16666666666666666,-0.01024932201907095,0.05192307692307692
245,final_half,Temperature,70,0.6303035604933952,0.2727272727272727,0.0024984690753214927,0.04807692307692308
245,final_half,Fisher,70,0.8362697926690579,0.16666666666666666,0.015688916105327622,0.05337995337995337
247,final_half,Semantic,89,0.5132277834525026,0.125,-0.023041368743615943,0.057352941176470586
247,final_half,Temperature,89,0.7151344909771877,0.38461538461538464,-0.008838951310861421,0.05220588235294118
247,final_half,Fisher,89,0.5894620360912497,0.125,-0.022731528770854614,0.05994747899159664
255,final_half,Semantic,92,0.8259020082301991,0.3333333333333333,-0.012623491515497123,0.0632094943240454
255,final_half,Temperature,92,0.7723132407564385,0.17647058823529413,-0.012816916603732876,0.05348727210182319
255,final_half,Fisher,92,0.8491130188184887,0.3333333333333333,0.012930197432301222,0.07266941864465085
259,final_half,Semantic,77,0.6787423103212576,0.14285714285714285,-0.018779904306220088,0.048681318681318676
259,final_half,Temperature,77,0.8192071086807928,0.23076923076923078,0.018114779956885214,0.05952380952380952
259,final_half,Fisher,77,0.6455386718544612,0.14285714285714285,-0.015606761659393236,0.0663003663003663
272,final_half,Semantic,122,0.8474791901421249,0.625,0.0012814708827212883,0.0653010540184453
272,final_half,Temperature,122,0.7217311422538423,0.23809523809523808,0.004082334008545345,0.04275983436853002
272,final_half,Fisher,122,0.773194854289689,0.23809523809523808,-0.0208637206274515,0.05982900432900433
293,final_half,Semantic,72,0.5363688983214355,0.14285714285714285,0.06934368769695802,0.09439560439560438
293,final_half,Temperature,72,0.5376873110810986,0.06666666666666667,0.030191652196282736,0.04714285714285714
293,final_half,Fisher,72,0.4837931699787768,0.14285714285714285,0.004294488391536435,0.049157509157509154
303,final_half,Semantic,65,0.7414335664335664,0.4,0.04595935314685315,0.07837995337995338
303,final_half,Temperature,65,0.7383741258741259,0.2727272727272727,0.030684003496503503,0.05641025641025641
303,final_half,Fisher,65,0.7861451048951049,0.4,-0.04138548951048951,0.04889277389277389
304,final_half,Semantic,101,0.651100757134537,0.1,-0.01077227722772277,0.05670426065162907
304,final_half,Temperature,101,0.5332090856144438,0.1,0.00536109493302271,0.07329156223893067
304,final_half,Fisher,101,0.6085963890506698,0.1,0.005952824694234126,0.04563492063492064
314,final_half,Semantic,69,0.6906466934599929,0.16666666666666666,0.03675191815856778,0.04568764568764568
314,final_half,Temperature,69,0.7512605042016808,0.2727272727272727,0.009335038363171356,0.06940559440559439
314,final_half,Fisher,69,0.6552795031055901,0.16666666666666666,0.049309462915601024,0.0770979020979021
323,final_half,Semantic,64,0.5133241758241758,0.07692307692307693,-0.03336767399267399,0.026923076923076928
323,final_half,Temperature,64,0.7817765567765567,0.2727272727272727,-0.0038255494505494494,0.06427738927738927
323,final_half,Fisher,64,0.637591575091575,0.2727272727272727,-0.019052197802197805,0.03141025641025641
331,final_half,Semantic,80,0.6112986404125644,0.3333333333333333,0.007400375058602904,0.05963369963369963
331,final_half,Temperature,80,0.7475386779184248,0.3333333333333333,-0.025644631973745897,0.04476190476190476
331,final_half,Fisher,80,0.5536568213783404,0.45454545454545453,-0.009851148616971398,0.05142857142857142
335,final_half,Semantic,70,0.6160965794768611,0.07692307692307693,0.06486046715073047,0.0685897435897436
335,final_half,Temperature,70,0.7150205581313971,0.16666666666666666,-0.004606771061149503,0.05576923076923077
335,final_half,Fisher,70,0.6289038579301898,0.07692307692307693,0.03275478960720847,0.05576923076923077
338,final_half,Semantic,65,0.5421328671328671,0.07692307692307693,0.021368006993006998,0.05961538461538461
338,final_half,Temperature,65,0.5351398601398601,0.2727272727272727,-0.041118881118881116,0.05576923076923077
338,final_half,Fisher,65,0.48767482517482513,0.0,-0.039444930069930065,0.058974358974358966
340,final_half,Semantic,77,0.6310531573689467,0.23076923076923078,-0.013131605236868394,0.05619047619047618
340,final_half,Temperature,77,0.7773542247226456,0.23076923076923078,-0.006351543193648462,0.04476190476190476
340,final_half,Fisher,77,0.7620537357379462,0.23076923076923078,-0.03773463378726536,0.0519047619047619
344,final_half,Semantic,82,0.5084729160544618,0.2,0.012333344216976306,0.07362394957983193
344,final_half,Temperature,82,0.5693124802733971,0.2,-0.018823260521761847,0.03860294117647059
344,final_half,Fisher,82,0.5697478259923162,0.2,0.01594997877689621,0.07227941176470588
345,final_half,Semantic,78,0.1283905967450271,0.0,0.03273688336979476,0.060219780219780215
345,final_half,Temperature,78,0.5784974519151734,0.06666666666666667,-0.015556595303430749,0.04534798534798535
345,final_half,Fisher,78,0.17224547604294438,0.0,-0.014771304644722368,0.04915750915750916
361,final_half,Semantic,69,0.508732188527585,0.0,0.001954694921446838,0.0628205128205128
361,final_half,Temperature,69,0.659152356594812,0.16666666666666666,0.00039459261965656134,0.06491841491841491
361,final_half,Fisher,69,0.5765071245889661,0.07692307692307693,0.009364267446108876,0.08479020979020978
376,final_half,Semantic,69,0.7226890756302522,0.75,-0.010038363171355497,0.04358974358974359
376,final_half,Temperature,69,0.6249543295579102,0.16666666666666666,-0.013686518085495068,0.04358974358974359
376,final_half,Fisher,69,0.7685056631348192,0.4,-0.017533796127146513,0.035897435897435895
378,final_half,Semantic,93,0.6480558622541851,0.17647058823529413,-0.01013995404494047,0.04561403508771929
378,final_half,Temperature,93,0.7999313658201783,0.25,-0.02549162961415654,0.042982456140350865
378,final_half,Fisher,93,0.6609769926292857,0.17647058823529413,0.0046022201665124884,0.061674406604747156
382,final_half,Semantic,78,0.469492532783672,0.3333333333333333,0.00040592319073331774,0.04428571428571428
382,final_half,Temperature,78,0.44594645860468646,0.14285714285714285,0.00416419024013961,0.0563003663003663
382,final_half,Fisher,78,0.491622301748884,0.3333333333333333,0.05163191239140606,0.07296703296703297
383,final_half,Semantic,66,0.5821313015342867,0.2727272727272727,-0.013979751591691892,0.04358974358974359
383,final_half,Temperature,66,0.6750234839787079,0.5555555555555556,-0.025032877570191014,0.06252913752913752
383,final_half,Fisher,66,0.5491076088091015,0.2727272727272727,0.009831959085690432,0.08158508158508158
384,final_half,Semantic,70,0.5748053538623042,0.2727272727272727,0.029629953634852595,0.06427738927738928
384,final_half,Temperature,70,0.7256932901758376,0.4,0.024116875164027628,0.051923076923076926
384,final_half,Fisher,70,0.4089755926865541,0.16666666666666666,0.015576939900271189,0.07855477855477853
385,final_half,Semantic,76,0.553902939166097,0.14285714285714285,0.012665755297334241,0.062380952380952384
385,final_half,Temperature,76,0.6863978127136021,0.14285714285714285,-0.009935748462064251,0.06344322344322344
385,final_half,Fisher,76,0.7259876965140123,0.14285714285714285,-0.021457279562542717,0.043333333333333335
389,final_half,Semantic,70,0.46744816726445626,0.16666666666666666,0.04731169626454378,0.0641025641025641
389,final_half,Temperature,70,0.7648149768174262,0.07692307692307693,0.025107164727495412,0.07534965034965035
389,final_half,Fisher,70,0.4091155629428746,0.16666666666666666,0.021030531012159914,0.06491841491841492
394,final_half,Semantic,63,0.6180875576036866,0.4,0.037576804915514586,0.06794871794871794
394,final_half,Temperature,63,0.5661482334869432,0.4,0.0026425691244239603,0.06410256410256408
394,final_half,Fisher,63,0.6342645929339478,0.2727272727272727,0.014504128264208905,0.06107226107226107
397,final_half,Semantic,76,0.6244429254955571,0.0,-0.023763499658236504,0.037142857142857144
397,final_half,Temperature,76,0.7102392344497608,0.23076923076923078,0.0392576896787423,0.06476190476190476
397,final_half,Fisher,76,0.7365413533834587,0.14285714285714285,-0.004332194121667807,0.08117216117216117
408,final_half,Semantic,79,0.4832765335929893,0.23076923076923078,-0.00737463485881207,0.06523809523809523
408,final_half,Temperature,79,0.5412366114897761,0.23076923076923078,-0.01088242453748782,0.062380952380952384
408,final_half,Fisher,79,0.304016553067186,0.14285714285714285,-0.008666017526777023,0.06904761904761904
410,final_half,Semantic,82,0.75781717656534,0.2857142857142857,0.0068936994590829415,0.07816176470588235
410,final_half,Temperature,82,0.7417529195372276,0.2,-0.0007379109935677621,0.04602941176470589
410,final_half,Fisher,82,0.794886864531296,0.38461538461538464,0.0162656044231125,0.057352941176470586
411,final_half,Semantic,72,0.5819023731429674,0.23076923076923078,0.025160782043861345,0.07952380952380952
411,final_half,Temperature,72,0.5980448903466461,0.14285714285714285,-0.009256222265097435,0.07106227106227106
411,final_half,Fisher,72,0.5395845391986623,0.14285714285714285,-0.021252170557592133,0.05714285714285714
412,final_half,Semantic,69,0.6372305443916698,0.4,0.005352575812933869,0.05337995337995338
412,final_half,Temperature,69,0.8807818779685788,0.5555555555555556,-0.03700401899890391,0.06025641025641025
412,final_half,Fisher,69,0.7487029594446475,0.2727272727272727,-0.02192911947387651,0.0608974358974359
413,final_half,Semantic,68,0.7132496087338243,0.2727272727272727,0.009993510707332901,0.05961538461538461
413,final_half,Temperature,68,0.6628621597892888,0.2727272727272727,0.011680726800778717,0.051923076923076926
413,final_half,Fisher,68,0.780012978585334,0.2727272727272727,-0.024296675191815855,0.04743589743589744
416,final_half,Semantic,69,0.7186335403726709,0.2727272727272727,-0.014214468396054072,0.051923076923076926
416,final_half,Temperature,69,0.749652904640117,0.2727272727272727,0.006510778224333205,0.06346153846153846
416,final_half,Fisher,69,0.479978078187797,0.16666666666666666,-0.01967665327000366,0.056585081585081576
418,final_half,Semantic,78,0.6140062469176393,0.6,-0.027072927072927078,0.03047619047619048
418,final_half,Temperature,78,0.33924303544556705,0.45454545454545453,-0.019338888959142125,0.03534798534798535
418,final_half,Fisher,78,0.5802678334323903,0.45454545454545453,-0.015280921610035528,0.03761904761904762
428,final_half,Semantic,64,0.3024725274725274,0.16666666666666666,-0.05128205128205128,0.05979020979020978
428,final_half,Temperature,64,0.4884157509157509,0.16666666666666666,0.032607600732600724,0.05064102564102564
428,final_half,Fisher,64,0.37912087912087905,0.16666666666666666,-0.054697802197802195,0.04807692307692307
433,final_half,Semantic,93,0.6825370773775774,0.5384615384615384,-0.007840709020918508,0.04824561403508772
433,final_half,Temperature,93,0.7268508847841006,0.6666666666666666,0.028653278028110168,0.09196766425868592
433,final_half,Fisher,93,0.6432663901405509,0.5384615384615384,0.018741607233445732,0.0717406260749914
435,final_half,Semantic,65,0.4295454545454545,0.16666666666666666,0.0367263986013986,0.06427738927738927
435,final_half,Temperature,65,0.6331293706293706,0.16666666666666666,0.02486451048951049,0.05128205128205128
435,final_half,Fisher,65,0.49007867132867133,0.2727272727272727,0.018704108391608392,0.04807692307692307
440,final_half,Semantic,72,0.8495080069457844,0.45454545454545453,0.02342755161103608,0.06725274725274724
440,final_half,Temperature,72,0.7923339121486914,0.45454545454545453,0.0023297318155508437,0.048095238095238094
440,final_half,Fisher,72,0.8454241430317064,0.45454545454545453,0.007844555919994858,0.06630036630036629
444,final_half,Semantic,77,0.5582575319417423,0.14285714285714285,0.03466664914033335,0.07725274725274725
444,final_half,Temperature,77,0.657184920342815,0.23076923076923078,-0.013761238761238751,0.06069597069597069
444,final_half,Fisher,77,0.562384983437615,0.06666666666666667,0.015980072559019926,0.052490842490842494
448,final_half,Semantic,77,0.8453651611546349,0.3333333333333333,-0.019966875230033126,0.06677655677655678
448,final_half,Temperature,77,0.8995741101004258,0.3333333333333333,-0.013328776486671223,0.07498168498168498
448,final_half,Fisher,77,0.8508070876491929,0.45454545454545453,0.04456464588043535,0.060219780219780215
449,final_half,Semantic,79,0.615968841285297,0.06666666666666667,0.011791626095423563,0.06238095238095237
449,final_half,Temperature,79,0.7204722492697176,0.0,0.027538948393378775,0.06249084249084249
449,final_half,Fisher,79,0.6623417721518987,0.06666666666666667,-0.013634371957156772,0.05736263736263736
450,final_half,Semantic,65,0.8150349650349651,0.2727272727272727,0.05720061188811189,0.07564102564102565
450,final_half,Temperature,65,0.546416083916084,0.07692307692307693,-0.021501311188811188,0.045046620046620044
450,final_half,Fisher,65,0.8274038461538461,0.2727272727272727,-0.03929195804195804,0.06794871794871796
478,final_half,Semantic,73,0.7158459829692707,0.23076923076923078,-0.010036406269282979,0.05476190476190477
478,final_half,Temperature,73,0.6861039121313094,0.14285714285714285,-0.0009440947797112208,0.03428571428571428
478,final_half,Fisher,73,0.7093360483771443,0.23076923076923078,0.03199895100580033,0.07106227106227106
481,final_half,Semantic,75,0.6396301564722616,0.14285714285714285,-0.022890469416785204,0.04047619047619048
481,final_half,Temperature,75,0.5999999999999999,0.23076923076923078,-0.0048165007112375546,0.0557142857142857
481,final_half,Fisher,75,0.6246372688477951,0.06666666666666667,-0.004035561877667142,0.0645054945054945
483,final_half,Semantic,72,0.6159238536240275,0.14285714285714285,-0.020324458164512192,0.0645054945054945
483,final_half,Temperature,72,0.6575664029841147,0.23076923076923078,0.0042221364717988305,0.07677655677655677
483,final_half,Fisher,72,0.5224130169142711,0.23076923076923078,-0.03056948999935688,0.06904761904761904
485,final_half,Semantic,86,0.7895749799518845,0.125,0.0019925468182461423,0.056932773109243696
485,final_half,Temperature,86,0.6947403179395255,0.2,-0.00448606066323883,0.05816176470588236
485,final_half,Fisher,86,0.7054389357988584,0.058823529411764705,-0.0033765743667154126,0.06066176470588236
486,final_half,Semantic,67,0.33665895123313916,0.07692307692307693,-0.05030329635246229,0.04294871794871795
486,final_half,Temperature,67,0.5313273206161705,0.2727272727272727,-0.0324846356453029,0.05641025641025641
486,final_half,Fisher,67,0.18820336818580893,0.07692307692307693,0.004399792481443058,0.06474358974358975
490,final_half,Semantic,83,0.6713823936862431,0.38461538461538464,0.016177952227026567,0.061102941176470596
490,final_half,Temperature,83,0.8568489987825868,0.5,0.049413332773603116,0.08132352941176471
490,final_half,Fisher,83,0.5197934595524956,0.2,0.009344695856597118,0.05772058823529412
496,final_half,Semantic,64,0.7812728937728937,0.2727272727272727,-0.02861263736263736,0.08076923076923077
496,final_half,Temperature,64,0.7716117216117216,0.4,-0.014164377289377287,0.05961538461538461
496,final_half,Fisher,64,0.7948717948717948,0.4,0.01838369963369963,0.06282051282051282
497,final_half,Semantic,66,0.6278467800855861,0.2727272727272727,0.03815259367498174,0.07179487179487179
497,final_half,Temperature,66,0.6322304561110532,0.4,-0.05501722158438578,0.06107226107226107
497,final_half,Fisher,66,0.6029641999791255,0.16666666666666666,-0.004552760672163665,0.06666666666666667
506,final_half,Semantic,78,0.6159789577511097,0.3333333333333333,-0.009274270033763705,0.0757142857142857
506,final_half,Temperature,78,0.6150684758279695,0.14285714285714285,0.0063291139240506345,0.048571428571428564
506,final_half,Fisher,78,0.4427850630382276,0.06666666666666667,0.03354620063480823,0.06344322344322344
507,final_half,Semantic,79,0.3690603700097371,0.06666666666666667,0.03621592015579357,0.06725274725274724
507,final_half,Temperature,79,0.42792112950340805,0.06666666666666667,0.0023612463485881197,0.06285714285714285
507,final_half,Fisher,79,0.401460564751704,0.06666666666666667,0.040691333982473224,0.06688644688644688
510,final_half,Semantic,87,0.7587300430123204,0.2857142857142857,-0.010850586863016697,0.05816176470588236
510,final_half,Temperature,87,0.5081650506670554,0.2,-0.025062878180360137,0.047794117647058834
510,final_half,Fisher,87,0.47911350878471964,0.2,0.023347853029087994,0.05191176470588236
511,final_half,Semantic,78,0.660440824997787,0.06666666666666667,-0.03937328494290519,0.06857142857142857
511,final_half,Temperature,78,0.5177480747101,0.0,0.030112925049633914,0.07047619047619046
511,final_half,Fisher,78,0.7831282641409223,0.0,0.00023773694659770457,0.055714285714285716
516,final_half,Semantic,79,0.8099805258033107,0.6,-0.008528481012658228,0.06285714285714286
516,final_half,Temperature,79,0.6555501460564752,0.45454545454545453,-0.026518987341772153,0.054761904761904755
516,final_half,Fisher,79,0.6608081791626095,0.45454545454545453,0.06194985394352483,0.07725274725274725
517,final_half,Semantic,89,0.5226081035069801,0.2,-0.030678413346952683,0.060661764705882346
517,final_half,Temperature,89,0.5044603336738169,0.125,-0.007282941777323802,0.023897058823529414
517,final_half,Fisher,89,0.6108273748723188,0.125,-0.004009193054136873,0.04345588235294118
520,final_half,Semantic,77,0.4730795520269204,0.23076923076923078,-0.06358641358641356,0.04714285714285714
520,final_half,Temperature,77,0.4899574110100425,0.23076923076923078,-0.002883958147116043,0.054285714285714284
520,final_half,Fisher,77,0.5712182554287817,0.23076923076923078,0.015433250959566746,0.06285714285714285
521,final_half,Semantic,94,0.5789618177220677,0.17647058823529413,0.027858974822092975,0.04683522531819745
521,final_half,Temperature,94,0.23898421413864107,0.17647058823529413,-0.010618068850919333,0.05273477812177503
521,final_half,Fisher,94,0.6169345807896542,0.17647058823529413,-0.019794819925586092,0.051461988304093556
529,final_half,Semantic,74,0.8279452054794518,0.3333333333333333,-0.03204887078859681,0.06857142857142857
529,final_half,Temperature,74,0.6597704553868936,0.14285714285714285,-0.021162532395409106,0.0557142857142857
529,final_half,Fisher,74,0.8253683820807107,0.3333333333333333,0.0018022954461310594,0.07058608058608058
531,final_half,Semantic,111,0.7903211653211653,0.6,0.03201342576342575,0.06795744301465124
531,final_half,Temperature,111,0.7236223236223236,0.3333333333333333,-0.024122499122499128,0.05203274985883681
531,final_half,Fisher,111,0.6890575640575641,0.2631578947368421,-0.020819147069147063,0.06326933935629588
537,final_half,Semantic,67,0.7949956101843723,0.5555555555555556,-0.04324567004549444,0.0641025641025641
537,final_half,Temperature,67,0.8397717295873575,0.4,0.03007223242078378,0.06794871794871794
537,final_half,Fisher,67,0.7593981961848512,0.2727272727272727,-0.01541024822412004,0.058508158508158506
545,final_half,Semantic,70,0.7547371183623479,0.4,0.0032770536261044502,0.05576923076923077
545,final_half,Temperature,70,0.6432858017671245,0.16666666666666666,0.016325780771586036,0.08346153846153845
545,final_half,Fisher,70,0.8870090105852506,0.4,-0.003579739305397607,0.0641025641025641
550,final_half,Semantic,87,0.7747867609535612,0.6363636363636364,0.00367336152219873,0.04154411764705883
550,final_half,Temperature,87,0.6577422176860829,0.38461538461538464,0.026800685281038128,0.05889705882352941
550,final_half,Fisher,87,0.8011409200262447,0.6363636363636364,0.007052380258073925,0.053623949579831943
553,final_half,Semantic,72,0.7831050228310503,0.6,0.04082256093639464,0.062380952380952384
553,final_half,Temperature,72,0.7902115891697217,0.3333333333333333,0.03019326001672134,0.06476190476190477
553,final_half,Fisher,72,0.7372178275130236,0.45454545454545453,0.024771689497716902,0.05809523809523809
571,final_half,Semantic,76,0.4429528366370472,0.06666666666666667,0.0010129870129870079,0.03809523809523809
571,final_half,Temperature,76,0.5280656185919345,0.14285714285714285,-0.00851264524948735,0.04095238095238095
571,final_half,Fisher,76,0.5543677375256323,0.23076923076923078,0.07556254272043746,0.07487179487179488
572,final_half,Semantic,73,0.8087436751820314,0.3333333333333333,0.008395038874490928,0.0908058608058608
572,final_half,Temperature,73,0.8448722695298039,0.6,0.0027705787979760586,0.05523809523809523
572,final_half,Fisher,73,0.8070776255707763,0.23076923076923078,0.04644884610638036,0.05523809523809523
577,final_half,Semantic,74,0.5140170307293593,0.06666666666666667,0.003379489078119213,0.044871794871794865
577,final_half,Temperature,74,0.666345797852647,0.23076923076923078,-0.03322325064790818,0.0606959706959707
577,final_half,Fisher,74,0.29107737874861156,0.14285714285714285,-0.014142910033320988,0.08058608058608058
580,final_half,Semantic,67,0.7778354218213746,0.2727272727272727,0.0195087397238407,0.046153846153846156
580,final_half,Temperature,67,0.7400431000079817,0.2727272727272727,-0.019391012850187565,0.058974358974358966
580,final_half,Fisher,67,0.5768616809003114,0.16666666666666666,-0.011076302977093144,0.07389277389277389
586,final_half,Semantic,66,0.492871307796681,0.07692307692307693,0.03273562258636887,0.06346153846153846
586,final_half,Temperature,66,0.6916397035800022,0.07692307692307693,0.006940820373656197,0.07243589743589743
586,final_half,Fisher,66,0.26270744181191946,0.16666666666666666,0.014301221166892808,0.07086247086247086
590,final_half,Semantic,69,0.7234198027036903,0.2727272727272727,-0.018562294483010597,0.047435897435897434
590,final_half,Temperature,69,0.6941176470588236,0.16666666666666666,-0.015323346729996348,0.044230769230769226
590,final_half,Fisher,69,0.5749360613810742,0.16666666666666666,-0.04151991231275119,0.05641025641025641
592,final_half,Semantic,77,0.47915242652084755,0.14285714285714285,-0.012504600662495396,0.041428571428571426
592,final_half,Temperature,77,0.6469320153530679,0.23076923076923078,0.006231925968768068,0.058571428571428566
592,final_half,Fisher,77,0.5749250749250748,0.23076923076923078,-0.015195330984804667,0.04476190476190476
594,final_half,Semantic,71,0.8516096579476861,0.3333333333333333,-0.025308517773306498,0.05857142857142857
594,final_half,Temperature,71,0.8814889336016095,0.6,-0.027038900067069084,0.0663003663003663
594,final_half,Fisher,71,0.8778336686787389,0.3333333333333333,0.0030935613682092533,0.06095238095238096
598,final_half,Semantic,97,0.8607195455501787,0.8181818181818182,0.027119713864927415,0.06910904712762297
598,final_half,Temperature,97,0.8167999158426256,0.8181818181818182,-0.0196126130864717,0.052442380460956305
598,final_half,Fisher,97,0.8603119082684619,0.6666666666666666,0.0021328634546602136,0.06676986584107328
606,final_half,Semantic,99,0.7221150278293135,0.17647058823529413,0.03744155844155844,0.06974544203646371
606,final_half,Temperature,99,0.6352504638218923,0.05263157894736842,-0.02250092764378479,0.054385964912280704
606,final_half,Fisher,99,0.6530117501546073,0.17647058823529413,-0.024395794681508966,0.07915376676986584
611,final_half,Semantic,82,0.6549449831847717,0.2,0.011658558352651801,0.06816176470588235
611,final_half,Temperature,82,0.81750307462914,0.2857142857142857,0.004279448416974129,0.039338235294117646
611,final_half,Fisher,82,0.6874000065301857,0.2,-0.007977710299191351,0.07139705882352941
614,final_half,Semantic,92,0.782793643943714,0.25,-0.03744817594747468,0.04327485380116958
614,final_half,Temperature,92,0.7791409151857959,0.5384615384615384,0.051602114575466616,0.05531475748194015
614,final_half,Fisher,92,0.883343865111046,0.6666666666666666,-0.010802521461707992,0.03216374269005847
617,final_half,Semantic,64,0.6468406593406592,0.4,-0.05356913919413919,0.05512820512820512
617,final_half,Temperature,64,0.6774267399267399,0.16666666666666666,0.045647893772893765,0.06346153846153844
617,final_half,Fisher,64,0.5131410256410256,0.16666666666666666,-0.011437728937728936,0.05099067599067599
625,final_half,Semantic,78,0.7387928527169033,0.3333333333333333,0.039977743775212134,0.0519047619047619
625,final_half,Temperature,78,0.46061533403305555,0.14285714285714285,0.036946597706091384,0.06523809523809523
625,final_half,Fisher,78,0.7234664070107107,0.14285714285714285,-0.040487360740525294,0.06402930402930403
630,final_half,Semantic,77,0.8674483411325515,0.45454545454545453,-0.042790104632209905,0.048095238095238094
630,final_half,Temperature,77,0.889741837110258,0.6,-0.021255060728744928,0.07831501831501832
630,final_half,Fisher,77,0.8429465271570534,0.6,0.0027945738472054333,0.05296703296703296
638,final_half,Semantic,72,0.781625828027526,0.23076923076923078,0.03273361630973054,0.04476190476190476
638,final_half,Temperature,72,0.7714965592642615,0.23076923076923078,-0.0066563766158595425,0.06677655677655678
638,final_half,Fisher,72,0.7535532831693358,0.45454545454545453,-0.04043668403112741,0.06190476190476189
639,final_half,Semantic,62,0.7801616680516734,0.4,0.05441817128755257,0.055128205128205134
639,final_half,Temperature,62,0.7393165621616178,0.16666666666666666,0.024731182795698924,0.04807692307692307
639,final_half,Fisher,62,0.5306086474780287,0.16666666666666666,0.042917579511974016,0.08449883449883451
648,final_half,Semantic,96,0.5274145415084102,0.1111111111111111,0.009209848073792725,0.06389748882008944
648,final_half,Temperature,96,0.5594953879544221,0.3333333333333333,0.001722734671730877,0.05595115239078087
648,final_half,Fisher,96,0.5499593054801953,0.1111111111111111,0.009544899620184486,0.045906432748538006
668,final_half,Semantic,84,0.7981775842867267,0.2857142857142857,0.0513232762984712,0.06558823529411764
668,final_half,Temperature,84,0.6988964260402958,0.125,0.020496102055279942,0.0748529411764706
668,final_half,Fisher,84,0.7445783132530122,0.2,-0.03759137389895718,0.026838235294117652
676,final_half,Semantic,71,0.6829309188464118,0.45454545454545453,0.019669684775318573,0.05963369963369963
676,final_half,Temperature,71,0.7187793427230046,0.3333333333333333,-0.04465459423205902,0.037142857142857144
676,final_half,Fisher,71,0.6551643192488261,0.45454545454545453,-0.0050352112676056385,0.07736263736263735
682,final_half,Semantic,79,0.902653359298929,1.0,-0.0012719084712755663,0.06677655677655678
682,final_half,Temperature,79,0.8136562804284323,0.6,0.0274269717624148,0.048095238095238094
682,final_half,Fisher,79,0.9072541382667966,0.45454545454545453,-0.0026436222005842267,0.056776556776556776
690,final_half,Semantic,77,0.6747200168252799,0.06666666666666667,-0.03986539776013459,0.04582417582417582
690,final_half,Temperature,77,0.5359114569640885,0.23076923076923078,0.05635154319364845,0.06238095238095237
690,final_half,Fisher,77,0.6408591408591408,0.23076923076923078,-0.012366580787633424,0.052490842490842494
696,final_half,Semantic,120,0.4333981526494895,0.043478260869565216,0.014877422043197442,0.04748729531338226
696,final_half,Temperature,120,0.5229668726994929,0.09090909090909091,0.01064414195430238,0.05443252399774138
696,final_half,Fisher,120,0.5246961594555177,0.14285714285714285,0.027008820056948397,0.06372819400279353
698,final_half,Semantic,79,0.7379990262901656,0.6,0.009870983446932812,0.06344322344322344
698,final_half,Temperature,79,0.6437195715676728,0.6,0.03144109055501461,0.05534798534798535
698,final_half,Fisher,79,0.7401411879259981,0.7777777777777778,-0.008588120740019472,0.04201465201465201
701,final_half,Semantic,81,0.5648599819331527,0.2,0.007535004516711833,0.08683823529411765
701,final_half,Temperature,81,0.5555555555555555,0.2,0.02236788617886179,0.0782563025210084
701,final_half,Fisher,81,0.6359756097560976,0.2857142857142857,0.0016452122854561922,0.0813970588235294
702,final_half,Semantic,87,0.6050338995407158,0.058823529411764705,-0.0036031931180287246,0.0706827731092437
702,final_half,Temperature,87,0.9208463949843259,0.2,-0.0023538310126120887,0.04852941176470589
702,final_half,Fisher,87,0.4932018662972953,0.2,0.004245644091273601,0.05977941176470588
706,final_half,Semantic,88,0.7360255010390617,0.125,-0.013978021203902647,0.05154411764705883
706,final_half,Temperature,88,0.5502624071008418,0.2857142857142857,0.03585643337677434,0.07639705882352942
706,final_half,Fisher,88,0.7296678524884648,0.2857142857142857,0.00693089359304005,0.04816176470588236
716,final_half,Semantic,75,0.7302702702702701,0.3333333333333333,-0.049963015647226175,0.06296703296703296
716,final_half,Temperature,75,0.5970981507823613,0.14285714285714285,-0.023324324324324318,0.04476190476190476
716,final_half,Fisher,75,0.6821906116642958,0.3333333333333333,0.012325746799431015,0.05857142857142857
728,final_half,Semantic,66,0.5209268343596702,0.07692307692307693,-0.02331071913161466,0.04294871794871794
728,final_half,Temperature,66,0.41346414779250606,0.07692307692307693,0.021150193090491605,0.06876456876456875
728,final_half,Fisher,66,0.6427512785721742,0.4,0.014276171589604425,0.06940559440559439
729,final_half,Semantic,98,0.8448954089602101,0.17647058823529413,-0.0019330693852048814,0.03572411420708634
729,final_half,Temperature,98,0.8639073248793424,0.3333333333333333,0.02603650644887757,0.07015393876848985
729,final_half,Fisher,98,0.8323483095206217,0.25,0.049062474099292944,0.04069487444100447
735,final_half,Semantic,75,0.822076813655761,0.6,-0.008532005689900424,0.05201465201465202
735,final_half,Temperature,75,0.8343669985775247,0.45454545454545453,-0.0273669985775249,0.08106227106227105
735,final_half,Fisher,75,0.8165007112375534,0.45454545454545453,0.03425320056899004,0.058571428571428566
736,final_half,Semantic,68,0.6891247089361378,0.16666666666666666,-0.02304462343016376,0.035897435897435895
736,final_half,Temperature,68,0.6941634538305912,0.4,-0.02146428980417605,0.039102564102564095
736,final_half,Fisher,68,0.5896094972706798,0.2727272727272727,0.020630224834904756,0.07004662004662005
747,final_half,Semantic,73,0.5132358385783045,0.14285714285714285,-0.032705479452054806,0.054285714285714284
747,final_half,Temperature,73,0.4285449833395039,0.0,-0.00395841046525978,0.06857142857142857
747,final_half,Fisher,73,0.47976058250030856,0.06666666666666667,-0.018568739972849562,0.06249084249084249
748,final_half,Semantic,114,0.13348048844697352,0.09090909090909091,0.009432372774953932,0.03794466403162055
748,final_half,Temperature,114,0.49151293007432006,0.2631578947368421,-0.05300621696603958,0.05355731225296443
748,final_half,Fisher,114,0.5301593730382131,0.3333333333333333,0.01648893299042142,0.06482778091473743
749,final_half,Semantic,98,0.735758595846961,0.05263157894736842,-0.0027070622063258276,0.04883040935672515
749,final_half,Temperature,98,0.8386346103577325,0.42857142857142855,0.037858067313148315,0.08080495356037151
749,final_half,Fisher,98,0.6490382469763911,0.1111111111111111,-0.0017832437567341832,0.04327485380116959
753,final_half,Semantic,62,0.4250459570396112,0.16666666666666666,0.01935735690362872,0.0858974358974359
753,final_half,Temperature,62,0.7030545692629246,0.5555555555555556,0.024305608017929543,0.08543123543123543
753,final_half,Fisher,62,0.6778222658709174,0.2727272727272727,-0.00735816272569313,0.06555944055944055
754,final_half,Semantic,74,0.7767345427619399,0.14285714285714285,0.0003095149944465039,0.06391941391941391
754,final_half,Temperature,74,0.7595557201036651,0.3333333333333333,-0.029224731580895957,0.06582417582417584
754,final_half,Fisher,74,0.6525435024065159,0.06666666666666667,0.042308774527952606,0.06772893772893772
759,final_half,Semantic,84,0.7914346461476157,0.38461538461538464,0.03461881137997367,0.07066176470588234
759,final_half,Temperature,84,0.6445884377847525,0.38461538461538464,-0.02859370254125746,0.04558823529411765
759,final_half,Fisher,84,0.7349397590361446,0.2857142857142857,0.012037055786169891,0.08408613445378152
763,final_half,Semantic,63,0.390312980030722,0.16666666666666666,0.027215341781874042,0.05576923076923077
763,final_half,Temperature,63,0.7447196620583717,0.4,-0.03811443932411675,0.07837995337995338
763,final_half,Fisher,63,0.3714957757296467,0.07692307692307693,-0.017014688940092167,0.051923076923076926
771,final_half,Semantic,77,0.6510857563489142,0.3333333333333333,-0.012266680687733317,0.059157509157509156
771,final_half,Temperature,77,0.6106525053893475,0.23076923076923078,0.0024935590725064425,0.05142857142857142
771,final_half,Fisher,77,0.532861874967138,0.23076923076923078,-0.04944529155055471,0.05582417582417583
782,final_half,Semantic,77,0.5692202534307798,0.3333333333333333,0.031811609443188386,0.08201465201465201
782,final_half,Temperature,77,0.5803407119196593,0.23076923076923078,-0.016503233608496762,0.04428571428571428
782,final_half,Fisher,77,0.5421157789578841,0.3333333333333333,-0.020867290604132702,0.041428571428571426
784,final_half,Semantic,75,0.6129445234708392,0.45454545454545453,0.022361308677098145,0.08450549450549451
784,final_half,Temperature,75,0.6763869132290184,0.45454545454545453,-0.020931721194879092,0.06142857142857143
784,final_half,Fisher,75,0.687311522048364,0.23076923076923078,-0.032453769559032716,0.047619047619047616
799,final_half,Semantic,93,0.525290203216854,0.25,-0.04460326459968368,0.051754385964912275
799,final_half,Temperature,93,0.4978066903404851,0.1111111111111111,0.0037748798901853114,0.061850705194358445
799,final_half,Fisher,93,0.749410641281967,0.25,0.00623302796096804,0.09101737186102511
800,final_half,Semantic,88,0.8280793209115567,0.5,-0.01964090732978761,0.06889705882352941
800,final_half,Temperature,88,0.7763375717657005,0.6363636363636364,-0.02200521291958719,0.04897058823529412
800,final_half,Fisher,88,0.640378993342961,0.2857142857142857,-0.035510373005529935,0.07595588235294118
803,final_half,Semantic,75,0.7735135135135136,0.14285714285714285,0.002240398293029873,0.058571428571428566
803,final_half,Temperature,75,0.7160170697012802,0.6,0.02790327169274538,0.06999999999999998
803,final_half,Fisher,75,0.6993172119487908,0.06666666666666667,-0.03092745376955904,0.048681318681318676
809,final_half,Semantic,76,0.4124128503075871,0.06666666666666667,0.011788106630211898,0.0563003663003663
809,final_half,Temperature,76,0.37566643882433354,0.14285714285714285,0.015431305536568695,0.05523809523809524
809,final_half,Fisher,76,0.6139986329460013,0.3333333333333333,-0.03957484620642516,0.04476190476190476
811,final_half,Semantic,85,0.8426226304475278,0.8,0.024642368575337113,0.08683823529411765
811,final_half,Temperature,85,0.8510064490912644,0.6363636363636364,0.0018409224154778184,0.06558823529411764
811,final_half,Fisher,85,0.8306624975571624,0.8,-0.009744967754543674,0.04889705882352942
818,final_half,Semantic,74,0.3442132543502406,0.23076923076923078,0.005757867456497592,0.04476190476190476
818,final_half,Temperature,74,0.4684339133654201,0.3333333333333333,0.030462791558681968,0.05761904761904761
818,final_half,Fisher,74,0.43890410958904097,0.14285714285714285,-0.01267086264346538,0.05714285714285714
822,final_half,Semantic,102,0.7042708268542446,0.5714285714285714,-0.036020152557802894,0.06170426065162908
822,final_half,Temperature,102,0.7973548354264324,0.5714285714285714,-0.01644039332545476,0.057180451127819554
822,final_half,Fisher,102,0.7160321400500986,0.5714285714285714,0.004329633420223805,0.06019632414369257
828,final_half,Semantic,74,0.8341947426878932,0.45454545454545453,0.03910403554239171,0.08710622710622709
828,final_half,Temperature,74,0.8516993706034801,0.3333333333333333,0.01622213994816734,0.06285714285714285
828,final_half,Fisher,74,0.6990744168826359,0.45454545454545453,0.050424287300999626,0.07344322344322343
830,final_half,Semantic,95,0.773488241881299,0.3333333333333333,0.0010148376259798448,0.0655486756105951
830,final_half,Temperature,95,0.8252239641657335,0.3333333333333333,0.014857222844344906,0.05180598555211559
830,final_half,Fisher,95,0.7084126539753639,0.25,-0.010858762597984323,0.05180598555211559
836,final_half,Semantic,65,0.6046765734265734,0.07692307692307693,0.018795891608391607,0.06043123543123543
836,final_half,Temperature,65,0.7173951048951048,0.16666666666666666,0.032930506993006994,0.06794871794871796
836,final_half,Fisher,65,0.5954545454545455,0.16666666666666666,0.01728146853146853,0.044405594405594405
845,final_half,Semantic,84,0.5510782626303533,0.2857142857142857,0.01778070264250279,0.049779411764705885
845,final_half,Temperature,84,0.523458540042523,0.125,0.016631568289966585,0.06397058823529411
845,final_half,Fisher,84,0.31489318619013873,0.125,-0.01126455401437684,0.06808823529411764
847,final_half,Semantic,63,0.4111943164362519,0.16666666666666666,0.010882296466973885,0.07453379953379953
847,final_half,Temperature,63,0.6921082949308757,0.16666666666666666,-0.035236655145929344,0.06043123543123543
847,final_half,Fisher,63,0.5126248079877114,0.2727272727272727,-0.0020689324116743486,0.046794871794871795
857,final_half,Semantic,86,0.873824236992311,0.5,-0.006143686022925611,0.06477941176470589
857,final_half,Temperature,86,0.8381999150903344,0.38461538461538464,0.028298504646445583,0.04779411764705882
857,final_half,Fisher,86,0.817727251285438,0.8,0.019626397471578853,0.07772058823529412
861,final_half,Semantic,95,0.617889137737962,0.1111111111111111,0.02298362262038074,0.0802201582387341
861,final_half,Temperature,95,0.7721444568868981,0.1111111111111111,0.030772676371780504,0.044663742690058475
861,final_half,Fisher,95,0.5689809630459126,0.05263157894736842,-0.010841265397536392,0.041623667010663924
862,final_half,Semantic,64,0.1913003663003663,0.07692307692307693,0.02176739926739927,0.08991841491841492
862,final_half,Temperature,64,0.6581959706959707,0.4,-0.004439102564102568,0.05512820512820512
862,final_half,Fisher,64,0.11007326007326006,0.0,-0.012960164835164831,0.07261072261072261
871,final_half,Semantic,68,0.7923808069626292,0.5555555555555556,-0.021597892888498685,0.07534965034965035
871,final_half,Temperature,68,0.7181356643890521,0.4,-0.01157575294881093,0.05337995337995338
871,final_half,Fisher,68,0.7965797610413404,0.4,-0.013820284765431156,0.05786713286713285
874,final_half,Semantic,75,0.3487339971550497,0.45454545454545453,0.007174964438122329,0.06523809523809523
874,final_half,Temperature,75,0.6212233285917496,0.7777777777777778,-0.0335633001422475,0.06296703296703296
874,final_half,Fisher,75,0.47496443812233285,0.3333333333333333,0.022662873399715504,0.06571428571428571
875,final_half,Semantic,85,0.44813367207348054,0.125,-0.013021301543873365,0.04345588235294118
875,final_half,Temperature,85,0.657826851670901,0.2,0.00015243306624975335,0.06987394957983194
875,final_half,Fisher,85,0.6705296071917138,0.2857142857142857,0.013990619503615395,0.07619747899159664
883,final_half,Semantic,75,0.7822190611664295,0.3333333333333333,-0.0193072546230441,0.07344322344322343
883,final_half,Temperature,75,0.724551920341394,0.23076923076923078,0.014916073968705545,0.038681318681318674
883,final_half,Fisher,75,0.7033285917496442,0.14285714285714285,0.02795874822190612,0.048571428571428564
884,final_half,Semantic,76,0.47496924128503076,0.06666666666666667,-0.012196855775803147,0.06249084249084248
884,final_half,Temperature,76,0.5348462064251538,0.14285714285714285,0.01249077238550923,0.06142857142857142
884,final_half,Fisher,76,0.3600273410799727,0.14285714285714285,-0.0310293916609706,0.05630036630036629
885,final_half,Semantic,79,0.26711295034079846,0.06666666666666667,-0.02289922103213243,0.030476190476190473
885,final_half,Temperature,79,0.349269717624148,0.0,0.00021908471275559823,0.06915750915750915
885,final_half,Fisher,79,0.22887049659201558,0.06666666666666667,0.03555744888023368,0.0482051282051282
890,final_half,Semantic,91,0.6656633221850613,0.3333333333333333,0.035409300844083454,0.06618507051943584
890,final_half,Temperature,91,0.6787068004459309,0.42857142857142855,-0.015394967351489087,0.0324561403508772
890,final_half,Fisher,91,0.6329988851727982,0.3333333333333333,-0.014393215480172004,0.056725146198830415
899,final_half,Semantic,93,0.9246217659872876,0.5384615384615384,-0.05362492912774909,0.03567251461988304
899,final_half,Temperature,93,0.9180119960609948,0.5384615384615384,0.01367909044791262,0.06494238046095631
899,final_half,Fisher,93,0.934364835427173,0.42857142857142855,0.039234132076034725,0.0717406260749914
900,final_half,Semantic,72,0.46228053251012935,0.3333333333333333,-0.04338864235642164,0.03428571428571428
900,final_half,Temperature,72,0.5954723776448646,0.23076923076923078,-0.04841951250884302,0.06582417582417582
900,final_half,Fisher,72,0.470737668017236,0.23076923076923078,-0.0035790082963534655,0.04428571428571428
920,final_half,Semantic,73,0.6013513513513514,0.23076923076923078,-0.016976737010983588,0.08212454212454212
920,final_half,Temperature,73,0.5949031223003827,0.23076923076923078,0.009181784524250279,0.06010989010989011
920,final_half,Fisher,73,0.6656176724669876,0.23076923076923078,0.04859465630013576,0.06952380952380952
923,final_half,Semantic,68,0.42917127915410164,0.07692307692307693,-0.06390044661602473,0.04294871794871794
923,final_half,Temperature,68,0.5123869145321983,0.16666666666666666,-0.027953582471275336,0.04807692307692307
923,final_half,Fisher,68,0.40340497003473674,0.0,0.005410924915066612,0.05641025641025641
924,final_half,Semantic,74,0.1604887078859681,0.14285714285714285,-0.004595335061088486,0.059157509157509156
924,final_half,Temperature,74,0.25331358756016287,0.14285714285714285,-0.0037793409848204352,0.07999999999999999
924,final_half,Fisher,74,0.10684931506849311,0.14285714285714285,-0.04241095890410957,0.047619047619047616
931,final_half,Semantic,105,0.5332158407630105,0.2222222222222222,-0.014091851544681733,0.051428571428571435
931,final_half,Temperature,105,0.7786336305204229,0.29411764705882354,0.004663591125855279,0.04670426065162907
931,final_half,Fisher,105,0.6447024673439767,0.2222222222222222,-0.005837134563549659,0.056942355889724315
933,final_half,Semantic,113,0.5516251912968261,0.043478260869565216,-0.0047495675028278615,0.06251835121400338
933,final_half,Temperature,113,0.7342803912435958,0.2,-0.03216864062811898,0.04983060417843027
933,final_half,Fisher,113,0.6013790005988423,0.09090909090909091,0.004230155033601702,0.056154714850367014
940,final_half,Semantic,95,0.6057530795072789,0.42857142857142855,-0.03712835946248601,0.058698830409356716
940,final_half,Temperature,95,0.7259938409854423,0.3333333333333333,0.006243701007838745,0.07198142414860681
940,final_half,Fisher,95,0.6948628219484883,0.17647058823529413,-0.026327687569988805,0.07307791537667699
942,final_half,Semantic,81,0.7827687443541103,0.5,0.01093947606142728,0.06227941176470588
942,final_half,Temperature,81,0.6279584462511292,0.38461538461538464,-0.0022131887985546465,0.05602941176470588
942,final_half,Fisher,81,0.7947606142728094,0.6363636363636364,0.01676377597109304,0.06227941176470588
946,final_half,Semantic,80,0.5833098921706518,0.23076923076923078,0.021176746366619786,0.04428571428571428
946,final_half,Temperature,80,0.6011954992967652,0.3333333333333333,-0.008791608063759965,0.042490842490842486
946,final_half,Fisher,80,0.6019690576652603,0.6,0.04899906235349274,0.04047619047619048
955,final_half,Semantic,67,0.5285338015803337,0.07692307692307693,0.027975097773166265,0.0747086247086247
955,final_half,Temperature,67,0.459454066565568,0.16666666666666666,0.014614095298906535,0.06730769230769232
955,final_half,Fisher,67,0.4053795195147259,0.07692307692307693,0.054194269295235055,0.06346153846153844
957,final_half,Semantic,68,0.692178493720655,0.2727272727272727,-0.03041951368477307,0.05128205128205128
957,final_half,Temperature,68,0.842119326640455,0.5555555555555556,-0.002633889376646181,0.05128205128205129
957,final_half,Fisher,68,0.6253769515593388,0.07692307692307693,-0.03036416383555369,0.07196969696969698
960,final_half,Semantic,76,0.6544907723855092,0.3333333333333333,-0.04547095010252906,0.059047619047619036
960,final_half,Temperature,76,0.5321941216678059,0.23076923076923078,0.020686261107313732,0.08117216117216117
960,final_half,Fisher,76,0.6805741626794258,0.23076923076923078,8.202323991800264e-06,0.05095238095238095
965,final_half,Semantic,79,0.47044790652385593,0.14285714285714285,0.04843232716650439,0.05476190476190477
965,final_half,Temperature,79,0.530744888023369,0.3333333333333333,0.011347370983446934,0.07106227106227105
965,final_half,Fisher,79,0.5727604673807206,0.3333333333333333,0.015970058422590066,0.03047619047619048
969,final_half,Semantic,79,0.6284566699123662,0.14285714285714285,0.006438656280428431,0.04523809523809523
969,final_half,Temperature,79,0.6325219084712757,0.14285714285714285,-0.018450584225900683,0.04476190476190476
969,final_half,Fisher,79,0.452190847127556,0.06666666666666667,0.011441090555014605,0.048095238095238094
976,final_half,Semantic,83,0.6648335502287898,0.2,-0.009650098652449519,0.058602941176470594
976,final_half,Temperature,83,0.5669787162587633,0.2857142857142857,-0.04767117249485747,0.06397058823529413
976,final_half,Fisher,83,0.738109231350489,0.2857142857142857,0.0055549725032534285,0.049705882352941176
979,final_half,Semantic,78,0.47288154883091593,0.14285714285714285,0.010684252456404355,0.06963369963369963
979,final_half,Temperature,78,0.7807761858394768,0.3333333333333333,-0.010810708279062707,0.044871794871794865
979,final_half,Fisher,78,0.6549273511298828,0.14285714285714285,-0.02803525588335714,0.055714285714285716
984,final_half,Semantic,92,0.5899079882249587,0.17647058823529413,-0.0209068631228519,0.05314327485380117
984,final_half,Temperature,92,0.5055407425673906,0.1111111111111111,-0.00841822973660281,0.0694014447884417
984,final_half,Fisher,92,0.577377741473113,0.17647058823529413,0.003403048564338886,0.04590643274853799
992,final_half,Semantic,74,0.3170825620140688,0.23076923076923078,-0.08478637541651239,0.06619047619047619
992,final_half,Temperature,74,0.4631025546094038,0.23076923076923078,-0.016712328767123287,0.04153846153846154
992,final_half,Fisher,74,0.530781192151055,0.23076923076923078,0.006412439837097364,0.06725274725274724
994,final_half,Semantic,69,0.7121300694190721,0.5555555555555556,-0.018839970770917064,0.07389277389277389
994,final_half,Temperature,69,0.7488125685056631,0.4,-0.009548776032151993,0.0726107226107226
994,final_half,Fisher,69,0.561015710632079,0.4,-0.009130434782608698,0.06730769230769229
997,final_half,Semantic,86,0.6375866786169158,0.125,-0.018314071418463137,0.06808823529411764
997,final_half,Temperature,86,0.6834001603849238,0.2,0.011447709797631957,0.04595588235294118
997,final_half,Fisher,86,0.5646964479456578,0.2,-0.004998348978725411,0.05441176470588236
998,final_half,Semantic,85,0.6429939417627516,0.5,-0.0273265585303889,0.07808823529411765
998,final_half,Temperature,85,0.4784444010162205,0.38461538461538464,-0.013230408442446748,0.06808823529411764
998,final_half,Fisher,85,0.6452413523548954,0.5,0.010040062536642563,0.05110294117647059
999,final_half,Semantic,78,0.4678486070891134,0.06666666666666667,0.03931258614802919,0.06963369963369963
999,final_half,Temperature,78,0.5894485261573869,0.23076923076923078,-0.011157197233146595,0.048571428571428564
999,final_half,Fisher,78,0.5753107651841829,0.14285714285714285,0.010669077757685353,0.04476190476190476
1,all_blocks,Semantic,107,-0.06981915789886166,0.1,0.03023717157467819,0.05269423558897244
1,all_blocks,Temperature,107,0.13641529026822627,0.1,-0.034874311800779795,0.07829156223893068
1,all_blocks,Fisher,107,0.01970062109367347,0.047619047619047616,0.022326554203648197,0.07967836257309943
19,all_blocks,Semantic,75,0.21470839260312943,0.14285714285714285,0.01651351351351351,0.08106227106227107
19,all_blocks,Temperature,75,0.2697866287339971,0.06666666666666667,0.013113798008534855,0.07476190476190475
19,all_blocks,Fisher,75,0.05032716927453769,0.06666666666666667,-0.035142247510668564,0.0771062271062271
23,all_blocks,Semantic,67,-0.10004788889775722,0.0,-0.01713823928485913,0.08525641025641027
23,all_blocks,Temperature,67,0.21210790964961296,0.0,0.058510256205603,0.07004662004662005
23,all_blocks,Fisher,67,-0.16461808604038633,0.0,-0.037658631973820744,0.035256410256410256
41,all_blocks,Semantic,97,0.19489006942983378,0.05263157894736842,-0.027119713864927408,0.07203302373581011
41,all_blocks,Temperature,97,0.38258731327582574,0.05263157894736842,0.026965206185567005,0.06974544203646371
41,all_blocks,Fisher,97,0.2917630969913738,0.05263157894736842,-0.01762110772143909,0.04853801169590642
53,all_blocks,Semantic,69,0.37943003288271837,0.07692307692307693,-0.05111618560467666,0.04294871794871795
53,all_blocks,Temperature,69,0.4495798319327731,0.07692307692307693,0.015179028132992333,0.06282051282051282
53,all_blocks,Fisher,69,0.3943734015345269,0.07692307692307693,0.005889660211910846,0.0791958041958042
55,all_blocks,Semantic,78,-0.1425789400472945,0.06666666666666667,-0.0028667534996648925,0.0783150183150183
55,all_blocks,Temperature,78,-0.1838541205629813,0.0,0.025710997862896594,0.05095238095238095
55,all_blocks,Fisher,78,-0.1765702651778601,0.0,0.0063809608113405605,0.07058608058608058
58,all_blocks,Semantic,76,0.027231715652768287,0.06666666666666667,0.003170198222829801,0.054761904761904755
58,all_blocks,Temperature,76,-0.021353383458646617,0.0,0.006769651401230353,0.05523809523809524
58,all_blocks,Fisher,76,0.003855092276144908,0.06666666666666667,0.015274094326725907,0.05688644688644688
61,all_blocks,Semantic,75,0.3485348506401138,0.23076923076923078,-0.009849217638691324,0.06677655677655678
61,all_blocks,Temperature,75,0.49177809388335697,0.23076923076923078,-0.030566145092460882,0.06783882783882784
61,all_blocks,Fisher,75,0.3920910384068279,0.14285714285714285,-0.010238975817923185,0.06677655677655678
63,all_blocks,Semantic,66,0.3463312806596389,0.5555555555555556,-0.03864941029120134,0.04358974358974359
63,all_blocks,Temperature,66,0.36040079323661417,0.5555555555555556,-0.012374491180461331,0.05128205128205128
63,all_blocks,Fisher,66,0.24738545037052503,0.4,0.009504227116167415,0.06491841491841491
65,all_blocks,Semantic,78,0.23006107816234395,0.06666666666666667,0.03413422021016958,0.062380952380952384
65,all_blocks,Temperature,78,0.32672390900238996,0.23076923076923078,0.028327368833697943,0.08498168498168497
65,all_blocks,Fisher,78,0.34409893903564787,0.23076923076923078,0.016695962265582516,0.05534798534798535
70,all_blocks,Semantic,61,-0.028926493918561603,0.07692307692307693,0.006425171866737182,0.047435897435897434
70,all_blocks,Temperature,61,0.16731887890005287,0.2727272727272727,-0.008826017979904805,0.06171328671328672
70,all_blocks,Fisher,61,0.04130089899524061,0.16666666666666666,0.020208884188260175,0.046794871794871795
71,all_blocks,Semantic,70,0.06272417111363836,0.07692307692307693,0.02148018546058962,0.05064102564102564
71,all_blocks,Temperature,70,-0.036269792669057825,0.07692307692307693,-0.01160178462076809,0.06025641025641025
71,all_blocks,Fisher,70,-0.002921879100691103,0.07692307692307693,0.006797305572565827,0.05128205128205129
74,all_blocks,Semantic,80,0.054781997187060484,0.06666666666666667,0.0356375996249414,0.043809523809523805
74,all_blocks,Temperature,80,0.1429676511954993,0.14285714285714285,-0.035836849507735594,0.08106227106227105
74,all_blocks,Fisher,80,0.019573370839193624,0.23076923076923078,-0.03244374120956399,0.06344322344322342
87,all_blocks,Semantic,78,-0.14657494404329846,0.14285714285714285,0.011283653055804954,0.04095238095238095
87,all_blocks,Temperature,78,-0.13263951238634783,0.06666666666666667,-0.015720987872886602,0.06772893772893772
87,all_blocks,Fisher,78,-0.35411424019018956,0.06666666666666667,0.05807863023052896,0.08095238095238094
93,all_blocks,Semantic,69,0.024223602484472053,0.07692307692307693,0.0006996711728169535,0.05192307692307692
93,all_blocks,Temperature,69,0.02119108512970406,0.16666666666666666,0.00022652539276580148,0.0673076923076923
93,all_blocks,Fisher,69,-0.03737668980635733,0.0,-0.02847095359883084,0.07086247086247086
94,all_blocks,Semantic,62,0.42907506736168816,0.2727272727272727,-0.018113369091687447,0.04679487179487178
94,all_blocks,Temperature,62,0.18858754501271688,0.4,0.029996726347863316,0.0694055944055944
94,all_blocks,Fisher,62,0.37906373548890737,0.2727272727272727,-0.02114275641509909,0.07179487179487179
97,all_blocks,Semantic,78,0.42252684024835924,0.45454545454545453,0.024646239836113252,0.06117216117216118
97,all_blocks,Temperature,78,0.39723567571668833,0.3333333333333333,-0.0018234929627334653,0.06069597069597069
97,all_blocks,Fisher,78,0.4239431454621328,0.45454545454545453,0.03630293756876035,0.05476190476190477
102,all_blocks,Semantic,88,0.23850868232890707,0.2857142857142857,-0.00983850516008594,0.05522058823529412
102,all_blocks,Temperature,88,0.3103272163713854,0.125,-0.016962241555422496,0.05227941176470589
102,all_blocks,Fisher,88,0.19828466767637634,0.38461538461538464,0.005907682011905181,0.04816176470588236
103,all_blocks,Semantic,84,0.15124025513819989,0.0,0.006784448719246735,0.07397058823529412
103,all_blocks,Temperature,84,0.11714083223650906,0.0,-0.016071681684722082,0.03602941176470588
103,all_blocks,Fisher,84,0.19878505619115117,0.125,0.04561405285005569,0.05897058823529412
104,all_blocks,Semantic,91,0.16123586558369168,0.1111111111111111,0.0329296066252588,0.060921912624698996
104,all_blocks,Temperature,91,-0.14868609651218348,0.1111111111111111,-0.019075489727663642,0.03771929824561403
104,all_blocks,Fisher,91,0.11527313266443703,0.1111111111111111,-0.010766841853798375,0.05302717578259373
105,all_blocks,Semantic,106,0.12977806887170315,0.15789473684210525,0.010859258886061913,0.0780075187969925
105,all_blocks,Temperature,106,0.24907171826586394,0.2222222222222222,0.006672040708365874,0.07011278195488722
105,all_blocks,Fisher,106,0.18437161498350002,0.1,-0.007320956243544852,0.056666666666666664
106,all_blocks,Semantic,67,0.44480804533482327,0.4,0.003463963604437704,0.07564102564102564
106,all_blocks,Temperature,67,0.377364514326762,0.2727272727272727,-0.0320137281506904,0.047435897435897434
106,all_blocks,Fisher,67,0.27803495889536284,0.16666666666666666,0.03017998244073749,0.05576923076923076
107,all_blocks,Semantic,77,0.26386771123613223,0.23076923076923078,0.030685104369314896,0.059047619047619036
107,all_blocks,Temperature,77,0.39195015510804976,0.23076923076923078,-0.013081655186918348,0.048095238095238094
107,all_blocks,Fisher,77,0.21273463378726534,0.23076923076923078,0.029180030495819964,0.052380952380952375
110,all_blocks,Semantic,76,-0.27696514012303486,0.06666666666666667,-0.006116199589883801,0.05582417582417583
110,all_blocks,Temperature,76,-0.06455228981544771,0.14285714285714285,-0.00949008885850991,0.060219780219780215
110,all_blocks,Fisher,76,-0.17922077922077922,0.14285714285714285,-0.006862611073137387,0.04476190476190476
113,all_blocks,Semantic,71,-0.31834339369550635,0.0,0.024760228034875924,0.04523809523809524
113,all_blocks,Temperature,71,-0.09906103286384975,0.06666666666666667,0.00047786720321931484,0.06117216117216116
113,all_blocks,Fisher,71,-0.2831656606304493,0.06666666666666667,-0.02514084507042253,0.07010989010989009
119,all_blocks,Semantic,75,0.08056899004267425,0.06666666666666667,-0.034193456614509246,0.041428571428571426
119,all_blocks,Temperature,75,0.14344238975817922,0.0,0.002762446657183501,0.06428571428571428
119,all_blocks,Fisher,75,-0.007083926031294451,0.0,-0.01307112375533428,0.05523809523809523
120,all_blocks,Semantic,80,0.01373652133145804,0.06666666666666667,0.003649789029535865,0.058571428571428566
120,all_blocks,Temperature,80,0.2668073136427567,0.06666666666666667,-0.010334036568213788,0.03380952380952381
120,all_blocks,Fisher,80,-0.02988748241912799,0.06666666666666667,-0.0019678856071261132,0.03333333333333334
121,all_blocks,Semantic,78,0.4328456353772809,0.23076923076923078,0.0008561059193970607,0.023333333333333334
121,all_blocks,Temperature,78,0.4024709467747442,0.23076923076923078,0.007768181185902706,0.0657142857142857
121,all_blocks,Fisher,78,0.3702752943259272,0.23076923076923078,-0.006470744445427989,0.037142857142857144
122,all_blocks,Semantic,73,0.15818215475749725,0.23076923076923078,-0.0004473651733925728,0.07058608058608057
122,all_blocks,Temperature,73,0.15870665185733682,0.23076923076923078,-0.006013204985807728,0.06904761904761904
122,all_blocks,Fisher,73,0.10764531654942616,0.23076923076923078,0.015043810934221895,0.05523809523809523
124,all_blocks,Semantic,80,-0.03764650726676043,0.0,-3.750586029067412e-05,0.05534798534798535
124,all_blocks,Temperature,80,0.10225035161744023,0.06666666666666667,0.015812236286919835,0.06890109890109888
124,all_blocks,Fisher,80,-0.11113455227379279,0.0,-0.022123769338959216,0.03428571428571429
125,all_blocks,Semantic,66,0.22300386180983195,0.07692307692307693,0.020208746477403193,0.057226107226107215
125,all_blocks,Temperature,66,0.2870472810771319,0.16666666666666666,0.00817868698465712,0.06684149184149184
125,all_blocks,Fisher,66,0.2245485857426156,0.16666666666666666,0.026675712347354146,0.05273892773892774
153,all_blocks,Semantic,81,0.22470641373080397,0.058823529411764705,0.03759936766034326,0.06779411764705882
153,all_blocks,Temperature,81,0.39157633242999096,0.058823529411764705,-0.019969512195121955,0.06551470588235295
153,all_blocks,Fisher,81,0.22012195121951217,0.0,0.0006470189701897007,0.095609243697479
158,all_blocks,Semantic,67,0.4232979487588795,0.4,0.005363556548806767,0.05402097902097901
158,all_blocks,Temperature,67,0.3117966318141911,0.2727272727272727,0.01726594301221167,0.04615384615384614
158,all_blocks,Fisher,67,0.39312794317184135,0.4,-0.006540825285338015,0.05064102564102564
164,all_blocks,Semantic,60,0.18121700472353436,0.0,-0.0002639622117254825,0.041818181818181824
164,all_blocks,Temperature,60,0.23011947763267582,0.09090909090909091,-0.016329535982217286,0.07272727272727272
164,all_blocks,Fisher,60,0.2760211169769381,0.0,-0.04566546262850794,0.027272727272727275
174,all_blocks,Semantic,95,-0.14728443449048154,0.05263157894736842,-0.03677561590145577,0.04683522531819745
174,all_blocks,Temperature,95,-0.12961926091825307,0.05263157894736842,0.038857082866741326,0.07272101823185413
174,all_blocks,Fisher,95,-0.14132138857782756,0.05263157894736842,-0.009207726763717807,0.0612143102855177
175,all_blocks,Semantic,71,0.17806841046277666,0.06666666666666667,0.02849429912810193,0.10366300366300367
175,all_blocks,Temperature,71,0.17119382964453386,0.14285714285714285,-0.008214285714285714,0.05523809523809524
175,all_blocks,Fisher,71,0.20207914151576123,0.06666666666666667,0.04287055667337357,0.06783882783882783
176,all_blocks,Semantic,75,0.2020483641536273,0.3333333333333333,-0.018418207681365577,0.059047619047619036
176,all_blocks,Temperature,75,0.13536273115220485,0.3333333333333333,0.0559914651493599,0.0580952380952381
176,all_blocks,Fisher,75,0.17880512091038406,0.3333333333333333,-0.051568990042674255,0.037142857142857144
178,all_blocks,Semantic,68,0.328778104363095,0.16666666666666666,0.012071992976294996,0.051923076923076926
178,all_blocks,Temperature,68,0.4103141581097072,0.4,-0.019960300797801273,0.0628205128205128
178,all_blocks,Fisher,68,0.32656411039431993,0.16666666666666666,0.010151925793029743,0.07983682983682983
180,all_blocks,Semantic,94,-0.11159917638984215,0.05263157894736842,0.022873243506845355,0.07536549707602339
180,all_blocks,Temperature,94,0.09443340678394682,0.05263157894736842,0.00021312718997218912,0.06286549707602339
180,all_blocks,Fisher,94,-0.10752447350359426,0.05263157894736842,-0.006173463858685832,0.06384588923288614
181,all_blocks,Semantic,76,0.12467532467532468,0.14285714285714285,0.004598769651401219,0.05249084249084248
181,all_blocks,Temperature,76,0.03346548188653452,0.23076923076923078,0.026490772385509224,0.06296703296703296
181,all_blocks,Fisher,76,0.06179084073820917,0.23076923076923078,-0.021849624060150376,0.048095238095238094
188,all_blocks,Semantic,82,0.1479848935035535,0.058823529411764705,-0.025641862844331252,0.08022058823529413
188,all_blocks,Temperature,82,0.09165115747543019,0.058823529411764705,0.0023290995962168466,0.06220588235294118
188,all_blocks,Fisher,82,0.03827777233595629,0.058823529411764705,0.05085817524841916,0.06477941176470589
196,all_blocks,Semantic,68,0.3928312402183456,0.07692307692307693,0.010323701187158835,0.07855477855477855
196,all_blocks,Temperature,68,0.3856166736649234,0.07692307692307693,-0.01740657327174867,0.05461538461538461
196,all_blocks,Fisher,68,0.32274687941367325,0.16666666666666666,-0.003492766347291677,0.04807692307692307
210,all_blocks,Semantic,85,0.17776040648817668,0.058823529411764705,0.016335743599765494,0.052647058823529415
210,all_blocks,Temperature,85,0.17459448895837404,0.058823529411764705,-0.011430525698651554,0.048161764705882355
210,all_blocks,Fisher,85,0.2532147742818058,0.058823529411764705,-0.0035665428962282585,0.05477941176470589
211,all_blocks,Semantic,74,0.0751277304701962,0.06666666666666667,0.01791336542021473,0.06285714285714286
211,all_blocks,Temperature,74,-0.017371343946686407,0.06666666666666667,0.013070714550166595,0.06952380952380952
211,all_blocks,Fisher,74,0.03644576082932247,0.06666666666666667,0.0008056275453535745,0.08058608058608059
214,all_blocks,Semantic,82,-0.03259651070406286,0.058823529411764705,0.02277184619235751,0.03977941176470588
214,all_blocks,Temperature,82,0.22628182105114222,0.2,0.01380916620411184,0.06362394957983193
214,all_blocks,Fisher,82,-0.023758992610006423,0.058823529411764705,-0.002306243945973602,0.05227941176470589
217,all_blocks,Semantic,71,0.014922870556673372,0.06666666666666667,-0.0049748490945674025,0.041428571428571426
217,all_blocks,Temperature,71,0.19872568745808183,0.23076923076923078,-0.06339034205231389,0.06296703296703296
217,all_blocks,Fisher,71,-0.04064386317907444,0.23076923076923078,0.05889168343393695,0.07344322344322343
221,all_blocks,Semantic,69,-0.17446108878333944,0.07692307692307693,0.004430032882718301,0.06171328671328671
221,all_blocks,Temperature,69,-0.07194008037997808,0.07692307692307693,0.014978078187796864,0.0673076923076923
221,all_blocks,Fisher,69,-0.2338691998538546,0.0,0.041161856046766546,0.06410256410256411
234,all_blocks,Semantic,96,0.21564026044492673,0.25,-0.009194248507867611,0.0694014447884417
234,all_blocks,Temperature,96,0.2880358111774281,0.25,0.003032419967444382,0.054729962160302716
234,all_blocks,Fisher,96,0.12225990233315248,0.25,-0.009946418882257191,0.04683522531819745
238,all_blocks,Semantic,85,0.395329294508501,0.5,-0.020534492866914205,0.06985294117647059
238,all_blocks,Temperature,85,0.36980652726206764,0.5,0.011364080515927303,0.05220588235294118
238,all_blocks,Fisher,85,0.4912839554426422,0.5,-0.05801348446355287,0.038970588235294125
239,all_blocks,Semantic,81,0.2757226738934056,0.2857142857142857,0.018348012646793137,0.06808823529411764
239,all_blocks,Temperature,81,0.31610207768744353,0.38461538461538464,-0.0251196928635953,0.06735294117647059
239,all_blocks,Fisher,81,0.24275067750677506,0.2857142857142857,-0.015747515808491413,0.04014705882352941
245,all_blocks,Semantic,70,0.28538185635552443,0.07692307692307693,0.004279590587000262,0.058333333333333334
245,all_blocks,Temperature,70,0.14296212054938326,0.0,0.024468550433032983,0.055128205128205134
245,all_blocks,Fisher,70,0.4287463913918292,0.0,0.0006158691278103422,0.06282051282051282
247,all_blocks,Semantic,89,-0.17301668369084103,0.058823529411764705,0.008254170922710248,0.06066176470588236
247,all_blocks,Temperature,89,0.08457609805924414,0.125,0.010652877085461357,0.061911764705882354
247,all_blocks,Fisher,89,-0.212053115423902,0.0,-0.059600783112019086,0.06102941176470589
255,all_blocks,Semantic,92,0.4036188215711357,0.17647058823529413,0.0026370543902100667,0.04069487444100447
255,all_blocks,Temperature,92,0.44500100180324587,0.0,0.023901484210039608,0.06384588923288613
255,all_blocks,Fisher,92,0.4362621950279734,0.1111111111111111,0.004230692168981089,0.06682146542827658
259,all_blocks,Semantic,77,0.4013880855986119,0.0,-0.009169777590830222,0.06582417582417582
259,all_blocks,Temperature,77,0.48540932751459065,0.06666666666666667,0.013729691361270308,0.07926739926739926
259,all_blocks,Fisher,77,0.3613228876386771,0.0,-0.036066565013933426,0.0550915750915751
272,all_blocks,Semantic,122,0.1495368794630908,0.04,-0.015709749158187965,0.04787681159420291
272,all_blocks,Temperature,122,0.0850205372396496,0.08333333333333333,0.00036249962824787794,0.061156126482213434
272,all_blocks,Fisher,122,0.2879740665717184,0.13043478260869565,-0.030075242630220638,0.05658695652173913
293,all_blocks,Semantic,72,-0.0357257701459901,0.0,0.023356807511737094,0.06238095238095237
293,all_blocks,Temperature,72,0.008039102193067079,0.06666666666666667,0.035751495273007916,0.06677655677655678
293,all_blocks,Fisher,72,0.04579072609171009,0.0,-0.011127725255643445,0.06142857142857142
303,all_blocks,Semantic,65,0.5055506993006993,0.2727272727272727,0.029034090909090916,0.045046620046620044
303,all_blocks,Temperature,65,0.5283216783216783,0.4,-0.0493006993006993,0.055128205128205134
303,all_blocks,Fisher,65,0.5304195804195805,0.2727272727272727,0.015926573426573425,0.06282051282051282
304,all_blocks,Semantic,101,0.2622714036109493,0.0,0.002826441467676176,0.06793233082706769
304,all_blocks,Temperature,101,-0.00512521840419336,0.0,-0.026100757134536988,0.06692392746572315
304,all_blocks,Fisher,101,0.33855562026790914,0.047619047619047616,-0.0016610366919044856,0.061186299081035934
314,all_blocks,Semantic,69,0.19514066496163684,0.0,-0.029899525027402268,0.04358974358974359
314,all_blocks,Temperature,69,0.14110339788089152,0.07692307692307693,-0.016116185604676654,0.055128205128205134
314,all_blocks,Fisher,69,0.19810010960906105,0.0,-0.023593350383631716,0.05128205128205128
323,all_blocks,Semantic,64,0.17234432234432231,0.16666666666666666,-0.04086309523809524,0.05128205128205128
323,all_blocks,Temperature,64,0.1666208791208791,0.16666666666666666,-0.016797161172161162,0.04679487179487178
323,all_blocks,Fisher,64,0.1922161172161172,0.2727272727272727,-0.014191849816849813,0.057226107226107215
331,all_blocks,Semantic,80,0.12226910454758556,0.14285714285714285,0.014499531176746367,0.04
331,all_blocks,Temperature,80,0.20180496952648855,0.06666666666666667,0.02659282700421941,0.07021978021978022
331,all_blocks,Fisher,80,0.03457571495546179,0.06666666666666667,-0.0063220815752461305,0.04095238095238095
335,all_blocks,Semantic,70,0.20332429358761264,0.07692307692307693,0.014212229901146007,0.08834498834498833
335,all_blocks,Temperature,70,0.257387805091418,0.07692307692307693,0.056712448604671506,0.09406759906759907
335,all_blocks,Fisher,70,0.24832473099466362,0.07692307692307693,-0.018010672732044437,0.03141025641025641
338,all_blocks,Semantic,65,-0.08701923076923077,0.0,-0.0021416083916083926,0.0641025641025641
338,all_blocks,Temperature,65,0.1266171328671329,0.16666666666666666,0.008354458041958047,0.046794871794871795
338,all_blocks,Fisher,65,-0.047465034965034965,0.0,0.06271853146853149,0.10932400932400932
340,all_blocks,Semantic,77,-0.12019559387980439,0.06666666666666667,0.006698564593301433,0.04915750915750915
340,all_blocks,Temperature,77,-0.025053893474946107,0.06666666666666667,0.02988984699511015,0.06296703296703296
340,all_blocks,Fisher,77,-0.13139492086860508,0.06666666666666667,0.01788606130711393,0.06857142857142857
344,all_blocks,Semantic,82,-0.1954375768657285,0.058823529411764705,0.003643843667352342,0.0672794117647059
344,all_blocks,Temperature,82,-0.10318781902678464,0.058823529411764705,0.019255341147788988,0.07433823529411765
344,all_blocks,Fisher,82,-0.15048813138733796,0.058823529411764705,0.004189114180298434,0.07522058823529412
345,all_blocks,Semantic,78,0.07876933193388888,0.0,0.021621416558125422,0.08487179487179486
345,all_blocks,Temperature,78,0.11179959281225103,0.06666666666666667,-0.010432605369314231,0.04047619047619048
345,all_blocks,Fisher,78,-0.05843523565042552,0.0,-0.052481695519670205,0.048681318681318676
361,all_blocks,Semantic,69,0.24581658750456706,0.07692307692307693,0.03056631348191451,0.032867132867132866
361,all_blocks,Temperature,69,0.15549872122762148,0.07692307692307693,-0.005493240774570698,0.06346153846153846
361,all_blocks,Fisher,69,0.10752648885641215,0.16666666666666666,-0.024614541468761426,0.06025641025641025
376,all_blocks,Semantic,69,0.37153818048958714,0.2727272727272727,-0.017698209718670078,0.07022144522144522
376,all_blocks,Temperature,69,0.33478260869565224,0.2727272727272727,0.03627511874314944,0.06346153846153846
376,all_blocks,Fisher,69,0.3532334672999635,0.2727272727272727,-0.023938618925831212,0.07004662004662005
378,all_blocks,Semantic,93,0.20068037360866575,0.1111111111111111,0.011868490943272355,0.06722996216030272
378,all_blocks,Temperature,93,0.3723851869535376,0.05263157894736842,0.02843842320432096,0.053027175782593736
378,all_blocks,Fisher,93,0.23786219450329738,0.1111111111111111,-0.0056988749962698804,0.05701754385964912
382,all_blocks,Semantic,78,0.13557328747202163,0.14285714285714285,0.00040971686541306626,0.06952380952380952
382,all_blocks,Temperature,78,0.07300294642066793,0.14285714285714285,0.017630470795027754,0.048571428571428564
382,all_blocks,Fisher,78,0.07621492431619013,0.14285714285714285,0.03725767902983092,0.056776556776556776
383,all_blocks,Semantic,66,0.1799603381692934,0.16666666666666666,0.011332846258219394,0.039102564102564095
383,all_blocks,Temperature,66,0.21419476046341718,0.2727272727272727,-0.013503809623212609,0.05641025641025641
383,all_blocks,Fisher,66,0.12647949065859515,0.2727272727272727,-0.016305187349963463,0.07773892773892774
384,all_blocks,Semantic,70,-0.04568279240661359,0.07692307692307693,0.00451579039454116,0.07261072261072261
384,all_blocks,Temperature,70,0.12903508004549033,0.16666666666666666,-0.02499168926603097,0.06730769230769232
384,all_blocks,Fisher,70,-0.077631003411775,0.07692307692307693,-0.03337240836322281,0.07389277389277389
385,all_blocks,Semantic,76,0.11991797676008203,0.0,0.048332194121667824,0.07058608058608057
385,all_blocks,Temperature,76,0.31710184552289816,0.0,0.03348325358851675,0.06677655677655678
385,all_blocks,Fisher,76,0.2777033492822966,0.0,0.009369788106630212,0.06725274725274724
389,all_blocks,Semantic,70,0.35830635989852155,0.16666666666666666,0.027329192546583853,0.05722610722610723
389,all_blocks,Temperature,70,0.3738080657860205,0.07692307692307693,-0.04207855830635989,0.07086247086247086
389,all_blocks,Fisher,70,0.19401627154229723,0.2727272727272727,-0.03951360335928615,0.059615384615384605
394,all_blocks,Semantic,63,0.32306067588325654,0.16666666666666666,-0.0022345430107526916,0.058974358974358966
394,all_blocks,Temperature,63,0.3216685867895545,0.16666666666666666,0.0028225806451612906,0.04358974358974359
394,all_blocks,Fisher,63,0.4313556067588326,0.2727272727272727,-0.02650729646697389,0.07325174825174824
397,all_blocks,Semantic,76,0.11630895420369106,0.06666666666666667,-0.025499658236500345,0.0624908424908425
397,all_blocks,Temperature,76,0.13435406698564595,0.14285714285714285,0.03832672590567328,0.05534798534798534
397,all_blocks,Fisher,76,0.17993164730006833,0.06666666666666667,0.03043198906356801,0.04476190476190476
408,all_blocks,Semantic,79,0.21833008763388512,0.14285714285714285,0.0015141187925998042,0.03428571428571429
408,all_blocks,Temperature,79,0.1712512171372931,0.14285714285714285,0.013754868549172345,0.06190476190476189
408,all_blocks,Fisher,79,0.19591041869522885,0.14285714285714285,0.022459834469328147,0.0557142857142857
410,all_blocks,Semantic,82,0.1288732164430078,0.125,-0.009150967011678151,0.07102941176470588
410,all_blocks,Temperature,82,0.2836168522327794,0.058823529411764705,-0.048747836875959114,0.06852941176470588
410,all_blocks,Fisher,82,0.10708416321111003,0.125,-0.013288928070003592,0.06220588235294118
411,all_blocks,Semantic,72,0.18296996591420672,0.23076923076923078,-0.051318412759663014,0.07868131868131868
411,all_blocks,Temperature,72,0.2929448839153644,0.3333333333333333,0.026157630715801666,0.06523809523809523
411,all_blocks,Fisher,72,0.2313332047076983,0.23076923076923078,0.043771303620811636,0.06523809523809523
412,all_blocks,Semantic,69,0.42740226525392766,0.2727272727272727,-0.021220314212641582,0.05576923076923077
412,all_blocks,Temperature,69,0.43646328096455983,0.4,-0.04582754841066862,0.05128205128205128
412,all_blocks,Fisher,69,0.3537084398976983,0.16666666666666666,-0.0013975155279503091,0.05641025641025641
413,all_blocks,Semantic,68,-0.07874947513074015,0.0,-0.009560254991029507,0.047435897435897434
413,all_blocks,Temperature,68,-0.012825896094972705,0.0,0.005687674161163489,0.07628205128205127
413,all_blocks,Fisher,68,-0.07787151200519143,0.0,-0.011487956636256057,0.059615384615384605
416,all_blocks,Semantic,69,0.06748264523200585,0.07692307692307693,0.031518085495067585,0.06666666666666668
416,all_blocks,Temperature,69,0.00968213372305444,0.07692307692307693,0.025557179393496533,0.052564102564102565
416,all_blocks,Fisher,69,-0.0071976616733649985,0.07692307692307693,0.008014249177932045,0.05128205128205128
418,all_blocks,Semantic,78,0.38754915970105835,0.45454545454545453,0.05061014934432655,0.06058608058608057
418,all_blocks,Temperature,78,0.12133436184069094,0.3333333333333333,-0.008067881485603008,0.06190476190476189
418,all_blocks,Fisher,78,0.3656975935456948,0.3333333333333333,0.0203239798176507,0.05904761904761905
428,all_blocks,Semantic,64,-0.05993589743589743,0.07692307692307693,-0.038681318681318674,0.051923076923076926
428,all_blocks,Temperature,64,-0.09679487179487178,0.07692307692307693,-0.025945512820512818,0.05833333333333333
428,all_blocks,Fisher,64,-0.13553113553113552,0.0,-0.09640796703296703,0.05337995337995338
433,all_blocks,Semantic,93,0.3454537316105159,0.3333333333333333,-0.028958401718838588,0.0694014447884417
433,all_blocks,Temperature,93,0.3375160395094148,0.3333333333333333,0.017497239712333256,0.05443756449948399
433,all_blocks,Fisher,93,0.4163259825132046,0.42857142857142855,0.011944585360031032,0.07668988648090816
435,all_blocks,Semantic,65,0.1089160839160839,0.2727272727272727,-0.018883304195804192,0.023076923076923078
435,all_blocks,Temperature,65,0.2976835664335664,0.16666666666666666,-0.0069536713286713295,0.03461538461538462
435,all_blocks,Fisher,65,0.11346153846153846,0.2727272727272727,0.0068902972027972045,0.07179487179487179
440,all_blocks,Semantic,72,0.2576713749470278,0.3333333333333333,-0.020496494951443824,0.04868131868131868
440,all_blocks,Temperature,72,0.28706026111003924,0.23076923076923078,0.002633609878448781,0.041428571428571426
440,all_blocks,Fisher,72,0.28468068686089143,0.3333333333333333,0.012459000578815363,0.06952380952380952
444,all_blocks,Semantic,77,0.18912666281087331,0.0,0.03764656396235343,0.07391941391941391
444,all_blocks,Temperature,77,0.17716494032283506,0.0,0.01542010620957989,0.04582417582417582
444,all_blocks,Fisher,77,0.2184394552815605,0.0,-0.03121220884378779,0.04714285714285714
448,all_blocks,Semantic,77,0.440874914559125,0.14285714285714285,0.057226983542773016,0.04428571428571428
448,all_blocks,Temperature,77,0.27459382722540615,0.06666666666666667,0.02605420894894579,0.06069597069597069
448,all_blocks,Fisher,77,0.4338293285661707,0.14285714285714285,-0.0011186182238813805,0.06142857142857142
449,all_blocks,Semantic,79,0.16823271665043818,0.06666666666666667,0.02310004868549172,0.06783882783882784
449,all_blocks,Temperature,79,0.2648977604673807,0.0,0.009206426484907496,0.07996336996336997
449,all_blocks,Fisher,79,0.22312560856864655,0.06666666666666667,0.00044303797468355085,0.05249084249084248
450,all_blocks,Semantic,65,0.26975524475524476,0.16666666666666666,-0.03362762237762238,0.041200466200466204
450,all_blocks,Temperature,65,0.13365384615384615,0.07692307692307693,0.014230769230769224,0.05273892773892773
450,all_blocks,Fisher,65,0.3318618881118881,0.16666666666666666,-0.04515952797202798,0.05064102564102564
478,all_blocks,Semantic,73,0.06364926570406022,0.14285714285714285,-0.02113106256941874,0.07857142857142857
478,all_blocks,Temperature,73,0.09413180303591263,0.14285714285714285,0.00203165494261385,0.052380952380952375
478,all_blocks,Fisher,73,0.07614463778847343,0.06666666666666667,-0.021455016660496116,0.05238095238095238
481,all_blocks,Semantic,75,0.02520625889046942,0.06666666666666667,0.01708819345661452,0.0789010989010989
481,all_blocks,Temperature,75,0.07402560455192034,0.06666666666666667,0.05250924608819345,0.056776556776556776
481,all_blocks,Fisher,75,0.0791180654338549,0.0,-0.010860597439544806,0.05142857142857142
483,all_blocks,Semantic,72,0.038298282847771564,0.06666666666666667,-0.0227828156151521,0.044871794871794865
483,all_blocks,Temperature,72,0.04945655669174867,0.14285714285714285,0.025038587690526727,0.05238095238095238
483,all_blocks,Fisher,72,0.11029648208888033,0.14285714285714285,-0.05457424914785517,0.06619047619047617
485,all_blocks,Semantic,86,0.19567904146422,0.058823529411764705,0.040867022029341,0.07244747899159663
485,all_blocks,Temperature,86,0.03344497381951979,0.058823529411764705,0.037988584367187134,0.07531512605042016
485,all_blocks,Fisher,86,0.2439077314967687,0.125,0.02964385112505307,0.06735294117647059
486,all_blocks,Semantic,67,0.12000159629659192,0.16666666666666666,-0.005900311277835426,0.04358974358974359
486,all_blocks,Temperature,67,0.33222922819059786,0.2727272727272727,0.0014905419426929473,0.05128205128205129
486,all_blocks,Fisher,67,0.1268257642269934,0.07692307692307693,-0.0022447920823689045,0.06043123543123542
490,all_blocks,Semantic,83,0.28877880861424793,0.2,-0.033816800302254306,0.05220588235294118
490,all_blocks,Temperature,83,0.5524956970740103,0.2,0.020280424835229415,0.08029411764705882
490,all_blocks,Fisher,83,0.24751269887914026,0.125,-0.014326644557323368,0.05558823529411765
496,all_blocks,Semantic,64,0.10627289377289377,0.07692307692307693,0.04381181318681318,0.06555944055944055
496,all_blocks,Temperature,64,0.0911172161172161,0.07692307692307693,-0.046190476190476185,0.07645687645687645
496,all_blocks,Fisher,64,0.13379120879120876,0.16666666666666666,0.017939560439560437,0.08752913752913752
497,all_blocks,Semantic,66,0.3061267091117838,0.07692307692307693,0.008948961486274911,0.0685897435897436
497,all_blocks,Temperature,66,0.1891869324705146,0.2727272727272727,-0.014712451727377104,0.04953379953379953
497,all_blocks,Fisher,66,0.28625404446299973,0.07692307692307693,0.0052541488362383895,0.04120046620046619
506,all_blocks,Semantic,78,-0.018854563158360624,0.06666666666666667,-0.026645506392341832,0.05523809523809523
506,all_blocks,Temperature,78,-0.08660959293870686,0.06666666666666667,0.014495630951327146,0.0563003663003663
506,all_blocks,Fisher,78,-0.07765652069449537,0.06666666666666667,-0.012787212787212787,0.05095238095238095
507,all_blocks,Semantic,79,-0.1255111976630964,0.14285714285714285,-0.0027288218111002935,0.0657142857142857
507,all_blocks,Temperature,79,-0.035905550146056474,0.14285714285714285,0.02233325219084713,0.06999999999999998
507,all_blocks,Fisher,79,-0.06316942551119767,0.14285714285714285,-0.010788704965920149,0.06201465201465202
510,all_blocks,Semantic,87,0.18039658817525694,0.058823529411764705,-0.025666144200626954,0.052647058823529415
510,all_blocks,Temperature,87,0.058649850550411886,0.058823529411764705,0.031296019537799806,0.06281512605042018
510,all_blocks,Fisher,87,0.016202522417438213,0.058823529411764705,0.042327950718087044,0.06441176470588236
511,all_blocks,Semantic,78,0.16898291581835886,0.14285714285714285,0.013373967804347556,0.04915750915750916
511,all_blocks,Temperature,78,0.021307806117932697,0.14285714285714285,0.03572882813389142,0.05952380952380952
511,all_blocks,Fisher,78,0.23519518456227317,0.14285714285714285,0.007058764020789332,0.06857142857142856
516,all_blocks,Semantic,79,0.28631937682570596,0.23076923076923078,0.02609907497565726,0.04915750915750915
516,all_blocks,Temperature,79,0.1820837390457644,0.3333333333333333,0.009466893865628045,0.048095238095238094
516,all_blocks,Fisher,79,0.21175754625121712,0.23076923076923078,-0.021861002921129507,0.0739194139194139
517,all_blocks,Semantic,89,0.1457609805924413,0.125,0.021607082056520264,0.04095588235294118
517,all_blocks,Temperature,89,0.08930881852230169,0.2,0.033012427647259104,0.061102941176470596
517,all_blocks,Fisher,89,0.1134661218930882,0.125,0.004852740892066737,0.08244747899159664
520,all_blocks,Semantic,77,-0.12427046637572953,0.06666666666666667,-0.03411982754088017,0.04915750915750916
520,all_blocks,Temperature,77,-0.18494663231505337,0.06666666666666667,0.027228035122771964,0.03428571428571428
520,all_blocks,Fisher,77,-0.1718018823281981,0.14285714285714285,0.0018718123981281871,0.06725274725274724
521,all_blocks,Semantic,94,0.3232091897554456,0.25,-0.021084420041180506,0.06214310285517716
521,all_blocks,Temperature,94,0.17586966730484413,0.1111111111111111,0.0169345807896543,0.06057791537667697
521,all_blocks,Fisher,94,0.16971426507242715,0.1111111111111111,0.016035834266517356,0.05268317853457172
529,all_blocks,Semantic,74,0.4862051092188077,0.23076923076923078,-0.009704553868937428,0.06238095238095237
529,all_blocks,Temperature,74,0.2576379118844872,0.14285714285714285,0.0661651240281377,0.05904761904761905
529,all_blocks,Fisher,74,0.530870048130322,0.3333333333333333,-0.0024376156978896694,0.04868131868131868
531,all_blocks,Semantic,111,0.18373990873990872,0.3333333333333333,0.00848806598806599,0.059345002823263694
531,all_blocks,Temperature,111,0.21833099333099332,0.2,-0.010250087750087747,0.07450741478201431
531,all_blocks,Fisher,111,0.21225868725868724,0.2,-0.014256756756756759,0.07343308865047994
537,all_blocks,Semantic,67,0.47306249501157327,0.4,-0.07298467555271772,0.08555944055944056
537,all_blocks,Temperature,67,0.40721526059541874,0.16666666666666666,-0.022132652246787458,0.04358974358974358
537,all_blocks,Fisher,67,0.5806927927208876,0.4,0.008442413600446959,0.062354312354312345
545,all_blocks,Semantic,70,0.32733794068760386,0.07692307692307693,0.016009098066660836,0.0628205128205128
545,all_blocks,Temperature,70,0.08225002187035256,0.07692307692307693,-0.0011932464351325361,0.07325174825174827
545,all_blocks,Fisher,70,0.19930014871839735,0.07692307692307693,-0.03964132621817863,0.04871794871794871
550,all_blocks,Semantic,87,0.35364875701684034,0.38461538461538464,0.021189035503389953,0.05816176470588236
550,all_blocks,Temperature,87,0.1275971422322665,0.2,-0.040962856309688704,0.033088235294117654
550,all_blocks,Fisher,87,0.32421447838448636,0.2857142857142857,0.02165469854924546,0.0694327731092437
553,all_blocks,Semantic,72,0.3133642034857548,0.06666666666666667,0.026985658241687572,0.05809523809523809
553,all_blocks,Temperature,72,0.16383690269470708,0.14285714285714285,0.01475657598559393,0.054761904761904755
553,all_blocks,Fisher,72,0.15920637983150046,0.06666666666666667,0.00690558878384462,0.10461538461538462
571,all_blocks,Semantic,76,0.09000683526999317,0.06666666666666667,-0.013986329460013675,0.05761904761904761
571,all_blocks,Temperature,76,0.2491866028708134,0.06666666666666667,0.012237867395762134,0.054285714285714284
571,all_blocks,Fisher,76,0.1922077922077922,0.14285714285714285,-0.019126452494873544,0.05963369963369963
572,all_blocks,Semantic,73,0.2076699987658892,0.0,0.016532457114648902,0.06296703296703296
572,all_blocks,Temperature,73,0.27748981858570904,0.06666666666666667,0.05586202640997162,0.06783882783882783
572,all_blocks,Fisher,73,0.11048377144267556,0.0,0.016716031099592743,0.055824175824175815
577,all_blocks,Semantic,74,-0.028656053313587556,0.0,0.01694483524620511,0.05142857142857142
577,all_blocks,Temperature,74,0.10240651610514621,0.06666666666666667,0.017061828952239906,0.06296703296703296
577,all_blocks,Fisher,74,0.007093669011477229,0.06666666666666667,0.020010366530914474,0.07999999999999999
580,all_blocks,Semantic,67,0.3223720967355735,0.16666666666666666,0.05673038550562696,0.05576923076923077
580,all_blocks,Temperature,67,0.4045414638039748,0.16666666666666666,-0.03121358448399713,0.03974358974358975
580,all_blocks,Fisher,67,0.25488865831271457,0.2727272727272727,0.0217056429084524,0.07594405594405593
586,all_blocks,Semantic,66,-0.17524266777998124,0.0,-0.029182757540966504,0.05641025641025641
586,all_blocks,Temperature,66,0.057384406638137986,0.0,0.000659638868594098,0.05594405594405594
586,all_blocks,Fisher,66,-0.10936227951153327,0.0,-0.01753261663709425,0.06171328671328671
590,all_blocks,Semantic,69,0.27373036170990134,0.07692307692307693,0.012435147972232372,0.06282051282051282
590,all_blocks,Temperature,69,0.3211910851297041,0.07692307692307693,0.002995981001096093,0.059615384615384605
590,all_blocks,Fisher,69,0.21326269638290105,0.16666666666666666,-0.03759590792838875,0.06730769230769229
592,all_blocks,Semantic,77,0.04466586045533413,0.14285714285714285,-0.01714075398285924,0.052490842490842494
592,all_blocks,Temperature,77,0.1307113938692886,0.23076923076923078,-0.01672012198327987,0.07772893772893771
592,all_blocks,Fisher,77,0.14879856985120143,0.14285714285714285,0.009603554340396447,0.048095238095238094
594,all_blocks,Semantic,71,0.0915157612340711,0.14285714285714285,-0.043675385647216625,0.06238095238095237
594,all_blocks,Temperature,71,0.13068410462776658,0.23076923076923078,-0.0010965794768611691,0.05142857142857142
594,all_blocks,Fisher,71,0.03222669349429912,0.06666666666666667,-0.018926894701542584,0.0557142857142857
598,all_blocks,Semantic,97,0.5303492531033032,0.3333333333333333,-0.021451583210603826,0.06584107327141384
598,all_blocks,Temperature,97,0.42930780559646536,0.5384615384615384,-0.02226488533557753,0.04298245614035088
598,all_blocks,Fisher,97,0.46011729434041654,0.25,-0.009300704818009676,0.0645983832129343
606,all_blocks,Semantic,99,0.22655534941249228,0.05263157894736842,-0.0029350649350649355,0.05015479876160991
606,all_blocks,Temperature,99,0.22319109461966607,0.0,0.003902288188002467,0.049174406604747166
606,all_blocks,Fisher,99,0.23020408163265305,0.05263157894736842,-0.004416202844774278,0.051169590643274844
611,all_blocks,Semantic,82,0.16060991935220556,0.058823529411764705,-0.014156354414949765,0.05735294117647059
611,all_blocks,Temperature,82,0.1987462043295132,0.2,0.005461412043839314,0.05772058823529412
611,all_blocks,Fisher,82,0.12047104406787039,0.058823529411764705,-0.0044938561835417565,0.05845588235294118
614,all_blocks,Semantic,92,0.22961330394710477,0.1111111111111111,-0.036024844720496885,0.05565875472996216
614,all_blocks,Temperature,92,0.1705685618729097,0.17647058823529413,-0.000876192531171486,0.06355349157206741
614,all_blocks,Fisher,92,0.19619931260884976,0.1111111111111111,-0.016993665521014743,0.05380116959064327
617,all_blocks,Semantic,64,0.20439560439560436,0.16666666666666666,0.014787087912087913,0.05128205128205128
617,all_blocks,Temperature,64,0.35380036630036626,0.16666666666666666,0.020869963369963364,0.0791958041958042
617,all_blocks,Fisher,64,0.19789377289377286,0.07692307692307693,-0.04586309523809523,0.04825174825174825
625,all_blocks,Semantic,78,0.36650691081070824,0.06666666666666667,-0.008157665119690433,0.0563003663003663
625,all_blocks,Temperature,78,0.13504217301685656,0.14285714285714285,-0.01679839148193578,0.06904761904761904
625,all_blocks,Fisher,78,0.304670013530773,0.06666666666666667,0.008093172650134676,0.05021978021978022
630,all_blocks,Semantic,77,0.2739891687260108,0.06666666666666667,-0.013226247436773749,0.05761904761904761
630,all_blocks,Temperature,77,0.2660234502339765,0.14285714285714285,0.002061096797938905,0.07523809523809523
630,all_blocks,Fisher,77,0.3319838056680162,0.06666666666666667,0.0017797991482201992,0.06296703296703296
638,all_blocks,Semantic,72,0.4128882886359252,0.23076923076923078,-0.03933371921023861,0.05380952380952381
638,all_blocks,Temperature,72,0.3315968872596309,0.23076923076923078,-0.015555662743584806,0.0557142857142857
638,all_blocks,Fisher,72,0.4870731236735482,0.3333333333333333,0.0031931313910862416,0.054761904761904755
639,all_blocks,Semantic,62,0.22827428168517544,0.16666666666666666,0.0006950215305582833,0.06282051282051282
639,all_blocks,Temperature,62,0.2300370174510841,0.16666666666666666,-0.0006622850091914112,0.0844988344988345
639,all_blocks,Fisher,62,0.08146357432449447,0.16666666666666666,-0.02986326206844452,0.06474358974358975
648,all_blocks,Semantic,96,0.12797069994574062,0.1111111111111111,-0.002193434617471516,0.047764017887856905
648,all_blocks,Temperature,96,0.16896364622897447,0.1111111111111111,-0.035630765056972324,0.05273477812177502
648,all_blocks,Fisher,96,0.09102007596310363,0.1111111111111111,-0.032801817688551275,0.05443756449948399
668,all_blocks,Semantic,84,0.3539941277715906,0.125,-0.043158853903006986,0.04191176470588236
668,all_blocks,Temperature,84,0.27176268097600487,0.058823529411764705,-0.00924774729168776,0.058529411764705885
668,all_blocks,Fisher,84,0.16739900779588945,0.0,0.004977219803584084,0.05441176470588236
676,all_blocks,Semantic,71,0.27022132796780685,0.45454545454545453,-0.0032360831656606305,0.07010989010989012
676,all_blocks,Temperature,71,0.35801475519785375,0.23076923076923078,0.024007377598926887,0.05523809523809523
676,all_blocks,Fisher,71,0.01636485580147552,0.23076923076923078,-0.002357478202548628,0.037142857142857144
682,all_blocks,Semantic,79,0.1754138266796495,0.14285714285714285,0.001486124634858811,0.06831501831501831
682,all_blocks,Temperature,79,0.3502921129503408,0.14285714285714285,0.03195228821811099,0.05201465201465202
682,all_blocks,Fisher,79,0.20576923076923076,0.23076923076923078,-0.004178432327166503,0.0663003663003663
690,all_blocks,Semantic,77,0.09950575740049424,0.06666666666666667,0.055562858194437126,0.07010989010989009
690,all_blocks,Temperature,77,0.14156895735843103,0.14285714285714285,-0.008876649666123355,0.054761904761904755
690,all_blocks,Fisher,77,0.03188916346811083,0.14285714285714285,0.011425416688574584,0.07058608058608058
696,all_blocks,Semantic,120,0.07657476213625944,0.14285714285714285,-0.003697478991596641,0.07125917560700168
696,all_blocks,Temperature,120,0.10082644628099173,0.043478260869565216,-0.017861657059518022,0.06677583286278937
696,all_blocks,Fisher,120,0.16413639836099728,0.09090909090909091,0.011258767969997913,0.05959909655561829
698,all_blocks,Semantic,79,0.3786757546251217,0.14285714285714285,0.003567429406036997,0.030476190476190473
698,all_blocks,Temperature,79,0.3300389483933788,0.23076923076923078,-0.02415895813047712,0.046886446886446886
698,all_blocks,Fisher,79,0.2582035053554041,0.14285714285714285,0.009290408958130486,0.043333333333333335
701,all_blocks,Semantic,81,0.20097109304426378,0.2857142857142857,0.02083220415537488,0.07066176470588235
701,all_blocks,Temperature,81,0.09769647696476964,0.2,-0.03526874435411021,0.08433823529411764
701,all_blocks,Fisher,81,0.11700542005420055,0.2857142857142857,-0.0017174796747967513,0.04191176470588236
702,all_blocks,Semantic,87,-0.07354013268207332,0.058823529411764705,0.02570715170955748,0.06360294117647058
702,all_blocks,Temperature,87,0.1929539986877597,0.058823529411764705,-0.020867354377779392,0.03860294117647059
702,all_blocks,Fisher,87,-0.2185973609389808,0.058823529411764705,0.03642286943209157,0.05227941176470589
706,all_blocks,Semantic,88,0.15309429044415487,0.0,-0.05634267901799868,0.061102941176470596
706,all_blocks,Temperature,88,0.03980134549681238,0.125,-0.02703673699411786,0.046764705882352944
706,all_blocks,Fisher,88,0.09096192455355573,0.058823529411764705,0.02140731217639393,0.06066176470588236
716,all_blocks,Semantic,75,0.3098150782361308,0.14285714285714285,0.0668705547652916,0.05190476190476191
716,all_blocks,Temperature,75,0.06645803698435276,0.23076923076923078,0.012375533428165008,0.07391941391941391
716,all_blocks,Fisher,75,0.21658605974395448,0.06666666666666667,0.028157894736842104,0.03761904761904762
728,all_blocks,Semantic,66,0.19002191838012736,0.07692307692307693,0.013042479908151555,0.05209790209790209
728,all_blocks,Temperature,66,0.31748251748251755,0.07692307692307693,-0.015543262707441824,0.03974358974358974
728,all_blocks,Fisher,66,0.42790940402880706,0.07692307692307693,0.01038513725080889,0.05722610722610723
729,all_blocks,Semantic,98,0.36118177355290754,0.17647058823529413,-0.024723141365262123,0.054093567251461985
729,all_blocks,Temperature,98,0.341914835287442,0.1111111111111111,-0.002594214818073433,0.07110423116615065
729,all_blocks,Fisher,98,0.3692022263450835,0.17647058823529413,-0.021303929256801125,0.05116959064327485
735,all_blocks,Semantic,75,0.3499857752489331,0.14285714285714285,0.03089615931721194,0.04915750915750915
735,all_blocks,Temperature,75,0.4043812233285917,0.23076923076923078,-0.015472261735419629,0.06223443223443224
735,all_blocks,Fisher,75,0.36466571834992884,0.23076923076923078,0.024277382645803702,0.08699633699633699
736,all_blocks,Semantic,68,0.27934496316372104,0.07692307692307693,-0.0025976256823300363,0.07004662004662003
736,all_blocks,Temperature,68,0.4189029278161621,0.07692307692307693,-0.02301026835133794,0.058333333333333334
736,all_blocks,Fisher,68,0.2226972554109249,0.16666666666666666,-0.019391533381684926,0.04294871794871794
747,all_blocks,Semantic,73,0.01468591879550784,0.14285714285714285,0.0028353696161915335,0.054285714285714284
747,all_blocks,Temperature,73,0.019776625941009505,0.14285714285714285,0.04817505862026411,0.07999999999999999
747,all_blocks,Fisher,73,0.07719363198815256,0.06666666666666667,-0.008265457238059984,0.0745054945054945
748,all_blocks,Semantic,114,-0.16533889552661957,0.043478260869565216,0.0018727850792815046,0.05141163184641445
748,all_blocks,Temperature,114,-0.13471173123266036,0.043478260869565216,0.007505315809724388,0.04774703557312253
748,all_blocks,Fisher,114,-0.2705291508879934,0.09090909090909091,-0.024007614264595696,0.04557312252964426
749,all_blocks,Semantic,98,0.1498192529120364,0.05263157894736842,0.026380149060561426,0.04853801169590642
749,all_blocks,Temperature,98,0.1907503394984985,0.05263157894736842,0.0009493206842249538,0.05962762297901617
749,all_blocks,Fisher,98,0.1462361889460564,0.05263157894736842,0.0026745468571683613,0.060921912624698996
753,all_blocks,Semantic,62,-0.08095993553423485,0.07692307692307693,0.013648611216035856,0.06573426573426572
753,all_blocks,Temperature,62,0.014832162373145982,0.2727272727272727,0.010037521089874343,0.052564102564102565
753,all_blocks,Fisher,62,-0.035833899926972376,0.16666666666666666,0.026697892271662766,0.06107226107226107
754,all_blocks,Semantic,74,0.3163717141799333,0.14285714285714285,-0.005800814513143279,0.05047619047619047
754,all_blocks,Temperature,74,0.2518326545723805,0.14285714285714285,-0.0037600888559792705,0.06725274725274724
754,all_blocks,Fisher,74,0.1286782673084043,0.14285714285714285,0.013110699740836729,0.04523809523809523
759,all_blocks,Semantic,84,0.3404677533664068,0.2857142857142857,-0.006292396476662953,0.06014705882352942
759,all_blocks,Temperature,84,0.15006580945631265,0.2,0.04591373898957173,0.05779411764705883
759,all_blocks,Fisher,84,0.19613242887516452,0.2,-0.024973169990887924,0.05227941176470589
763,all_blocks,Semantic,63,0.09149385560675884,0.16666666666666666,0.03245727726574501,0.045046620046620044
763,all_blocks,Temperature,63,0.38421658986175117,0.2727272727272727,-0.008381336405529955,0.05128205128205128
763,all_blocks,Fisher,63,0.039794546850998466,0.07692307692307693,0.022143817204301076,0.07243589743589743
771,all_blocks,Semantic,77,0.31237183868762813,0.14285714285714285,-0.0026657552973342455,0.07238095238095238
771,all_blocks,Temperature,77,0.261711972238288,0.06666666666666667,-8.67553499132423e-05,0.05677655677655676
771,all_blocks,Fisher,77,0.30246069719753926,0.14285714285714285,0.012360008412639989,0.05915750915750915
782,all_blocks,Semantic,77,0.12584783637415217,0.23076923076923078,0.016248225458751774,0.04095238095238095
782,all_blocks,Temperature,77,0.08381092591618906,0.23076923076923078,0.018971817656028185,0.06238095238095237
782,all_blocks,Fisher,77,0.10852305589147694,0.23076923076923078,-0.020020768704979226,0.04153846153846154
784,all_blocks,Semantic,75,0.2760170697012802,0.06666666666666667,0.01465860597439545,0.05963369963369963
784,all_blocks,Temperature,75,0.22964438122332856,0.14285714285714285,0.036947368421052625,0.0801098901098901
784,all_blocks,Fisher,75,0.20975817923186343,0.06666666666666667,0.018201991465149357,0.06809523809523808
799,all_blocks,Semantic,93,-0.08324132374444211,0.05263157894736842,-0.019337680164722034,0.0655486756105951
799,all_blocks,Temperature,93,-0.030676494285458503,0.05263157894736842,0.0367222702993047,0.05829033367733059
799,all_blocks,Fisher,93,0.11191847453075107,0.17647058823529413,-0.009484199218167169,0.042982456140350865
800,all_blocks,Semantic,88,0.2970307491810786,0.2,0.033840829840442406,0.06558823529411764
800,all_blocks,Temperature,88,0.3852101017928218,0.2857142857142857,0.031737170230002464,0.07183823529411765
800,all_blocks,Fisher,88,0.1463668063823043,0.2,0.04177468211757247,0.061470588235294124
803,all_blocks,Semantic,75,0.23308677098150782,0.06666666666666667,-0.011944523470839253,0.03428571428571429
803,all_blocks,Temperature,75,0.17849217638691323,0.23076923076923078,-0.015886201991465152,0.04582417582417582
803,all_blocks,Fisher,75,0.17200568990042675,0.06666666666666667,-0.0035135135135135123,0.04857142857142857
809,all_blocks,Semantic,76,0.24740943267259055,0.14285714285714285,-0.030016404647983587,0.05523809523809523
809,all_blocks,Temperature,76,0.19111414900888585,0.06666666666666667,-0.004057416267942579,0.05915750915750915
809,all_blocks,Fisher,76,0.31272727272727274,0.06666666666666667,-0.014740943267259058,0.0563003663003663
811,all_blocks,Semantic,85,0.34045339065858904,0.125,-0.0070412350986906345,0.05441176470588236
811,all_blocks,Temperature,85,0.4145983974985343,0.2857142857142857,0.02598788352550322,0.04522058823529412
811,all_blocks,Fisher,85,0.27365643931991396,0.2857142857142857,0.04930916552667579,0.0794327731092437
818,all_blocks,Semantic,74,0.02838948537578674,0.14285714285714285,-0.0255475749722325,0.05523809523809523
818,all_blocks,Temperature,74,-0.0007552758237689742,0.23076923076923078,-0.001092928544983346,0.04428571428571428
818,all_blocks,Fisher,74,0.027589781562384296,0.3333333333333333,0.019684561273602373,0.06285714285714285
822,all_blocks,Semantic,102,0.05028526838977444,0.1,-0.009903251890009106,0.056466165413533845
822,all_blocks,Temperature,102,0.0636524531950625,0.15789473684210525,-0.009408485108933507,0.04194235588972431
822,all_blocks,Fisher,102,0.13139309362118393,0.15789473684210525,-0.0026813532295548253,0.056942355889724315
828,all_blocks,Semantic,74,-0.01669011477230655,0.06666666666666667,-0.03134246575342465,0.06402930402930403
828,all_blocks,Temperature,74,-0.028507960014809326,0.14285714285714285,-0.008417623102554603,0.0319047619047619
828,all_blocks,Fisher,74,-0.03872639763050721,0.23076923076923078,-0.05069825990373935,0.06677655677655678
830,all_blocks,Semantic,95,0.336030235162374,0.3333333333333333,-0.04522536394176932,0.05840643274853802
830,all_blocks,Temperature,95,0.35866461366181407,0.25,-0.022418113101903704,0.048830409356725134
830,all_blocks,Fisher,95,0.3600363941769316,0.25,0.004668253079507281,0.06945304437564499
836,all_blocks,Semantic,65,0.13387237762237764,0.07692307692307693,-0.004468968531468534,0.05337995337995337
836,all_blocks,Temperature,65,0.35214160839160835,0.16666666666666666,-0.004650349650349658,0.0564102564102564
836,all_blocks,Fisher,65,0.2144230769230769,0.16666666666666666,-0.002102272727272729,0.05128205128205128
845,all_blocks,Semantic,84,-0.20309810671256454,0.0,-6.682190948668482e-05,0.06558823529411764
845,all_blocks,Temperature,84,-0.037015288042928016,0.058823529411764705,0.0032327629847119553,0.06029411764705882
845,all_blocks,Fisher,84,-0.09541358712159563,0.058823529411764705,-0.01093854409233572,0.0636029411764706
847,all_blocks,Semantic,63,0.03696236559139785,0.07692307692307693,-0.024042338709677417,0.09603729603729602
847,all_blocks,Temperature,63,0.12831221198156684,0.07692307692307693,0.04015697004608294,0.0641025641025641
847,all_blocks,Fisher,63,0.03811443932411675,0.07692307692307693,-0.011261520737327193,0.09055944055944057
857,all_blocks,Semantic,86,0.46072927968300387,0.38461538461538464,0.025729515543185998,0.08360294117647059
857,all_blocks,Temperature,86,0.41529317420633044,0.38461538461538464,-0.009249492900608513,0.06602941176470589
857,all_blocks,Fisher,86,0.4294070475022407,0.5,0.027791876975329022,0.045220588235294124
861,all_blocks,Semantic,95,-0.055375139977603585,0.05263157894736842,-0.0139585666293393,0.07483230134158926
861,all_blocks,Temperature,95,0.09512877939529676,0.05263157894736842,0.03166783314669653,0.05438596491228069
861,all_blocks,Fisher,95,0.021696528555431135,0.05263157894736842,0.0014487681970884645,0.060921912624699
862,all_blocks,Semantic,64,0.03255494505494505,0.07692307692307693,-0.053859890109890105,0.06025641025641025
862,all_blocks,Temperature,64,0.17275641025641023,0.4,0.03534569597069597,0.08846153846153845
862,all_blocks,Fisher,64,0.05265567765567765,0.16666666666666666,0.05930631868131866,0.07884615384615386
871,all_blocks,Semantic,68,0.20506164828033743,0.16666666666666666,0.005970149253731346,0.04358974358974359
871,all_blocks,Temperature,68,0.19727449707981826,0.2727272727272727,-0.03850250028629232,0.06346153846153844
871,all_blocks,Fisher,68,0.30282093369469787,0.07692307692307693,0.03517196625567813,0.07406759906759906
874,all_blocks,Semantic,75,-0.11021337126600284,0.23076923076923078,-0.025126600284495027,0.060952380952380945
874,all_blocks,Temperature,75,-0.05450924608819346,0.23076923076923078,-0.0010412517780938838,0.06677655677655678
874,all_blocks,Fisher,75,-0.16443812233285918,0.14285714285714285,-0.03838691322901849,0.0563003663003663
875,all_blocks,Semantic,85,0.07820988860660542,0.2,0.006392417432089112,0.07494747899159664
875,all_blocks,Temperature,85,0.10484658979871017,0.2,-0.0001094391244870029,0.06595588235294117
875,all_blocks,Fisher,85,0.1649794801641587,0.125,0.032172171194059025,0.054065126050420166
883,all_blocks,Semantic,75,0.21792318634423896,0.06666666666666667,-0.011452347083926033,0.08058608058608059
883,all_blocks,Temperature,75,0.02770981507823613,0.0,-7.254623044096829e-05,0.054761904761904755
883,all_blocks,Fisher,75,0.30688477951635845,0.14285714285714285,-0.011678520625889047,0.08153846153846153
884,all_blocks,Semantic,76,0.03710184552289816,0.06666666666666667,0.01343403964456596,0.05142857142857142
884,all_blocks,Temperature,76,0.02827067669172932,0.14285714285714285,0.011559808612440192,0.05809523809523809
884,all_blocks,Fisher,76,0.07231715652768284,0.06666666666666667,0.016341763499658234,0.05963369963369963
885,all_blocks,Semantic,79,0.045788704965920156,0.14285714285714285,-0.004174780915287243,0.04476190476190476
885,all_blocks,Temperature,79,0.04603213242453749,0.14285714285714285,-0.022654576436222013,0.0689010989010989
885,all_blocks,Fisher,79,0.09340311587147032,0.06666666666666667,-0.054740749756572546,0.03761904761904762
890,all_blocks,Semantic,91,-0.06579073100812231,0.17647058823529413,-0.00883580187928014,0.055658754729962144
890,all_blocks,Temperature,91,0.13578595317725753,0.3333333333333333,0.012251154642459,0.07729618163054695
890,all_blocks,Fisher,91,-0.01691352126134735,0.17647058823529413,-0.003616817964644049,0.06613347093223253
899,all_blocks,Semantic,93,0.5177553639103577,0.1111111111111111,0.015752290292739692,0.07863347093223254
899,all_blocks,Temperature,93,0.474903762943511,0.05263157894736842,-0.0010794962848020048,0.04883040935672515
899,all_blocks,Fisher,93,0.457670615618752,0.05263157894736842,0.0007840709020918522,0.06167440660474717
900,all_blocks,Semantic,72,0.13071580165927071,0.14285714285714285,0.011233841404591941,0.06725274725274724
900,all_blocks,Temperature,72,0.43099234677471226,0.14285714285714285,0.0021303620811627772,0.055824175824175815
900,all_blocks,Fisher,72,0.14618303427873178,0.23076923076923078,0.008698308572898583,0.07831501831501832
920,all_blocks,Semantic,73,0.04461310625694188,0.06666666666666667,0.03748303097618168,0.09043956043956043
920,all_blocks,Temperature,73,-0.039337282487967425,0.06666666666666667,0.010761446377884735,0.07677655677655679
920,all_blocks,Fisher,73,0.07969270640503519,0.06666666666666667,0.0004489078119215062,0.07285714285714286
923,all_blocks,Semantic,68,0.24063824101996406,0.07692307692307693,0.005951063098828109,0.05192307692307692
923,all_blocks,Temperature,68,0.16059090735580406,0.16666666666666666,0.05772607550482879,0.07179487179487179
923,all_blocks,Fisher,68,0.13940527541321523,0.07692307692307693,-0.00047142802610985747,0.047435897435897434
924,all_blocks,Semantic,74,-0.2039985190670122,0.0,-0.029760829322473155,0.04904761904761905
924,all_blocks,Temperature,74,-0.16268048870788593,0.0,0.012996667900777489,0.0663003663003663
924,all_blocks,Fisher,74,-0.22846353202517583,0.0,0.013714920399851907,0.059047619047619036
931,all_blocks,Semantic,105,-0.1378809869375907,0.1,-0.023165560854240104,0.03218045112781955
931,all_blocks,Temperature,105,0.09030686294837237,0.1,-0.022792349160273683,0.061979949874686725
931,all_blocks,Fisher,105,-0.05625129587393739,0.15789473684210525,0.0029193448061372606,0.02857142857142857
933,all_blocks,Semantic,113,0.11964368886818819,0.14285714285714285,0.030630364628385122,0.049920948616600784
933,all_blocks,Temperature,113,0.20386419588795,0.043478260869565216,0.0044796726329097095,0.08453980801806889
933,all_blocks,Fisher,113,0.19422449930135074,0.043478260869565216,-0.005683179186905316,0.06242800677583286
940,all_blocks,Semantic,95,0.34994400895856664,0.25,0.00350643896976484,0.04917440660474716
940,all_blocks,Temperature,95,0.36016237402015683,0.25,0.01154045352743561,0.07417440660474717
940,all_blocks,Fisher,95,0.3650195968645017,0.1111111111111111,0.0030697088465845485,0.061506707946336434
942,all_blocks,Semantic,81,0.397877145438121,0.2857142857142857,-0.03878613369467027,0.05227941176470589
942,all_blocks,Temperature,81,0.301196928635953,0.2,0.03743789521228545,0.06308823529411764
942,all_blocks,Fisher,81,0.35155826558265585,0.2857142857142857,0.025595076784101174,0.08102941176470588
946,all_blocks,Semantic,80,0.16659634317862165,0.23076923076923078,-0.0007665260196905735,0.0663003663003663
946,all_blocks,Temperature,80,0.1317627754336615,0.06666666666666667,-0.014871073605250824,0.0750915750915751
946,all_blocks,Fisher,80,0.19353023909985936,0.06666666666666667,-0.00487107360525082,0.03047619047619048
955,all_blocks,Semantic,67,0.056668529012690566,0.16666666666666666,0.03993734535876767,0.05128205128205128
955,all_blocks,Temperature,67,0.029451672120680027,0.16666666666666666,-0.02904461648974379,0.08012820512820513
955,all_blocks,Fisher,67,-0.012371298587277518,0.16666666666666666,-0.012018117966318137,0.047435897435897434
957,all_blocks,Semantic,68,0.3166393098446386,0.16666666666666666,-0.024304309653777147,0.03076923076923077
957,all_blocks,Temperature,68,0.522273542772073,0.2727272727272727,-0.014352788487231358,0.0694055944055944
957,all_blocks,Fisher,68,0.3822956827117609,0.16666666666666666,0.004032904531053176,0.051923076923076926
960,all_blocks,Semantic,76,-0.04910457963089543,0.14285714285714285,-0.03809432672590567,0.027142857142857146
960,all_blocks,Temperature,76,0.017361585782638415,0.06666666666666667,0.02084073820915926,0.05095238095238095
960,all_blocks,Fisher,76,0.001394395078605605,0.23076923076923078,-0.06438961038961039,0.04582417582417582
965,all_blocks,Semantic,79,-0.06187925998052581,0.06666666666666667,0.036327896786757546,0.08212454212454211
965,all_blocks,Temperature,79,-0.1350535540408958,0.14285714285714285,0.025601265822784807,0.05523809523809524
965,all_blocks,Fisher,79,-0.0444255111976631,0.06666666666666667,-0.03799415774099318,0.0580952380952381
969,all_blocks,Semantic,79,0.07465920155793573,0.06666666666666667,0.009150438169425509,0.056776556776556776
969,all_blocks,Temperature,79,0.03595423563777994,0.14285714285714285,-0.01879868549172347,0.04714285714285714
969,all_blocks,Fisher,79,0.11088120740019475,0.06666666666666667,0.00875,0.047619047619047616
976,all_blocks,Semantic,83,0.0502917593719827,0.058823529411764705,-0.0033552327778011,0.045220588235294124
976,all_blocks,Temperature,83,0.01278283867176021,0.058823529411764705,0.030648377482053644,0.07764705882352942
976,all_blocks,Fisher,83,0.03847445531253935,0.058823529411764705,-0.06533625792368078,0.05191176470588236
979,all_blocks,Semantic,78,0.12022155060129742,0.06666666666666667,0.03827944207691042,0.05153846153846155
979,all_blocks,Temperature,78,0.5189367594430885,0.23076923076923078,-0.006665486412321853,0.05904761904761905
979,all_blocks,Fisher,78,0.314432403039998,0.14285714285714285,0.025415091237876046,0.047619047619047616
984,all_blocks,Semantic,92,0.10720835966277761,0.0,-0.0019835704267681846,0.04853801169590642
984,all_blocks,Temperature,92,0.13069679268837753,0.05263157894736842,0.023772020405961502,0.04951840385276918
984,all_blocks,Fisher,92,0.14624786153537905,0.0,0.0013578287070573167,0.07044633642930856
992,all_blocks,Semantic,74,-0.07883006293965197,0.06666666666666667,-0.014852276934468714,0.04095238095238095
992,all_blocks,Temperature,74,0.05513513513513513,0.14285714285714285,0.004521288411699371,0.08545787545787545
992,all_blocks,Fisher,74,0.012928544983339502,0.06666666666666667,-0.02291447611995557,0.055714285714285716
994,all_blocks,Semantic,69,0.08154914139568871,0.07692307692307693,-0.031940080379978086,0.05722610722610723
994,all_blocks,Temperature,69,0.1495798319327731,0.07692307692307693,-0.0025173547679941495,0.05961538461538461
994,all_blocks,Fisher,69,0.08304713189623678,0.07692307692307693,0.021865180854950685,0.04807692307692308
997,all_blocks,Semantic,86,0.2210575970564649,0.0,0.0158686730506156,0.046397058823529416
997,all_blocks,Temperature,86,0.13646870135383746,0.058823529411764705,-0.0035879050898627246,0.05110294117647059
997,all_blocks,Fisher,86,0.08273031746780508,0.058823529411764705,0.05207321100051889,0.0672794117647059
998,all_blocks,Semantic,85,0.31809654094195816,0.2857142857142857,-0.04241254641391439,0.05933823529411765
998,all_blocks,Temperature,85,0.2816103185460231,0.2857142857142857,0.06466875122141881,0.08147058823529411
998,all_blocks,Fisher,85,0.27412546413914407,0.2857142857142857,-0.0234610123119015,0.046397058823529416
999,all_blocks,Semantic,78,-0.06771709303354873,0.14285714285714285,0.022725375889932852,0.06238095238095237
999,all_blocks,Temperature,78,0.11554268516293832,0.06666666666666667,0.0009307148547654832,0.04963369963369964
999,all_blocks,Fisher,78,-0.05466685213520656,0.0,0.032730560578661846,0.06344322344322344
