index,checkpoint,method,n_tokens,spearman,top10_jaccard,random_floor_spearman,random_floor_top10_jaccard
1,final_quarter,Semantic,107,0.4513705205822998,0.2222222222222222,0.011183604694449342,0.044323308270676695
1,final_quarter,Temperature,107,0.005378240169282313,0.15789473684210525,-0.02813338819334234,0.04904761904761905
1,final_quarter,Fisher,107,0.2880542330374811,0.2222222222222222,-0.005156351025686235,0.07168583222762791
2,final_quarter,Semantic,103,0.9031103105917497,0.375,0.022277379958704924,0.04642857142857143
2,final_quarter,Temperature,103,0.7553046610727937,0.4666666666666667,-0.024611211176031288,0.04357142857142858
2,final_quarter,Fisher,103,0.7677151517813996,0.2222222222222222,0.009302376663884376,0.0543233082706767
20,final_quarter,Semantic,80,0.6390764181903422,0.14285714285714285,-0.011571729957805909,0.060219780219780215
20,final_quarter,Temperature,80,0.5868026254102204,0.23076923076923078,0.015598921706516644,0.04428571428571428
20,final_quarter,Fisher,80,0.5097280825128927,0.23076923076923078,-0.02295475855602438,0.07963369963369962
24,final_quarter,Semantic,72,0.7683130747958069,0.3333333333333333,-0.04137565116727764,0.06355311355311355
24,final_quarter,Temperature,72,0.7449996784359124,0.0,-0.009772332625892347,0.08439560439560438
24,final_quarter,Fisher,72,0.7941668274487106,0.3333333333333333,0.0406987587626214,0.08164835164835164
32,final_quarter,Semantic,71,0.5829309188464117,0.06666666666666667,0.06808853118712274,0.06619047619047617
32,final_quarter,Temperature,71,0.5235747820254861,0.14285714285714285,0.0262038900067069,0.10091575091575092
32,final_quarter,Fisher,71,0.5250167672702883,0.0,0.00018443997317236575,0.05142857142857142
45,final_quarter,Semantic,90,0.35188706424661476,0.125,0.0023533769601185306,0.05183823529411765
45,final_quarter,Temperature,90,0.5042021648763222,0.2,0.0124179939910277,0.06926470588235294
45,final_quarter,Fisher,90,0.36915668601061863,0.125,-0.03494093921060213,0.03272058823529412
57,final_quarter,Semantic,82,0.7669376693766938,0.5,0.02074204677789749,0.08691176470588236
57,final_quarter,Temperature,82,0.8137808687323822,0.6363636363636364,-0.02127208019068142,0.05477941176470589
57,final_quarter,Fisher,82,0.7373123932042532,0.38461538461538464,0.05338535714674415,0.05816176470588234
59,final_quarter,Semantic,80,0.5913502109704641,0.23076923076923078,0.030132442569151437,0.06296703296703296
59,final_quarter,Temperature,80,0.623933427097984,0.23076923076923078,-0.02796413502109705,0.0338095238095238
59,final_quarter,Fisher,80,0.4133380215658697,0.14285714285714285,0.0009528832630098461,0.06677655677655678
62,final_quarter,Semantic,73,0.7065284462544738,0.7777777777777778,0.0018912748364803146,0.05380952380952382
62,final_quarter,Temperature,73,0.6503455510304825,0.6,0.025328582006664203,0.05630036630036629
62,final_quarter,Fisher,73,0.5796618536344565,0.6,-0.019846044674811804,0.07604395604395604
63,final_quarter,Semantic,66,0.8600981108443796,0.5555555555555556,0.0490971714852312,0.08461538461538462
63,final_quarter,Temperature,66,0.8414779250600147,0.2727272727272727,0.05131197161047908,0.08158508158508158
63,final_quarter,Fisher,66,0.7104268865462896,0.5555555555555556,0.027458511637616125,0.06346153846153846
64,final_quarter,Semantic,88,0.8013983304568351,0.2857142857142857,0.024471663555352057,0.05522058823529412
64,final_quarter,Temperature,88,0.7319925328449158,0.38461538461538464,0.012950406819062385,0.05808823529411765
64,final_quarter,Fisher,88,0.7580042971364166,0.2857142857142857,-0.024646895142826954,0.04816176470588236
66,final_quarter,Semantic,75,0.578207681365576,0.14285714285714285,-0.03149644381223329,0.05963369963369963
66,final_quarter,Temperature,75,0.6587766714082504,0.6,-0.002628733997155054,0.05904761904761905
66,final_quarter,Fisher,75,0.5995163584637269,0.14285714285714285,0.014876244665718347,0.06190476190476191
68,final_quarter,Semantic,78,0.7835329227734291,0.23076923076923078,0.017302950214342618,0.054761904761904755
68,final_quarter,Temperature,78,0.7823189468759089,0.3333333333333333,0.02113961987379709,0.06249084249084249
68,final_quarter,Fisher,78,0.8300939566762352,0.6,0.007803588816247045,0.07714285714285714
76,final_quarter,Semantic,74,0.48741947426878923,0.3333333333333333,0.03580007404664938,0.06296703296703296
76,final_quarter,Temperature,74,0.608944835246205,0.45454545454545453,-0.0031736393928174732,0.0676190476190476
76,final_quarter,Fisher,74,0.5094853757867456,0.23076923076923078,0.00824583487597186,0.0843956043956044
77,final_quarter,Semantic,76,0.7618865345181134,0.6,-0.03876555023923446,0.046300366300366304
77,final_quarter,Temperature,76,0.7818181818181817,0.6,0.006818865345181132,0.06285714285714285
77,final_quarter,Fisher,76,0.8104716336295283,0.45454545454545453,0.030794258373205742,0.05095238095238095
80,final_quarter,Semantic,66,0.7710468635841772,0.4,0.0014153011167936517,0.08927738927738928
80,final_quarter,Temperature,66,0.6732282642730405,0.16666666666666666,-0.050289113871203425,0.06346153846153847
80,final_quarter,Fisher,66,0.541759732804509,0.07692307692307693,0.01697735100720176,0.05576923076923076
98,final_quarter,Semantic,71,0.5025486250838364,0.23076923076923078,-0.03990610328638497,0.059047619047619036
98,final_quarter,Temperature,71,0.6831321260898724,0.3333333333333333,0.018708920187793427,0.07344322344322343
98,final_quarter,Fisher,71,0.6038229376257543,0.14285714285714285,-0.011270959087860499,0.06190476190476191
103,final_quarter,Semantic,84,0.8347878910600385,0.2857142857142857,-0.02779386453376531,0.05183823529411764
103,final_quarter,Temperature,84,0.9210893996152679,0.5,-0.04372481522729573,0.045220588235294124
103,final_quarter,Fisher,84,0.8661334413283386,0.2857142857142857,-0.011909486686240768,0.057352941176470586
104,final_quarter,Semantic,91,0.49526994744386055,0.42857142857142855,0.03210224558050645,0.07897746818025456
104,final_quarter,Temperature,91,0.33925784360566974,0.25,0.029207676381589415,0.045906432748538006
104,final_quarter,Fisher,91,0.5036789297658864,0.3333333333333333,-0.032204172638955246,0.0652562779497764
106,final_quarter,Semantic,67,0.6864474419347115,0.16666666666666666,0.009753372176550406,0.07645687645687645
106,final_quarter,Temperature,67,0.7736451432676192,0.2727272727272727,0.014001516481762311,0.05192307692307692
106,final_quarter,Fisher,67,0.7467076382791924,0.4,-0.023094420943411288,0.060256410256410264
110,final_quarter,Semantic,76,0.6032809295967191,0.23076923076923078,-0.04517840054682161,0.03047619047619048
110,final_quarter,Temperature,76,0.47349282296650724,0.23076923076923078,0.028293916609706083,0.08725274725274726
110,final_quarter,Fisher,76,0.5168010936431988,0.23076923076923078,-0.003572112098427889,0.0663003663003663
113,final_quarter,Semantic,71,0.3764587525150905,0.06666666666666667,-0.039716633132126075,0.052490842490842494
113,final_quarter,Temperature,71,0.441683433936955,0.0,0.010229711602951042,0.08487179487179486
113,final_quarter,Fisher,71,0.12853789403085175,0.0,0.004761904761904759,0.06142857142857142
114,final_quarter,Semantic,85,0.34045339065858904,0.2857142857142857,0.034305256986515535,0.09389705882352942
114,final_quarter,Temperature,85,0.5048465897987102,0.2,-0.011471565370334183,0.046764705882352944
114,final_quarter,Fisher,85,0.36243892905999614,0.0,-0.05376490130936096,0.03897058823529412
115,final_quarter,Semantic,100,0.6454605460546055,0.25,0.005584758475847578,0.06584107327141384
115,final_quarter,Temperature,100,0.5582598259825982,0.05263157894736842,0.020943294329432934,0.05799793601651186
115,final_quarter,Fisher,100,0.7028742874287428,0.1111111111111111,-0.04396039603960396,0.0327485380116959
117,final_quarter,Semantic,74,0.3600888559792669,0.23076923076923078,0.023366160681229174,0.08238095238095237
117,final_quarter,Temperature,74,0.2213254350240651,0.14285714285714285,0.012910773787486124,0.044871794871794865
117,final_quarter,Fisher,74,0.06710107367641613,0.06666666666666667,-0.014556090336912252,0.04428571428571428
118,final_quarter,Semantic,82,0.726646423090737,0.8,-0.016100173049923266,0.07441176470588236
118,final_quarter,Temperature,82,0.510127229786354,0.2857142857142857,0.007906966619867001,0.061102941176470596
118,final_quarter,Fisher,82,0.6247537575777364,0.8,-0.01565720878092315,0.06772058823529412
120,final_quarter,Semantic,80,0.43356774496015005,0.23076923076923078,-0.0061978434130332835,0.07344322344322343
120,final_quarter,Temperature,80,0.6665963431786217,0.45454545454545453,0.016384200656352554,0.04095238095238095
120,final_quarter,Fisher,80,0.4289732770745429,0.14285714285714285,-0.02982067510548524,0.04428571428571428
121,final_quarter,Semantic,78,0.6236168894396742,0.6,-0.048835974152429844,0.037142857142857144
121,final_quarter,Temperature,78,0.7001732444770419,0.45454545454545453,0.017903615371969807,0.06677655677655676
121,final_quarter,Fisher,78,0.737123635857813,0.45454545454545453,-0.003099432213356265,0.06677655677655678
126,final_quarter,Semantic,79,0.24330574488802337,0.0,0.012209104186952289,0.06344322344322344
126,final_quarter,Temperature,79,0.6621226874391432,0.3333333333333333,-0.00790652385589095,0.04915750915750916
126,final_quarter,Fisher,79,0.41998539435248294,0.06666666666666667,-0.01827288218111004,0.060109890109890096
128,final_quarter,Semantic,80,0.8181200187529303,0.6,0.05175222691045476,0.047619047619047616
128,final_quarter,Temperature,80,0.7354195968120019,0.45454545454545453,0.02599624941397094,0.06238095238095237
128,final_quarter,Fisher,80,0.7834036568213784,0.45454545454545453,-0.02037505860290671,0.06582417582417582
130,final_quarter,Semantic,82,0.5795431046679945,0.2,-0.00853604118370501,0.051470588235294115
130,final_quarter,Temperature,82,0.75335488294642,0.2857142857142857,-0.031150074552954366,0.038970588235294125
130,final_quarter,Fisher,82,0.7344608787453336,0.2857142857142857,0.029656838737062076,0.06845588235294117
134,final_quarter,Semantic,77,0.8287501971712498,0.45454545454545453,0.0658367947841632,0.0463003663003663
134,final_quarter,Temperature,77,0.7893948157106051,0.45454545454545453,0.0352791944897208,0.07333333333333332
134,final_quarter,Fisher,77,0.8541195646458803,0.45454545454545453,0.013181555286818438,0.04904761904761904
136,final_quarter,Semantic,64,0.8865842490842489,0.16666666666666666,-0.01886217948717948,0.0488927738927739
136,final_quarter,Temperature,64,0.8881868131868129,0.07692307692307693,0.05441620879120877,0.08794871794871796
136,final_quarter,Fisher,64,0.8320054945054943,0.07692307692307693,0.06561813186813185,0.08858974358974361
137,final_quarter,Semantic,84,0.6499949377341298,0.2,-0.01798420573048497,0.057794117647058815
137,final_quarter,Temperature,84,0.7190037460767439,0.058823529411764705,0.0026961628024703846,0.05897058823529412
137,final_quarter,Fisher,84,0.5531234180419156,0.058823529411764705,0.055905639364179416,0.06485294117647059
169,final_quarter,Semantic,66,0.5890199352885921,0.4,-0.012526876108965662,0.07534965034965035
169,final_quarter,Temperature,66,0.8231499843440143,0.4,0.0025446195595449387,0.05576923076923077
169,final_quarter,Fisher,66,0.7611105312597851,0.75,-0.0034798037783112384,0.044230769230769226
174,final_quarter,Semantic,95,0.46707726763717805,0.17647058823529413,0.022826147816349385,0.06355349157206742
174,final_quarter,Temperature,95,0.5994680851063829,0.25,0.016534154535274355,0.06910904712762297
174,final_quarter,Fisher,95,0.3673152295632699,0.17647058823529413,-0.00664053751399776,0.05531475748194015
177,final_quarter,Semantic,77,0.8016720121983278,0.14285714285714285,0.014673484410326513,0.06963369963369963
177,final_quarter,Temperature,77,0.6970923813029076,0.14285714285714285,0.034589095115410896,0.0657142857142857
177,final_quarter,Fisher,77,0.8137126031862872,0.23076923076923078,0.015008675534991323,0.049633699633699624
178,final_quarter,Semantic,68,0.7204641752872465,0.16666666666666666,0.020992861778066182,0.06025641025641025
178,final_quarter,Temperature,68,0.8169256021681871,0.2727272727272727,-0.009506813757300451,0.08158508158508157
178,final_quarter,Fisher,68,0.7140130549299537,0.16666666666666666,-0.03784975378860174,0.07727272727272727
189,final_quarter,Semantic,64,0.67760989010989,0.5555555555555556,0.02171932234432234,0.05337995337995337
189,final_quarter,Temperature,64,0.7113095238095237,0.5555555555555556,-0.031485805860805856,0.06025641025641025
189,final_quarter,Fisher,64,0.6286630036630036,0.2727272727272727,0.02473443223443223,0.04294871794871794
193,final_quarter,Semantic,73,0.5610267802048625,0.23076923076923078,0.019835246205109226,0.0657142857142857
193,final_quarter,Temperature,73,0.6349500185116624,0.23076923076923078,0.0070020362828582036,0.07725274725274725
193,final_quarter,Fisher,73,0.32046772800197465,0.06666666666666667,-0.05050135752190547,0.06249084249084249
195,final_quarter,Semantic,74,0.682251018141429,0.6,0.02257830433172899,0.05963369963369963
195,final_quarter,Temperature,74,0.7570381340244353,0.45454545454545453,-0.03196741947426878,0.0663003663003663
195,final_quarter,Fisher,74,0.778896704924102,0.6,0.015192891521658642,0.07963369963369962
197,final_quarter,Semantic,67,0.805531167690957,0.16666666666666666,0.020622156596695675,0.0694055944055944
197,final_quarter,Temperature,67,0.8134727432356934,0.16666666666666666,-0.010164418548966391,0.05128205128205128
197,final_quarter,Fisher,67,0.5284140793359408,0.07692307692307693,-0.060340011174076155,0.04184149184149184
199,final_quarter,Semantic,62,0.6609503663972198,0.16666666666666666,0.03194832666011936,0.11252913752913751
199,final_quarter,Temperature,62,0.671627508750724,0.2727272727272727,0.047299236987232755,0.05576923076923077
199,final_quarter,Fisher,62,0.5727128503437334,0.07692307692307693,0.01427815970386039,0.05064102564102564
202,final_quarter,Semantic,78,0.7208108347348854,0.23076923076923078,0.0154984256250079,0.03
202,final_quarter,Temperature,78,0.6989845597440533,0.14285714285714285,0.019631001909482918,0.08439560439560438
202,final_quarter,Fisher,78,0.6701526321779486,0.23076923076923078,0.020449171082082468,0.05095238095238095
206,final_quarter,Semantic,94,0.642827728208648,0.17647058823529413,-0.005179351948849474,0.04654282765737874
206,final_quarter,Temperature,94,0.795311201820612,0.3333333333333333,0.001961492612794856,0.06716546267629858
206,final_quarter,Fisher,94,0.6775493985478452,0.25,0.016389119676335655,0.06350189198486411
215,final_quarter,Semantic,76,0.844894053315106,0.3333333333333333,-0.008699931647300065,0.048681318681318676
215,final_quarter,Temperature,76,0.7169651401230349,0.14285714285714285,-0.03605058099794942,0.04428571428571428
215,final_quarter,Fisher,76,0.796473000683527,0.23076923076923078,0.025045796308954198,0.07021978021978022
218,final_quarter,Semantic,95,0.7010358342665174,0.17647058823529413,-0.028964865621500562,0.07466460268317854
218,final_quarter,Temperature,95,0.7763297872340426,0.1111111111111111,-0.0036765117581187027,0.04917440660474716
218,final_quarter,Fisher,95,0.5811310190369541,0.1111111111111111,-0.008221584546472569,0.03742690058479532
232,final_quarter,Semantic,70,0.8378794506167441,0.4,-0.009894147493657591,0.059615384615384605
232,final_quarter,Temperature,70,0.6360073484384567,0.2727272727272727,-0.023270055113288425,0.06282051282051282
232,final_quarter,Fisher,70,0.7318169888898609,0.2727272727272727,-0.018680780334178988,0.06025641025641025
233,final_quarter,Semantic,80,0.8571261134552274,0.3333333333333333,0.0136966713548992,0.0783150183150183
233,final_quarter,Temperature,80,0.8612517580872011,0.45454545454545453,0.03513009845288327,0.05249084249084248
233,final_quarter,Fisher,80,0.7209798406000937,0.3333333333333333,0.0041666666666666605,0.07058608058608058
235,final_quarter,Semantic,124,0.7725255704169944,0.4444444444444444,-0.007121636506687646,0.058043478260869565
235,final_quarter,Temperature,124,0.698744295830055,0.23809523809523808,0.018994492525570415,0.05098945981554677
235,final_quarter,Fisher,124,0.8384453186467347,0.5294117647058824,-0.0011188040912667198,0.05423188405797101
239,final_quarter,Semantic,81,0.6460027100271002,0.6363636363636364,0.04547764227642276,0.06558823529411764
239,final_quarter,Temperature,81,0.7295392953929538,0.6363636363636364,-0.02584801264679314,0.054485294117647055
239,final_quarter,Fisher,81,0.5163956639566395,0.6363636363636364,0.01923893405600723,0.055955882352941175
242,final_quarter,Semantic,72,0.6414238857804361,0.23076923076923078,0.0425075567560615,0.06736263736263737
242,final_quarter,Temperature,72,0.6285291658627565,0.45454545454545453,0.0021255386198469365,0.054761904761904755
242,final_quarter,Fisher,72,0.3476750916457651,0.06666666666666667,-0.028720496494951446,0.06630036630036631
256,final_quarter,Semantic,78,0.6994903830346868,0.45454545454545453,-0.01724983876882611,0.06677655677655678
256,final_quarter,Temperature,78,0.7034863870306908,0.3333333333333333,0.026938883900909216,0.059047619047619036
256,final_quarter,Fisher,78,0.8273119285777514,0.45454545454545453,-0.00040339407428015007,0.05582417582417583
262,final_quarter,Semantic,80,0.8031645569620254,0.7777777777777778,0.03359235818096577,0.04428571428571428
262,final_quarter,Temperature,80,0.6909985935302392,0.6,-0.04423699015471168,0.05142857142857142
262,final_quarter,Fisher,80,0.7184481950304736,0.45454545454545453,-0.04741561181434599,0.054761904761904755
263,final_quarter,Semantic,73,0.8471245217820561,0.3333333333333333,-0.0077625570776255785,0.05142857142857142
263,final_quarter,Temperature,73,0.682987782302851,0.3333333333333333,-0.012106627175120333,0.053553113553113554
263,final_quarter,Fisher,73,0.7889670492410219,0.3333333333333333,-0.008438232753301248,0.06249084249084249
270,final_quarter,Semantic,79,0.6983690360272639,0.3333333333333333,-0.043427458617332035,0.05095238095238095
270,final_quarter,Temperature,79,0.7810126582278482,0.23076923076923078,0.0009518013631937619,0.059523809523809514
270,final_quarter,Fisher,79,0.8712268743914313,0.45454545454545453,0.006797711781888994,0.06010989010989011
272,final_quarter,Semantic,122,0.6277654227565173,0.18181818181818182,0.007849752660919095,0.06080105401844532
272,final_quarter,Temperature,122,0.4796461580656993,0.04,0.00921581780510936,0.058445981554677215
272,final_quarter,Fisher,122,0.6562498967355207,0.23809523809523808,-0.005582560364284036,0.05585507246376812
284,final_quarter,Semantic,67,0.46049165935030734,0.4,-0.030215899114055395,0.04358974358974358
284,final_quarter,Temperature,67,0.7673796791443851,0.5555555555555556,-0.006584723441615455,0.0358974358974359
284,final_quarter,Fisher,67,0.49086120201133376,0.5555555555555556,-0.007382871737568841,0.019230769230769232
288,final_quarter,Semantic,60,0.799444290080578,0.3333333333333333,0.01469852736871353,0.07181818181818181
288,final_quarter,Temperature,60,0.8085023617671577,0.09090909090909091,0.007957766046123933,0.05636363636363636
288,final_quarter,Fisher,60,0.8177271464295639,0.3333333333333333,-0.027493748263406514,0.04272727272727273
300,final_quarter,Semantic,72,0.7811113254871698,0.23076923076923078,-0.009354299311852854,0.04534798534798534
300,final_quarter,Temperature,72,0.7353527558042319,0.23076923076923078,-0.003712457392758371,0.047619047619047616
300,final_quarter,Fisher,72,0.8273522413016915,0.3333333333333333,0.027389221171779544,0.05047619047619047
319,final_quarter,Semantic,113,0.5806939916162087,0.2631578947368421,-0.0422566371681416,0.045115753811405986
319,final_quarter,Temperature,113,0.5165596513407413,0.14285714285714285,-0.0033368820280790467,0.05983060417843026
319,final_quarter,Fisher,113,0.35126255905249854,0.09090909090909091,-0.0014779759132344126,0.05748729531338227
323,final_quarter,Semantic,64,0.6359432234432233,0.16666666666666666,0.005148809523809525,0.0673076923076923
323,final_quarter,Temperature,64,0.6774267399267399,0.2727272727272727,-0.0016346153846153871,0.07004662004662005
323,final_quarter,Fisher,64,0.6298992673992673,0.16666666666666666,-0.038230311355311346,0.04294871794871794
334,final_quarter,Semantic,71,0.6530516431924882,0.14285714285714285,0.003747484909456739,0.04380952380952381
334,final_quarter,Temperature,71,0.7616029510395707,0.23076923076923078,0.010912139503688799,0.047619047619047616
334,final_quarter,Fisher,71,0.7541247484909457,0.14285714285714285,0.007877263581488936,0.06677655677655678
335,final_quarter,Semantic,70,0.53158953722334,0.16666666666666666,0.040530137345814,0.06427738927738927
335,final_quarter,Temperature,70,0.618686029218791,0.2727272727272727,-0.036415011809990384,0.04358974358974359
335,final_quarter,Fisher,70,0.4437931939462864,0.0,-0.027887323943661967,0.05128205128205128
344,final_quarter,Semantic,82,0.47203447938093845,0.2857142857142857,0.015240365255058175,0.07477941176470589
344,final_quarter,Temperature,82,0.6011797868982707,0.38461538461538464,-0.010052132649840551,0.03933823529411765
344,final_quarter,Fisher,82,0.580653236251238,0.2857142857142857,-0.007199529826623566,0.08737394957983194
346,final_quarter,Semantic,68,0.8095201740657325,0.5555555555555556,-0.0014849028514715417,0.05961538461538461
346,final_quarter,Temperature,68,0.7431385273122876,0.4,-0.04782990418750238,0.039102564102564095
346,final_quarter,Fisher,68,0.6653433599267091,0.5555555555555556,0.025945718975455202,0.05641025641025641
351,final_quarter,Semantic,82,0.5204449233247352,0.058823529411764705,-0.04721433158106682,0.05227941176470589
351,final_quarter,Temperature,82,0.6249278958653041,0.2,0.029138777331548422,0.07397058823529412
351,final_quarter,Fisher,82,0.4986994046647294,0.2,0.013595846801841513,0.06470588235294118
359,final_quarter,Semantic,102,0.468399952502389,0.1,0.019993101537452432,0.0543233082706767
359,final_quarter,Temperature,102,0.33721607454863134,0.1,-0.02127553703400038,0.054085213032581445
359,final_quarter,Fisher,102,0.3182283391103245,0.047619047619047616,0.0023963675636552795,0.05142857142857145
363,final_quarter,Semantic,69,0.8123858238947754,0.4,-0.050518816222141036,0.07564102564102564
363,final_quarter,Temperature,69,0.859919620021922,0.4,0.017745706978443552,0.05402097902097902
363,final_quarter,Fisher,69,0.7772743880160762,0.4,-0.001525392765801975,0.046794871794871795
368,final_quarter,Semantic,92,0.3620825177627422,0.05263157894736842,0.048012576483824725,0.07500859993120054
368,final_quarter,Temperature,92,0.22725521322996775,0.05263157894736842,-0.005453662746790375,0.057602339181286544
368,final_quarter,Fisher,92,0.436955751121249,0.1111111111111111,0.0315090239353914,0.04454764361885105
371,final_quarter,Semantic,70,0.20041991076896157,0.07692307692307693,0.008623917417548772,0.07150349650349651
371,final_quarter,Temperature,70,0.4192983990901933,0.07692307692307693,0.016278540810077857,0.058508158508158506
371,final_quarter,Fisher,70,0.201854605896247,0.07692307692307693,0.00034642638439331475,0.04358974358974359
377,final_quarter,Semantic,79,0.4587877312560857,0.14285714285714285,-0.0163595423563778,0.04428571428571428
377,final_quarter,Temperature,79,0.6947176241480039,0.23076923076923078,-0.019384128529698147,0.054029304029304025
377,final_quarter,Fisher,79,0.5450827653359299,0.14285714285714285,-0.042824975657254134,0.03534798534798535
378,final_quarter,Semantic,93,0.2605263943182835,0.1111111111111111,0.018693115693354415,0.054437564499484004
378,final_quarter,Temperature,93,0.747321774939572,0.3333333333333333,-0.022211363432902614,0.05502235982112143
378,final_quarter,Fisher,93,0.38605234102235086,0.1111111111111111,0.017174957476649454,0.061214310285517715
391,final_quarter,Semantic,65,0.48942307692307696,0.0,-0.042834353146853146,0.06474358974358975
391,final_quarter,Temperature,65,0.7239947552447552,0.16666666666666666,0.006138548951048951,0.09055944055944057
391,final_quarter,Fisher,65,0.40502622377622377,0.0,0.007637674825174826,0.05641025641025641
392,final_quarter,Semantic,68,0.8460892468603274,0.4,0.0373306103752338,0.05064102564102564
392,final_quarter,Temperature,68,0.6574035194869641,0.07692307692307693,0.029302973622933916,0.044230769230769226
392,final_quarter,Fisher,68,0.5445661716990495,0.16666666666666666,0.047749742336908804,0.04679487179487179
402,final_quarter,Semantic,92,0.5255305704113559,0.25,0.012555677141932394,0.04917440660474716
402,final_quarter,Temperature,92,0.6280843980703729,0.3333333333333333,0.03887150717445247,0.054729962160302716
402,final_quarter,Fisher,92,0.5761755775781021,0.3333333333333333,0.030908712605767295,0.04327485380116959
408,final_quarter,Semantic,79,0.294985394352483,0.23076923076923078,0.0029150438169425483,0.07296703296703297
408,final_quarter,Temperature,79,0.7085443037974684,0.45454545454545453,0.027622930866601763,0.06069597069597069
408,final_quarter,Fisher,79,0.5622687439143136,0.3333333333333333,0.002624148003894838,0.06630036630036629
411,final_quarter,Semantic,72,0.7929448839153644,0.45454545454545453,0.0013971959611550594,0.10164835164835166
411,final_quarter,Temperature,72,0.5351791111968616,0.23076923076923078,0.010867258344588076,0.08428571428571427
411,final_quarter,Fisher,72,0.7326194610585891,0.23076923076923078,-0.009790018650717087,0.058571428571428566
416,final_quarter,Semantic,69,0.6884179758860066,0.5555555555555556,-0.01619839240043844,0.07004662004662005
416,final_quarter,Temperature,69,0.8149068322981368,0.5555555555555556,0.04221775666788455,0.05722610722610723
416,final_quarter,Fisher,69,0.8740957252466205,0.5555555555555556,-0.042897332846181954,0.059615384615384605
417,final_quarter,Semantic,160,0.7673620063283723,0.6,0.022748447204968943,0.06917739287038507
417,final_quarter,Temperature,160,0.7323567326848706,0.3333333333333333,-0.014503691550451192,0.07250037689414776
417,final_quarter,Fisher,160,0.6905015820930505,0.45454545454545453,-0.015113383335286534,0.0355633243286191
419,final_quarter,Semantic,82,0.4538587956160686,0.125,-0.00856216192684015,0.05772058823529412
419,final_quarter,Temperature,82,0.553117619529609,0.058823529411764705,-0.005404817100379841,0.045220588235294124
419,final_quarter,Fisher,82,0.5873357930366453,0.2,0.019323908098518732,0.06433823529411765
420,final_quarter,Semantic,97,0.3539080580685882,0.17647058823529413,0.04100633810225121,0.0412796697626419
420,final_quarter,Temperature,97,0.5973727119713864,0.42857142857142855,-0.001397143909110036,0.05380116959064326
420,final_quarter,Fisher,97,0.30409741216074054,0.17647058823529413,-0.048907926572690934,0.054093567251461985
426,final_quarter,Semantic,67,0.5307686168090032,0.16666666666666666,-0.04995809721446245,0.05576923076923076
426,final_quarter,Temperature,67,0.5192353739324768,0.07692307692307693,0.03151089472423977,0.09970862470862471
426,final_quarter,Fisher,67,0.5956580732700136,0.16666666666666666,-0.01140553914917392,0.05064102564102564
432,final_quarter,Semantic,87,0.46203615951009686,0.2857142857142857,-0.02909072683531384,0.07477941176470589
432,final_quarter,Temperature,87,0.49276445286870296,0.38461538461538464,-0.06108114019100386,0.04897058823529412
432,final_quarter,Fisher,87,0.49436830210687466,0.2857142857142857,-0.015909090909090907,0.061470588235294124
435,final_quarter,Semantic,65,0.5744755244755245,0.2727272727272727,-0.0021066433566433564,0.05128205128205128
435,final_quarter,Temperature,65,0.5701048951048951,0.16666666666666666,0.013767482517482516,0.08543123543123543
435,final_quarter,Fisher,65,0.5650349650349651,0.16666666666666666,-0.009276660839160842,0.06410256410256411
443,final_quarter,Semantic,66,0.6587830080367395,0.5555555555555556,-0.015470201440350695,0.06107226107226107
443,final_quarter,Temperature,66,0.42502870264064296,0.75,0.014121699196326068,0.06858974358974358
443,final_quarter,Fisher,66,0.5390460285982676,0.75,0.019198413526771742,0.06025641025641025
444,final_quarter,Semantic,77,0.6654661128345338,0.06666666666666667,0.04337373153162627,0.08593406593406591
444,final_quarter,Temperature,77,0.7028234922971764,0.14285714285714285,-0.010315999789684002,0.0519047619047619
444,final_quarter,Fisher,77,0.6823965508176034,0.14285714285714285,-0.016858141858141856,0.06249084249084249
445,final_quarter,Semantic,80,0.7514299109235819,0.23076923076923078,-0.012500000000000006,0.04428571428571428
445,final_quarter,Temperature,80,0.8001406469760901,0.3333333333333333,-0.015331692451945617,0.06999999999999998
445,final_quarter,Fisher,80,0.8335677449601501,0.3333333333333333,0.014438584153774022,0.05523809523809524
447,final_quarter,Semantic,86,0.687853200622671,0.2,0.06659276380961364,0.058529411764705885
447,final_quarter,Temperature,86,0.47546582385961594,0.38461538461538464,-0.009861785933298742,0.04852941176470588
447,final_quarter,Fisher,86,0.32687390914665787,0.2,-0.05256474361998208,0.06102941176470589
448,final_quarter,Semantic,77,0.7801934907198065,0.6,-0.0011817130238182816,0.045824175824175827
448,final_quarter,Temperature,77,0.7891582102108418,0.6,-0.05920921184079079,0.03047619047619048
448,final_quarter,Fisher,77,0.7550344392449655,0.6,-0.002649981597350011,0.06677655677655678
450,final_quarter,Semantic,65,0.6828671328671329,0.2727272727272727,0.030952797202797207,0.04807692307692308
450,final_quarter,Temperature,65,0.8053758741258742,0.07692307692307693,0.012609265734265731,0.06317016317016318
450,final_quarter,Fisher,65,0.896284965034965,0.5555555555555556,0.006009615384615384,0.044405594405594405
456,final_quarter,Semantic,66,0.6044254253209479,0.07692307692307693,-0.015503600876735201,0.05337995337995338
456,final_quarter,Temperature,66,0.5071495668510595,0.2727272727272727,-0.021208642104164503,0.06346153846153846
456,final_quarter,Fisher,66,0.6663813798142157,0.16666666666666666,-0.027506523327418857,0.07692307692307693
468,final_quarter,Semantic,73,0.7799271874614342,0.14285714285714285,-0.022181599407626814,0.07212454212454213
468,final_quarter,Temperature,73,0.7125447365173393,0.23076923076923078,0.005659940762680493,0.041428571428571426
468,final_quarter,Fisher,73,0.7841848698013082,0.06666666666666667,0.003287362705170927,0.05523809523809524
474,final_quarter,Semantic,70,0.6852418860992039,0.4,0.012406613594611149,0.049533799533799536
474,final_quarter,Temperature,70,0.5910768961595662,0.16666666666666666,0.052476598722771425,0.09364801864801865
474,final_quarter,Fisher,70,0.602344501793369,0.16666666666666666,-0.0009587962557956436,0.07214452214452215
476,final_quarter,Semantic,75,0.8772972972972972,0.45454545454545453,0.04102702702702703,0.09725274725274725
476,final_quarter,Temperature,75,0.7729445234708391,0.6,0.040095305832147946,0.06857142857142856
476,final_quarter,Fisher,75,0.7984068278805121,0.6,0.01664295874822191,0.08820512820512819
485,final_quarter,Semantic,86,0.8748997594226143,0.2,-0.0009528751356196026,0.04860294117647059
485,final_quarter,Temperature,86,0.8192744940799095,0.125,0.022881267984338878,0.06441176470588236
485,final_quarter,Fisher,86,0.7595546959762253,0.2,0.03642530308033398,0.03933823529411765
489,final_quarter,Semantic,72,0.5389092546144447,0.3333333333333333,0.0068911183998971014,0.07285714285714286
489,final_quarter,Temperature,72,0.7428130426393981,0.6,0.051641584667824314,0.06249084249084249
489,final_quarter,Fisher,72,0.5839603833043926,0.23076923076923078,-0.02457714322464467,0.07391941391941391
495,final_quarter,Semantic,68,0.3853494674962782,0.16666666666666666,0.008571592167042027,0.08141025641025641
495,final_quarter,Temperature,68,0.7051570790548536,0.5555555555555556,-0.06648662060541284,0.05576923076923077
495,final_quarter,Fisher,68,0.4785662480436691,0.07692307692307693,-0.017776844676871403,0.055128205128205134
496,final_quarter,Semantic,64,0.6076007326007326,0.16666666666666666,-0.010224358974358975,0.05576923076923077
496,final_quarter,Temperature,64,0.69514652014652,0.16666666666666666,0.013766025641025633,0.0423076923076923
496,final_quarter,Fisher,64,0.6570970695970695,0.16666666666666666,-0.019777930402930403,0.04807692307692307
497,final_quarter,Semantic,66,0.37505479595031843,0.0,0.022573844066381386,0.05
497,final_quarter,Temperature,66,0.663124934766726,0.16666666666666666,0.032677173572695964,0.07564102564102564
497,final_quarter,Fisher,66,0.5442646905333474,0.2727272727272727,-0.010326688237135997,0.06602564102564103
524,final_quarter,Semantic,104,0.7146164515096555,0.15789473684210525,0.020029339592446398,0.06899749373433584
524,final_quarter,Temperature,104,0.7058679184892779,0.2222222222222222,-0.004966392830470501,0.06511278195488722
524,final_quarter,Fisher,104,0.6735090152565881,0.2222222222222222,0.03277285820975142,0.056704260651629076
526,final_quarter,Semantic,92,0.6210101259189619,0.3333333333333333,-0.007365565710586751,0.07312951496388029
526,final_quarter,Temperature,92,0.781945964274155,0.3333333333333333,0.005299539170506915,0.054385964912280704
526,final_quarter,Fisher,92,0.7292048764699537,0.42857142857142855,-0.015473236440978375,0.045321637426900575
528,final_quarter,Semantic,83,0.44005289450484864,0.2,0.012449099534024597,0.04602941176470589
528,final_quarter,Temperature,83,0.5361445783132529,0.125,0.010431971789597413,0.061470588235294124
528,final_quarter,Fisher,83,0.4762814323496075,0.2,0.017361781621258558,0.06345588235294117
529,final_quarter,Semantic,74,0.7333135875601627,0.06666666666666667,-0.014320621991854868,0.07117216117216117
529,final_quarter,Temperature,74,0.7091743798593113,0.23076923076923078,-0.013849685301740088,0.05809523809523809
529,final_quarter,Fisher,74,0.7965494261384671,0.14285714285714285,0.001125509070714548,0.07402930402930404
530,final_quarter,Semantic,79,0.6913826679649465,0.14285714285714285,-0.02203992210321324,0.04534798534798534
530,final_quarter,Temperature,79,0.7759737098344694,0.23076923076923078,0.023560126582278483,0.07868131868131868
530,final_quarter,Fisher,79,0.668159688412853,0.14285714285714285,-0.009311100292112948,0.07058608058608058
536,final_quarter,Semantic,83,0.6267369128080265,0.38461538461538464,0.042151882792494016,0.06477941176470589
536,final_quarter,Temperature,83,0.7111582217371226,0.2857142857142857,0.02645354938919441,0.06852941176470588
536,final_quarter,Fisher,83,0.7555728139036983,1.0,-0.017377524033415893,0.061102941176470596
544,final_quarter,Semantic,64,0.7522435897435897,0.4,0.010320512820512818,0.05512820512820512
544,final_quarter,Temperature,64,0.7284340659340659,0.75,0.02338369963369963,0.0988927738927739
544,final_quarter,Fisher,64,0.6988553113553113,0.5555555555555556,-0.016989468864468858,0.06089743589743589
545,final_quarter,Semantic,70,0.5483859679818038,0.4,-0.013941037529524974,0.05512820512820512
545,final_quarter,Temperature,70,0.5577989677193597,0.2727272727272727,0.011879975505205144,0.07512820512820513
545,final_quarter,Fisher,70,0.5814189484734494,0.2727272727272727,0.003467763100341173,0.06555944055944055
553,final_quarter,Semantic,72,0.7475721911376939,0.14285714285714285,0.012351276609428261,0.058681318681318685
553,final_quarter,Temperature,72,0.8701202649688085,0.45454545454545453,-0.04171972474114092,0.05095238095238095
553,final_quarter,Fisher,72,0.6952858704739856,0.23076923076923078,0.03556820374300599,0.0663003663003663
556,final_quarter,Semantic,75,0.7660028449502132,0.14285714285714285,-0.024667140825035565,0.0519047619047619
556,final_quarter,Temperature,75,0.7714366998577524,0.23076923076923078,-0.006408250355618775,0.06249084249084249
556,final_quarter,Fisher,75,0.8522901849217639,0.14285714285714285,0.02081650071123755,0.07714285714285714
561,final_quarter,Semantic,66,0.4439411334933724,0.2727272727272727,-0.0007577497129736034,0.047435897435897434
561,final_quarter,Temperature,66,0.4457363531990398,0.2727272727272727,0.003913996451309885,0.05897435897435897
561,final_quarter,Fisher,66,0.5793340987370839,0.2727272727272727,0.016209163970358,0.05576923076923076
566,final_quarter,Semantic,82,0.8910547338405111,0.2857142857142857,-0.023456427335357695,0.053088235294117644
566,final_quarter,Temperature,82,0.7575777364199344,0.2,-0.016366822302761184,0.02058823529411765
566,final_quarter,Fisher,82,0.8494574503977972,0.2857142857142857,-0.04632731467876928,0.03897058823529412
571,final_quarter,Semantic,76,0.5066575529733424,0.14285714285714285,0.004369104579630897,0.07344322344322343
571,final_quarter,Temperature,76,0.44194121667805875,0.06666666666666667,0.012012303485987696,0.03714285714285714
571,final_quarter,Fisher,76,0.38753246753246756,0.06666666666666667,0.061260423786739585,0.059523809523809514
572,final_quarter,Semantic,73,0.6915031469825991,0.23076923076923078,-0.017814389732197955,0.07604395604395604
572,final_quarter,Temperature,73,0.8100703443169197,0.3333333333333333,-0.03929408860915711,0.04476190476190476
572,final_quarter,Fisher,73,0.5057386153276565,0.14285714285714285,-0.004975009255831173,0.048095238095238094
576,final_quarter,Semantic,96,0.7514378730330982,0.25,0.00689161692892024,0.054437564499484004
576,final_quarter,Temperature,96,0.7383613673358654,0.25,0.007546120455778615,0.06945304437564499
576,final_quarter,Fisher,96,0.6738876831253392,0.3333333333333333,-0.002425393380358112,0.0608703130374957
578,final_quarter,Semantic,80,0.8113220815752462,0.45454545454545453,0.039712845757149555,0.07545787545787545
578,final_quarter,Temperature,80,0.7300046882325363,0.6,-0.031586966713549,0.04153846153846154
578,final_quarter,Fisher,80,0.8105954055321145,0.6,0.029127988748241917,0.07809523809523808
584,final_quarter,Semantic,73,0.7125138837467606,0.23076923076923078,-0.009562816240898433,0.07725274725274725
584,final_quarter,Temperature,73,0.6123349376774035,0.06666666666666667,-0.007683882512649644,0.07391941391941391
584,final_quarter,Fisher,73,0.6482167098605456,0.14285714285714285,-0.01116098975688017,0.05296703296703296
591,final_quarter,Semantic,67,0.6323329874690718,0.5555555555555556,0.013684252534120847,0.05769230769230769
591,final_quarter,Temperature,67,0.5373932476654163,0.16666666666666666,-0.002149014286854495,0.08607226107226106
591,final_quarter,Fisher,67,0.6186447441934712,0.4,0.013891771091068728,0.055128205128205134
593,final_quarter,Semantic,79,0.22468354430379747,0.06666666666666667,-0.01309883154819864,0.054761904761904755
593,final_quarter,Temperature,79,0.37943037974683547,0.14285714285714285,0.005338364167478091,0.0519047619047619
593,final_quarter,Fisher,79,0.43281402142161635,0.14285714285714285,-0.021326679649464463,0.06582417582417581
600,final_quarter,Semantic,92,0.7303916280073363,0.3333333333333333,-0.03823960051169027,0.043567251461988296
600,final_quarter,Temperature,92,0.5897230399334187,0.25,0.004304671485597151,0.04883040935672515
600,final_quarter,Fisher,92,0.7270009093290999,0.25,0.022435768999583865,0.05935672514619883
606,final_quarter,Semantic,99,0.7698082869511441,0.1111111111111111,-0.011909709338280769,0.0632094943240454
606,final_quarter,Temperature,99,0.7852442795299938,0.17647058823529413,0.008304267161410014,0.04946680426556588
606,final_quarter,Fisher,99,0.7274953617810761,0.1111111111111111,-0.012576376004947432,0.03572411420708634
612,final_quarter,Semantic,66,0.5034756288487633,0.4,-0.037582715791671016,0.0423076923076923
612,final_quarter,Temperature,66,0.45842813902515406,0.5555555555555556,-0.05831750339213025,0.05128205128205128
612,final_quarter,Fisher,66,0.5425112201231606,0.4,-0.023371255610061585,0.03974358974358975
615,final_quarter,Semantic,130,0.5641016537164237,0.23809523809523808,-0.01301970530800639,0.03918840579710145
615,final_quarter,Temperature,130,0.6306381351650302,0.23809523809523808,-0.018504144532903628,0.05152173913043477
615,final_quarter,Fisher,130,0.4832757514099605,0.23809523809523808,-0.018318152644444145,0.04118840579710145
624,final_quarter,Semantic,77,0.7385772122614227,0.45454545454545453,-0.008350859666649132,0.03534798534798535
624,final_quarter,Temperature,77,0.6708817498291181,0.45454545454545453,0.04172012198327987,0.06249084249084248
624,final_quarter,Fisher,77,0.6774015458225984,0.23076923076923078,0.015242652084757346,0.06904761904761905
633,final_quarter,Semantic,70,0.7670894934826349,0.2727272727272727,-0.012866765812264896,0.058974358974358966
633,final_quarter,Temperature,70,0.8714373195695914,0.4,0.021411949960633357,0.05128205128205129
633,final_quarter,Fisher,70,0.7940687603884173,0.16666666666666666,-0.03328492695302248,0.032867132867132866
635,final_quarter,Semantic,82,0.6336565775296307,0.2,-0.012072136785624882,0.046838235294117646
635,final_quarter,Temperature,82,0.7359192869037124,0.2,-0.014933446523220257,0.041176470588235294
635,final_quarter,Fisher,82,0.7827189516875088,0.2857142857142857,-0.02185979691122213,0.06301470588235294
644,final_quarter,Semantic,70,0.09925640801329717,0.07692307692307693,0.01311521301723384,0.0673076923076923
644,final_quarter,Temperature,70,0.3387455165777272,0.16666666666666666,-0.0006946023969906401,0.0694055944055944
644,final_quarter,Fisher,70,0.12546583850931678,0.16666666666666666,0.03628553932289387,0.05512820512820512
647,final_quarter,Semantic,66,0.8142573844066383,0.4,0.021847406325018272,0.07371794871794872
647,final_quarter,Temperature,66,0.6743554952510177,0.16666666666666666,-0.025312597849911283,0.0791958041958042
647,final_quarter,Fisher,66,0.7608600354869013,0.4,0.004281390251539503,0.05209790209790209
649,final_quarter,Semantic,69,0.3432225063938619,0.16666666666666666,-0.0035038363171355493,0.07773892773892775
649,final_quarter,Temperature,69,0.6581293386919985,0.2727272727272727,-0.024128607964925112,0.08730769230769231
649,final_quarter,Fisher,69,0.3872853489221776,0.16666666666666666,0.01142674461088783,0.07692307692307691
655,final_quarter,Semantic,69,0.5698940445743516,0.07692307692307693,-0.004905005480453049,0.08030303030303029
655,final_quarter,Temperature,69,0.6983193277310925,0.07692307692307693,0.016530873218852764,0.0685897435897436
655,final_quarter,Fisher,69,0.7207161125319693,0.07692307692307693,0.02226890756302521,0.07837995337995338
661,final_quarter,Semantic,68,0.8018093674848265,0.16666666666666666,0.010734053517578349,0.04358974358974359
661,final_quarter,Temperature,68,0.8697560789403365,0.16666666666666666,0.004668473489330842,0.05833333333333333
661,final_quarter,Fisher,68,0.835897240142001,0.07692307692307693,-0.04235790357674542,0.04294871794871794
664,final_quarter,Semantic,89,0.7872829417773239,0.2,0.008747020769492683,0.04485294117647059
664,final_quarter,Temperature,89,0.532635342185904,0.38461538461538464,0.03005362614913177,0.07183823529411765
664,final_quarter,Fisher,89,0.711831801157644,0.2857142857142857,0.016496424923391224,0.06404411764705883
668,final_quarter,Semantic,84,0.7183152779183962,0.2857142857142857,-0.02780398906550572,0.04897058823529412
668,final_quarter,Temperature,84,0.7124835476359218,0.2857142857142857,0.006458438797205632,0.07362394957983193
668,final_quarter,Fisher,84,0.6615571529816746,0.2,0.03700718841753568,0.10105042016806723
675,final_quarter,Semantic,81,0.5059394760614273,0.38461538461538464,-0.00877484191508581,0.05602941176470588
675,final_quarter,Temperature,81,0.5145438121047876,0.38461538461538464,-0.009409439927732608,0.048161764705882355
675,final_quarter,Fisher,81,0.48109756097560974,0.5,-0.009435411020776876,0.06073529411764707
684,final_quarter,Semantic,85,0.7640805159273011,0.5,0.012369552472151652,0.045220588235294124
684,final_quarter,Temperature,85,0.7293140512018761,0.2857142857142857,-0.014858315419190932,0.03308823529411765
684,final_quarter,Fisher,85,0.8009380496384599,0.6363636363636364,-0.004577877662692984,0.06066176470588236
689,final_quarter,Semantic,66,0.7270431061475839,0.07692307692307693,-0.0362488258010646,0.044230769230769226
689,final_quarter,Temperature,66,0.734891973697944,0.16666666666666666,-0.02625821939254776,0.058974358974358966
689,final_quarter,Fisher,66,0.6258010646070349,0.0,0.011491493581045818,0.04871794871794872
691,final_quarter,Semantic,70,0.5584988190009623,0.2727272727272727,-0.008919604584025891,0.04743589743589743
691,final_quarter,Temperature,70,0.5042953372408363,0.07692307692307693,-0.0182643688216254,0.04423076923076923
691,final_quarter,Fisher,70,0.6623217566267169,0.4,0.02791356836672208,0.06474358974358975
694,final_quarter,Semantic,94,0.5054582234584403,0.5384615384615384,-0.0059090416501101795,0.06786635706914344
694,final_quarter,Temperature,94,0.47944948163132606,0.3333333333333333,-0.017458367951450345,0.03864809081527347
694,final_quarter,Fisher,94,0.5409312574504208,0.5384615384615384,0.00742910811689484,0.06659356725146197
701,final_quarter,Semantic,81,0.6401987353206865,0.2,0.006928635953026193,0.08147058823529411
701,final_quarter,Temperature,81,0.6820686540198735,0.38461538461538464,0.045778003613369464,0.05656512605042017
701,final_quarter,Fisher,81,0.6699412827461607,0.38461538461538464,-0.02517841011743451,0.04308823529411765
704,final_quarter,Semantic,76,0.5010252904989747,0.14285714285714285,-0.009831852358168148,0.048571428571428564
704,final_quarter,Temperature,76,0.5884073820915926,0.23076923076923078,-0.0011414900888585045,0.059157509157509156
704,final_quarter,Fisher,76,0.6636226930963772,0.45454545454545453,0.011804511278195488,0.05142857142857142
713,final_quarter,Semantic,69,0.7838874680306906,0.2727272727272727,-0.0023145780051150888,0.05576923076923077
713,final_quarter,Temperature,69,0.8353671903544028,0.2727272727272727,0.02133723054439167,0.05512820512820512
713,final_quarter,Fisher,69,0.6782974059188893,0.2727272727272727,-0.03956339057362075,0.03974358974358975
714,final_quarter,Semantic,93,0.39254274715764964,0.1111111111111111,-0.01978977052311181,0.053027175782593736
714,final_quarter,Temperature,93,0.49104771567544975,0.25,-0.022370266479663392,0.05268317853457173
714,final_quarter,Fisher,93,0.48316970546984567,0.25,-0.03251096654829756,0.04327485380116959
723,final_quarter,Semantic,94,0.5834411010367373,0.6666666666666666,0.0030762561861069956,0.061265909872721014
723,final_quarter,Temperature,94,0.6907705089766284,0.6666666666666666,-0.010139796987320739,0.05478156174750602
723,final_quarter,Fisher,94,0.658808655131308,0.6666666666666666,-0.01268215150092114,0.0632094943240454
739,final_quarter,Semantic,71,0.754225352112676,0.3333333333333333,-0.03735747820254862,0.05380952380952382
739,final_quarter,Temperature,71,0.6939973172367537,0.14285714285714285,0.02087692823608316,0.09106227106227105
739,final_quarter,Fisher,71,0.672468142186452,0.45454545454545453,0.011063044936284372,0.06249084249084248
745,final_quarter,Semantic,107,0.4178275436430965,0.15789473684210525,-0.03569819157898862,0.0419423558897243
745,final_quarter,Temperature,107,0.6212406199181019,0.15789473684210525,-0.01578351848586375,0.0616624895572264
745,final_quarter,Fisher,107,0.5204549462175982,0.15789473684210525,0.0015831031172240842,0.06591060985797828
753,final_quarter,Semantic,62,0.5632948049658785,0.16666666666666666,-0.002608848933544858,0.04294871794871795
753,final_quarter,Temperature,62,0.5742237667145124,0.16666666666666666,-0.04126816247387375,0.047435897435897434
753,final_quarter,Fisher,62,0.6135579562337892,0.2727272727272727,-0.015481856412580902,0.05128205128205128
757,final_quarter,Semantic,73,0.1802727384919166,0.06666666666666667,0.048284585955818846,0.059157509157509156
757,final_quarter,Temperature,73,0.4062075774404542,0.06666666666666667,-0.0662655806491423,0.059157509157509156
757,final_quarter,Fisher,73,0.31994323090213506,0.06666666666666667,-0.01849469332346046,0.06190476190476189
762,final_quarter,Semantic,75,0.36935988620199145,0.23076923076923078,0.010660028449502132,0.06963369963369961
762,final_quarter,Temperature,75,0.5943100995732574,0.45454545454545453,0.03472546230440966,0.07831501831501832
762,final_quarter,Fisher,75,0.4990611664295874,0.23076923076923078,-0.04287197724039829,0.0663003663003663
771,final_quarter,Semantic,77,0.6895472948104526,0.3333333333333333,-0.01249802828750197,0.0563003663003663
771,final_quarter,Temperature,77,0.6283716283716283,0.06666666666666667,0.0038816446711183563,0.05534798534798535
771,final_quarter,Fisher,77,0.6638624533361375,0.0,0.02213181555286818,0.05523809523809524
773,final_quarter,Semantic,82,0.6868122898096451,0.2,-0.02023595737965412,0.061050420168067235
773,final_quarter,Temperature,82,0.6009403467528651,0.2857142857142857,0.022407244152762813,0.046764705882352944
773,final_quarter,Fisher,82,0.7218576201826276,0.2,-0.008645965977732067,0.07058823529411765
778,final_quarter,Semantic,84,0.6565556343019135,0.2857142857142857,-0.03462488609901792,0.04191176470588236
778,final_quarter,Temperature,84,0.6796800647970032,0.2857142857142857,0.016466538422597952,0.0474264705882353
778,final_quarter,Fisher,84,0.6682190948668625,0.38461538461538464,0.020019236610306766,0.07183823529411766
779,final_quarter,Semantic,87,0.6794124079609243,0.5,0.010099693810599986,0.049411764705882356
779,final_quarter,Temperature,87,0.5938069548735145,0.38461538461538464,0.011421958154115331,0.07022058823529412
779,final_quarter,Fisher,87,0.6020995844572428,0.38461538461538464,-0.041031202157906246,0.07176470588235294
784,final_quarter,Semantic,75,0.4808250355618776,0.14285714285714285,-0.019455192034139403,0.06142857142857142
784,final_quarter,Temperature,75,0.28694167852062585,0.23076923076923078,-0.034607396870554766,0.04095238095238095
784,final_quarter,Fisher,75,0.5339118065433854,0.23076923076923078,-0.0059914651493598895,0.07879120879120878
790,final_quarter,Semantic,86,0.5748478701825558,0.38461538461538464,-0.01662531251474126,0.043823529411764706
790,final_quarter,Temperature,86,0.7364403981319874,0.5,0.02320109439124487,0.03720588235294118
790,final_quarter,Fisher,86,0.6739468842869947,0.6363636363636364,0.038682013302514265,0.07906512605042017
794,final_quarter,Semantic,71,0.6535546613011401,0.06666666666666667,0.02224178403755868,0.06238095238095237
794,final_quarter,Temperature,71,0.7482562038900066,0.23076923076923078,-0.018485915492957743,0.0563003663003663
794,final_quarter,Fisher,71,0.7455399061032862,0.23076923076923078,-0.015090543259557337,0.06238095238095237
799,final_quarter,Semantic,93,0.5748709379009876,0.17647058823529413,0.0030594431679150146,0.06384588923288613
799,final_quarter,Temperature,93,0.4792754617886663,0.17647058823529413,-0.02020008355465369,0.04853801169590642
799,final_quarter,Fisher,93,0.599579242636746,0.25,0.03446927874429291,0.054093567251461985
801,final_quarter,Semantic,67,0.6445446563971587,0.16666666666666666,-0.013450794157554477,0.03910256410256411
801,final_quarter,Temperature,67,0.6273445606193632,0.4,-0.0218253651528454,0.051923076923076926
801,final_quarter,Fisher,67,0.546731582728071,0.16666666666666666,0.011870460531566767,0.04807692307692307
805,final_quarter,Semantic,79,0.6867088607594937,0.06666666666666667,0.00034566699123661276,0.048095238095238094
805,final_quarter,Temperature,79,0.7695228821811101,0.06666666666666667,0.0334944011684518,0.05201465201465202
805,final_quarter,Fisher,79,0.6149221032132425,0.06666666666666667,-0.02750243427458618,0.038205128205128204
808,final_quarter,Semantic,89,0.45495403472931567,0.125,0.01729230507320395,0.05933823529411766
808,final_quarter,Temperature,89,0.4600783112019068,0.058823529411764705,0.017323799795709912,0.04897058823529412
808,final_quarter,Fisher,89,0.16876064010895472,0.058823529411764705,-0.033140108954715704,0.061397058823529416
810,final_quarter,Semantic,81,0.5231255645889792,0.2857142857142857,-0.008481255645889797,0.05441176470588235
810,final_quarter,Temperature,81,0.6028906955736224,0.5,-0.03116305329719964,0.051470588235294115
810,final_quarter,Fisher,81,0.19252484191508581,0.058823529411764705,0.01188572719060524,0.06558823529411764
814,final_quarter,Semantic,72,0.3886102000128626,0.23076923076923078,-0.03242169914463953,0.0563003663003663
814,final_quarter,Temperature,72,0.5091645765000966,0.3333333333333333,0.02210270756961862,0.08593406593406591
814,final_quarter,Fisher,72,0.36754775226702685,0.23076923076923078,0.00048395395202263517,0.05142857142857142
816,final_quarter,Semantic,75,0.8961024182076812,0.45454545454545453,-0.01730725462304409,0.03857142857142857
816,final_quarter,Temperature,75,0.7498435277382645,0.23076923076923078,0.006150782361308676,0.07223443223443224
816,final_quarter,Fisher,75,0.8537126600284496,0.45454545454545453,0.032920341394025596,0.04428571428571428
818,final_quarter,Semantic,74,0.26918918918918916,0.14285714285714285,-0.0153306182895224,0.0519047619047619
818,final_quarter,Temperature,74,0.49500185116623463,0.3333333333333333,0.04245538689374305,0.06010989010989011
818,final_quarter,Fisher,74,0.1529359496482784,0.06666666666666667,0.04750536838208071,0.04428571428571428
825,final_quarter,Semantic,87,0.7150616023911933,0.6363636363636364,-0.005310016767514761,0.05816176470588236
825,final_quarter,Temperature,87,0.7192534810818692,0.2857142857142857,0.0031840052489611414,0.05970588235294118
825,final_quarter,Fisher,87,0.6651600204126266,0.6363636363636364,-0.007109790770576653,0.05897058823529412
830,final_quarter,Semantic,95,0.7234742441209406,0.42857142857142855,-0.032443309070548716,0.04269005847953215
830,final_quarter,Temperature,95,0.7793952967525196,0.42857142857142855,0.022143057110862265,0.073765909872721
830,final_quarter,Fisher,95,0.7889557670772678,0.42857142857142855,-0.011886198208286671,0.04822411420708635
837,final_quarter,Semantic,85,0.6291967949970686,0.125,0.020563806918116084,0.06441176470588236
837,final_quarter,Temperature,85,0.681532147742818,0.2,0.005243306624975568,0.06477941176470589
837,final_quarter,Fisher,85,0.5208325190541333,0.125,0.001063122923588039,0.07102941176470588
843,final_quarter,Semantic,70,0.6617618756014347,0.4,-0.03150905432595573,0.04807692307692307
843,final_quarter,Temperature,70,0.5523051351587788,0.16666666666666666,-0.011068148018546059,0.05897435897435897
843,final_quarter,Fisher,70,0.5382031318344852,0.16666666666666666,0.007838334353949787,0.05897435897435897
847,final_quarter,Semantic,63,0.48339093701996927,0.16666666666666666,0.016858678955453156,0.05064102564102564
847,final_quarter,Temperature,63,0.6341205837173579,0.16666666666666666,-0.033863767281105975,0.04294871794871794
847,final_quarter,Fisher,63,0.4830069124423963,0.07692307692307693,-0.0023185483870967706,0.0965034965034965
854,final_quarter,Semantic,72,0.7156408772268315,0.45454545454545453,-0.03456653160974983,0.050586080586080585
854,final_quarter,Temperature,72,0.6703324972667053,0.45454545454545453,0.04093510836709758,0.048095238095238094
854,final_quarter,Fisher,72,0.6523249083542351,0.45454545454545453,-0.04159753038780629,0.048095238095238094
863,final_quarter,Semantic,66,0.34365932574887803,0.16666666666666666,-0.009925895000521864,0.06346153846153846
863,final_quarter,Temperature,66,0.540716000417493,0.2727272727272727,0.025101763907734064,0.07243589743589743
863,final_quarter,Fisher,66,0.20325644504748985,0.16666666666666666,-0.038225654942072855,0.05128205128205128
864,final_quarter,Semantic,80,0.6709798406000937,0.6,-0.005738396624472578,0.052380952380952375
864,final_quarter,Temperature,80,0.5207219878105954,0.3333333333333333,-0.017093295827473043,0.06249084249084249
864,final_quarter,Fisher,80,0.43035630567276145,0.23076923076923078,-0.016238865447726212,0.037142857142857144
866,final_quarter,Semantic,75,0.685433854907539,0.14285714285714285,0.02984637268847795,0.0839194139194139
866,final_quarter,Temperature,75,0.7507539118065433,0.45454545454545453,-0.029109530583214794,0.05963369963369963
866,final_quarter,Fisher,75,0.7176671408250356,0.23076923076923078,0.010957325746799428,0.05641025641025641
867,final_quarter,Semantic,98,0.7977927815924868,0.42857142857142855,0.008330942498836461,0.04851651186790505
867,final_quarter,Temperature,98,0.7693960433282965,0.3333333333333333,0.002112860139369706,0.06711386308909528
867,final_quarter,Fisher,98,0.8365689293524344,0.3333333333333333,0.001300613966298797,0.07352695464150573
875,final_quarter,Semantic,85,0.6233535274574946,0.2,-0.011949384404924763,0.05977941176470589
875,final_quarter,Temperature,85,0.582079343365253,0.058823529411764705,-0.02022474105921438,0.05514705882352942
875,final_quarter,Fisher,85,0.6643736564393199,0.125,0.04590384991205784,0.042279411764705885
877,final_quarter,Semantic,78,0.7476447603029881,0.3333333333333333,-0.04165707710011507,0.048571428571428564
877,final_quarter,Temperature,78,0.8042463865248675,0.45454545454545453,-0.015961253935937482,0.04047619047619048
877,final_quarter,Fisher,78,0.6777399815374499,0.14285714285714285,-0.0031386335183803543,0.052490842490842494
885,final_quarter,Semantic,79,0.6027020447906524,0.45454545454545453,0.026361976630963978,0.047619047619047616
885,final_quarter,Temperature,79,0.32933300876338856,0.06666666666666667,0.011208617332035053,0.06307692307692309
885,final_quarter,Fisher,79,0.4179406037000974,0.3333333333333333,0.01260223953261928,0.07142857142857142
891,final_quarter,Semantic,74,0.851788226582747,0.3333333333333333,0.0020333209922251015,0.08487179487179486
891,final_quarter,Temperature,74,0.7234801925212883,0.14285714285714285,-0.005820066641984448,0.08545787545787545
891,final_quarter,Fisher,74,0.613802295446131,0.14285714285714285,-0.01737282487967419,0.04534798534798534
894,final_quarter,Semantic,77,0.7634470792365529,0.6,0.014659025185340976,0.056776556776556776
894,final_quarter,Temperature,77,0.8698143961301854,0.45454545454545453,0.02225669067774331,0.0657142857142857
894,final_quarter,Fisher,77,0.7990693517009306,0.23076923076923078,0.02810216099689784,0.05857142857142857
908,final_quarter,Semantic,82,0.6803256385977514,0.2857142857142857,-0.037653051229307476,0.047205882352941174
908,final_quarter,Temperature,82,0.5966739587074585,0.2,-0.0026599623425953125,0.045220588235294124
908,final_quarter,Fisher,82,0.5990901274474593,0.38461538461538464,-0.0041858490874065405,0.04926470588235295
920,final_quarter,Semantic,73,0.725132666913489,0.6,0.00723651733925707,0.07058608058608058
920,final_quarter,Temperature,73,0.8018018018018019,0.45454545454545453,-0.021479698876959153,0.039999999999999994
920,final_quarter,Fisher,73,0.6979513760335678,0.45454545454545453,-0.00828088362334938,0.05523809523809523
921,final_quarter,Semantic,74,0.1813994816734542,0.06666666666666667,0.007912624953720842,0.052380952380952375
921,final_quarter,Temperature,74,0.3242798963346908,0.23076923076923078,-0.02068122917437986,0.11021978021978021
921,final_quarter,Fisher,74,0.7185042576823398,0.45454545454545453,-0.023804516845612734,0.0519047619047619
923,final_quarter,Semantic,68,0.5828529984349352,0.07692307692307693,-0.0004160781768904843,0.06346153846153846
923,final_quarter,Temperature,68,0.6081994121464289,0.16666666666666666,0.008504790624880711,0.03141025641025641
923,final_quarter,Fisher,68,0.5771653242737718,0.07692307692307693,0.01169408710921098,0.06427738927738927
930,final_quarter,Semantic,73,0.5675675675675678,0.3333333333333333,0.026647537948907823,0.09389943389943389
930,final_quarter,Temperature,73,0.7413612242379367,0.45454545454545453,-0.05092095520177713,0.08106227106227105
930,final_quarter,Fisher,73,0.6757065284462546,0.23076923076923078,-0.02470072812538566,0.0706959706959707
932,final_quarter,Semantic,77,0.7862663652137336,0.3333333333333333,0.018538040906461953,0.059047619047619036
932,final_quarter,Temperature,77,0.81273989168726,0.3333333333333333,-0.038126347336873645,0.06630036630036629
932,final_quarter,Fisher,77,0.8570376991429622,0.3333333333333333,-0.008934486566065509,0.04428571428571428
940,final_quarter,Semantic,95,0.7609322508398657,0.5384615384615384,-0.001875000000000003,0.06430598555211557
940,final_quarter,Temperature,95,0.7648516237402015,0.5384615384615384,0.005167973124300113,0.051169590643274844
940,final_quarter,Fisher,95,0.7866181410974243,0.3333333333333333,0.004163633818589021,0.048830409356725134
942,final_quarter,Semantic,81,0.7804878048780488,0.2857142857142857,0.016645212285456183,0.05897058823529412
942,final_quarter,Temperature,81,0.7964995483288166,0.2,0.020374887082204154,0.09149159663865547
942,final_quarter,Fisher,81,0.7366305329719963,0.38461538461538464,0.023768066847335144,0.08433823529411764
954,final_quarter,Semantic,121,0.6580544641647471,0.3,-0.028278688524590163,0.056612648221343875
954,final_quarter,Temperature,121,0.5648150657092532,0.23809523809523808,-0.003832136566860854,0.059322793148880115
954,final_quarter,Fisher,121,0.5469990516190216,0.18181818181818182,0.01920877929819807,0.051688405797101454
955,final_quarter,Semantic,67,0.3713384946923139,0.4,0.004262111900391096,0.04358974358974359
955,final_quarter,Temperature,67,0.4221406337297471,0.2727272727272727,-0.05396679703088834,0.023717948717948717
955,final_quarter,Fisher,67,0.3378162662622715,0.4,0.006860084603719374,0.05722610722610723
958,final_quarter,Semantic,79,0.5991236611489777,0.06666666666666667,-0.035304284323271665,0.054761904761904755
958,final_quarter,Temperature,79,0.6614897760467381,0.06666666666666667,-0.04060856864654334,0.05380952380952381
958,final_quarter,Fisher,79,0.6712999026290166,0.14285714285714285,0.04440360272638754,0.07439560439560439
960,final_quarter,Semantic,76,0.5600273410799727,0.3333333333333333,0.018668489405331508,0.05142857142857142
960,final_quarter,Temperature,76,0.5030485304169515,0.3333333333333333,-0.02750239234449762,0.04534798534798535
960,final_quarter,Fisher,76,0.37203007518796993,0.14285714285714285,0.032539986329460015,0.054285714285714284
964,final_quarter,Semantic,78,0.5690638475448601,0.45454545454545453,0.02054527750730283,0.09164835164835164
964,final_quarter,Temperature,78,0.632620544012949,0.3333333333333333,-0.02335386132854487,0.0519047619047619
964,final_quarter,Fisher,78,0.5287750224459085,0.23076923076923078,-0.06281945902199068,0.06285714285714286
965,final_quarter,Semantic,79,0.6475900681596884,0.45454545454545453,0.002951557935735153,0.05142857142857142
965,final_quarter,Temperature,79,0.6448880233690361,0.3333333333333333,0.0076241480038948374,0.06952380952380952
965,final_quarter,Fisher,79,0.6158471275559884,0.3333333333333333,0.006688169425511203,0.04963369963369963
969,final_quarter,Semantic,79,0.7024586173320352,0.14285714285714285,0.009000730282375849,0.0645054945054945
969,final_quarter,Temperature,79,0.7407497565725415,0.14285714285714285,0.009934274586173318,0.05809523809523809
969,final_quarter,Fisher,79,0.6341528724440118,0.3333333333333333,-0.002287000973709838,0.05915750915750915
976,final_quarter,Semantic,83,0.5527685655514042,0.2857142857142857,-0.0012782838671760207,0.05477941176470589
976,final_quarter,Temperature,83,0.7382561605306243,0.2857142857142857,0.01550207799840476,0.07808823529411765
976,final_quarter,Fisher,83,0.5846941774064901,0.2,0.043454305024977956,0.055955882352941175
977,final_quarter,Semantic,81,0.7260162601626017,0.125,0.012302393857271903,0.09102941176470589
977,final_quarter,Temperature,81,0.7322267389340559,0.2857142857142857,0.00900067750677507,0.03897058823529412
977,final_quarter,Fisher,81,0.7692186088527553,0.2,-0.008516260162601628,0.06264705882352942
980,final_quarter,Semantic,71,0.5521462105969147,0.06666666666666667,-0.007691146881287722,0.048095238095238094
980,final_quarter,Temperature,71,0.6725016767270288,0.3333333333333333,-0.042593896713615007,0.08058608058608056
980,final_quarter,Fisher,71,0.5474849094567404,0.14285714285714285,-0.012607310529845739,0.05249084249084248
984,final_quarter,Semantic,92,0.7031579920780481,0.17647058823529413,-0.03193902871322225,0.05701754385964912
984,final_quarter,Temperature,92,0.7138079311992356,0.25,0.04718570349706395,0.05175438596491229
984,final_quarter,Fisher,92,0.4534469737835797,0.05263157894736842,0.029128585299693293,0.06057791537667699
996,final_quarter,Semantic,76,0.5279289131920711,0.3333333333333333,-0.031015721120984285,0.048095238095238094
996,final_quarter,Temperature,76,0.5106493506493506,0.6,-0.043059466848940534,0.054761904761904755
996,final_quarter,Fisher,76,0.39018455228981547,0.14285714285714285,-0.035271360218728634,0.05523809523809523
997,final_quarter,Semantic,86,0.8306901268927779,0.38461538461538464,-0.018696164913439305,0.054852941176470583
997,final_quarter,Temperature,86,0.6163403934147837,0.125,-0.013127034294070472,0.056985294117647065
997,final_quarter,Fisher,86,0.6425114392188311,0.2,0.0023850181612340192,0.05514705882352942
998,final_quarter,Semantic,85,0.719874926714872,0.2857142857142857,0.04879714676568301,0.05362394957983193
998,final_quarter,Temperature,85,0.6837013875317569,0.2,0.008732655853038892,0.04154411764705883
998,final_quarter,Fisher,85,0.7525307797537619,0.5,-0.022979284737150676,0.05227941176470589
1,final_half,Semantic,107,0.31239836203687377,0.1,0.012623679931033133,0.05714285714285715
1,final_half,Temperature,107,0.15808499382824898,0.15789473684210525,0.005395873743607828,0.04959899749373433
1,final_half,Fisher,107,0.3439820529399087,0.1,0.010716804796332222,0.04146616541353383
2,final_half,Semantic,103,0.7628498001142205,0.2222222222222222,0.0013580152001054374,0.05959899749373434
2,final_half,Temperature,103,0.6911435223828143,0.15789473684210525,-0.002493630013618591,0.08637844611528823
2,final_half,Fisher,103,0.6387339102930194,0.15789473684210525,0.026876949435487407,0.07430487984667553
20,final_half,Semantic,80,0.47245663384903896,0.14285714285714285,-0.007409751523675579,0.06952380952380952
20,final_half,Temperature,80,0.5472339428035631,0.3333333333333333,-0.006298640412564465,0.049157509157509154
20,final_half,Fisher,80,0.41748710736052513,0.23076923076923078,0.00854078762306611,0.0645054945054945
24,final_half,Semantic,72,0.6887581194932151,0.23076923076923078,-0.024752395652453536,0.08212454212454211
24,final_half,Temperature,72,0.6964435011897873,0.23076923076923078,0.031518104058138804,0.08677655677655678
24,final_half,Fisher,72,0.7590520290693936,0.45454545454545453,0.0474821531931314,0.07391941391941391
32,final_half,Semantic,71,0.4417840375586854,0.0,-0.014922870556673374,0.05809523809523809
32,final_half,Temperature,71,0.4463447350771294,0.0,-0.025191146881287728,0.048095238095238094
32,final_half,Fisher,71,0.32458081824279006,0.06666666666666667,-0.005943997317236752,0.055824175824175815
45,final_half,Semantic,90,0.13828044614561466,0.125,-0.007268387043667943,0.04595588235294118
45,final_half,Temperature,90,0.3006708647158085,0.2,-0.012531588261925339,0.04897058823529412
45,final_half,Fisher,90,0.1573609910688562,0.125,0.016602049635757496,0.042279411764705885
57,final_half,Semantic,82,0.6321546347993601,0.5,0.00593485051316376,0.07022058823529412
57,final_half,Temperature,82,0.7891185337556187,0.38461538461538464,0.012121113179003273,0.07102941176470588
57,final_half,Fisher,82,0.6829594801972116,0.38461538461538464,-0.02527399571184467,0.05897058823529412
59,final_half,Semantic,80,0.2859118612283169,0.14285714285714285,-0.0022773089545241416,0.030952380952380946
59,final_half,Temperature,80,0.473300515705579,0.14285714285714285,-0.012648851383028598,0.03
59,final_half,Fisher,80,0.3428973277074543,0.14285714285714285,-0.0046601031411157975,0.048095238095238094
62,final_half,Semantic,73,0.51360607182525,0.3333333333333333,0.02568338886832038,0.03534798534798535
62,final_half,Temperature,73,0.5878378378378379,0.23076923076923078,0.03219332346044675,0.06688644688644689
62,final_half,Fisher,73,0.51283475256078,0.45454545454545453,0.008504566210045663,0.07344322344322345
63,final_half,Semantic,66,0.6208328984448388,0.5555555555555556,0.0262477820686776,0.08222610722610722
63,final_half,Temperature,66,0.5794593466235258,0.2727272727272727,0.029241206554639403,0.055128205128205134
63,final_half,Fisher,66,0.7639912326479492,0.5555555555555556,0.014637302995511952,0.04358974358974359
64,final_half,Semantic,88,0.7851255679616781,0.2,-0.03524004085801839,0.05183823529411765
64,final_half,Temperature,88,0.8004473248564687,0.2857142857142857,0.0027799302595893013,0.05816176470588236
64,final_half,Fisher,88,0.8412172871684691,0.2,0.008249093022436696,0.057794117647058815
66,final_half,Semantic,75,0.5089900426742532,0.14285714285714285,-0.03230725462304409,0.09164835164835164
66,final_half,Temperature,75,0.6205689900426742,0.14285714285714285,-0.020382645803698432,0.03761904761904762
66,final_half,Fisher,75,0.6125177809388335,0.14285714285714285,0.0474054054054054,0.07725274725274725
68,final_half,Semantic,78,0.7329253025455558,0.23076923076923078,0.0011507479861910205,0.042014652014652015
68,final_half,Temperature,78,0.7461272904310878,0.3333333333333333,-0.06872747505658897,0.05523809523809523
68,final_half,Fisher,78,0.7940540472186041,0.14285714285714285,-0.0033409628346337205,0.04963369963369963
76,final_half,Semantic,74,0.37048500555349867,0.23076923076923078,0.040617549055905214,0.04915750915750915
76,final_half,Temperature,74,0.4808441318030358,0.3333333333333333,0.005560903369122544,0.08047619047619047
76,final_half,Fisher,74,0.4494187338022953,0.23076923076923078,0.004759718622732318,0.06904761904761905
77,final_half,Semantic,76,0.7621872863978127,0.6,0.008720437457279568,0.07725274725274725
77,final_half,Temperature,76,0.6884757347915242,0.6,-0.0031455912508544055,0.054761904761904755
77,final_half,Fisher,76,0.7245386192754614,0.45454545454545453,0.006828434723171564,0.06666666666666667
80,final_half,Semantic,66,0.6527711094875275,0.16666666666666666,-0.020905959711929864,0.06346153846153847
80,final_half,Temperature,66,0.6161152280555267,0.16666666666666666,0.022031103225133082,0.08876456876456876
80,final_half,Fisher,66,0.5212608287235154,0.0,0.05367915666423131,0.08222610722610722
98,final_half,Semantic,71,0.5725016767270288,0.23076923076923078,-0.015526492287055665,0.0580952380952381
98,final_half,Temperature,71,0.4891683433936954,0.23076923076923078,-0.015523138832997985,0.05809523809523809
98,final_half,Fisher,71,0.30006706908115355,0.14285714285714285,-0.04200033534540576,0.07249084249084249
103,final_half,Semantic,84,0.8085653538523844,0.38461538461538464,-0.001939860281461981,0.06735294117647059
103,final_half,Temperature,84,0.8040700617596436,0.38461538461538464,0.03419560595322467,0.06404411764705883
103,final_half,Fisher,84,0.7740204515541156,0.5,-0.01819277108433735,0.044852941176470595
104,final_half,Semantic,91,0.4769708552317248,0.17647058823529413,-0.027942347507564903,0.058634330925352585
104,final_half,Temperature,91,0.3225991399904443,0.17647058823529413,0.01109969740404523,0.0716890264877881
104,final_half,Fisher,91,0.36010511227902536,0.17647058823529413,0.011057493231406274,0.05994152046783624
106,final_half,Semantic,67,0.6782265144863916,0.2727272727272727,0.00356772288291165,0.04679487179487178
106,final_half,Temperature,67,0.7778753292361721,0.2727272727272727,-0.045528374171921154,0.06107226107226107
106,final_half,Fisher,67,0.7026498523425653,0.2727272727272727,0.01690278553755288,0.06876456876456875
110,final_half,Semantic,76,0.4494053315105947,0.14285714285714285,0.026669856459330142,0.04047619047619047
110,final_half,Temperature,76,0.3054545454545455,0.23076923076923078,-0.0008803827751196161,0.04095238095238095
110,final_half,Fisher,76,0.49544771018455225,0.23076923076923078,0.02567600820232399,0.05963369963369962
113,final_half,Semantic,71,-0.14493628437290407,0.0,0.024495305164319244,0.05
113,final_half,Temperature,71,0.219215291750503,0.0,-0.03197518443997317,0.06190476190476191
113,final_half,Fisher,71,-0.06934942991281018,0.0,-0.015511401743796106,0.06807525807525808
114,final_half,Semantic,85,0.23222591362126244,0.2857142857142857,-0.00904631620089896,0.058529411764705885
114,final_half,Temperature,85,0.19401993355481728,0.125,-0.021714871995309755,0.08355042016806723
114,final_half,Fisher,85,0.29028727770177837,0.058823529411764705,0.013619308188391636,0.05772058823529412
115,final_half,Semantic,100,0.5719651965196519,0.25,0.01435943594359436,0.060577915376676984
115,final_half,Temperature,100,0.5503270327032702,0.05263157894736842,0.03135793579357935,0.04883040935672515
115,final_half,Fisher,100,0.5662046204620462,0.1111111111111111,0.04104230423042303,0.0585827313381493
117,final_half,Semantic,74,0.04017771195853387,0.14285714285714285,-0.006430211032950761,0.06249084249084249
117,final_half,Temperature,74,0.16010366530914474,0.06666666666666667,-0.022123657904479822,0.04476190476190476
117,final_half,Fisher,74,0.004961125509070714,0.0,-0.004185116623472782,0.0701098901098901
118,final_half,Semantic,82,0.4885558494139158,0.6363636363636364,0.04269000119720073,0.06066176470588236
118,final_half,Temperature,82,0.2945222624917012,0.2,-0.0025445957270817596,0.05970588235294118
118,final_half,Fisher,82,0.39058129537118663,0.5,-0.043725035643930744,0.058529411764705885
120,final_half,Semantic,80,0.2918424753867792,0.14285714285714285,-0.01609939052977028,0.06523809523809523
120,final_half,Temperature,80,0.41453352086263484,0.23076923076923078,-0.06756915142991093,0.0519047619047619
120,final_half,Fisher,80,0.20965775902484762,0.06666666666666667,-0.02841068917018285,0.055824175824175815
121,final_half,Semantic,78,0.5603383957814337,0.3333333333333333,-0.008298031082841209,0.059047619047619036
121,final_half,Temperature,78,0.6334551524424942,0.3333333333333333,0.006864022053895466,0.06831501831501832
121,final_half,Fisher,78,0.6354784456050278,0.45454545454545453,-0.006760328279315618,0.07058608058608058
126,final_half,Semantic,79,0.25778967867575464,0.0,0.032125121713729304,0.06904761904761905
126,final_half,Temperature,79,0.5046981499513146,0.06666666666666667,-0.02396056475170399,0.054761904761904755
126,final_half,Fisher,79,0.2494644595910419,0.0,0.04972370983446934,0.04476190476190476
128,final_half,Semantic,80,0.734997655883732,0.3333333333333333,-0.05726090014064698,0.052490842490842494
128,final_half,Temperature,80,0.7620018752930146,0.23076923076923078,-0.045287154242850444,0.054029304029304025
128,final_half,Fisher,80,0.7182137834036568,0.23076923076923078,0.033620487576183786,0.06344322344322344
130,final_half,Semantic,82,0.6396861157366593,0.2,0.030727789205602908,0.09102941176470589
130,final_half,Temperature,82,0.5280852406917644,0.0,-0.02634168108749361,0.06308823529411764
130,final_half,Fisher,82,0.5449766545858229,0.125,0.03000946876938649,0.06360294117647058
134,final_half,Semantic,77,0.7882906567117093,0.23076923076923078,-0.028165255796834744,0.07285714285714286
134,final_half,Temperature,77,0.7637625532362373,0.3333333333333333,-0.025170881749829115,0.042490842490842486
134,final_half,Fisher,77,0.7872390767127608,0.3333333333333333,-0.015746096009253897,0.0563003663003663
136,final_half,Semantic,64,0.8730311355311353,0.2727272727272727,-0.013161630036630036,0.06346153846153844
136,final_half,Temperature,64,0.8356684981684982,0.0,0.026249999999999996,0.06171328671328671
136,final_half,Fisher,64,0.8224358974358974,0.0,0.010856227106227101,0.07773892773892774
137,final_half,Semantic,84,0.39971651311126866,0.058823529411764705,0.004012351928723296,0.06810924369747899
137,final_half,Temperature,84,0.4734028551179508,0.058823529411764705,0.03580338159360129,0.06183823529411765
137,final_half,Fisher,84,0.38604839526171913,0.058823529411764705,-0.02958995646451352,0.04448529411764705
169,final_half,Semantic,66,0.7615697735100722,0.5555555555555556,0.04008976098528338,0.07004662004662003
169,final_half,Temperature,66,0.7768082663605053,0.4,0.023640538565911706,0.07961538461538462
169,final_half,Fisher,66,0.7696691368333161,0.4,0.03331593779354974,0.046794871794871795
174,final_half,Semantic,95,0.36115621500559913,0.05263157894736842,0.0242770156774916,0.06584107327141384
174,final_half,Temperature,95,0.3239221724524076,0.1111111111111111,0.008210386338185886,0.0655486756105951
174,final_half,Fisher,95,0.38625419932810756,0.1111111111111111,-0.02970114781634938,0.05149208806329549
177,final_half,Semantic,77,0.6961196698038803,0.06666666666666667,-0.009679793890320207,0.05963369963369963
177,final_half,Temperature,77,0.6153583258846416,0.14285714285714285,-0.007282191492717802,0.054761904761904755
177,final_half,Fisher,77,0.7023502812976496,0.23076923076923078,0.025972711499027284,0.07999999999999999
178,final_half,Semantic,68,0.6909569798068481,0.0,-0.024266137343970685,0.0662004662004662
178,final_half,Temperature,68,0.8350574493262587,0.2727272727272727,0.03472344161545215,0.07325174825174825
178,final_half,Fisher,68,0.6443867618429591,0.07692307692307693,0.027491697522617087,0.08910256410256409
189,final_half,Semantic,64,0.6342032967032966,0.4,-0.017449633699633697,0.05897435897435897
189,final_half,Temperature,64,0.6587912087912087,0.4,0.0033745421245421235,0.04294871794871794
189,final_half,Fisher,64,0.5858974358974358,0.2727272727272727,0.003628663003662999,0.05961538461538461
193,final_half,Semantic,73,0.1433419721090954,0.06666666666666667,0.013262063433296311,0.052490842490842494
193,final_half,Temperature,73,0.21433419721090957,0.06666666666666667,-0.00447365173392571,0.06238095238095237
193,final_half,Fisher,73,0.17089349623596203,0.06666666666666667,-0.016433728248796742,0.07117216117216117
195,final_half,Semantic,74,0.5933358015549796,0.3333333333333333,0.004586449463161793,0.07725274725274724
195,final_half,Temperature,74,0.6857756386523509,0.3333333333333333,-0.019585338763420952,0.04428571428571428
195,final_half,Fisher,74,0.626508700481303,0.3333333333333333,-0.012570159200296183,0.06619047619047617
197,final_half,Semantic,67,0.8001037592784741,0.16666666666666666,-0.0273066485753053,0.05192307692307692
197,final_half,Temperature,67,0.7377284699497169,0.07692307692307693,0.014610104557426774,0.06043123543123543
197,final_half,Fisher,67,0.5196743554952511,0.07692307692307693,0.01412123872615532,0.045046620046620044
199,final_half,Semantic,62,0.35634962604819825,0.0,-0.016834126564427995,0.05576923076923077
199,final_half,Temperature,62,0.4575306590113571,0.2727272727272727,-0.05633451688449044,0.06794871794871796
199,final_half,Fisher,62,0.30951121855405306,0.0,0.011880839062224573,0.0673076923076923
202,final_half,Semantic,78,0.5053301129250496,0.14285714285714285,-0.00876971130135687,0.08117216117216117
202,final_half,Temperature,78,0.5896255643091086,0.14285714285714285,0.005968714829474317,0.052490842490842494
202,final_half,Fisher,78,0.5692914680256452,0.06666666666666667,0.04648642496743763,0.07344322344322343
206,final_half,Semantic,94,0.48450673698659824,0.1111111111111111,-0.00234367662464328,0.057705538355693156
206,final_half,Temperature,94,0.6418162771375936,0.25,-0.041729581331503084,0.06355349157206742
206,final_half,Fisher,94,0.6196799479825165,0.17647058823529413,-0.010257558790593504,0.04981080151358789
215,final_half,Semantic,76,0.8009022556390979,0.23076923076923078,0.00908817498291182,0.048095238095238094
215,final_half,Temperature,76,0.6801640464798359,0.14285714285714285,0.03378263841421736,0.08271062271062271
215,final_half,Fisher,76,0.7954613807245385,0.23076923076923078,0.004135338345864664,0.06238095238095237
218,final_half,Semantic,95,0.5108062709966404,0.05263157894736842,0.017404115341545352,0.0694014447884417
218,final_half,Temperature,95,0.7756998880179171,0.17647058823529413,-0.012288633818589028,0.05146198830409356
218,final_half,Fisher,95,0.4796052631578947,0.0,-0.022798152295632708,0.054729962160302716
232,final_half,Semantic,70,0.6664858717522526,0.2727272727272727,-0.004186860292187911,0.047435897435897434
232,final_half,Temperature,70,0.6235849881900096,0.2727272727272727,0.031153879800542378,0.04807692307692308
232,final_half,Fisher,70,0.59475111538798,0.16666666666666666,-0.026505117662496726,0.09325174825174824
233,final_half,Semantic,80,0.7924753867791843,0.3333333333333333,-0.03039732770745429,0.05249084249084248
233,final_half,Temperature,80,0.7866385372714486,0.23076923076923078,0.022774261603375527,0.05142857142857142
233,final_half,Fisher,80,0.7859118612283169,0.3333333333333333,0.011134552273792783,0.05915750915750915
235,final_half,Semantic,124,0.5685601888276947,0.3684210526315789,-0.00033831628638866936,0.04952173913043479
235,final_half,Temperature,124,0.5334130605822187,0.23809523809523808,0.01195405192761605,0.04771014492753624
235,final_half,Fisher,124,0.6431030684500393,0.4444444444444444,-0.005025334382376079,0.04535507246376812
239,final_half,Semantic,81,0.5374661246612465,0.38461538461538464,-0.02947041553748871,0.07772058823529412
239,final_half,Temperature,81,0.5113821138211382,0.6363636363636364,-0.05948057813911474,0.042279411764705885
239,final_half,Fisher,81,0.5071364046973802,0.6363636363636364,0.007318202348690149,0.06691176470588237
242,final_half,Semantic,72,0.37040967264775876,0.06666666666666667,-0.006934529551739663,0.04153846153846154
242,final_half,Temperature,72,0.5191973760370443,0.14285714285714285,0.014000900379445628,0.04095238095238095
242,final_half,Fisher,72,0.3169014084507043,0.06666666666666667,0.012489549167149016,0.059157509157509156
256,final_half,Semantic,78,0.7903868283615118,0.14285714285714285,0.0167819522249902,0.05915750915750915
256,final_half,Temperature,78,0.7519442582733722,0.23076923076923078,0.00180958282224105,0.0519047619047619
256,final_half,Fisher,78,0.49002895838338867,0.14285714285714285,0.02054401294907624,0.04714285714285714
262,final_half,Semantic,80,0.6839428035630568,0.3333333333333333,0.005692686357243318,0.047619047619047616
262,final_half,Temperature,80,0.5838255977496484,0.3333333333333333,0.03562822315986873,0.04095238095238095
262,final_half,Fisher,80,0.5779887482419129,0.3333333333333333,0.03686826066572902,0.07344322344322343
263,final_half,Semantic,73,0.7723682586696287,0.23076923076923078,0.021919350857707024,0.058571428571428566
263,final_half,Temperature,73,0.623873873873874,0.3333333333333333,0.0346738862149821,0.05142857142857142
263,final_half,Fisher,73,0.8081883253116131,0.45454545454545453,0.016085091941256326,0.04428571428571428
270,final_half,Semantic,79,0.6186222005842259,0.23076923076923078,-0.00895813047711782,0.0701098901098901
270,final_half,Temperature,79,0.5012901655306718,0.14285714285714285,0.01916504381694256,0.04963369963369964
270,final_half,Fisher,79,0.60730282375852,0.23076923076923078,-0.042238315481986366,0.06725274725274724
272,final_half,Semantic,122,0.42438231319042624,0.04,0.018334814834396817,0.07339855072463768
272,final_half,Temperature,122,0.45748642691683666,0.13043478260869565,0.026600268983315762,0.05182900432900432
272,final_half,Fisher,122,0.4471897191536609,0.04,0.0012044768869311768,0.06651741012610576
284,final_half,Semantic,67,0.4667571234735415,0.5555555555555556,0.003809162742437546,0.04294871794871795
284,final_half,Temperature,67,0.5848431638598452,0.4,0.019464841567563253,0.08461538461538462
284,final_half,Fisher,67,0.3288770053475936,0.2727272727272727,-0.007179343922100727,0.05192307692307692
288,final_half,Semantic,60,0.7455959988885803,0.3333333333333333,-0.021822728535704366,0.06727272727272728
288,final_half,Temperature,60,0.6946929702695195,0.09090909090909091,-0.009077521533759379,0.03272727272727273
288,final_half,Fisher,60,0.7315921089191444,0.5,0.03171992220061128,0.046363636363636364
300,final_half,Semantic,72,0.7650652775098079,0.14285714285714285,-0.031154736639012158,0.06952380952380952
300,final_half,Temperature,72,0.7707891182712716,0.3333333333333333,-0.013436555405492318,0.04915750915750915
300,final_half,Fisher,72,0.7962248376101357,0.23076923076923078,0.03211782108174159,0.07238095238095238
319,final_half,Semantic,113,0.3895219242797259,0.043478260869565216,-0.0198378967329829,0.04011857707509881
319,final_half,Temperature,113,0.4622064009581476,0.2,-0.017356444207864797,0.053783173348390736
319,final_half,Fisher,113,0.2224366225297758,0.2,0.0038908110985428164,0.07657820440429135
323,final_half,Semantic,64,0.5574175824175824,0.07692307692307693,-0.047969322344322336,0.026923076923076928
323,final_half,Temperature,64,0.49532967032967024,0.16666666666666666,-0.026570512820512822,0.06043123543123543
323,final_half,Fisher,64,0.4893772893772893,0.07692307692307693,-0.04421474358974358,0.035897435897435895
334,final_half,Semantic,71,0.5489604292421194,0.06666666666666667,-0.02206237424547284,0.058571428571428566
334,final_half,Temperature,71,0.7240778001341381,0.06666666666666667,0.031265928906773974,0.05190476190476191
334,final_half,Fisher,71,0.7181757209926223,0.14285714285714285,0.04728202548625084,0.07223443223443224
335,final_half,Semantic,70,0.5145831510803954,0.16666666666666666,0.057347563642725904,0.045046620046620044
335,final_half,Temperature,70,0.5179424372320882,0.0,-0.0007925815764150155,0.0685897435897436
335,final_half,Fisher,70,0.4577552270142594,0.0,0.03767299448867115,0.06107226107226108
344,final_half,Semantic,82,0.34214908414144385,0.2,0.0020885710865140806,0.08288865546218487
344,final_half,Temperature,82,0.4111078460182192,0.2857142857142857,-0.0026066324920277334,0.041176470588235294
344,final_half,Fisher,82,0.20349147266573067,0.2,0.005161023497785176,0.06889705882352941
346,final_half,Semantic,68,0.4771538725808298,0.16666666666666666,0.015667824560064134,0.05448717948717948
346,final_half,Temperature,68,0.5297553154941406,0.2727272727272727,0.016967591708974307,0.06171328671328671
346,final_half,Fisher,68,0.43211054700919943,0.16666666666666666,-0.038109325495285715,0.05658508158508159
351,final_half,Semantic,82,0.3343128612009012,0.058823529411764705,0.0010056486107029763,0.05183823529411765
351,final_half,Temperature,82,0.40634081039605585,0.2,0.03194131539708971,0.06441176470588236
351,final_half,Fisher,82,0.2621107737181789,0.0,0.010611551898651518,0.04889705882352942
359,final_half,Semantic,102,0.22868403345188887,0.047619047619047616,-0.048188588133513524,0.0443609022556391
359,final_half,Temperature,102,0.15316283198851008,0.1,-0.015983511543615814,0.03694235588972431
359,final_half,Fisher,102,0.08994577356079411,0.1,0.055123239337069065,0.05987468671679198
363,final_half,Semantic,69,0.7078553160394594,0.07692307692307693,-0.005710632078918529,0.07628205128205129
363,final_half,Temperature,69,0.7312020460358057,0.16666666666666666,0.0069802703690171695,0.05128205128205128
363,final_half,Fisher,69,0.7089879430032884,0.2727272727272727,-0.014957983193277314,0.07406759906759905
368,final_half,Semantic,92,0.05553072453493211,0.05263157894736842,-0.008282600989473362,0.06951754385964912
368,final_half,Temperature,92,0.13004947366798697,0.05263157894736842,-0.003534053604179831,0.062310801513587886
368,final_half,Fisher,92,0.17106175731701678,0.0,0.04780142718431639,0.08363433092535259
371,final_half,Semantic,70,-0.044598022920129474,0.0,-0.021240486396640713,0.046794871794871795
371,final_half,Temperature,70,0.3138308109526725,0.2727272727272727,-0.025392354124748488,0.046794871794871795
371,final_half,Fisher,70,-0.10912431108389467,0.0,0.006662584200857316,0.05868298368298368
377,final_half,Semantic,79,0.34751703992210325,0.06666666666666667,0.024984177215189873,0.06809523809523808
377,final_half,Temperature,79,0.5366601752677702,0.06666666666666667,0.0279466893865628,0.048571428571428564
377,final_half,Fisher,79,0.3652142161635833,0.06666666666666667,0.022665530671859783,0.06344322344322344
378,final_half,Semantic,93,0.22104682044701734,0.05263157894736842,0.008715048789949565,0.04035087719298246
378,final_half,Temperature,93,0.647817134672197,0.3333333333333333,-0.01629837963653725,0.04888200894392845
378,final_half,Fisher,93,0.20235146668258183,0.0,0.026240637402643895,0.05962762297901617
391,final_half,Semantic,65,0.43968531468531463,0.0,-0.032036713286713286,0.06043123543123543
391,final_half,Temperature,65,0.65,0.07692307692307693,-0.0004479895104895146,0.06346153846153846
391,final_half,Fisher,65,0.3222902097902098,0.07692307692307693,0.04856424825174826,0.08076923076923077
392,final_half,Semantic,68,0.5020422185746459,0.07692307692307693,0.033494293239683934,0.04358974358974359
392,final_half,Temperature,68,0.4269191128755201,0.07692307692307693,-0.00805626598465473,0.06794871794871796
392,final_half,Fisher,68,0.4463869908768179,0.07692307692307693,-0.011694087109210978,0.044230769230769226
402,final_half,Semantic,92,0.4364317309618852,0.1111111111111111,-0.022751722330964973,0.06618507051943585
402,final_half,Temperature,92,0.5400952483701431,0.3333333333333333,-0.013772482776690353,0.05670364637082903
402,final_half,Fisher,92,0.31507482699628564,0.1111111111111111,-0.038690411972319406,0.0324561403508772
408,final_half,Semantic,79,0.3574732229795521,0.23076923076923078,0.007342989289191823,0.08201465201465201
408,final_half,Temperature,79,0.6957400194741967,0.3333333333333333,-0.024867332035053556,0.052380952380952375
408,final_half,Fisher,79,0.5348831548198637,0.23076923076923078,-0.0254564264849075,0.05047619047619047
411,final_half,Semantic,72,0.6383047141295262,0.23076923076923078,0.0028956846099427633,0.07249084249084249
411,final_half,Temperature,72,0.4934722490192296,0.23076923076923078,0.011719403177053186,0.06296703296703296
411,final_half,Fisher,72,0.6116148948485434,0.23076923076923078,-0.007399189658498941,0.04974358974358974
416,final_half,Semantic,69,0.40851297040555357,0.2727272727272727,-0.002972232371209353,0.04807692307692307
416,final_half,Temperature,69,0.5846547314578006,0.2727272727272727,0.032648885641213016,0.0770979020979021
416,final_half,Fisher,69,0.4917427840701499,0.2727272727272727,0.006600292290829377,0.05402097902097902
417,final_half,Semantic,160,0.6994169694128677,0.391304347826087,0.03073347591702801,0.06890942905403416
417,final_half,Temperature,160,0.7266699871088714,0.28,0.01966732098910114,0.05775994491233646
417,final_half,Fisher,160,0.7156129145669752,0.3333333333333333,-0.002291251611391066,0.057141268075639594
419,final_half,Semantic,82,0.36668081540253156,0.058823529411764705,-0.007357342649731716,0.03933823529411765
419,final_half,Temperature,82,0.5414285869766329,0.058823529411764705,0.02877852874914292,0.07522058823529412
419,final_half,Fisher,82,0.45742863051120475,0.058823529411764705,0.025024760287763525,0.07727941176470589
420,final_half,Semantic,97,0.20158321060382914,0.1111111111111111,-0.032391384388807065,0.04747162022703818
420,final_half,Temperature,97,0.5446034083736586,0.3333333333333333,-0.021056438039133173,0.04327485380116959
420,final_half,Fisher,97,0.3048206395960446,0.25,0.006321007784557117,0.04500773993808049
426,final_half,Semantic,67,0.5260994492776759,0.16666666666666666,0.03623792800702371,0.07692307692307694
426,final_half,Temperature,67,0.4451672120680023,0.07692307692307693,0.03372974698699019,0.07773892773892774
426,final_half,Fisher,67,0.4286455423417672,0.0,0.0276438662303456,0.0694055944055944
432,final_half,Semantic,87,0.34010716629000504,0.2857142857142857,0.018440621127068603,0.05639705882352941
432,final_half,Temperature,87,0.47577823139170367,0.5,-0.047889480207042354,0.044852941176470595
432,final_half,Fisher,87,0.31360720274112414,0.2857142857142857,-0.03741707370416271,0.05737394957983194
435,final_half,Semantic,65,0.44405594405594406,0.2727272727272727,0.012196241258741258,0.05192307692307692
435,final_half,Temperature,65,0.4791958041958042,0.16666666666666666,0.031304632867132864,0.044230769230769226
435,final_half,Fisher,65,0.35996503496503496,0.2727272727272727,0.016545017482517486,0.05641025641025641
443,final_half,Semantic,66,0.42340048011689807,0.5555555555555556,-0.028397870785930496,0.0681235431235431
443,final_half,Temperature,66,0.3584385763490242,0.5555555555555556,0.04307274814737503,0.05512820512820512
443,final_half,Fisher,66,0.4483248095188395,0.5555555555555556,-0.031827575409664965,0.03974358974358974
444,final_half,Semantic,77,0.5462432304537568,0.0,0.023183395551816605,0.06963369963369961
444,final_half,Temperature,77,0.5194542299805457,0.0,-0.03591408591408591,0.06391941391941391
444,final_half,Fisher,77,0.599610915400389,0.06666666666666667,0.019739471055260534,0.07820512820512819
445,final_half,Semantic,80,0.6744725738396625,0.23076923076923078,0.04767346460384436,0.04428571428571428
445,final_half,Temperature,80,0.6327004219409283,0.06666666666666667,0.011850679793717771,0.047619047619047616
445,final_half,Fisher,80,0.7094702297233944,0.14285714285714285,0.028291139240506337,0.08879120879120879
447,final_half,Semantic,86,0.33934619557526297,0.2,0.0254512005283268,0.05772058823529412
447,final_half,Temperature,86,0.3421953865748384,0.125,-0.006276711165621021,0.052720588235294116
447,final_half,Fisher,86,0.10297655549790084,0.125,0.02569932543987924,0.06808823529411764
448,final_half,Semantic,77,0.7470687207529312,0.23076923076923078,-0.01753641095746359,0.0663003663003663
448,final_half,Temperature,77,0.742284031757716,0.23076923076923078,0.004076186970923808,0.07212454212454213
448,final_half,Fisher,77,0.7742257742257742,0.45454545454545453,0.03052342394447658,0.05963369963369963
450,final_half,Semantic,65,0.7027972027972028,0.2727272727272727,0.0580812937062937,0.09603729603729604
450,final_half,Temperature,65,0.6896853146853147,0.07692307692307693,-0.05143356643356643,0.044405594405594405
450,final_half,Fisher,65,0.7121940559440559,0.16666666666666666,-0.02239073426573427,0.055128205128205134
456,final_half,Semantic,66,0.4884041331802527,0.0,0.025974324183279406,0.06555944055944055
456,final_half,Temperature,66,0.406074522492433,0.0,0.010963364993215744,0.0791958041958042
456,final_half,Fisher,66,0.5844275127857218,0.0,0.03705667466861497,0.06555944055944056
468,final_half,Semantic,73,0.680673824509441,0.06666666666666667,-0.02247932864371221,0.0563003663003663
468,final_half,Temperature,73,0.519406392694064,0.06666666666666667,-0.009257373812168332,0.05857142857142857
468,final_half,Fisher,73,0.5396458101937555,0.06666666666666667,-0.019215105516475383,0.04534798534798534
474,final_half,Semantic,70,0.5666520864316332,0.4,-0.01504155366984516,0.04807692307692307
474,final_half,Temperature,70,0.5131134633890297,0.2727272727272727,0.04613594611145132,0.07115384615384615
474,final_half,Fisher,70,0.6048289738430583,0.07692307692307693,-0.052282389992126664,0.04871794871794871
476,final_half,Semantic,75,0.6597724039829302,0.3333333333333333,-0.009125177809388336,0.0663003663003663
476,final_half,Temperature,75,0.5897297297297296,0.45454545454545453,-0.037816500711237544,0.06190476190476189
476,final_half,Fisher,75,0.5821052631578947,0.45454545454545453,0.01080512091038407,0.06476190476190476
485,final_half,Semantic,86,0.8032926081418935,0.125,-0.0023699231095806405,0.03566176470588235
485,final_half,Temperature,86,0.7501391575074295,0.125,-0.011024104910608989,0.04816176470588236
485,final_half,Fisher,86,0.6094344072833624,0.0,0.016953629888202273,0.05441176470588236
489,final_half,Semantic,72,0.5591677921409738,0.23076923076923078,-0.014098977426201045,0.06523809523809523
489,final_half,Temperature,72,0.4781014856260853,0.23076923076923078,-0.033838188951057946,0.058571428571428566
489,final_half,Fisher,72,0.27837803074152684,0.14285714285714285,0.023302141616824236,0.06344322344322344
495,final_half,Semantic,68,0.37008054357369163,0.16666666666666666,-0.07610795129213269,0.035256410256410256
495,final_half,Temperature,68,0.5948391037141657,0.5555555555555556,0.026176661449784318,0.06153846153846154
495,final_half,Fisher,68,0.31587586364850934,0.07692307692307693,-0.03691644081383365,0.036538461538461534
496,final_half,Semantic,64,0.5646520146520146,0.07692307692307693,-0.042287087912087906,0.04358974358974358
496,final_half,Temperature,64,0.5847069597069596,0.16666666666666666,-0.016671245421245415,0.05128205128205129
496,final_half,Fisher,64,0.4739926739926739,0.07692307692307693,0.01608287545787546,0.06794871794871796
497,final_half,Semantic,66,0.48673416136102704,0.0,0.03267717357269597,0.08927738927738928
497,final_half,Temperature,66,0.5844692620812024,0.16666666666666666,-0.02152176182026929,0.057226107226107215
497,final_half,Fisher,66,0.4642312910969628,0.16666666666666666,-0.004796994050725392,0.05512820512820512
524,final_half,Semantic,104,0.5375546783313774,0.047619047619047616,0.0019294782887015912,0.05253968253968254
524,final_half,Temperature,104,0.5128027312493333,0.1,-0.03343539955190441,0.03904761904761904
524,final_half,Fisher,104,0.5815000533447137,0.047619047619047616,0.02791368825349409,0.062456140350877196
526,final_half,Semantic,92,0.5756977944916234,0.3333333333333333,0.012490945239893348,0.06028551771585826
526,final_half,Temperature,92,0.5713669219980579,0.25,-0.012406177272937444,0.043567251461988296
526,final_half,Fisher,92,0.47665798437186935,0.3333333333333333,-0.016965152659402308,0.07049793601651187
528,final_half,Semantic,83,0.32746316275555176,0.2,-0.02079572645984635,0.04308823529411765
528,final_half,Temperature,83,0.3672389908064313,0.125,0.04490365643759707,0.049705882352941176
528,final_half,Fisher,83,0.3512447000545737,0.2,0.014444187901431513,0.05816176470588236
529,final_half,Semantic,74,0.7945649759348388,0.06666666666666667,-0.031145501666049603,0.04714285714285714
529,final_half,Temperature,74,0.7108330248056274,0.14285714285714285,-0.01271529063309885,0.05142857142857142
529,final_half,Fisher,74,0.7756978896704922,0.14285714285714285,-0.01963865235098112,0.06391941391941391
530,final_half,Semantic,79,0.5763631937682571,0.14285714285714285,0.05982594936708861,0.04476190476190476
530,final_half,Temperature,79,0.6861489776046739,0.14285714285714285,-0.015899464459591044,0.04428571428571428
530,final_half,Fisher,79,0.652921129503408,0.14285714285714285,-0.0223442064264849,0.06153846153846153
536,final_half,Semantic,83,0.4183073758448427,0.38461538461538464,0.04536438436673523,0.06433823529411765
536,final_half,Temperature,83,0.46106376726417864,0.2857142857142857,-0.006088115528315357,0.0663970588235294
536,final_half,Fisher,83,0.45579530666218876,0.38461538461538464,-0.0005635783552327765,0.060073529411764706
544,final_half,Semantic,64,0.6282509157509157,0.2727272727272727,0.020263278388278388,0.05064102564102564
544,final_half,Temperature,64,0.6404304029304029,0.5555555555555556,0.018608058608058607,0.06555944055944055
544,final_half,Fisher,64,0.6903388278388278,0.4,-0.00019001831501831435,0.075990675990676
545,final_half,Semantic,70,0.5328492695302248,0.16666666666666666,0.005465838509316768,0.03205128205128205
545,final_half,Temperature,70,0.5610882687428922,0.16666666666666666,0.023529000087481412,0.08666666666666666
545,final_half,Fisher,70,0.37251334091505556,0.16666666666666666,0.015158778759513606,0.04294871794871795
553,final_half,Semantic,72,0.6463438163225933,0.3333333333333333,0.03688661650266899,0.053553113553113554
553,final_half,Temperature,72,0.5770467554183549,0.14285714285714285,0.023787703389285486,0.05534798534798535
553,final_half,Fisher,72,0.5077175381053445,0.14285714285714285,0.02700977554826678,0.05582417582417583
556,final_half,Semantic,75,0.6399146514935988,0.14285714285714285,0.009561877667140825,0.05142857142857142
556,final_half,Temperature,75,0.7003413940256045,0.0,-0.011678520625889048,0.0839194139194139
556,final_half,Fisher,75,0.6512375533428164,0.23076923076923078,-0.021901849217638693,0.048095238095238094
561,final_half,Semantic,66,0.41642834777163146,0.16666666666666666,0.016743554952510183,0.05448717948717948
561,final_half,Temperature,66,0.3940089760985284,0.2727272727272727,-0.06609957206972134,0.044230769230769226
561,final_half,Fisher,66,0.45266673624882586,0.2727272727272727,-0.013084229203632187,0.08991841491841493
566,final_half,Semantic,82,0.8012864465994058,0.125,0.016284106616166562,0.07022058823529412
566,final_half,Temperature,82,0.6858327619420773,0.125,0.02757915129352097,0.07441176470588236
566,final_half,Fisher,82,0.7012004658199193,0.125,0.023591384508222596,0.05897058823529412
571,final_half,Semantic,76,0.4385235816814764,0.06666666666666667,0.020694463431305536,0.03666666666666667
571,final_half,Temperature,76,0.22717703349282298,0.0,-0.004732740943267259,0.0557142857142857
571,final_half,Fisher,76,0.14559125085440874,0.06666666666666667,0.07968967874231031,0.07963369963369962
572,final_half,Semantic,73,0.5792607676169321,0.06666666666666667,-0.011520424534123167,0.06725274725274724
572,final_half,Temperature,73,0.7871467357768729,0.3333333333333333,0.031210662717512033,0.06725274725274724
572,final_half,Fisher,73,0.4927495989139825,0.06666666666666667,0.030872824879674198,0.06725274725274724
576,final_half,Semantic,96,0.697938144329897,0.17647058823529413,0.00047951709169831555,0.06353199174406605
576,final_half,Temperature,96,0.6969614758545849,0.17647058823529413,-0.02923765599565925,0.032163742690058485
576,final_half,Fisher,96,0.6077048290830167,0.1111111111111111,-0.018246066196418883,0.05730994152046783
578,final_half,Semantic,80,0.6339428035630568,0.3333333333333333,-0.029962494139709334,0.05
578,final_half,Temperature,80,0.6625175808720113,0.45454545454545453,0.00553914674167839,0.05095238095238095
578,final_half,Fisher,80,0.692287857477731,0.45454545454545453,-0.017421472105016413,0.03666666666666667
584,final_half,Semantic,73,0.5798161174873504,0.06666666666666667,0.010647291126743185,0.055824175824175815
584,final_half,Temperature,73,0.5458472170800939,0.06666666666666667,-0.0438171047760089,0.04915750915750916
584,final_half,Fisher,73,0.6536776502529927,0.06666666666666667,0.021661730223374066,0.06736263736263735
591,final_half,Semantic,67,0.6411126187245592,0.2727272727272727,0.03133929284060979,0.06427738927738928
591,final_half,Temperature,67,0.5493255646899194,0.07692307692307693,0.010078617607151414,0.0641025641025641
591,final_half,Fisher,67,0.4444488786016443,0.16666666666666666,-0.0023066485753052935,0.04358974358974359
593,final_half,Semantic,79,0.3219084712755599,0.23076923076923078,0.04804892891918209,0.06772893772893772
593,final_half,Temperature,79,0.22100778967867576,0.0,0.017013145082765337,0.08758241758241758
593,final_half,Fisher,79,0.23756085686465434,0.0,-0.010165530671859782,0.05249084249084248
600,final_half,Semantic,92,0.5992016398748516,0.17647058823529413,-0.029469198403279752,0.04005847953216374
600,final_half,Temperature,92,0.5981227748408674,0.17647058823529413,0.00433780805449809,0.06138200894392844
600,final_half,Fisher,92,0.6150917805896767,0.25,0.005775781021222818,0.06584107327141382
606,final_half,Semantic,99,0.636178107606679,0.05263157894736842,0.03541001855287569,0.061214310285517715
606,final_half,Temperature,99,0.7495980210265923,0.1111111111111111,-0.021110080395794678,0.06642586859305125
606,final_half,Fisher,99,0.6125664811379097,0.05263157894736842,-0.01783735312306741,0.07793257653938769
612,final_half,Semantic,66,0.30287026406429396,0.07692307692307693,0.006575514038200614,0.05576923076923077
612,final_half,Temperature,66,0.3653689593988102,0.2727272727272727,0.019536582820164915,0.0444055944055944
612,final_half,Fisher,66,0.46155933618620193,0.16666666666666666,0.013610270326688236,0.05961538461538461
615,final_half,Semantic,130,0.3967089541028827,0.23809523809523808,-0.0035854647748842687,0.06254347826086956
615,final_half,Temperature,130,0.5285747449780824,0.18181818181818182,-0.019371287331521662,0.04573188405797102
615,final_half,Fisher,130,0.4204154091958104,0.23809523809523808,0.03554930423739229,0.06730105401844533
624,final_half,Semantic,77,0.6738261738261738,0.45454545454545453,0.013603501761396502,0.05904761904761905
624,final_half,Temperature,77,0.5855723224144276,0.3333333333333333,-0.0065040222934959774,0.04153846153846154
624,final_half,Fisher,77,0.6281876018718123,0.3333333333333333,0.02695725327304274,0.06725274725274724
633,final_half,Semantic,70,0.43364535036304785,0.2727272727272727,0.004956696701950833,0.03205128205128205
633,final_half,Temperature,70,0.7327617881200245,0.5555555555555556,-0.05149330767211968,0.046794871794871795
633,final_half,Fisher,70,0.48039541597410546,0.0,0.04361648149768174,0.06794871794871794
635,final_half,Semantic,82,0.4534452171830955,0.125,-0.010006421349354058,0.07551470588235296
635,final_half,Temperature,82,0.5934524003874576,0.058823529411764705,0.0022300584451627665,0.07147058823529412
635,final_half,Fisher,82,0.5843754421479959,0.058823529411764705,0.030726700841305615,0.06183823529411765
644,final_half,Semantic,70,0.05128160265943486,0.07692307692307693,-0.02783133584113375,0.04679487179487178
644,final_half,Temperature,70,0.2362173038229376,0.16666666666666666,0.04548333479135684,0.06410256410256408
644,final_half,Fisher,70,-0.08071034905082669,0.07692307692307693,0.0023410025369608937,0.06555944055944056
647,final_half,Semantic,66,0.734766725811502,0.2727272727272727,-0.016090178478238185,0.06491841491841491
647,final_half,Temperature,66,0.5468531468531469,0.16666666666666666,-0.034647740319382114,0.06620046620046621
647,final_half,Fisher,66,0.638158856069304,0.5555555555555556,0.0157645339734892,0.04679487179487178
649,final_half,Semantic,69,0.19744245524296677,0.16666666666666666,-0.012358421629521376,0.05641025641025641
649,final_half,Temperature,69,0.3332115454877604,0.16666666666666666,0.019705882352941177,0.05897435897435897
649,final_half,Fisher,69,0.34431859700401907,0.16666666666666666,-0.06125867738399708,0.06282051282051282
655,final_half,Semantic,69,0.35907928388746807,0.07692307692307693,0.004018998903909391,0.04743589743589743
655,final_half,Temperature,69,0.2263792473511144,0.0,-0.016949214468396055,0.047435897435897434
655,final_half,Fisher,69,0.37654366094263797,0.0,-0.0482225063938619,0.03910256410256411
661,final_half,Semantic,68,0.8150169866778638,0.16666666666666666,0.013480551208153602,0.04038461538461537
661,final_half,Temperature,68,0.8149406420582509,0.07692307692307693,0.0058861701721571145,0.05786713286713287
661,final_half,Fisher,68,0.8098255525441844,0.07692307692307693,0.030892850326373244,0.08025641025641025
664,final_half,Semantic,89,0.48563159686755203,0.2,-0.007565543071161052,0.05051470588235294
664,final_half,Temperature,89,0.5628702757916242,0.38461538461538464,-0.005036601974804227,0.04522058823529411
664,final_half,Fisher,89,0.5682669390534559,0.2,0.00599080694586313,0.07808823529411765
668,final_half,Semantic,84,0.6556444264452769,0.2,0.040525463197327125,0.08156512605042017
668,final_half,Temperature,84,0.6443859471499443,0.38461538461538464,0.01802267895109851,0.07147058823529412
668,final_half,Fisher,84,0.6538220107320036,0.2,-0.026411865951199754,0.030147058823529416
675,final_half,Semantic,81,0.4421409214092141,0.38461538461538464,0.034281842818428186,0.10639705882352941
675,final_half,Temperature,81,0.47795844625112915,0.38461538461538464,-0.0022673893405600774,0.0750735294117647
675,final_half,Fisher,81,0.3967253839205058,0.2,-0.0442750677506775,0.04897058823529412
684,final_half,Semantic,85,0.6112761383623216,0.38461538461538464,0.04948798123900723,0.06399159663865547
684,final_half,Temperature,85,0.6325385968340824,0.2,0.0039202657807308975,0.06102941176470589
684,final_half,Fisher,85,0.7217314832909908,0.5,0.014907172171194055,0.05933823529411765
689,final_half,Semantic,66,0.5785408621229517,0.0,-0.0018453188602442327,0.05256410256410256
689,final_half,Temperature,66,0.53136415822983,0.0,0.04195177956371987,0.05658508158508159
689,final_half,Fisher,66,0.5328253835716523,0.07692307692307693,0.01977872873395261,0.06701631701631702
691,final_half,Semantic,70,0.4374595398477823,0.07692307692307693,-0.016728195258507567,0.05576923076923077
691,final_half,Temperature,70,0.35249759426121946,0.0,0.018584550782958623,0.06876456876456877
691,final_half,Fisher,70,0.5284751990202082,0.07692307692307693,0.017485784270842446,0.075
694,final_half,Semantic,94,0.335837878842611,0.17647058823529413,0.027911714770797964,0.06459838321293429
694,final_half,Temperature,94,0.3631615070620958,0.1111111111111111,-0.008690532095509877,0.0632610939112487
694,final_half,Fisher,94,0.3310118123035798,0.17647058823529413,-0.03861647942780768,0.046250429996560025
701,final_half,Semantic,81,0.60903342366757,0.2,-0.0009101174345076746,0.0672794117647059
701,final_half,Temperature,81,0.6425474254742548,0.2,0.01383807588075881,0.08450630252100841
701,final_half,Fisher,81,0.6130081300813008,0.2,0.013652890695573617,0.061470588235294124
704,final_half,Semantic,76,0.16303485987696514,0.06666666666666667,0.01296103896103896,0.06
704,final_half,Temperature,76,0.3731784005468216,0.06666666666666667,-0.010479835953520162,0.06857142857142856
704,final_half,Fisher,76,0.21818181818181817,0.0,-0.031995898838004105,0.05095238095238095
713,final_half,Semantic,69,0.529959810010961,0.16666666666666666,-0.011202046035805624,0.03141025641025641
713,final_half,Temperature,69,0.70306905370844,0.07692307692307693,-0.04986298867373037,0.05128205128205128
713,final_half,Fisher,69,0.6384362440628426,0.2727272727272727,0.04024662038728535,0.10974358974358973
714,final_half,Semantic,93,0.36623795171734647,0.05263157894736842,-0.015181582167049623,0.06876504987960096
714,final_half,Temperature,93,0.3157321476530094,0.05263157894736842,0.006956670943869174,0.06804265565875474
714,final_half,Fisher,93,0.3388887231058458,0.1111111111111111,0.015968637163916326,0.05964912280701754
723,final_half,Semantic,94,0.47455116858721963,0.42857142857142855,-0.0003373911787017306,0.04619883040935672
723,final_half,Temperature,94,0.5554528049705595,0.3333333333333333,0.019156883285771052,0.08144134846921225
723,final_half,Fisher,94,0.44501679731243,0.25,0.03308962178954593,0.06384588923288613
739,final_half,Semantic,71,0.5313547954393024,0.45454545454545453,0.0428336686787391,0.06857142857142857
739,final_half,Temperature,71,0.4899396378269617,0.06666666666666667,0.0127028839704896,0.06344322344322344
739,final_half,Fisher,71,0.6322937625754527,0.45454545454545453,0.003809523809523814,0.06677655677655678
745,final_half,Semantic,107,0.399988244283783,0.1,0.005993455984639201,0.044323308270676695
745,final_half,Temperature,107,0.5396363565116872,0.047619047619047616,-0.004035149591488858,0.04904761904761905
745,final_half,Fisher,107,0.4732361527459394,0.1,0.0023335096690765894,0.04670426065162907
753,final_half,Semantic,62,0.3797688297952708,0.16666666666666666,-0.002782604316184434,0.09201631701631702
753,final_half,Temperature,62,0.5853038201002241,0.16666666666666666,0.02565787816977665,0.08543123543123542
753,final_half,Fisher,62,0.4944473823373876,0.07692307692307693,-0.018332451965450376,0.04743589743589743
757,final_half,Semantic,73,0.07117734172528695,0.06666666666666667,-0.02457114648895471,0.05963369963369963
757,final_half,Temperature,73,0.19443416018758486,0.14285714285714285,0.0631108848574602,0.048095238095238094
757,final_half,Fisher,73,0.017184993212390476,0.06666666666666667,-0.06863044551400717,0.038205128205128204
762,final_half,Semantic,75,0.5111522048364154,0.23076923076923078,-0.01054338549075391,0.06238095238095237
762,final_half,Temperature,75,0.5124039829302987,0.45454545454545453,-0.021798008534850637,0.05904761904761905
762,final_half,Fisher,75,0.5029302987197724,0.23076923076923078,-0.01642674253200569,0.08212454212454212
771,final_half,Semantic,77,0.6028445238971554,0.14285714285714285,-0.024404542825595458,0.048571428571428564
771,final_half,Temperature,77,0.46984594353015396,0.0,-0.00017745412482254516,0.03428571428571428
771,final_half,Fisher,77,0.48441032651558963,0.0,0.02088306430411693,0.06915750915750915
773,final_half,Semantic,82,0.6895114332669432,0.125,-0.004186937451703831,0.0747794117647059
773,final_half,Temperature,82,0.4995918633885134,0.0,-0.021066379338492182,0.07191176470588236
773,final_half,Fisher,82,0.7147614849642472,0.058823529411764705,-0.013128938518300845,0.05485294117647059
778,final_half,Semantic,84,0.577138807330161,0.2,0.01801154196618407,0.06869747899159664
778,final_half,Temperature,84,0.6522830819074618,0.125,0.03230231851776856,0.06808823529411764
778,final_half,Fisher,84,0.5766325807431407,0.2857142857142857,-0.011407309911916571,0.07514705882352941
779,final_half,Semantic,87,0.6036852081358898,0.2,0.02143416927899686,0.050735294117647066
779,final_half,Temperature,87,0.5469672668950937,0.2,-0.021404097105781148,0.058529411764705885
779,final_half,Fisher,87,0.6131260479696726,0.2,-0.01950955019319093,0.05441176470588235
784,final_half,Semantic,75,0.17499288762446655,0.06666666666666667,0.031726884779516365,0.07058608058608058
784,final_half,Temperature,75,0.2718634423897581,0.23076923076923078,-0.008465149359886206,0.07212454212454213
784,final_half,Fisher,75,0.3271977240398293,0.0,-0.010147937411095306,0.04428571428571428
790,final_half,Semantic,86,0.3879145242700128,0.38461538461538464,0.030704278503703015,0.08004201680672268
790,final_half,Temperature,86,0.6214161045332326,0.38461538461538464,-0.007795650738242369,0.06441176470588236
790,final_half,Fisher,86,0.3922166139912259,0.2857142857142857,0.028480588707014486,0.052647058823529415
794,final_half,Semantic,71,0.6287055667337357,0.0,0.03007042253521126,0.07058608058608058
794,final_half,Temperature,71,0.6919852448021462,0.06666666666666667,-0.0017488262910798128,0.048095238095238094
794,final_half,Fisher,71,0.6165325285043594,0.0,-0.038663648558014754,0.05582417582417583
799,final_half,Semantic,93,0.35503267583778453,0.0,-0.052473814568350687,0.054729962160302716
799,final_half,Temperature,93,0.2691951896392229,0.05263157894736842,0.0024603861418638698,0.05765393876848984
799,final_half,Fisher,93,0.37475754229954333,0.05263157894736842,0.00732595267225687,0.06589267285861714
801,final_half,Semantic,67,0.5348391731183655,0.16666666666666666,0.004174315587836219,0.06730769230769232
801,final_half,Temperature,67,0.3783621996967037,0.16666666666666666,-0.011517279910607395,0.06089743589743589
801,final_half,Fisher,67,0.5654481602681779,0.07692307692307693,0.012399233777635885,0.05722610722610723
805,final_half,Semantic,79,0.6651898734177215,0.14285714285714285,0.0014569133398247322,0.057838827838827836
805,final_half,Temperature,79,0.7012414800389484,0.06666666666666667,-0.03122200584225901,0.062380952380952384
805,final_half,Fisher,79,0.7155063291139241,0.06666666666666667,-0.024059152872444013,0.045824175824175827
808,final_half,Semantic,89,0.26869254341164456,0.058823529411764705,0.0017568947906026575,0.051911764705882345
808,final_half,Temperature,89,0.33151174668028605,0.058823529411764705,-0.012728975144705484,0.04602941176470589
808,final_half,Fisher,89,0.10534559073884919,0.058823529411764705,-0.02975825672454886,0.058529411764705885
810,final_half,Semantic,81,0.059394760614272804,0.2,0.033764679313459806,0.06183823529411765
810,final_half,Temperature,81,0.2764227642276422,0.2857142857142857,-0.02121160794941283,0.06735294117647059
810,final_half,Fisher,81,0.03256549232158989,0.058823529411764705,-0.020530713640469735,0.04897058823529412
814,final_half,Semantic,72,0.18155508392822692,0.0,0.027691491414238857,0.0657142857142857
814,final_half,Temperature,72,0.4945334105087144,0.14285714285714285,0.0009968486719403153,0.06391941391941391
814,final_half,Fisher,72,0.4336613287028105,0.14285714285714285,-0.02071355071065664,0.05069597069597069
816,final_half,Semantic,75,0.8855192034139403,0.45454545454545453,0.030910384068278802,0.0701098901098901
816,final_half,Temperature,75,0.8170981507823614,0.23076923076923078,0.0030455192034139406,0.06142857142857142
816,final_half,Fisher,75,0.8598008534850639,0.3333333333333333,0.010045519203413938,0.08058608058608058
818,final_half,Semantic,74,0.17449833395038872,0.06666666666666667,-0.018190299888930023,0.043333333333333335
818,final_half,Temperature,74,0.2029322473158089,0.06666666666666667,0.0027500925583117345,0.07857142857142857
818,final_half,Fisher,74,0.17932617549055904,0.06666666666666667,0.020900407256571635,0.07190476190476189
825,final_half,Semantic,87,0.5330793905372894,0.38461538461538464,0.0282796894364657,0.06906512605042017
825,final_half,Temperature,87,0.5119377414886637,0.2,0.0277848654953707,0.07612394957983194
825,final_half,Fisher,87,0.49792228621418677,0.5,0.00812859954800612,0.07397058823529412
830,final_half,Semantic,95,0.6826847704367301,0.6666666666666666,0.02343924972004479,0.06613347093223254
830,final_half,Temperature,95,0.7407194848824189,0.5384615384615384,0.008995660694288917,0.06706226350189198
830,final_half,Fisher,95,0.814991601343785,0.42857142857142855,-0.010740481522956325,0.05701754385964911
837,final_half,Semantic,85,0.40678131717803395,0.125,0.03736857533711159,0.07673319327731092
837,final_half,Temperature,85,0.6684776236075824,0.2,-0.027777994918897785,0.07433823529411765
837,final_half,Fisher,85,0.4049833887043189,0.058823529411764705,-0.020397693961305453,0.06654411764705884
843,final_half,Semantic,70,0.47353687341439943,0.2727272727272727,-0.02910331554544659,0.027564102564102567
843,final_half,Temperature,70,0.37006386142944625,0.0,0.03314145744029394,0.08607226107226107
843,final_half,Fisher,70,0.3678593298923979,0.07692307692307693,-0.015039804041641158,0.03205128205128205
847,final_half,Semantic,63,0.4078821044546851,0.16666666666666666,-0.0027313748079877105,0.07004662004662003
847,final_half,Temperature,63,0.5000960061443933,0.07692307692307693,-0.03387816820276498,0.04889277389277389
847,final_half,Fisher,63,0.34096582181259605,0.07692307692307693,0.014914554531490015,0.05256410256410256
854,final_half,Semantic,72,0.5340857932986045,0.14285714285714285,-0.032013312753231715,0.06952380952380952
854,final_half,Temperature,72,0.4933757797929128,0.14285714285714285,-0.02732490835423501,0.07391941391941391
854,final_half,Fisher,72,0.6284648530452119,0.3333333333333333,-0.01722136471798829,0.0738095238095238
863,final_half,Semantic,66,0.27677695438889477,0.07692307692307693,-0.09089239119089866,0.046794871794871795
863,final_half,Temperature,66,0.3962634380544829,0.16666666666666666,0.01570817242459033,0.06410256410256411
863,final_half,Fisher,66,0.1405072539400898,0.16666666666666666,-0.006373029955119505,0.0747086247086247
864,final_half,Semantic,80,0.499367088607595,0.23076923076923078,0.03150726676043132,0.03047619047619048
864,final_half,Temperature,80,0.43033286451007974,0.3333333333333333,-0.012824660103141117,0.05523809523809524
864,final_half,Fisher,80,0.33687294889826536,0.23076923076923078,-0.02243788091889358,0.04201465201465201
866,final_half,Semantic,75,0.7530298719772404,0.23076923076923078,-0.0024338549075391216,0.05523809523809523
866,final_half,Temperature,75,0.7724893314366997,0.14285714285714285,-0.008284495021337128,0.05582417582417583
866,final_half,Fisher,75,0.747027027027027,0.06666666666666667,0.008307254623044094,0.07238095238095237
867,final_half,Semantic,98,0.6607820260250304,0.3333333333333333,-0.005578613826036509,0.04035087719298245
867,final_half,Temperature,98,0.5874248481023149,0.25,-0.02772411682573685,0.04127966976264189
867,final_half,Fisher,98,0.7334378924953296,0.25,0.014936021268863684,0.07478070175438596
875,final_half,Semantic,85,0.5037717412546414,0.058823529411764705,-0.008535274574946256,0.05183823529411765
875,final_half,Temperature,85,0.5360171975767051,0.125,-0.005361539964823145,0.05227941176470589
875,final_half,Fisher,85,0.5081688489349229,0.2,-0.02585597029509478,0.051102941176470594
877,final_half,Semantic,78,0.3553535072522414,0.0,0.028520846242365228,0.06963369963369963
877,final_half,Temperature,78,0.48274510299826745,0.14285714285714285,-0.031051227253758907,0.08106227106227107
877,final_half,Fisher,78,0.4193654446819004,0.0,0.00148206224155591,0.037619047619047614
885,final_half,Semantic,79,0.1041869522882181,0.06666666666666667,-0.031980282375852,0.04428571428571428
885,final_half,Temperature,79,0.30803310613437196,0.06666666666666667,0.0154199123661149,0.06582417582417582
885,final_half,Fisher,79,0.2721518987341772,0.14285714285714285,0.020872687439143136,0.06296703296703296
891,final_half,Semantic,74,0.5672417623102552,0.06666666666666667,0.01079600148093298,0.08058608058608059
891,final_half,Temperature,74,0.45999259533506104,0.06666666666666667,0.015332099222510175,0.03761904761904762
891,final_half,Fisher,74,0.34753054424287294,0.0,-0.021355053683820804,0.054029304029304025
894,final_half,Semantic,77,0.7598454177401546,0.45454545454545453,0.05017876859982123,0.04476190476190476
894,final_half,Temperature,77,0.8072979651927019,0.3333333333333333,-0.028994689521005302,0.06296703296703296
894,final_half,Fisher,77,0.7411272937588727,0.14285714285714285,-0.019054629580945365,0.06021978021978023
908,final_half,Semantic,82,0.5611497480436652,0.125,-0.007774186175596697,0.05926470588235294
908,final_half,Temperature,82,0.50202979941446,0.125,-0.02777832195992642,0.05845588235294118
908,final_half,Fisher,82,0.5600831510323135,0.125,0.004811658558352652,0.05772058823529412
920,final_half,Semantic,73,0.372639763050722,0.06666666666666667,-0.032815006787609534,0.09366300366300366
920,final_half,Temperature,73,0.5347402196717266,0.06666666666666667,-0.005049055905220286,0.06344322344322342
920,final_half,Fisher,73,0.5723497470072814,0.45454545454545453,0.028595890410958908,0.07333333333333333
921,final_half,Semantic,74,0.20017771195853384,0.14285714285714285,0.0073661606812291695,0.07439560439560439
921,final_half,Temperature,74,0.290455386893743,0.14285714285714285,-0.03275379489078119,0.04380952380952381
921,final_half,Fisher,74,0.529122547204739,0.23076923076923078,-0.038413920770085146,0.05523809523809524
923,final_half,Semantic,68,0.2601442913310684,0.0,-0.05005153261823871,0.04294871794871795
923,final_half,Temperature,68,0.4385616673664923,0.0,-0.007726075504828789,0.05273892773892774
923,final_half,Fisher,68,0.4285223498873917,0.07692307692307693,-0.004689468259724398,0.06025641025641025
930,final_half,Semantic,73,0.5202394174996915,0.23076923076923078,0.01059175613970135,0.06915750915750915
930,final_half,Temperature,73,0.5783660372701469,0.23076923076923078,-0.06887572504010861,0.04857142857142857
930,final_half,Fisher,73,0.5837344193508578,0.06666666666666667,-0.005582808836233492,0.05095238095238095
932,final_half,Semantic,77,0.7247752247752247,0.23076923076923078,0.0024843577475156414,0.047619047619047616
932,final_half,Temperature,77,0.6700930648299068,0.23076923076923078,-0.020880435354119566,0.05761904761904761
932,final_half,Fisher,77,0.693963930806036,0.3333333333333333,-0.01936353120563647,0.05095238095238095
940,final_half,Semantic,95,0.815929451287794,0.5384615384615384,-0.03888297872340426,0.05565875472996216
940,final_half,Temperature,95,0.7679031354983203,0.5384615384615384,0.0062395016797312415,0.06257309941520468
940,final_half,Fisher,95,0.799958006718925,0.42857142857142855,-0.03257418812989922,0.06910904712762297
942,final_half,Semantic,81,0.7528681120144535,0.2857142857142857,0.013265582655826553,0.0720798319327731
942,final_half,Temperature,81,0.7354561878952123,0.058823529411764705,-0.008975835591689251,0.04191176470588235
942,final_half,Fisher,81,0.7919828364950317,0.38461538461538464,0.02743337850045167,0.057794117647058815
954,final_half,Semantic,121,0.47419726324346284,0.18181818181818182,0.013469719550196449,0.06094202898550725
954,final_half,Temperature,121,0.42544370681479465,0.18181818181818182,-0.010048096463893775,0.05456521739130434
954,final_half,Fisher,121,0.35558867362146046,0.08333333333333333,0.018266833762362815,0.06089855072463768
955,final_half,Semantic,67,0.24858328677468275,0.07692307692307693,0.013458775640514009,0.06025641025641025
955,final_half,Temperature,67,0.2379679144385027,0.16666666666666666,0.014807646260675236,0.0738927738927739
955,final_half,Fisher,67,0.27815468113975583,0.16666666666666666,0.04158352621917153,0.08607226107226107
958,final_half,Semantic,79,0.41037000973709836,0.14285714285714285,0.06172103213242454,0.0645054945054945
958,final_half,Temperature,79,0.44605647517039926,0.06666666666666667,0.02070472249269718,0.06677655677655676
958,final_half,Fisher,79,0.3251947419668939,0.06666666666666667,0.008689143135345672,0.05809523809523809
960,final_half,Semantic,76,0.34064251537935747,0.23076923076923078,-0.015006151742993839,0.05963369963369962
960,final_half,Temperature,76,0.257470950102529,0.23076923076923078,0.029607655502392343,0.054285714285714284
960,final_half,Fisher,76,0.13785372522214628,0.06666666666666667,-0.017969924812030073,0.052967032967032965
964,final_half,Semantic,78,0.5215164582253189,0.14285714285714285,0.003132310727247434,0.0706959706959707
964,final_half,Temperature,78,0.5138532353722226,0.06666666666666667,0.00172991565396629,0.05523809523809523
964,final_half,Fisher,78,0.5353760163886745,0.14285714285714285,0.011569443215012831,0.054761904761904755
965,final_half,Semantic,79,0.5005842259006816,0.23076923076923078,0.05284810126582279,0.04428571428571428
965,final_half,Temperature,79,0.4005842259006816,0.3333333333333333,0.023111002921129505,0.048095238095238094
965,final_half,Fisher,79,0.49941577409931837,0.23076923076923078,0.018568646543330087,0.03380952380952381
969,final_half,Semantic,79,0.6086903602726388,0.14285714285714285,0.007984420642648486,0.06783882783882783
969,final_half,Temperature,79,0.5583739045764363,0.14285714285714285,-0.011943768257059395,0.05523809523809524
969,final_half,Fisher,79,0.5399951314508277,0.14285714285714285,0.02535175267770205,0.04428571428571428
976,final_half,Semantic,83,0.4933042273624113,0.2,-0.01974308383359221,0.04301470588235294
976,final_half,Temperature,83,0.6136392258931195,0.2,-0.03648986188657066,0.038235294117647055
976,final_half,Fisher,83,0.47168464799966414,0.2,-0.00582364300407204,0.04308823529411765
977,final_half,Semantic,81,0.7040424570912375,0.058823529411764705,-0.00043021680216801943,0.06582983193277311
977,final_half,Temperature,81,0.6206413730803975,0.058823529411764705,-0.02142276422764227,0.07441176470588236
977,final_half,Fisher,81,0.631616982836495,0.058823529411764705,-0.02344286359530262,0.06612394957983193
980,final_half,Semantic,71,0.5313547954393024,0.0,0.013754191817572101,0.08714285714285713
980,final_half,Temperature,71,0.6390006706908115,0.23076923076923078,0.020928906773977195,0.05915750915750915
980,final_half,Fisher,71,0.44745137491616355,0.0,-0.014000670690811534,0.059047619047619036
984,final_half,Semantic,92,0.4397453878519797,0.05263157894736842,-0.036930320731162244,0.060921912624698996
984,final_half,Temperature,92,0.5906015443182343,0.05263157894736842,-0.016934327944145615,0.06706226350189198
984,final_half,Fisher,92,0.44555584667786635,0.1111111111111111,0.01024613535132469,0.04975920192638459
996,final_half,Semantic,76,0.24314422419685577,0.06666666666666667,-0.009859193438140805,0.042490842490842486
996,final_half,Temperature,76,0.45673274094326727,0.45454545454545453,-0.01914695830485304,0.05963369963369963
996,final_half,Fisher,76,0.27778537252221464,0.14285714285714285,0.011604921394395076,0.04523809523809523
997,final_half,Semantic,86,0.6610594839379217,0.058823529411764705,-0.038182933157224395,0.04191176470588236
997,final_half,Temperature,86,0.5644888909854239,0.058823529411764705,0.006685221000990611,0.06654411764705884
997,final_half,Fisher,86,0.532789282513326,0.058823529411764705,-0.017920656634746925,0.04485294117647058
998,final_half,Semantic,85,0.5587453586085597,0.38461538461538464,-0.018883134649208523,0.05735294117647059
998,final_half,Temperature,85,0.42065663474692205,0.2,-0.007002149697088136,0.05889705882352941
998,final_half,Fisher,85,0.5424272034395153,0.2857142857142857,-0.014008207934336528,0.04558823529411765
1,all_blocks,Semantic,107,-0.09342855463469112,0.047619047619047616,0.038018965888830115,0.056942355889724315
1,all_blocks,Temperature,107,-0.2853112325868454,0.047619047619047616,-0.04730892062932268,0.04432330827067668
1,all_blocks,Fisher,107,-0.23674053175023024,0.047619047619047616,-0.013228119673191088,0.07586466165413534
2,all_blocks,Semantic,103,0.2870996793041339,0.15789473684210525,0.018466920001757238,0.057180451127819554
2,all_blocks,Temperature,103,0.30362869569037476,0.047619047619047616,-0.013692725036243029,0.056942355889724315
2,all_blocks,Fisher,103,0.20182972367438387,0.047619047619047616,-0.01842573474498089,0.0469047619047619
20,all_blocks,Semantic,80,0.0003984997655883732,0.06666666666666667,0.02070323488045006,0.07619047619047617
20,all_blocks,Temperature,80,-0.0994842944210033,0.14285714285714285,-0.0041959681200187515,0.04095238095238095
20,all_blocks,Fisher,80,-0.0376699484294421,0.06666666666666667,0.022208157524613227,0.059047619047619036
24,all_blocks,Semantic,72,0.4849186442858063,0.14285714285714285,-0.00487491156987588,0.06963369963369963
24,all_blocks,Temperature,72,0.5530259180654705,0.06666666666666667,0.02141938388320792,0.05857142857142857
24,all_blocks,Fisher,72,0.5607756125795872,0.23076923076923078,-0.019805132162840057,0.0519047619047619
32,all_blocks,Semantic,71,0.06851106639839033,0.0,-0.04272300469483568,0.07238095238095238
32,all_blocks,Temperature,71,0.04161636485580147,0.06666666666666667,0.009877598926894705,0.05095238095238095
32,all_blocks,Fisher,71,0.05580147551978538,0.0,0.031170355466130107,0.057619047619047625
45,all_blocks,Semantic,90,-0.18170967609169855,0.058823529411764705,0.046377742108079184,0.06906512605042017
45,all_blocks,Temperature,90,-0.1511709264518253,0.058823529411764705,0.0005934889080956515,0.058602941176470594
45,all_blocks,Fisher,90,-0.15696588056138616,0.058823529411764705,-0.002963328806025436,0.06397058823529413
57,all_blocks,Semantic,82,0.45971419553552967,0.38461538461538464,0.021401595542059833,0.058529411764705885
57,all_blocks,Temperature,82,0.49197331330743027,0.38461538461538464,-0.0384475571663347,0.051102941176470594
57,all_blocks,Fisher,82,0.4524439220295817,0.2857142857142857,0.010022746813813519,0.07441176470588236
59,all_blocks,Semantic,80,-0.12315986872948899,0.06666666666666667,-0.0036708860759493644,0.03333333333333334
59,all_blocks,Temperature,80,-0.1163384903891233,0.06666666666666667,0.0021050164088138763,0.04380952380952381
59,all_blocks,Fisher,80,-0.16085325832161276,0.06666666666666667,-0.011518987341772155,0.046300366300366304
62,all_blocks,Semantic,73,0.2863445637418241,0.23076923076923078,0.046266814759965455,0.05641025641025641
62,all_blocks,Temperature,73,0.3602369492780452,0.23076923076923078,-0.03365574478588178,0.06058608058608058
62,all_blocks,Fisher,73,0.25478217943971376,0.23076923076923078,-0.009820436875231398,0.06736263736263735
63,all_blocks,Semantic,66,0.325289635737397,0.5555555555555556,-0.058419789166057834,0.04055944055944055
63,all_blocks,Temperature,66,0.2620812023797099,0.2727272727272727,-0.011825487944890935,0.0662004662004662
63,all_blocks,Fisher,66,0.3105521344327315,0.4,-0.004751069825696686,0.05961538461538461
64,all_blocks,Semantic,88,0.534341868902117,0.125,-0.02369148673875524,0.04558823529411765
64,all_blocks,Temperature,88,0.4209432566658448,0.125,0.008357401993589522,0.03345588235294118
64,all_blocks,Fisher,88,0.5339544221760417,0.125,0.01965851854460921,0.06301470588235294
66,all_blocks,Semantic,75,0.23268847795163583,0.14285714285714285,-0.04071550497866287,0.06355311355311355
66,all_blocks,Temperature,75,0.20699857752489328,0.23076923076923078,-0.018270270270270273,0.054285714285714284
66,all_blocks,Fisher,75,0.2822190611664296,0.23076923076923078,-0.009796586059743963,0.04047619047619048
68,all_blocks,Semantic,78,0.40102935039643894,0.06666666666666667,0.024241581203606512,0.06142857142857143
68,all_blocks,Temperature,78,0.40368492267226447,0.14285714285714285,-0.00882788097977971,0.04
68,all_blocks,Fisher,78,0.41370022382680605,0.06666666666666667,0.03611198927654624,0.04714285714285714
76,all_blocks,Semantic,74,0.19339503887449092,0.23076923076923078,-0.02221399481673454,0.059047619047619036
76,all_blocks,Temperature,74,0.2838800444279896,0.3333333333333333,-0.0052513883746760455,0.0563003663003663
76,all_blocks,Fisher,74,0.21741577193631983,0.23076923076923078,-0.012718252499074411,0.07285714285714286
77,all_blocks,Semantic,76,0.5022556390977443,0.6,-0.05728366370471634,0.04476190476190476
77,all_blocks,Temperature,76,0.4144087491455912,0.6,-0.013034859876965139,0.0843956043956044
77,all_blocks,Fisher,76,0.48565960355434035,0.6,0.016842105263157898,0.03
80,all_blocks,Semantic,66,0.20413318025258329,0.07692307692307693,-0.006141321365201971,0.047435897435897434
80,all_blocks,Temperature,66,0.006617263333681246,0.07692307692307693,-0.013449535539087782,0.05163170163170163
80,all_blocks,Fisher,66,0.08836238388477195,0.07692307692307693,0.021340152384928507,0.06555944055944055
98,all_blocks,Semantic,71,0.3139168343393695,0.3333333333333333,0.01073775989268947,0.06142857142857142
98,all_blocks,Temperature,71,0.1980549966465459,0.3333333333333333,0.011703554661301135,0.059047619047619036
98,all_blocks,Fisher,71,0.2236418511066398,0.14285714285714285,0.027999664654594227,0.06904761904761904
103,all_blocks,Semantic,84,0.25600890958793154,0.2,-0.0018072289156626537,0.057794117647058815
103,all_blocks,Temperature,84,0.3296345044041713,0.2,-0.023604333299584893,0.03566176470588236
103,all_blocks,Fisher,84,0.2990179204211805,0.2,0.031495393338058106,0.07656512605042018
104,all_blocks,Semantic,91,-0.04959388437649307,0.05263157894736842,-0.008153368370759678,0.060577915376676984
104,all_blocks,Temperature,91,-0.2712215320910973,0.05263157894736842,-0.011340181557572862,0.045906432748538006
104,all_blocks,Fisher,91,-0.2127408823060997,0.05263157894736842,-0.021208791208791215,0.055658754729962144
106,all_blocks,Semantic,67,0.21665735493654723,0.16666666666666666,0.026616250299305623,0.03461538461538462
106,all_blocks,Temperature,67,0.27959134807247193,0.07692307692307693,-0.00982121478170644,0.07499999999999998
106,all_blocks,Fisher,67,0.2406018038151489,0.07692307692307693,0.035988506664538275,0.05256410256410256
110,all_blocks,Semantic,76,-0.025372522214627477,0.06666666666666667,-0.01639097744360903,0.047619047619047616
110,all_blocks,Temperature,76,-0.10173615857826385,0.0,0.012404647983595352,0.07772893772893771
110,all_blocks,Fisher,76,0.023048530416951468,0.06666666666666667,-0.02245249487354751,0.06915750915750915
113,all_blocks,Semantic,71,-0.3564050972501676,0.0,0.02096076458752515,0.06725274725274724
113,all_blocks,Temperature,71,-0.27357478202548624,0.0,0.014686452045606969,0.048095238095238094
113,all_blocks,Fisher,71,-0.40338698859825617,0.0,-0.02643695506371562,0.07333333333333333
114,all_blocks,Semantic,85,-0.3116279069767442,0.058823529411764705,0.02191616181356263,0.0670063025210084
114,all_blocks,Temperature,85,-0.3505569669728356,0.058823529411764705,0.012462380300957593,0.07058823529411765
114,all_blocks,Fisher,85,-0.2433652530779754,0.0,-0.03773793238225523,0.052647058823529415
115,all_blocks,Semantic,100,0.24186018601860185,0.1111111111111111,0.019882388238823878,0.08611971104231164
115,all_blocks,Temperature,100,0.1672127212721272,0.05263157894736842,0.014033603360336027,0.054729962160302716
115,all_blocks,Fisher,100,0.17520552055205518,0.05263157894736842,0.013801980198019797,0.061558307533539726
117,all_blocks,Semantic,74,-0.2296778970751573,0.0,0.004584968530174008,0.07999999999999999
117,all_blocks,Temperature,74,-0.25017400962606434,0.06666666666666667,0.032358385783043314,0.07333333333333333
117,all_blocks,Fisher,74,-0.4171640133283968,0.0,-0.03184005923731951,0.05677655677655676
118,all_blocks,Semantic,82,0.16137177436031389,0.5,-0.006375638053569298,0.036029411764705886
118,all_blocks,Temperature,82,-0.020689805291627218,0.058823529411764705,-0.021941424233519448,0.04566176470588236
118,all_blocks,Fisher,82,0.032705347133792625,0.38461538461538464,0.0542756391419336,0.05772058823529412
120,all_blocks,Semantic,80,-0.2390998593530239,0.06666666666666667,-0.011679559306141583,0.07498168498168498
120,all_blocks,Temperature,80,-0.09908579465541494,0.0,-0.03025082044069386,0.06296703296703296
120,all_blocks,Fisher,80,-0.33942803563056734,0.06666666666666667,-0.0022913736521331454,0.05915750915750915
121,all_blocks,Semantic,78,0.5147131349662996,0.23076923076923078,-0.01326900947154112,0.02380952380952381
121,all_blocks,Temperature,78,0.539801970181717,0.23076923076923078,-0.01091313749541598,0.06190476190476189
121,all_blocks,Fisher,78,0.5279909963454267,0.14285714285714285,-0.0062671505709480406,0.04095238095238095
126,all_blocks,Semantic,79,-0.1870009737098345,0.06666666666666667,0.014538704965920154,0.06725274725274724
126,all_blocks,Temperature,79,-0.00873904576436222,0.06666666666666667,0.024487585199610515,0.06556776556776558
126,all_blocks,Fisher,79,-0.13683057448880234,0.06666666666666667,0.0039520447906523865,0.06391941391941393
128,all_blocks,Semantic,80,0.3894045944678856,0.14285714285714285,-0.006896390060947022,0.06190476190476189
128,all_blocks,Temperature,80,0.40860290670417254,0.06666666666666667,0.017121425222691042,0.07344322344322343
128,all_blocks,Fisher,80,0.4120487576183779,0.23076923076923078,-0.01183075480543835,0.0645054945054945
130,all_blocks,Semantic,82,0.054646771367312066,0.2,-0.015388382799490641,0.06360294117647058
130,all_blocks,Temperature,82,-0.0054091705575690305,0.0,-0.012470478118435803,0.05772058823529412
130,all_blocks,Fisher,82,-0.020907478151086734,0.125,0.018845027807707797,0.061470588235294124
134,all_blocks,Semantic,77,0.2859771807140228,0.06666666666666667,0.009469477890530523,0.06344322344322342
134,all_blocks,Temperature,77,0.2787738577212261,0.06666666666666667,0.002565855197434144,0.05142857142857142
134,all_blocks,Fisher,77,0.4021767705978232,0.06666666666666667,0.011220358588779641,0.04630036630036629
136,all_blocks,Semantic,64,0.5027014652014652,0.0,0.04146978021978022,0.08543123543123542
136,all_blocks,Temperature,64,0.4277472527472527,0.0,-0.03668040293040292,0.08304195804195803
136,all_blocks,Fisher,64,0.46442307692307694,0.0,0.0042147435897435925,0.06427738927738927
137,all_blocks,Semantic,84,0.14486180014174344,0.058823529411764705,-0.004231041814316087,0.05889705882352941
137,all_blocks,Temperature,84,0.2753872633390706,0.125,4.8597752353953316e-05,0.07605042016806722
137,all_blocks,Fisher,84,0.1334008302116027,0.058823529411764705,0.01771489318619014,0.05110294117647059
169,all_blocks,Semantic,66,0.41267091117837396,0.4,-0.01664753157290471,0.05128205128205128
169,all_blocks,Temperature,66,0.33213652019622175,0.16666666666666666,-0.04573426573426574,0.03141025641025641
169,all_blocks,Fisher,66,0.3857426155933619,0.4,0.02552343179208851,0.05576923076923077
174,all_blocks,Semantic,95,-0.07432810750279956,0.05263157894736842,-0.03939249720044793,0.04064327485380117
174,all_blocks,Temperature,95,-0.10277155655095184,0.05263157894736842,0.03666573348264278,0.08253783969728241
174,all_blocks,Fisher,95,-0.20142777155655095,0.05263157894736842,0.005744680851063828,0.06722996216030272
177,all_blocks,Semantic,77,0.22143645827856354,0.14285714285714285,0.03232031126767969,0.07285714285714286
177,all_blocks,Temperature,77,0.14014932435985067,0.14285714285714285,-0.024337504600662495,0.06619047619047617
177,all_blocks,Fisher,77,0.2524843577475156,0.14285714285714285,-0.021159104053840895,0.05142857142857142
178,all_blocks,Semantic,68,0.46616024735656747,0.07692307692307693,-0.030558842615566666,0.03461538461538462
178,all_blocks,Temperature,68,0.4410046951941062,0.16666666666666666,-0.020519525136466005,0.04294871794871795
178,all_blocks,Fisher,68,0.3273657289002557,0.07692307692307693,0.0013799289995037518,0.05337995337995337
189,all_blocks,Semantic,64,0.19464285714285712,0.4,-0.011991758241758242,0.051923076923076926
189,all_blocks,Temperature,64,0.1742216117216117,0.2727272727272727,-0.058269230769230775,0.05128205128205128
189,all_blocks,Fisher,64,0.08328754578754578,0.16666666666666666,-0.014036172161172162,0.07128205128205127
193,all_blocks,Semantic,73,-0.24281130445514007,0.06666666666666667,0.03126465506602494,0.06439560439560439
193,all_blocks,Temperature,73,-0.2158151301986919,0.06666666666666667,-9.255831173639491e-05,0.05201465201465201
193,all_blocks,Fisher,73,-0.2374120696038505,0.06666666666666667,0.030064482290509693,0.06736263736263735
195,all_blocks,Semantic,74,0.3522695298037763,0.3333333333333333,-0.019573491299518696,0.055714285714285716
195,all_blocks,Temperature,74,0.36974453905960747,0.23076923076923078,0.007564605701592002,0.048095238095238094
195,all_blocks,Fisher,74,0.32457608293224727,0.23076923076923078,0.0005597926693817114,0.06857142857142856
197,all_blocks,Semantic,67,0.48970388698220135,0.16666666666666666,0.03781626626227154,0.05961538461538461
197,all_blocks,Temperature,67,0.34619682336978214,0.16666666666666666,-0.0020392688961609084,0.055128205128205134
197,all_blocks,Fisher,67,0.28833107191316154,0.07692307692307693,-0.010593423258041346,0.05081585081585081
199,all_blocks,Semantic,62,-0.0843846793080003,0.0,0.03006219939059706,0.06602564102564103
199,all_blocks,Temperature,62,0.005162297600161164,0.07692307692307693,0.016985218201505885,0.05512820512820512
199,all_blocks,Fisher,62,0.011608874115484374,0.0,0.0019062728211326845,0.07705128205128205
202,all_blocks,Semantic,78,0.26749200166921683,0.06666666666666667,0.017080387966463915,0.038681318681318674
202,all_blocks,Temperature,78,0.3008004653574274,0.06666666666666667,0.01826401446654611,0.0519047619047619
202,all_blocks,Fisher,78,0.206160927679915,0.0,0.01295919270602815,0.06238095238095237
206,all_blocks,Semantic,94,0.016855109634071455,0.05263157894736842,-0.01195751905501571,0.05629514963880289
206,all_blocks,Temperature,94,0.21774374164649785,0.05263157894736842,0.004104323953328761,0.06613347093223254
206,all_blocks,Fisher,94,0.19582415200664668,0.1111111111111111,0.034030271285626565,0.0496345029239766
215,all_blocks,Semantic,76,0.43792207792207793,0.06666666666666667,0.01754477101845523,0.07238095238095238
215,all_blocks,Temperature,76,0.33367053998632945,0.06666666666666667,0.02123171565276829,0.055824175824175815
215,all_blocks,Fisher,76,0.42132604237867394,0.06666666666666667,-0.04000546821599453,0.048571428571428564
218,all_blocks,Semantic,95,0.14988801791713327,0.0,0.014661254199328108,0.06228070175438596
218,all_blocks,Temperature,95,0.3539753639417693,0.05263157894736842,-0.03942329227323629,0.0717406260749914
218,all_blocks,Fisher,95,0.18722004479283316,0.05263157894736842,0.03236212206047033,0.08129514963880288
232,all_blocks,Semantic,70,0.41170501268480447,0.16666666666666666,0.021947336191059402,0.07004662004662005
232,all_blocks,Temperature,70,0.36971393578864487,0.07692307692307693,0.046081707637127114,0.060256410256410244
232,all_blocks,Fisher,70,0.38595048552182665,0.07692307692307693,0.008896859417373814,0.0391025641025641
233,all_blocks,Semantic,80,0.41957337083919366,0.14285714285714285,0.020984528832630096,0.048095238095238094
233,all_blocks,Temperature,80,0.42147210501640886,0.14285714285714285,0.03913853727144866,0.06725274725274724
233,all_blocks,Fisher,80,0.28302859821847165,0.14285714285714285,0.018863103609939053,0.04476190476190476
235,all_blocks,Semantic,124,0.28531235247836345,0.3,-0.02494885916601101,0.04568840579710145
235,all_blocks,Temperature,124,0.26488119590873327,0.18181818181818182,0.02063823760818253,0.0704137022397892
235,all_blocks,Fisher,124,0.25294099134539727,0.3,0.025331235247836342,0.06841370223978918
239,all_blocks,Semantic,81,0.17224480578139115,0.5,0.026457768744354116,0.06183823529411765
239,all_blocks,Temperature,81,0.16917344173441734,0.6363636363636364,-0.02160682023486902,0.06073529411764707
239,all_blocks,Fisher,81,0.12728093947606142,0.6363636363636364,-0.017009936766034326,0.04014705882352941
242,all_blocks,Semantic,72,-0.013248440414174547,0.06666666666666667,0.04069554312174417,0.06677655677655678
242,all_blocks,Temperature,72,-6.431281754453664e-05,0.14285714285714285,-0.006553476107788285,0.04534798534798534
242,all_blocks,Fisher,72,-0.10254678757476367,0.14285714285714285,-0.018026882757733613,0.05523809523809523
256,all_blocks,Semantic,78,0.5352495605660161,0.06666666666666667,0.01468910835999443,0.0801098901098901
256,all_blocks,Temperature,78,0.5158006550411613,0.14285714285714285,0.025174825174825173,0.05630036630036629
256,all_blocks,Fisher,78,0.4398765791170854,0.06666666666666667,0.0358995434944802,0.09212454212454212
262,all_blocks,Semantic,80,0.18917018284106893,0.23076923076923078,-0.02727027660571965,0.03476190476190476
262,all_blocks,Temperature,80,-0.014697609001406469,0.23076923076923078,0.01080403187998125,0.05904761904761905
262,all_blocks,Fisher,80,0.08473980309423347,0.23076923076923078,-0.05151312705110174,0.04095238095238095
263,all_blocks,Semantic,73,0.4917006047143034,0.14285714285714285,0.03642169566827101,0.07904761904761903
263,all_blocks,Temperature,73,0.4035850919412564,0.14285714285714285,-0.012464519313834382,0.04153846153846154
263,all_blocks,Fisher,73,0.5606256941873381,0.14285714285714285,-0.013985560903369127,0.048095238095238094
270,all_blocks,Semantic,79,0.28437195715676733,0.23076923076923078,-0.00693646543330088,0.052490842490842494
270,all_blocks,Temperature,79,0.1228578383641675,0.23076923076923078,-0.012123904576436228,0.04095238095238095
270,all_blocks,Fisher,79,0.2573271665043817,0.23076923076923078,-0.021886562804284318,0.054761904761904755
272,all_blocks,Semantic,122,0.10839631089712876,0.04,-0.01815868693844776,0.04154347826086957
272,all_blocks,Temperature,122,0.0634357827117087,0.04,0.00026600929875983306,0.046571428571428576
272,all_blocks,Fisher,122,0.10534959569891052,0.04,-0.004953390544608599,0.06596997929606625
284,all_blocks,Semantic,67,0.34551839731822176,0.4,-0.028264426530449353,0.03076923076923077
284,all_blocks,Temperature,67,0.43239683933274803,0.4,-0.008490302498204165,0.05786713286713287
284,all_blocks,Fisher,67,0.28166653364195066,0.4,0.02033282783941257,0.05897435897435897
288,all_blocks,Semantic,60,0.38305084745762724,0.5,0.021569880522367323,0.05545454545454546
288,all_blocks,Temperature,60,0.35909974993053634,0.09090909090909091,0.026440677966101694,0.057272727272727274
288,all_blocks,Fisher,60,0.482467352042234,0.3333333333333333,-0.005168102250625177,0.05181818181818182
300,all_blocks,Semantic,72,0.5606469869444981,0.14285714285714285,0.011294938581259245,0.07736263736263735
300,all_blocks,Temperature,72,0.6015499389028234,0.23076923076923078,0.006656376615859541,0.09355311355311355
300,all_blocks,Fisher,72,0.5819666859605119,0.14285714285714285,0.04032413660042448,0.10186813186813186
319,all_blocks,Semantic,113,-0.0822659524918491,0.043478260869565216,0.0020880464435424815,0.053980801806888766
319,all_blocks,Temperature,113,-0.07631079912169805,0.043478260869565216,0.022336399627387052,0.07352343308865047
319,all_blocks,Fisher,113,-0.26426408942710766,0.043478260869565216,-0.012119901523720805,0.08106154714850367
323,all_blocks,Semantic,64,0.23397435897435895,0.0,-0.03425824175824175,0.05192307692307692
323,all_blocks,Temperature,64,0.1443223443223443,0.07692307692307693,-0.01729395604395604,0.05961538461538461
323,all_blocks,Fisher,64,0.11076007326007323,0.0,-0.024913003663003662,0.06107226107226107
334,all_blocks,Semantic,71,0.34631120053655257,0.06666666666666667,0.02141348088531187,0.06999999999999999
334,all_blocks,Temperature,71,0.4504694835680751,0.23076923076923078,-0.053886653252850435,0.06249084249084249
334,all_blocks,Fisher,71,0.4332327297116029,0.14285714285714285,0.0026928236083165733,0.07021978021978022
335,all_blocks,Semantic,70,0.30599247659872275,0.07692307692307693,0.00988539935263757,0.07773892773892772
335,all_blocks,Temperature,70,0.2836322281515178,0.07692307692307693,0.051752252646312634,0.0694055944055944
335,all_blocks,Fisher,70,0.3338815501705888,0.0,-0.01122736418511066,0.028846153846153844
344,all_blocks,Semantic,82,-0.37978472154199455,0.058823529411764705,-0.004032389721487578,0.07764705882352942
344,all_blocks,Temperature,82,-0.25625537379871793,0.058823529411764705,0.00991064529119187,0.07987394957983193
344,all_blocks,Fisher,82,-0.3399723555468487,0.058823529411764705,0.002055920157595149,0.08281512605042017
346,all_blocks,Semantic,68,-0.02343779822117036,0.07692307692307693,-0.007947474901706303,0.027564102564102567
346,all_blocks,Temperature,68,0.02504103523304195,0.07692307692307693,0.06308165057067602,0.06043123543123543
346,all_blocks,Fisher,68,-0.024201244417299688,0.07692307692307693,0.03433790128640683,0.06940559440559439
351,all_blocks,Semantic,82,-0.2593245611170971,0.058823529411764705,-0.04710767187993165,0.05772058823529412
351,all_blocks,Temperature,82,-0.028068915227304883,0.125,0.00033630456786495205,0.05816176470588236
351,all_blocks,Fisher,82,-0.23313851612411707,0.058823529411764705,0.03671052774784776,0.06051470588235295
359,all_blocks,Semantic,102,-0.16201774375038874,0.047619047619047616,-0.02319070856257528,0.07249373433583961
359,all_blocks,Temperature,102,-0.22582286783789746,0.047619047619047616,0.03919853435943252,0.076140350877193
359,all_blocks,Fisher,102,-0.3200377719096867,0.047619047619047616,-0.007787346410254961,0.04694235588972432
363,all_blocks,Semantic,69,0.28220679576178304,0.07692307692307693,-0.01885275849470223,0.039102564102564095
363,all_blocks,Temperature,69,0.2706978443551334,0.07692307692307693,0.004229082937522842,0.04294871794871795
363,all_blocks,Fisher,69,0.43127511874314944,0.16666666666666666,-0.015606503470953593,0.04358974358974359
368,all_blocks,Semantic,92,-0.2485550914723425,0.05263157894736842,-0.01616525129849113,0.055366357069143446
368,all_blocks,Temperature,92,-0.30869411093815013,0.05263157894736842,0.012342215988779803,0.05765393876848986
368,all_blocks,Fisher,92,-0.25051246089114254,0.0,0.0028928995268406193,0.04917440660474716
371,all_blocks,Semantic,70,-0.24538535561193248,0.07692307692307693,-0.010086606596098328,0.05850815850815851
371,all_blocks,Temperature,70,-0.02797655498206631,0.07692307692307693,-0.04191234362697926,0.03076923076923077
371,all_blocks,Fisher,70,-0.28895109789169804,0.07692307692307693,0.008811127635377485,0.03141025641025641
377,all_blocks,Semantic,79,-0.04500973709834469,0.0,0.028058666017526778,0.06344322344322342
377,all_blocks,Temperature,79,0.045959104186952295,0.0,-0.010166747809152863,0.06963369963369961
377,all_blocks,Fisher,79,-0.08169425511197663,0.0,-0.04404454722492697,0.05190476190476191
378,all_blocks,Semantic,93,-0.07827280594431678,0.05263157894736842,0.0250298409477485,0.07237702098383213
378,all_blocks,Temperature,93,0.304855122198681,0.25,0.011130673510190682,0.067406260749914
378,all_blocks,Fisher,93,-0.08446480260213063,0.05263157894736842,-0.010671122914863778,0.04888200894392845
391,all_blocks,Semantic,65,0.004982517482517482,0.07692307692307693,0.032598339160839165,0.08479020979020979
391,all_blocks,Temperature,65,0.09501748251748252,0.16666666666666666,0.013690996503496509,0.05192307692307692
391,all_blocks,Fisher,65,-0.1258741258741259,0.07692307692307693,0.012764423076923073,0.052564102564102565
392,all_blocks,Semantic,68,-0.10451578425010496,0.07692307692307693,0.034927663472916745,0.07453379953379954
392,all_blocks,Temperature,68,-0.004313471008130701,0.07692307692307693,-0.0030003435507882565,0.0423076923076923
392,all_blocks,Fisher,68,-0.06573271748673512,0.07692307692307693,-0.014690613429018586,0.07983682983682984
402,all_blocks,Semantic,92,-0.08479879167116194,0.05263157894736842,-0.021284465884746386,0.04946680426556588
402,all_blocks,Temperature,92,0.023211010588289692,0.1111111111111111,0.03987870474546491,0.06589267285861712
402,all_blocks,Fisher,92,-0.17169366397977898,0.05263157894736842,-0.035439945748501143,0.060921912624698996
408,all_blocks,Semantic,79,0.05099805258033107,0.06666666666666667,-0.006739289191820841,0.04095238095238095
408,all_blocks,Temperature,79,0.5206669912366115,0.14285714285714285,-0.0005452775073028257,0.05534798534798534
408,all_blocks,Fisher,79,0.2873661148977605,0.06666666666666667,0.01581669912366115,0.07021978021978023
411,all_blocks,Semantic,72,0.2959997427487299,0.23076923076923078,-0.04297864814457523,0.07926739926739926
411,all_blocks,Temperature,72,0.24262010418676444,0.14285714285714285,0.008241687568332379,0.0705860805860806
411,all_blocks,Fisher,72,0.27795999742748734,0.14285714285714285,0.03632870281047013,0.07619047619047618
416,all_blocks,Semantic,69,0.14442820606503473,0.07692307692307693,0.025937157471684326,0.05448717948717948
416,all_blocks,Temperature,69,0.09462915601023018,0.07692307692307693,0.00907745706978444,0.045046620046620044
416,all_blocks,Fisher,69,0.08224333211545488,0.07692307692307693,8.037997807818952e-05,0.035256410256410256
417,all_blocks,Semantic,160,0.3367397163951717,0.10344827586206896,0.037169957810851986,0.05024842417500928
417,all_blocks,Temperature,160,0.3619242939177312,0.10344827586206896,-0.0061788058127270635,0.05773610890407331
417,all_blocks,Fisher,160,0.30882163365756476,0.10344827586206896,-0.02851590882456346,0.06121192859791302
419,all_blocks,Semantic,82,-0.15791077589490754,0.058823529411764705,0.0019851764782708075,0.06227941176470588
419,all_blocks,Temperature,82,-0.1268053242781424,0.058823529411764705,-0.04044688238047039,0.03272058823529412
419,all_blocks,Fisher,82,-0.1665088538435585,0.058823529411764705,-0.033212524896333306,0.07691176470588236
420,all_blocks,Semantic,97,-0.141331790448138,0.1111111111111111,0.016601357037660424,0.08348813209494324
420,all_blocks,Temperature,97,0.1728250578581948,0.25,0.006445928887018724,0.059941520467836254
420,all_blocks,Fisher,97,-0.1294708605091521,0.17647058823529413,-0.015609877971807278,0.04269005847953215
426,all_blocks,Semantic,67,0.3570117327799506,0.2727272727272727,0.010527576023625196,0.07470862470862469
426,all_blocks,Temperature,67,0.1853699417351744,0.07692307692307693,0.009561816585521592,0.06940559440559439
426,all_blocks,Fisher,67,0.29727033282783943,0.07692307692307693,0.06070117327799505,0.07115384615384615
432,all_blocks,Semantic,87,-0.12982066049427715,0.125,-0.0005841291827659058,0.051470588235294115
432,all_blocks,Temperature,87,0.00625136691696435,0.125,-0.006095538383028357,0.05051470588235294
432,all_blocks,Fisher,87,-0.17769920536560468,0.125,-0.017711598746081504,0.06735294117647059
435,all_blocks,Semantic,65,-0.07312062937062937,0.07692307692307693,-0.005166083916083918,0.027564102564102567
435,all_blocks,Temperature,65,-0.06468531468531467,0.07692307692307693,0.01477054195804196,0.03076923076923077
435,all_blocks,Fisher,65,-0.024431818181818183,0.07692307692307693,-0.019678758741258746,0.07243589743589743
443,all_blocks,Semantic,66,0.31276484709320534,0.75,0.01292349441603173,0.05128205128205129
443,all_blocks,Temperature,66,0.21131405907525314,0.75,-0.002788852938106671,0.07004662004662005
443,all_blocks,Fisher,66,0.2974011063563303,0.75,0.019006366767560803,0.06474358974358974
444,all_blocks,Semantic,77,0.11485882538514117,0.0,0.02933908197066092,0.08619047619047618
444,all_blocks,Temperature,77,0.17469372732530625,0.0,0.006013723118986275,0.04476190476190476
444,all_blocks,Fisher,77,0.23339818076660182,0.06666666666666667,-0.03098217571901783,0.048095238095238094
445,all_blocks,Semantic,80,0.2740975152367558,0.14285714285714285,-0.02097163619315518,0.05095238095238095
445,all_blocks,Temperature,80,0.2693155180496953,0.06666666666666667,-0.00354313173933427,0.05201465201465201
445,all_blocks,Fisher,80,0.2880684481950305,0.14285714285714285,-0.0062623066104078775,0.08285714285714284
447,all_blocks,Semantic,86,-0.07276758337657435,0.058823529411764705,0.05384687956979102,0.06772058823529412
447,all_blocks,Temperature,86,-0.18898061229303267,0.058823529411764705,-3.773762913345385e-05,0.06281512605042018
447,all_blocks,Fisher,86,-0.27192792112835507,0.058823529411764705,0.006850323128449456,0.06772058823529412
448,all_blocks,Semantic,77,0.5282612124717387,0.23076923076923078,0.059815184815184816,0.048571428571428564
448,all_blocks,Temperature,77,0.6019506808980493,0.23076923076923078,-0.004834639045165365,0.06010989010989011
448,all_blocks,Fisher,77,0.5113044849886955,0.23076923076923078,0.004237867395762126,0.06857142857142857
450,all_blocks,Semantic,65,0.28881118881118883,0.16666666666666666,-0.05801573426573427,0.04358974358974359
450,all_blocks,Temperature,65,0.28120629370629374,0.0,0.0007102272727272732,0.05512820512820512
450,all_blocks,Fisher,65,0.15148601398601397,0.07692307692307693,-0.036676136363636355,0.05128205128205129
456,all_blocks,Semantic,66,0.09153533034130051,0.0,-0.016198726646487843,0.05273892773892773
456,all_blocks,Temperature,66,-0.07863479803778313,0.0,0.014407681870368444,0.07004662004662003
456,all_blocks,Fisher,66,0.017263333681244133,0.0,0.03240162822252375,0.07837995337995338
468,all_blocks,Semantic,73,0.3259903739355795,0.14285714285714285,-0.06252622485499199,0.04476190476190476
468,all_blocks,Temperature,73,0.16571023077872393,0.14285714285714285,0.03131401949895102,0.048571428571428564
468,all_blocks,Fisher,73,0.3061520424534124,0.14285714285714285,0.01921664815500432,0.059157509157509156
474,all_blocks,Semantic,70,0.20748840871314844,0.4,-0.008651911468812879,0.07628205128205126
474,all_blocks,Temperature,70,0.13232438106902283,0.2727272727272727,0.0032158166389642208,0.07243589743589744
474,all_blocks,Fisher,70,0.07245210392791532,0.16666666666666666,-0.03192546583850932,0.04358974358974359
476,all_blocks,Semantic,75,0.212773826458037,0.3333333333333333,0.032409672830725454,0.07904761904761903
476,all_blocks,Temperature,75,0.2180654338549075,0.45454545454545453,0.009611664295874818,0.04476190476190476
476,all_blocks,Fisher,75,0.21024182076813655,0.45454545454545453,-0.03177098150782361,0.052967032967032965
485,all_blocks,Semantic,86,0.3275531864710599,0.0,0.030967498466908817,0.06477941176470589
485,all_blocks,Temperature,86,0.27911693947827726,0.058823529411764705,0.018765036086607855,0.06264705882352942
485,all_blocks,Fisher,86,0.2179253738383886,0.058823529411764705,0.023501108542855788,0.061102941176470596
489,all_blocks,Semantic,72,0.019004437584410578,0.23076923076923078,-0.05455495530259182,0.058571428571428566
489,all_blocks,Temperature,72,0.02820117049327931,0.23076923076923078,0.0316145732844556,0.06201465201465202
489,all_blocks,Fisher,72,-0.09386455720625123,0.23076923076923078,0.012010418676442217,0.06190476190476191
495,all_blocks,Semantic,68,0.054700919952666335,0.0,0.036359125090659236,0.10355477855477854
495,all_blocks,Temperature,68,0.3875634614650532,0.2727272727272727,0.05974729930908118,0.05128205128205128
495,all_blocks,Fisher,68,0.024659312134977282,0.07692307692307693,0.0017158453258006637,0.05576923076923077
496,all_blocks,Semantic,64,0.346062271062271,0.16666666666666666,0.04641025641025641,0.09586247086247086
496,all_blocks,Temperature,64,0.18044871794871795,0.16666666666666666,-0.03925824175824175,0.06940559440559442
496,all_blocks,Fisher,64,0.16195054945054943,0.07692307692307693,0.002809065934065931,0.06346153846153846
497,all_blocks,Semantic,66,0.15900219183801279,0.0,-0.02915562049890409,0.07179487179487179
497,all_blocks,Temperature,66,0.3304665483769962,0.16666666666666666,0.0027763281494624778,0.044230769230769226
497,all_blocks,Fisher,66,0.1887276902202276,0.07692307692307693,0.015420102285773934,0.037354312354312344
524,all_blocks,Semantic,104,0.07644297450122693,0.0,0.01625360076816387,0.05908521303258146
524,all_blocks,Temperature,104,0.0598420996479249,0.047619047619047616,0.004605782566947614,0.048809523809523817
524,all_blocks,Fisher,104,0.010071481916142112,0.0,-0.03939880507841673,0.07379109538552264
526,all_blocks,Semantic,92,0.1878304024166577,0.25,-0.010270024505648621,0.05964912280701753
526,all_blocks,Temperature,92,0.1705685618729097,0.25,0.0004893423546999974,0.04853801169590642
526,all_blocks,Fisher,92,0.17144706625772543,0.17647058823529413,0.018818488664210965,0.07244152046783625
528,all_blocks,Semantic,83,-0.23607321271147305,0.058823529411764705,-0.016470761093153104,0.04816176470588236
528,all_blocks,Temperature,83,-0.06307459804374291,0.058823529411764705,0.020220603669031525,0.05485294117647059
528,all_blocks,Fisher,83,-0.15948113009529405,0.058823529411764705,-0.005400696864111496,0.06477941176470589
529,all_blocks,Semantic,74,0.6111366160681228,0.0,-0.009969640873750456,0.058571428571428566
529,all_blocks,Temperature,74,0.5263383931877081,0.06666666666666667,0.076034061458719,0.052490842490842494
529,all_blocks,Fisher,74,0.5134246575342464,0.0,-0.02200222139948167,0.04095238095238095
530,all_blocks,Semantic,79,0.255842259006816,0.14285714285714285,0.0313875365141188,0.03809523809523809
530,all_blocks,Temperature,79,0.3886319376825706,0.14285714285714285,0.04328870496592016,0.05857142857142857
530,all_blocks,Fisher,79,0.33439629990262904,0.14285714285714285,-0.008518743914313533,0.05761904761904761
536,all_blocks,Semantic,83,0.03881029343856261,0.5,0.0060986104697535745,0.07595588235294118
536,all_blocks,Temperature,83,0.06544645480878215,0.2,-0.030835187439654087,0.04933823529411765
536,all_blocks,Fisher,83,0.06861592712312665,0.5,-0.029638764115696235,0.036397058823529414
544,all_blocks,Semantic,64,0.45695970695970695,0.2727272727272727,-0.017152014652014647,0.04807692307692307
544,all_blocks,Temperature,64,0.38690476190476186,0.5555555555555556,0.025705128205128196,0.05576923076923076
544,all_blocks,Fisher,64,0.42074175824175825,0.4,0.004377289377289377,0.05722610722610723
545,all_blocks,Semantic,70,0.18264368821625407,0.16666666666666666,0.0006456128072784544,0.059615384615384605
545,all_blocks,Temperature,70,0.08648412212404864,0.16666666666666666,-0.01621380456652961,0.06025641025641025
545,all_blocks,Fisher,70,0.02468725395853381,0.16666666666666666,-0.025366109701688393,0.0641025641025641
553,all_blocks,Semantic,72,0.13081227088558753,0.06666666666666667,-0.019477136793362916,0.06677655677655678
553,all_blocks,Temperature,72,0.32149977490513865,0.14285714285714285,0.011434818959418612,0.06391941391941391
553,all_blocks,Fisher,72,0.172937166377259,0.06666666666666667,0.012058653289600615,0.07285714285714286
556,all_blocks,Semantic,75,0.21999999999999997,0.06666666666666667,-0.02998862019914651,0.059047619047619036
556,all_blocks,Temperature,75,0.20193456614509245,0.06666666666666667,-0.01281081081081081,0.05142857142857142
556,all_blocks,Fisher,75,0.2850924608819346,0.06666666666666667,0.038874822190611655,0.06476190476190476
561,all_blocks,Semantic,66,0.24387850955015133,0.07692307692307693,0.029669136833315946,0.06491841491841491
561,all_blocks,Temperature,66,0.12902619768291412,0.07692307692307693,0.02201231604216679,0.047435897435897434
561,all_blocks,Fisher,66,0.32754409769335147,0.07692307692307693,0.007825905437845742,0.03461538461538462
566,all_blocks,Semantic,82,0.5447807490123094,0.125,0.010788955279111025,0.03970588235294118
566,all_blocks,Temperature,82,0.4349430241290365,0.058823529411764705,0.057967370838367026,0.045220588235294124
566,all_blocks,Fisher,82,0.45292280232039267,0.058823529411764705,0.012318107116814145,0.04154411764705882
571,all_blocks,Semantic,76,-0.007136021872863979,0.06666666666666667,-0.03111141490088859,0.062380952380952384
571,all_blocks,Temperature,76,-0.031825017088174985,0.06666666666666667,-0.0008106630211893319,0.0580952380952381
571,all_blocks,Fisher,76,-0.05897470950102529,0.06666666666666667,-0.014706766917293234,0.04095238095238095
572,all_blocks,Semantic,73,-0.05828088362334939,0.06666666666666667,0.04023047019622363,0.04380952380952381
572,all_blocks,Temperature,73,0.2296371714179934,0.0,0.03591725286930768,0.059157509157509156
572,all_blocks,Fisher,73,-0.04374922868073554,0.0,-0.00012341108231519218,0.06010989010989011
576,all_blocks,Semantic,96,0.3894601193705914,0.05263157894736842,-0.0103235214324471,0.08750859993120055
576,all_blocks,Temperature,96,0.36440586001085185,0.05263157894736842,0.003992132392837766,0.05116959064327485
576,all_blocks,Fisher,96,0.28650298426478565,0.05263157894736842,0.014133884970157351,0.052098383212934286
578,all_blocks,Semantic,80,0.1520393811533052,0.23076923076923078,-0.0035314111579934325,0.06142857142857142
578,all_blocks,Temperature,80,0.037740271917487106,0.3333333333333333,-0.04044421003281763,0.05
578,all_blocks,Fisher,80,0.1954992967651196,0.45454545454545453,0.005481715893108299,0.04428571428571428
584,all_blocks,Semantic,73,0.13615327656423548,0.14285714285714285,0.019460385042576828,0.0783150183150183
584,all_blocks,Temperature,73,0.12615697889670494,0.06666666666666667,0.0025468962112797687,0.08106227106227105
584,all_blocks,Fisher,73,0.11927681105763299,0.14285714285714285,-0.01281469825990374,0.04963369963369963
591,all_blocks,Semantic,67,0.28258440418229713,0.2727272727272727,-0.007428765264586164,0.07004662004662006
591,all_blocks,Temperature,67,0.20189161146140958,0.07692307692307693,0.023553356213584488,0.08012820512820512
591,all_blocks,Fisher,67,0.24000319259318384,0.16666666666666666,0.0065428206560779,0.03461538461538462
593,all_blocks,Semantic,79,-0.20783836416747808,0.06666666666666667,-0.007431840311587145,0.026666666666666665
593,all_blocks,Temperature,79,-0.21677215189873417,0.0,0.021453261927945465,0.07952380952380952
593,all_blocks,Fisher,79,-0.22845666991236613,0.06666666666666667,0.023907010710808186,0.037142857142857144
600,all_blocks,Semantic,92,0.19926637177689072,0.1111111111111111,0.024884022008846696,0.05180598555211559
600,all_blocks,Temperature,92,0.13726245703805312,0.17647058823529413,0.011425951327774606,0.07793257653938769
600,all_blocks,Fisher,92,0.21976480742259144,0.1111111111111111,0.024578857327805424,0.06786635706914344
606,all_blocks,Semantic,99,0.4192207792207792,0.1111111111111111,0.011401360544217686,0.03864809081527347
606,all_blocks,Temperature,99,0.47452071737786017,0.1111111111111111,0.004351267779839211,0.05935672514619883
606,all_blocks,Fisher,99,0.37809523809523804,0.05263157894736842,-0.00450463821892393,0.0567251461988304
612,all_blocks,Semantic,66,0.17591065650767146,0.16666666666666666,-0.02374282433983927,0.07855477855477855
612,all_blocks,Temperature,66,0.14747938628535645,0.2727272727272727,0.042342135476463844,0.05128205128205128
612,all_blocks,Fisher,66,0.3328462582193926,0.16666666666666666,0.01185262498695335,0.047435897435897434
615,all_blocks,Semantic,130,-0.029996312936131857,0.13043478260869565,-0.00891668601237215,0.05301515151515153
615,all_blocks,Temperature,130,0.13177566264731186,0.08333333333333333,0.012543391279411157,0.05623188405797101
615,all_blocks,Fisher,130,-0.021327616108372367,0.08333333333333333,-0.0048254106979475336,0.054775362318840594
624,all_blocks,Semantic,77,0.3863242021136758,0.3333333333333333,-0.03890845996109153,0.030952380952380953
624,all_blocks,Temperature,77,0.2985172722014827,0.23076923076923078,0.0014761554235238436,0.05868131868131867
624,all_blocks,Fisher,77,0.43840370156159625,0.3333333333333333,0.03274620116725379,0.05523809523809523
633,all_blocks,Semantic,70,0.1799842533461639,0.2727272727272727,0.01160003499256408,0.05
633,all_blocks,Temperature,70,0.31921966582101297,0.2727272727272727,0.01931064648762138,0.05961538461538461
633,all_blocks,Fisher,70,0.0871839734056513,0.07692307692307693,0.034474674131747,0.03141025641025641
635,all_blocks,Semantic,82,0.033184227424603564,0.0,0.015447154471544721,0.05485294117647059
635,all_blocks,Temperature,82,0.16607350812463947,0.0,-0.05412979832609571,0.049705882352941176
635,all_blocks,Fisher,82,0.3041651701657579,0.0,-0.023309498155222513,0.04051470588235294
644,all_blocks,Semantic,70,-0.21991076896159562,0.07692307692307693,-0.006291663021607904,0.03461538461538462
644,all_blocks,Temperature,70,0.03990901933339166,0.16666666666666666,-0.004869215291750502,0.05128205128205128
644,all_blocks,Fisher,70,-0.25322368996588224,0.07692307692307693,0.0010970168839121706,0.0673076923076923
647,all_blocks,Semantic,66,0.4126291618828933,0.0,0.005786452353616537,0.044230769230769226
647,all_blocks,Temperature,66,0.15537000313119717,0.07692307692307693,-0.011800438367602547,0.046794871794871795
647,all_blocks,Fisher,66,0.3291305709216158,0.07692307692307693,0.031541592735622584,0.04953379953379953
649,all_blocks,Semantic,69,-0.08534892217756669,0.07692307692307693,0.006735476799415422,0.06794871794871794
649,all_blocks,Temperature,69,-0.07749360613810742,0.07692307692307693,0.022144683960540743,0.06876456876456877
649,all_blocks,Fisher,69,-0.11373766898063575,0.07692307692307693,-0.024998173182316404,0.027564102564102567
655,all_blocks,Semantic,69,-0.03770551698940446,0.0,0.01878151260504202,0.06940559440559439
655,all_blocks,Temperature,69,0.04157837047862623,0.07692307692307693,-0.028293752283522107,0.025174825174825177
655,all_blocks,Fisher,69,-0.04647424187066131,0.0,-0.01168249908659116,0.06876456876456877
661,all_blocks,Semantic,68,0.6684353170210328,0.07692307692307693,0.007208840706951175,0.04871794871794872
661,all_blocks,Temperature,68,0.6831698286063288,0.07692307692307693,-0.0004256212543421019,0.06346153846153846
661,all_blocks,Fisher,68,0.6065961751345572,0.0,0.027255029201817,0.13440559440559438
664,all_blocks,Semantic,89,0.07415730337078652,0.058823529411764705,-0.028818522301668377,0.05889705882352941
664,all_blocks,Temperature,89,0.1321756894790603,0.2,0.0173876404494382,0.06595588235294118
664,all_blocks,Fisher,89,0.18294177732379985,0.058823529411764705,0.026857337419135173,0.052647058823529415
668,all_blocks,Semantic,84,0.370274374810165,0.125,-0.053149741824440634,0.04632352941176471
668,all_blocks,Temperature,84,0.37592386352131213,0.2857142857142857,0.02001923661030677,0.07522058823529412
668,all_blocks,Fisher,84,0.341642199048294,0.2,0.03887718942998887,0.06441176470588236
675,all_blocks,Semantic,81,0.07215447154471544,0.058823529411764705,0.00139114724480578,0.07808823529411765
675,all_blocks,Temperature,81,0.1047877145438121,0.125,0.012302393857271906,0.07183823529411765
675,all_blocks,Fisher,81,0.05675248419150858,0.058823529411764705,-0.0077405149051490525,0.036397058823529414
684,all_blocks,Semantic,85,0.30103576314246633,0.2857142857142857,0.019456712917725223,0.08316176470588235
684,all_blocks,Temperature,85,0.27365643931991396,0.058823529411764705,0.014569083447332423,0.023897058823529417
684,all_blocks,Fisher,85,0.372952902091069,0.2857142857142857,0.011377760406488174,0.047205882352941174
689,all_blocks,Semantic,66,0.2122325435758272,0.0,-0.0362864001669972,0.047435897435897434
689,all_blocks,Temperature,66,0.07483561214904501,0.07692307692307693,-0.06330445673729257,0.055128205128205134
689,all_blocks,Fisher,66,0.10393487109905022,0.0,0.07017847823817973,0.06427738927738928
691,all_blocks,Semantic,70,-0.0541859854780859,0.0,0.03087918817251334,0.06171328671328671
691,all_blocks,Temperature,70,-0.06695827136733444,0.07692307692307693,-0.0032403114338203183,0.0391025641025641
691,all_blocks,Fisher,70,-0.032700551132884254,0.0,-0.01089143556994138,0.07564102564102564
694,all_blocks,Semantic,94,0.1919083914315645,0.05263157894736842,-0.01155582848679695,0.0739766081871345
694,all_blocks,Temperature,94,0.12457464870136907,0.05263157894736842,-0.009366036917964097,0.054437564499484004
694,all_blocks,Fisher,94,0.15608857421522235,0.1111111111111111,-0.011954629194812706,0.06291709666322667
701,all_blocks,Semantic,81,0.26540198735320686,0.2,0.019375564588979224,0.05477941176470589
701,all_blocks,Temperature,81,0.2,0.2,-0.02454381210478772,0.07906512605042017
701,all_blocks,Fisher,81,0.20140018066847337,0.2,0.02409327009936766,0.05522058823529412
704,all_blocks,Semantic,76,-0.18047846889952152,0.06666666666666667,-0.0014723171565276818,0.0706959706959707
704,all_blocks,Temperature,76,-0.09678742310321257,0.06666666666666667,0.04254545454545455,0.06402930402930403
704,all_blocks,Fisher,76,-0.19499658236500342,0.06666666666666667,0.002308954203691046,0.06344322344322344
713,all_blocks,Semantic,69,0.41706247716477907,0.16666666666666666,0.02347643405188163,0.05128205128205128
713,all_blocks,Temperature,69,0.46569236390208263,0.16666666666666666,0.0022707343807088073,0.08479020979020979
713,all_blocks,Fisher,69,0.45012787723785175,0.2727272727272727,-0.03130069419071978,0.0738927738927739
714,all_blocks,Semantic,93,-0.1675121601862075,0.05263157894736842,-0.00518262660022082,0.06676986584107328
714,all_blocks,Temperature,93,-0.3253558533019008,0.05263157894736842,0.02046342991853421,0.061506707946336434
714,all_blocks,Fisher,93,-0.2823252066485631,0.05263157894736842,-0.01937274327832652,0.07232542139662881
723,all_blocks,Semantic,94,0.17633204493732613,0.25,-0.011924285662681066,0.05531475748194015
723,all_blocks,Temperature,94,0.2584907705089766,0.3333333333333333,-0.010633963082035907,0.04269005847953215
723,all_blocks,Fisher,94,0.16000433479030451,0.3333333333333333,0.00031427229707762865,0.054093567251461985
739,all_blocks,Semantic,71,0.3025821596244131,0.3333333333333333,-0.024538900067069068,0.04476190476190476
739,all_blocks,Temperature,71,0.0959087860496311,0.06666666666666667,0.006116700201207245,0.05238095238095238
739,all_blocks,Fisher,71,0.27112676056338025,0.3333333333333333,-0.010226358148893357,0.06402930402930403
745,all_blocks,Semantic,107,-0.0497266795979545,0.047619047619047616,-0.0027718999196692695,0.04404761904761905
745,all_blocks,Temperature,107,0.13426987205862184,0.047619047619047616,-0.045294284762632496,0.060672514619883045
745,all_blocks,Fisher,107,-0.062089774486177245,0.047619047619047616,0.0031456337310684,0.05979949874686717
753,all_blocks,Semantic,62,0.14205132079272745,0.07692307692307693,-0.008788496890030471,0.05722610722610723
753,all_blocks,Temperature,62,0.2078265468006346,0.07692307692307693,0.017257183148246077,0.04358974358974359
753,all_blocks,Fisher,62,0.1580166704439576,0.07692307692307693,0.04594696683538567,0.0747086247086247
757,all_blocks,Semantic,73,-0.10020979883993585,0.06666666666666667,0.04616654325558436,0.0763003663003663
757,all_blocks,Temperature,73,0.025391830186350738,0.06666666666666667,0.012395100580032088,0.07725274725274725
757,all_blocks,Fisher,73,-0.2474392200419598,0.06666666666666667,0.010752190546711093,0.05523809523809523
762,all_blocks,Semantic,75,-0.07268847795163584,0.14285714285714285,-0.04379943100995733,0.058571428571428566
762,all_blocks,Temperature,75,-0.03641536273115221,0.23076923076923078,0.031189189189189188,0.06344322344322344
762,all_blocks,Fisher,75,-0.021906116642958745,0.23076923076923078,-0.0007724039829302934,0.037142857142857144
771,all_blocks,Semantic,77,0.11307113938692885,0.14285714285714285,-0.012275882012724115,0.060476190476190475
771,all_blocks,Temperature,77,0.06143856143856143,0.06666666666666667,-0.01404647983595352,0.04534798534798534
771,all_blocks,Fisher,77,0.12327146537672853,0.0,-0.0037791156212208825,0.048095238095238094
773,all_blocks,Semantic,82,0.34957172864901337,0.058823529411764705,-0.053265637074041416,0.07397058823529412
773,all_blocks,Temperature,82,0.2811789162068328,0.058823529411764705,-0.004987973574514864,0.04558823529411765
773,all_blocks,Fisher,82,0.40570955910362316,0.058823529411764705,0.008841871551245637,0.04737394957983194
778,all_blocks,Semantic,84,0.41555128075326514,0.2,0.018663561810266276,0.05522058823529412
778,all_blocks,Temperature,84,0.38683810873747093,0.125,-0.0036549559582869312,0.051470588235294115
778,all_blocks,Fisher,84,0.4071479194087273,0.2,-0.029549458337551886,0.06558823529411764
779,all_blocks,Semantic,87,0.1733615221987315,0.058823529411764705,0.010778595902894216,0.06477941176470589
779,all_blocks,Temperature,87,0.09737916454035138,0.125,-0.013247247940511773,0.061911764705882354
779,all_blocks,Fisher,87,0.16747466647226067,0.058823529411764705,0.052196179922723615,0.09524159663865547
784,all_blocks,Semantic,75,-0.11863442389758179,0.06666666666666667,-0.001275960170697013,0.06296703296703296
784,all_blocks,Temperature,75,-0.08913229018492175,0.06666666666666667,0.021650071123755332,0.07783882783882783
784,all_blocks,Fisher,75,-0.10017069701280226,0.06666666666666667,-0.006200568990042672,0.06857142857142856
790,all_blocks,Semantic,86,0.06667295627152224,0.2,0.03660927402235954,0.09068277310924369
790,all_blocks,Temperature,86,0.1829803292608142,0.2,-0.008367375819614135,0.058529411764705885
790,all_blocks,Fisher,86,0.1153356290391056,0.2,0.010187272984574745,0.03977941176470588
794,all_blocks,Semantic,71,0.2344064386317907,0.06666666666666667,0.001817572099262242,0.05095238095238095
794,all_blocks,Temperature,71,0.21545942320590203,0.06666666666666667,0.016507377598926894,0.05619047619047619
794,all_blocks,Fisher,71,0.1743460764587525,0.06666666666666667,0.021680080482897386,0.06476190476190477
799,all_blocks,Semantic,93,-0.1579779773805616,0.05263157894736842,-0.00956253170600698,0.06384588923288613
799,all_blocks,Temperature,93,-0.25943719972546325,0.05263157894736842,0.040679179970755874,0.07232542139662883
799,all_blocks,Fisher,93,-0.17971710781534417,0.05263157894736842,-0.02928366804929724,0.058406432748538004
801,all_blocks,Semantic,67,0.2421182855774603,0.07692307692307693,0.009017080373533406,0.06923076923076923
801,all_blocks,Temperature,67,0.21063133530209918,0.07692307692307693,0.0057366908771649796,0.06025641025641025
801,all_blocks,Fisher,67,0.22998643147896886,0.07692307692307693,0.00756045973341847,0.08030303030303029
805,all_blocks,Semantic,79,0.2962512171372931,0.0,0.03973344693281402,0.03047619047619048
805,all_blocks,Temperature,79,0.26560370009737105,0.06666666666666667,-0.01915774099318403,0.07344322344322343
805,all_blocks,Fisher,79,0.3057692307692308,0.06666666666666667,0.002289435248296008,0.03428571428571428
808,all_blocks,Semantic,89,-0.07504256043581888,0.058823529411764705,0.01046731358529111,0.046397058823529416
808,all_blocks,Temperature,89,-0.02904324140279197,0.058823529411764705,0.0014913176710929534,0.05856900452488688
808,all_blocks,Fisher,89,-0.21932243786176375,0.058823529411764705,-0.02770429009193055,0.07281512605042018
810,all_blocks,Semantic,81,-0.14742547425474256,0.125,-0.023010388437217706,0.044852941176470595
810,all_blocks,Temperature,81,0.027619692863595304,0.2,0.00758581752484191,0.08477941176470588
810,all_blocks,Fisher,81,-0.12628726287262873,0.125,-0.001626016260162602,0.046764705882352944
814,all_blocks,Semantic,72,-0.1672776384333398,0.06666666666666667,-0.0009373593157116194,0.054285714285714284
814,all_blocks,Temperature,72,-0.01012926876326452,0.23076923076923078,0.020396810084249792,0.06296703296703296
814,all_blocks,Fisher,72,-0.00025725127017814657,0.23076923076923078,0.012722683130747961,0.05095238095238095
816,all_blocks,Semantic,75,0.4481650071123755,0.3333333333333333,-0.022611664295874828,0.052857142857142846
816,all_blocks,Temperature,75,0.3846088193456614,0.23076923076923078,-0.014834992887624474,0.06952380952380952
816,all_blocks,Fisher,75,0.34785206258890466,0.23076923076923078,0.039458036984352775,0.05523809523809523
818,all_blocks,Semantic,74,-0.05771195853387633,0.06666666666666667,0.008838208071084782,0.07344322344322345
818,all_blocks,Temperature,74,0.004072565716401333,0.14285714285714285,-0.002413920770085147,0.05582417582417583
818,all_blocks,Fisher,74,-0.17603850425768233,0.06666666666666667,-0.0045049981488337635,0.06915750915750915
825,all_blocks,Semantic,87,0.2316650871181745,0.2857142857142857,-0.05341820368885323,0.03272058823529412
825,all_blocks,Temperature,87,0.3107822410147991,0.2857142857142857,0.054700371801414294,0.05183823529411765
825,all_blocks,Fisher,87,0.1909491871400452,0.2857142857142857,0.002893307574542537,0.051911764705882345
830,all_blocks,Semantic,95,0.4439109742441209,0.5384615384615384,-0.0408251679731243,0.05180598555211559
830,all_blocks,Temperature,95,0.4826287793952967,0.3333333333333333,-0.037031774916013435,0.048830409356725134
830,all_blocks,Fisher,95,0.5791713325867861,0.42857142857142855,0.013530235162374019,0.08258943928448573
837,all_blocks,Semantic,85,-0.15944889583740474,0.058823529411764705,-0.03207836623021301,0.04889705882352942
837,all_blocks,Temperature,85,-0.057455540355677154,0.125,-0.042020715262849326,0.03272058823529412
837,all_blocks,Fisher,85,-0.21751025991792067,0.058823529411764705,9.575923392612928e-05,0.06852941176470588
843,all_blocks,Semantic,70,0.001872102178287114,0.16666666666666666,0.019235412474849094,0.04294871794871794
843,all_blocks,Temperature,70,-0.07549645700288689,0.07692307692307693,0.04936401014784357,0.06317016317016318
843,all_blocks,Fisher,70,-0.05541072522089056,0.07692307692307693,0.025877001137258326,0.05448717948717948
847,all_blocks,Semantic,63,-0.025201612903225805,0.0,0.010162250384024582,0.08834498834498833
847,all_blocks,Temperature,63,-0.08664554531490017,0.0,0.0679915514592934,0.06107226107226107
847,all_blocks,Fisher,63,-0.1461693548387097,0.0,0.00036002304147465385,0.07406759906759906
854,all_blocks,Semantic,72,0.23683195060775616,0.06666666666666667,0.03531577593414369,0.05095238095238095
854,all_blocks,Temperature,72,0.2023602804038845,0.06666666666666667,0.049067464145604235,0.0645054945054945
854,all_blocks,Fisher,72,0.29905460158209535,0.06666666666666667,0.017076660878513086,0.07142857142857142
863,all_blocks,Semantic,66,-0.2007097380231709,0.07692307692307693,0.028151549942594722,0.07641025641025642
863,all_blocks,Temperature,66,-0.09629475002609333,0.16666666666666666,0.04917858261141845,0.05576923076923076
863,all_blocks,Fisher,66,-0.25243711512368233,0.16666666666666666,0.009957206972132341,0.05833333333333333
864,all_blocks,Semantic,80,0.1329817158931083,0.23076923076923078,-0.010835677449601502,0.04380952380952381
864,all_blocks,Temperature,80,-0.029910923581809662,0.23076923076923078,0.0106868260665729,0.0701098901098901
864,all_blocks,Fisher,80,0.00834505391467417,0.14285714285714285,-0.004943741209563993,0.06476190476190476
866,all_blocks,Semantic,75,0.4050640113798008,0.06666666666666667,-0.012066856330014223,0.04428571428571428
866,all_blocks,Temperature,75,0.4522617354196301,0.06666666666666667,-0.013379800853485063,0.057619047619047625
866,all_blocks,Fisher,75,0.5167567567567567,0.06666666666666667,0.007166429587482219,0.09366300366300366
867,all_blocks,Semantic,98,0.47841554616223236,0.25,-0.006149226325956811,0.04391124871001031
867,all_blocks,Temperature,98,0.35604307327429563,0.25,0.0030755694967771544,0.048538011695906436
867,all_blocks,Fisher,98,0.5337043908472479,0.25,-0.0301181391019388,0.04127966976264189
875,all_blocks,Semantic,85,0.04840726988469807,0.058823529411764705,-0.000695720148524527,0.07816176470588235
875,all_blocks,Temperature,85,0.09093218682821966,0.058823529411764705,-0.021964041430525695,0.06538865546218488
875,all_blocks,Fisher,85,0.032773109243697474,0.058823529411764705,0.011001563416064097,0.05485294117647059
877,all_blocks,Semantic,78,0.11733835784468695,0.0,0.002859166150305393,0.08047619047619047
877,all_blocks,Temperature,78,0.2600816904614373,0.06666666666666667,-0.014214899025025606,0.05523809523809523
877,all_blocks,Fisher,78,0.11700957270577524,0.0,-0.05201380897583428,0.048095238095238094
885,all_blocks,Semantic,79,-0.1724196689386563,0.06666666666666667,-0.018971518987341774,0.04095238095238095
885,all_blocks,Temperature,79,-0.05781402142161637,0.06666666666666667,-0.03520326192794548,0.06615384615384615
885,all_blocks,Fisher,79,-0.11117332035053555,0.06666666666666667,-0.0462767770204479,0.04476190476190476
891,all_blocks,Semantic,74,0.2158459829692706,0.0,0.02005923731951129,0.04047619047619048
891,all_blocks,Temperature,74,0.03899296556830802,0.06666666666666667,0.01244279896334691,0.05047619047619047
891,all_blocks,Fisher,74,0.08955201777119583,0.0,-0.03255831173639392,0.05142857142857142
894,all_blocks,Semantic,77,0.40062569009937427,0.23076923076923078,0.037688627162311375,0.0701098901098901
894,all_blocks,Temperature,77,0.4625900415374099,0.23076923076923078,-0.017057942057942053,0.06582417582417582
894,all_blocks,Fisher,77,0.4499973710500026,0.14285714285714285,-0.00775934591724065,0.05582417582417583
908,all_blocks,Semantic,82,0.28189723664304916,0.058823529411764705,-0.01981584876089725,0.054485294117647055
908,all_blocks,Temperature,82,0.16666122484518017,0.058823529411764705,-0.02176728594595183,0.052647058823529415
908,all_blocks,Fisher,82,0.14744071135490472,0.125,-0.00750971365135338,0.03897058823529412
920,all_blocks,Semantic,73,-0.02505244970998396,0.06666666666666667,0.05669042330001234,0.11058608058608062
920,all_blocks,Temperature,73,0.1757990867579909,0.06666666666666667,0.0017370109835863276,0.07355311355311354
920,all_blocks,Fisher,73,0.015426385289398988,0.06666666666666667,-0.013515056152042454,0.0657142857142857
921,all_blocks,Semantic,74,0.017489818585708992,0.06666666666666667,-0.0043243243243243235,0.04201465201465201
921,all_blocks,Temperature,74,0.03635690485005552,0.06666666666666667,-0.018202147352832276,0.05809523809523809
921,all_blocks,Fisher,74,0.37907441688263593,0.06666666666666667,0.0005716401332839701,0.05688644688644688
923,all_blocks,Semantic,68,0.04897507348169637,0.07692307692307693,0.0041168836126274,0.039102564102564095
923,all_blocks,Temperature,68,-0.013589342291102032,0.07692307692307693,0.018045959461006983,0.04294871794871794
923,all_blocks,Fisher,68,0.16616406458754818,0.07692307692307693,0.009726304538687636,0.05273892773892774
930,all_blocks,Semantic,73,-0.003116129828458596,0.06666666666666667,-0.006050228310502284,0.07783882783882783
930,all_blocks,Temperature,73,0.08499938294458843,0.06666666666666667,0.005925274589658152,0.06249084249084249
930,all_blocks,Fisher,73,0.17135628779464399,0.06666666666666667,-0.017103233370356664,0.04487179487179487
932,all_blocks,Semantic,77,0.4521268205478732,0.23076923076923078,0.008264104316735896,0.03047619047619048
932,all_blocks,Temperature,77,0.42205163257794837,0.14285714285714285,-0.034583837215416156,0.04380952380952381
932,all_blocks,Fisher,77,0.4693990220306009,0.3333333333333333,-0.05174299384825699,0.06285714285714286
940,all_blocks,Semantic,95,0.29112541993281077,0.3333333333333333,0.004883118701007837,0.03806329549363605
940,all_blocks,Temperature,95,0.2610442329227324,0.3333333333333333,0.013361562150055994,0.0757094943240454
940,all_blocks,Fisher,95,0.42249440089585666,0.25,0.007189249720044795,0.039766081871345026
942,all_blocks,Semantic,81,0.41425022583559173,0.125,-0.030062104787714546,0.06514705882352942
942,all_blocks,Temperature,81,0.26847335140018064,0.058823529411764705,0.04892389340560072,0.06522058823529411
942,all_blocks,Fisher,81,0.4176603432700993,0.2,0.03866869918699187,0.05933823529411765
954,all_blocks,Semantic,121,-0.028417558596396147,0.04,0.01804464164747324,0.07634453227931488
954,all_blocks,Temperature,121,0.02235469448584202,0.04,0.01679785936864923,0.05585507246376812
954,all_blocks,Fisher,121,-0.04615228288849748,0.04,-0.020960574447906787,0.05537022397891963
955,all_blocks,Semantic,67,-0.12610743076063535,0.07692307692307693,0.03407694149572991,0.06410256410256411
955,all_blocks,Temperature,67,-0.03148695027536117,0.16666666666666666,-0.026103440019155565,0.06491841491841491
955,all_blocks,Fisher,67,-0.18054114454465642,0.07692307692307693,-0.008035357969510732,0.05641025641025641
958,all_blocks,Semantic,79,-0.139508276533593,0.0,0.005328627069133397,0.03428571428571429
958,all_blocks,Temperature,79,-0.1410418695228822,0.06666666666666667,-0.061478821811100294,0.03047619047619048
958,all_blocks,Fisher,79,-0.19320837390457643,0.06666666666666667,0.024106621226874396,0.07714285714285714
960,all_blocks,Semantic,76,-0.016623376623376623,0.0,-0.03223103212576897,0.03868131868131869
960,all_blocks,Temperature,76,-0.04035543403964456,0.06666666666666667,0.021629528366370474,0.05963369963369963
960,all_blocks,Fisher,76,-0.18015037593984962,0.0,-0.03343950786056049,0.05095238095238095
964,all_blocks,Semantic,78,0.0010748744925960115,0.06666666666666667,0.01781383173788237,0.052967032967032965
964,all_blocks,Temperature,78,0.0436146132348664,0.06666666666666667,0.0605736036115783,0.05963369963369963
964,all_blocks,Fisher,78,0.029780346236042435,0.06666666666666667,0.004026353393442001,0.08498168498168497
965,all_blocks,Semantic,79,-0.2087877312560857,0.06666666666666667,0.025501460564751704,0.06904761904761905
965,all_blocks,Temperature,79,-0.15993184031158714,0.06666666666666667,0.026538461538461545,0.0580952380952381
965,all_blocks,Fisher,79,-0.08001460564751706,0.06666666666666667,-0.0318524829600779,0.06142857142857143
969,all_blocks,Semantic,79,0.12945472249269718,0.06666666666666667,0.00026655306718597683,0.06344322344322344
969,all_blocks,Temperature,79,0.10377312560856866,0.23076923076923078,0.002734907497565728,0.054285714285714284
969,all_blocks,Fisher,79,0.17441577409931838,0.06666666666666667,-0.007562074001947418,0.058571428571428566
976,all_blocks,Semantic,83,0.16113933084253387,0.058823529411764705,-0.020346542966290248,0.04191176470588236
976,all_blocks,Temperature,83,0.2799630578061374,0.058823529411764705,0.021731875236136178,0.0632563025210084
976,all_blocks,Fisher,83,0.2005373410016372,0.058823529411764705,-0.05383800008395954,0.039411764705882354
977,all_blocks,Semantic,81,0.1695121951219512,0.058823529411764705,0.00458107497741644,0.07227941176470588
977,all_blocks,Temperature,81,0.15169376693766937,0.058823529411764705,-0.0357249322493225,0.042279411764705885
977,all_blocks,Fisher,81,0.2128500451671183,0.058823529411764705,-0.03657746160794942,0.05987394957983193
980,all_blocks,Semantic,71,0.2163648558014755,0.06666666666666667,-0.025736083165660627,0.06857142857142856
980,all_blocks,Temperature,71,0.38433936955063713,0.23076923076923078,0.0753806170355466,0.0838095238095238
980,all_blocks,Fisher,71,0.1846411804158283,0.06666666666666667,-0.0033635144198524507,0.06523809523809523
984,all_blocks,Semantic,92,0.15930212844658848,0.05263157894736842,0.010696176194072407,0.0327485380116959
984,all_blocks,Temperature,92,0.17055314951528133,0.05263157894736842,0.005200900081685496,0.06752235982112144
984,all_blocks,Fisher,92,0.046838154832544734,0.05263157894736842,-0.012543347255829724,0.06257309941520467
996,all_blocks,Semantic,76,-0.13126452494873547,0.14285714285714285,0.001650034176349964,0.04476190476190476
996,all_blocks,Temperature,76,-0.06266575529733424,0.3333333333333333,-0.0280833902939166,0.05095238095238095
996,all_blocks,Fisher,76,-0.02611073137388927,0.23076923076923078,-0.029703349282296655,0.06069597069597069
997,all_blocks,Semantic,86,0.29313646870135385,0.058823529411764705,0.016072456247936216,0.061911764705882354
997,all_blocks,Temperature,86,0.15997924430397661,0.0,-0.02120477381008538,0.04558823529411765
997,all_blocks,Fisher,86,0.1687155054483702,0.0,0.059248077739516014,0.06325630252100842
998,all_blocks,Semantic,85,0.1396912253273402,0.2857142857142857,-0.0493140512018761,0.042279411764705885
998,all_blocks,Temperature,85,0.0984561266367012,0.125,0.0618204025796365,0.07274159663865545
998,all_blocks,Fisher,85,0.13017393003713112,0.2857142857142857,-0.02018076998241157,0.02720588235294118
