index,checkpoint,method,n_tokens,spearman,top10_jaccard,random_floor_spearman,random_floor_top10_jaccard
1,final_quarter,Semantic,75,0.9128591749644381,0.6,0.016004267425320056,0.054761904761904755
1,final_quarter,Temperature,75,0.8538264580369843,0.6,-0.014514935988620198,0.05307692307692308
1,final_quarter,Fisher,75,0.9154196301564722,0.45454545454545453,0.007406827880512087,0.042490842490842486
2,final_quarter,Semantic,65,0.8044580419580419,0.5555555555555556,0.015461101398601402,0.044405594405594405
2,final_quarter,Temperature,65,0.8274038461538461,0.75,-0.00259178321678322,0.05064102564102564
2,final_quarter,Fisher,65,0.7676573426573426,0.4,-0.012808129370629367,0.06025641025641025
20,final_quarter,Semantic,71,0.8983903420523139,0.3333333333333333,-0.007479879275653925,0.08153846153846153
20,final_quarter,Temperature,71,0.8371562709590878,0.7777777777777778,0.020749496981891345,0.07190476190476189
20,final_quarter,Fisher,71,0.8848759221998658,0.6,0.013484238765928903,0.06904761904761905
26,final_quarter,Semantic,85,0.879656048465898,0.8,0.03829978503029118,0.061397058823529416
26,final_quarter,Temperature,85,0.6311119796755912,0.5,0.00693375024428376,0.06220588235294118
26,final_quarter,Fisher,85,0.909204612077389,0.6363636363636364,0.016908344733242132,0.06772058823529412
32,final_quarter,Semantic,97,0.7839916894592887,0.3333333333333333,0.027279481380180944,0.04064327485380117
32,final_quarter,Temperature,97,0.8829686513780769,0.6666666666666666,0.003734483484115291,0.0828001375988992
32,final_quarter,Fisher,97,0.8468730275615399,0.25,0.019856537976015144,0.08149294805641555
47,final_quarter,Semantic,51,0.8318552036199094,0.3333333333333333,-0.0331447963800905,0.06636363636363635
47,final_quarter,Temperature,51,0.7817194570135746,0.3333333333333333,0.012036199095022623,0.06303030303030302
47,final_quarter,Fisher,51,0.9221719457013574,1.0,0.05000904977375566,0.07272727272727272
58,final_quarter,Semantic,60,0.7197554876354545,0.5,-0.04795498749652683,0.03727272727272727
58,final_quarter,Temperature,60,0.8996943595443182,1.0,-0.027288135593220342,0.04727272727272727
58,final_quarter,Fisher,60,0.8412892470130593,0.5,0.04837732703528759,0.07272727272727272
61,final_quarter,Semantic,74,0.9032062199185485,0.45454545454545453,-0.014104405775638647,0.03380952380952381
61,final_quarter,Temperature,74,0.803924472417623,0.3333333333333333,-0.03127730470196223,0.08212454212454212
61,final_quarter,Fisher,74,0.9404664938911513,0.6,0.00031247686042206564,0.08593406593406593
65,final_quarter,Semantic,91,0.9368211498646282,0.42857142857142855,0.032971014492753636,0.07079033367733058
65,final_quarter,Temperature,91,0.9140468227424751,0.8181818181818182,-0.02618967988533206,0.04327485380116959
65,final_quarter,Fisher,91,0.905048574613792,0.5384615384615384,-0.04234671125975474,0.06969384244926041
69,final_quarter,Semantic,68,0.8354010001145169,0.5555555555555556,-0.00793984043974501,0.07243589743589743
69,final_quarter,Temperature,68,0.8115051341756689,0.75,-0.00544718860938276,0.05658508158508159
69,final_quarter,Fisher,68,0.8258960949727068,0.5555555555555556,0.021859373210672974,0.04487179487179487
71,final_quarter,Semantic,53,0.7406869859700047,0.3333333333333333,-0.03398242218996936,0.05636363636363636
71,final_quarter,Temperature,53,0.6873084986292533,0.7142857142857143,0.005422512497984197,0.08454545454545453
71,final_quarter,Fisher,53,0.7007740686985969,0.3333333333333333,0.031684405741009516,0.07181818181818181
73,final_quarter,Semantic,75,0.8486486486486486,0.45454545454545453,-0.023479374110953057,0.07725274725274725
73,final_quarter,Temperature,75,0.7591180654338548,0.6,0.020594594594594597,0.07952380952380951
73,final_quarter,Fisher,75,0.7703271692745377,0.3333333333333333,-0.007630156472261738,0.07498168498168498
79,final_quarter,Semantic,54,0.9201829616923956,0.5,0.022012578616352196,0.031818181818181815
79,final_quarter,Temperature,54,0.9467886411282637,0.5,0.01001334095673719,0.09212121212121212
79,final_quarter,Fisher,54,0.8921288355250618,0.7142857142857143,0.014049933295216315,0.04939393939393939
80,final_quarter,Semantic,79,0.8094206426484907,0.6,0.01337633885102239,0.0580952380952381
80,final_quarter,Temperature,79,0.8617575462512173,0.6,0.007265092502434273,0.07439560439560439
80,final_quarter,Fisher,79,0.7801850048685492,0.45454545454545453,0.012206669912366115,0.08058608058608058
83,final_quarter,Semantic,56,0.815721120984279,0.3333333333333333,0.006442241968557761,0.09272727272727271
83,final_quarter,Temperature,56,0.7323308270676692,0.3333333333333333,-0.016780587833219413,0.07393939393939393
83,final_quarter,Fisher,56,0.7185919343814081,0.3333333333333333,0.023523581681476415,0.06393939393939393
101,final_quarter,Semantic,157,0.9440395933986194,0.6842105263157895,-0.032105290903565516,0.061069442237406645
101,final_quarter,Temperature,157,0.9079596127487767,0.6842105263157895,-0.02746745514422689,0.05222999099528577
101,final_quarter,Fisher,157,0.7863947308033417,0.3333333333333333,-0.008049386314725343,0.03508713385242862
107,final_quarter,Semantic,111,0.8547297297297297,0.3333333333333333,-0.018309055809055806,0.04313946922642574
107,final_quarter,Temperature,111,0.881081081081081,0.5,-0.0016769041769041765,0.06985883681535855
107,final_quarter,Fisher,111,0.8230519480519479,0.4117647058823529,-0.025351439101439093,0.04488989271597967
108,final_quarter,Semantic,165,0.8863382576870678,0.4166666666666667,-0.017928699276039857,0.03781158357771261
108,final_quarter,Temperature,165,0.8158336227392944,0.5454545454545454,0.016134693986589378,0.05785211683014797
108,final_quarter,Fisher,165,0.7247215024176531,0.36,0.00868912456923036,0.04892900782013685
111,final_quarter,Semantic,47,0.9006706753006475,0.42857142857142855,0.000971322849213694,0.03888888888888889
111,final_quarter,Temperature,47,0.7708140610545792,0.42857142857142855,0.01406105457909343,0.09305555555555556
111,final_quarter,Fisher,47,0.8913043478260869,0.42857142857142855,-0.009320074005550419,0.04920634920634921
112,final_quarter,Semantic,106,0.8658941481724061,0.4666666666666667,-0.026383857722246013,0.059920634920634916
112,final_quarter,Temperature,106,0.69392145502179,0.2222222222222222,0.004177645665919339,0.039047619047619046
112,final_quarter,Fisher,106,0.9217875406201981,0.375,0.013566768269642546,0.05880534670008355
115,final_quarter,Semantic,75,0.803072546230441,0.6,-0.03741536273115221,0.04714285714285714
115,final_quarter,Temperature,75,0.8581507823613086,0.6,0.027261735419630156,0.03380952380952381
115,final_quarter,Fisher,75,0.7900711237553342,0.6,0.035475106685632994,0.0745054945054945
116,final_quarter,Semantic,75,0.8695305832147936,0.45454545454545453,0.016170697012802274,0.09164835164835164
116,final_quarter,Temperature,75,0.927624466571835,0.7777777777777778,0.04519772403982931,0.0819047619047619
116,final_quarter,Fisher,75,0.9758748221906117,1.0,0.026543385490753912,0.054029304029304025
117,final_quarter,Semantic,72,0.9034664608656507,0.23076923076923078,-0.03191041224516046,0.07476190476190477
117,final_quarter,Temperature,72,0.8722747443565504,0.45454545454545453,0.03864074860119622,0.08926739926739927
117,final_quarter,Fisher,72,0.8959418612129398,0.3333333333333333,-0.027299183227217187,0.0563003663003663
120,final_quarter,Semantic,78,0.8364167478091528,0.7777777777777778,-0.042003566054198964,0.047619047619047616
120,final_quarter,Temperature,78,0.8219754928615688,0.45454545454545453,-0.04405594405594405,0.04857142857142857
120,final_quarter,Fisher,78,0.5697467089872152,0.6,-0.01520884179112027,0.07498168498168498
121,final_quarter,Semantic,63,0.6686827956989247,0.75,0.03766801075268818,0.09761072261072261
121,final_quarter,Temperature,63,0.6802035330261137,0.5555555555555556,-0.01361607142857143,0.07128205128205127
121,final_quarter,Fisher,63,0.7281586021505377,0.5555555555555556,0.003540226574500769,0.03974358974358975
122,final_quarter,Semantic,87,0.9436830210687467,0.8,0.012645804476197417,0.06977941176470588
122,final_quarter,Temperature,87,0.6454035138878762,0.6363636363636364,-0.009380695487351463,0.06987394957983194
122,final_quarter,Fisher,87,0.8059706933002841,0.5,-0.018969162353284247,0.03933823529411765
126,final_quarter,Semantic,64,0.9076923076923075,0.75,-0.01475274725274725,0.08432400932400932
126,final_quarter,Temperature,64,0.8968864468864468,0.75,0.01484661172161172,0.07243589743589743
126,final_quarter,Fisher,64,0.8713369963369964,0.75,0.00392857142857143,0.04294871794871795
128,final_quarter,Semantic,64,0.7491758241758242,0.2727272727272727,0.016897893772893767,0.07773892773892774
128,final_quarter,Temperature,64,0.9195970695970695,0.4,-0.006870421245421249,0.04294871794871795
128,final_quarter,Fisher,64,0.6058608058608058,0.75,0.04368818681318681,0.09294871794871795
134,final_quarter,Semantic,49,0.9376530612244898,1.0,0.0572704081632653,0.07083333333333333
134,final_quarter,Temperature,49,0.9678571428571427,1.0,-0.04318367346938775,0.05277777777777778
134,final_quarter,Fisher,49,0.9691836734693877,1.0,0.008326530612244894,0.07361111111111111
135,final_quarter,Semantic,129,0.825486359570662,0.625,-0.0021771578711985715,0.04844598155467721
135,final_quarter,Temperature,129,0.8809033989266548,0.625,-0.012677493291592132,0.04606521739130435
135,final_quarter,Fisher,129,0.7562108676207515,0.5294117647058824,-0.00832373658318426,0.07441370223978919
136,final_quarter,Semantic,68,0.8988815513226704,0.5555555555555556,-0.011165400618391422,0.07256410256410258
136,final_quarter,Temperature,68,0.877314196282017,0.75,0.018177653929839294,0.05961538461538461
136,final_quarter,Fisher,68,0.9208688017711951,0.4,0.04764858571592167,0.06923076923076922
138,final_quarter,Semantic,70,0.8030618493570116,0.75,0.016915405476336277,0.055128205128205134
138,final_quarter,Temperature,70,0.6790831948211005,0.4,0.023772198407838334,0.06730769230769232
138,final_quarter,Fisher,70,0.881060274691628,0.75,0.03372058437582014,0.07325174825174825
140,final_quarter,Semantic,77,0.833534886166465,0.3333333333333333,-0.025577054524422937,0.07047619047619047
140,final_quarter,Temperature,77,0.8032493821967505,0.45454545454545453,0.006492192018507809,0.07344322344322343
140,final_quarter,Fisher,77,0.8962090541037909,0.45454545454545453,0.038671854461328134,0.09104229104229103
141,final_quarter,Semantic,60,0.8674631842178385,0.5,0.02185329258127258,0.045454545454545456
141,final_quarter,Temperature,60,0.7983328702417339,0.3333333333333333,0.007810502917477075,0.0993939393939394
141,final_quarter,Fisher,60,0.786496248958044,0.3333333333333333,-0.002634065018060576,0.0809090909090909
174,final_quarter,Semantic,69,0.8201680672268908,0.5555555555555556,0.02351479722323712,0.058333333333333334
174,final_quarter,Temperature,69,0.7637924735111437,0.5555555555555556,0.017106320789185246,0.059615384615384605
174,final_quarter,Fisher,69,0.8484837413226161,0.75,0.03486481549141396,0.035897435897435895
178,final_quarter,Semantic,62,0.9136763113495002,0.75,-0.00989398403465035,0.05897435897435897
178,final_quarter,Temperature,62,0.8061494296290701,0.2727272727272727,0.0002090100979577448,0.051923076923076926
178,final_quarter,Fisher,62,0.6941905265543552,0.4,0.03901689708141321,0.07004662004662003
181,final_quarter,Semantic,84,0.8385947149944316,0.6363636363636364,0.016842158550167057,0.052647058823529415
181,final_quarter,Temperature,84,0.5651513617495191,0.2857142857142857,-0.01009112078566366,0.04889705882352942
181,final_quarter,Fisher,84,0.8484762579730689,0.6363636363636364,-0.008522830819074617,0.061470588235294124
183,final_quarter,Semantic,57,0.85480943738657,0.7142857142857143,0.02356753953850143,0.05545454545454546
183,final_quarter,Temperature,57,0.7487036556909517,0.7142857142857143,-0.00648496240601504,0.045454545454545456
183,final_quarter,Fisher,57,0.7441664506092819,0.5,0.014499611096707294,0.05636363636363636
193,final_quarter,Semantic,47,0.9029833487511564,0.42857142857142855,0.005978260869565215,0.08194444444444444
193,final_quarter,Temperature,47,0.898936170212766,0.6666666666666666,0.0024803422756706755,0.0638888888888889
193,final_quarter,Fisher,47,0.8464384828862165,0.6666666666666666,-0.010725023126734502,0.03888888888888888
195,final_quarter,Semantic,53,0.9545234639574262,0.7142857142857143,0.008196258667956775,0.045454545454545456
195,final_quarter,Temperature,53,0.918722786647315,0.5,0.055277374616997256,0.06454545454545454
195,final_quarter,Fisher,53,0.9607321399774229,1.0,0.01228834059022738,0.0809090909090909
199,final_quarter,Semantic,126,0.8898477690288715,0.5294117647058824,-0.01647934008248969,0.052065217391304354
199,final_quarter,Temperature,126,0.7965954255718036,0.3,-0.005193550806149237,0.05654347826086956
199,final_quarter,Fisher,126,0.8183307086614173,0.3684210526315789,-0.01894023247094114,0.05861264822134386
201,final_quarter,Semantic,205,0.8816857266231142,0.75,-0.017016478388655956,0.03925520884763504
201,final_quarter,Temperature,205,0.7394394840578902,0.4482758620689655,0.008154643339694392,0.05652840680119242
201,final_quarter,Fisher,205,0.8578526556253568,0.6153846153846154,0.011491969745511277,0.05745564662124354
204,final_quarter,Semantic,147,0.894736643268933,0.6666666666666666,-0.011720526789019938,0.05019367605574502
204,final_quarter,Temperature,147,0.899508118686201,0.5789473684210527,0.001211758305691768,0.06430087154225086
204,final_quarter,Fisher,147,0.8197266318597043,0.5789473684210527,0.03977457328729345,0.04903940886699507
205,final_quarter,Semantic,88,0.8771265541897081,0.5,0.014862104187946885,0.044852941176470595
205,final_quarter,Temperature,88,0.814553907928569,0.38461538461538464,-0.004864217533725479,0.04897058823529412
205,final_quarter,Fisher,88,0.8205417209679126,0.38461538461538464,0.005109013419745691,0.09110294117647058
210,final_quarter,Semantic,59,0.913500876680304,0.5,0.05180596142606664,0.061818181818181814
210,final_quarter,Temperature,59,0.8549970777323205,0.3333333333333333,0.0010783167738164859,0.03636363636363636
210,final_quarter,Fisher,59,0.8399766218585624,0.7142857142857143,0.011408533021624786,0.06545454545454546
216,final_quarter,Semantic,75,0.8524039829302987,1.0,-0.042280227596017066,0.03714285714285714
216,final_quarter,Temperature,75,0.8837553342816501,0.6,0.03311095305832148,0.07783882783882784
216,final_quarter,Fisher,75,0.8421052631578947,0.6,0.036345661450924605,0.03428571428571428
236,final_quarter,Semantic,66,0.9286504540235885,0.5555555555555556,0.005166475315729044,0.04358974358974359
236,final_quarter,Temperature,66,0.8565076714330447,0.5555555555555556,0.010681557248721421,0.04889277389277389
236,final_quarter,Fisher,66,0.8242772153219915,0.5555555555555556,0.04952718922868178,0.05128205128205128
237,final_quarter,Semantic,57,0.9203396422089708,0.7142857142857143,-0.0059599429608504055,0.055454545454545444
237,final_quarter,Temperature,57,0.8014648690692249,0.7142857142857143,-0.05651088929219603,0.03363636363636364
237,final_quarter,Fisher,57,0.9447109152190822,0.7142857142857143,0.012286103189007006,0.042727272727272725
239,final_quarter,Semantic,53,0.8673601032091597,0.5,0.06373971940009676,0.0809090909090909
239,final_quarter,Temperature,53,0.6453797774552491,0.5,-0.07649572649572647,0.03636363636363636
239,final_quarter,Fisher,53,0.7122238348653442,0.5,-0.0033220448314787944,0.07727272727272727
245,final_quarter,Semantic,114,0.9413701626131509,0.4117647058823529,0.007822846843927823,0.058498023715415015
245,final_quarter,Temperature,114,0.8608209635284827,0.7142857142857143,0.0021797857475547287,0.046837944664031614
245,final_quarter,Fisher,114,0.9290658350377677,0.7142857142857143,0.040113403940786954,0.06606437041219648
247,final_quarter,Semantic,68,0.7750887506203,0.5555555555555556,-0.0062297209604153135,0.05192307692307692
247,final_quarter,Temperature,68,0.8370424094361949,0.5555555555555556,0.012113982517082103,0.0738927738927739
247,final_quarter,Fisher,68,0.6144214986448829,0.4,-0.006575180364163831,0.0641025641025641
259,final_quarter,Semantic,55,0.8472582972582975,0.7142857142857143,-0.02252164502164503,0.08181818181818182
259,final_quarter,Temperature,55,0.7551948051948053,1.0,-0.05416305916305917,0.03636363636363636
259,final_quarter,Fisher,55,0.8840548340548342,1.0,0.046208513708513727,0.07545454545454544
264,final_quarter,Semantic,61,0.8618191433104178,0.4,-0.009859862506610258,0.08688811188811188
264,final_quarter,Temperature,61,0.8056054997355895,0.4,0.007488101533580116,0.03974358974358974
264,final_quarter,Fisher,61,0.667160232681121,0.2727272727272727,0.008561607615018505,0.08025641025641025
265,final_quarter,Semantic,101,0.9081770529994176,0.6923076923076923,-0.014432149097262665,0.04956140350877193
265,final_quarter,Temperature,101,0.9246592894583575,0.5714285714285714,-0.0054368083867210254,0.06805346700083544
265,final_quarter,Fisher,101,0.932731508444962,0.5714285714285714,0.009963308095515438,0.05904761904761906
270,final_quarter,Semantic,66,0.9495668510593887,0.16666666666666666,-0.02602859826740424,0.06410256410256411
270,final_quarter,Temperature,66,0.812086421041645,0.2727272727272727,0.02604321052082247,0.06730769230769232
270,final_quarter,Fisher,66,0.9494416031729467,0.5555555555555556,0.003851372508088925,0.039102564102564095
271,final_quarter,Semantic,69,0.921994884910486,0.5555555555555556,-0.029620021921812206,0.06923076923076923
271,final_quarter,Temperature,69,0.8087687248812568,0.5555555555555556,-0.0025301424917793234,0.03974358974358974
271,final_quarter,Fisher,69,0.8676287906466934,0.75,-0.007046035805626599,0.05594405594405594
276,final_quarter,Semantic,121,0.8957051889987804,0.8571428571428571,-0.023255995122612103,0.05513438735177865
276,final_quarter,Temperature,121,0.9016596667118274,0.8571428571428571,-0.03449532583660749,0.05402173913043479
276,final_quarter,Fisher,121,0.8359165424739192,0.625,-0.03860858962200243,0.03735507246376812
281,final_quarter,Semantic,81,0.8600496838301717,0.5,-0.017537262872628724,0.05897058823529412
281,final_quarter,Temperature,81,0.9157407407407407,0.38461538461538464,0.05085027100271002,0.07727941176470589
281,final_quarter,Fisher,81,0.8706413730803975,0.38461538461538464,-0.010753161698283652,0.061102941176470596
293,final_quarter,Semantic,61,0.8783712321523002,0.75,-0.01117398202009519,0.04825174825174825
293,final_quarter,Temperature,61,0.8805922792173451,0.75,0.015782654680063457,0.04714452214452214
293,final_quarter,Fisher,61,0.8790058170280274,1.0,-0.014291380222104706,0.07325174825174825
315,final_quarter,Semantic,84,0.9224460868684823,0.5,0.025800344234079176,0.05288865546218487
315,final_quarter,Temperature,84,0.835273868583578,0.6363636363636364,-0.016031183557760446,0.051470588235294115
315,final_quarter,Fisher,84,0.9218588640275388,0.5,0.010614559076642705,0.05441176470588235
324,final_quarter,Semantic,75,0.8117496443812232,0.6,0.044982930298719775,0.0801098901098901
324,final_quarter,Temperature,75,0.7891322901849217,0.7777777777777778,-0.009374110953058323,0.054761904761904755
324,final_quarter,Fisher,75,0.8223328591749643,0.45454545454545453,-0.04872261735419631,0.041428571428571426
325,final_quarter,Semantic,90,0.841774704696053,0.6363636363636364,0.05181627361402643,0.08014705882352942
325,final_quarter,Temperature,90,0.9488825780960612,0.8,0.02203893484792361,0.05897058823529412
325,final_quarter,Fisher,90,0.8317487755690002,0.8,0.006670782401119478,0.08639705882352941
336,final_quarter,Semantic,68,0.924800549681261,0.75,0.0025365499866396917,0.04807692307692307
336,final_quarter,Temperature,68,0.8557850135511699,0.4,0.018061228384929576,0.06555944055944055
336,final_quarter,Fisher,68,0.8919723632477001,0.5555555555555556,-0.0005859449555292552,0.046794871794871795
340,final_quarter,Semantic,60,0.7740483467629898,0.5,-0.017013059183106423,0.038181818181818185
340,final_quarter,Temperature,60,0.9108085579327593,0.7142857142857143,-0.003281467074187273,0.0609090909090909
340,final_quarter,Fisher,60,0.7727702139483191,0.3333333333333333,-0.0012392331203111956,0.022727272727272728
346,final_quarter,Semantic,69,0.8200219218122032,0.2727272727272727,-0.019225429302155643,0.08991841491841493
346,final_quarter,Temperature,69,0.7592619656558277,0.4,0.043354037267080744,0.07564102564102564
346,final_quarter,Fisher,69,0.7884910485933505,0.2727272727272727,-0.015000000000000003,0.0488927738927739
352,final_quarter,Semantic,89,0.9580354102826014,0.8,0.00935393258426967,0.07977941176470589
352,final_quarter,Temperature,89,0.7164623765747362,0.2857142857142857,-0.012890704800817162,0.04816176470588236
352,final_quarter,Fisher,89,0.8514130064691865,0.5,0.03707865168539325,0.04602941176470589
357,final_quarter,Semantic,94,0.8945345518910524,1.0,0.011482137051620132,0.07278551771585826
357,final_quarter,Temperature,94,0.8580645161290322,0.8181818181818182,-0.020136545894592357,0.04853801169590642
357,final_quarter,Fisher,94,0.8948379872123686,0.42857142857142855,0.016490264783441098,0.08002235982112144
360,final_quarter,Semantic,55,0.8521645021645023,0.3333333333333333,0.027229437229437235,0.057272727272727274
360,final_quarter,Temperature,55,0.8624819624819627,0.7142857142857143,-0.005934343434343431,0.06636363636363636
360,final_quarter,Fisher,55,0.8923520923520927,0.7142857142857143,-0.05089826839826841,0.04272727272727273
363,final_quarter,Semantic,71,0.927531857813548,0.7777777777777778,0.01221998658618377,0.059157509157509156
363,final_quarter,Temperature,71,0.9227364185110664,0.6,0.015137491616364856,0.06523809523809523
363,final_quarter,Fisher,71,0.9243460764587523,0.7777777777777778,-0.024419852448021466,0.0563003663003663
368,final_quarter,Semantic,69,0.7171355498721228,0.2727272727272727,0.04390573620752649,0.051282051282051266
368,final_quarter,Temperature,69,0.854950675922543,0.16666666666666666,0.019797223237120944,0.07692307692307691
368,final_quarter,Fisher,69,0.7764340518816223,0.2727272727272727,-0.038372305443916704,0.0673076923076923
369,final_quarter,Semantic,91,0.812947921643574,0.8181818181818182,-0.012340340818601692,0.0586343309253526
369,final_quarter,Temperature,91,0.5300684822423953,0.5384615384615384,0.00453973562669215,0.04992690058479532
369,final_quarter,Fisher,91,0.5208472686733556,0.42857142857142855,0.00740086000955566,0.06647746818025455
387,final_quarter,Semantic,206,0.9379478151049978,0.9090909090909091,0.004104987525181286,0.036578520359008174
387,final_quarter,Temperature,206,0.8083689389025591,0.5555555555555556,0.039294065967253176,0.06413998969839792
387,final_quarter,Fisher,206,0.803698860964971,0.4,0.001853274168030832,0.06070856874451226
403,final_quarter,Semantic,58,0.8376449598572704,0.5,0.006087544987541909,0.03363636363636364
403,final_quarter,Temperature,58,0.8935064136085392,0.2,0.009025193023470424,0.038181818181818185
403,final_quarter,Fisher,58,0.5601833338460119,0.3333333333333333,0.030742255990648736,0.05636363636363636
407,final_quarter,Semantic,79,0.8856864654333009,0.3333333333333333,0.008830331061343722,0.05069597069597069
407,final_quarter,Temperature,79,0.7769230769230769,0.3333333333333333,-0.006628529698149947,0.09223443223443223
407,final_quarter,Fisher,79,0.794985394352483,0.45454545454545453,-0.01434396299902629,0.03428571428571428
410,final_quarter,Semantic,65,0.890472027972028,0.5555555555555556,-0.021678321678321677,0.039743589743589734
410,final_quarter,Temperature,65,0.8739947552447552,0.75,-0.048079108391608394,0.028205128205128206
410,final_quarter,Fisher,65,0.9631555944055944,0.75,0.017423513986013987,0.05128205128205128
417,final_quarter,Semantic,82,0.8274724915923859,0.8,-0.006825132508353196,0.05522058823529412
417,final_quarter,Temperature,82,0.9194392747140323,0.6363636363636364,0.04720888975958033,0.05301470588235294
417,final_quarter,Fisher,82,0.8261229198637368,0.8,0.03581371556687455,0.06183823529411765
418,final_quarter,Semantic,137,0.9616274945395484,0.6470588235294118,0.024303209065282726,0.06666381766381765
418,final_quarter,Temperature,137,0.8343989769820971,0.5555555555555556,0.027011499617301694,0.05035327635327634
418,final_quarter,Fisher,137,0.8717447308977541,0.6470588235294118,0.003087721918345245,0.05435897435897437
419,final_quarter,Semantic,57,0.834197562872699,0.5,-0.039561187451387085,0.0609090909090909
419,final_quarter,Temperature,57,0.9091910811511538,0.5,-0.03855003889032928,0.05090909090909092
419,final_quarter,Fisher,57,0.8315400570391496,0.5,-0.03952553798288825,0.050909090909090904
420,final_quarter,Semantic,67,0.8783621996967038,0.5555555555555556,-0.006107829834783302,0.05576923076923076
420,final_quarter,Temperature,67,0.8250059861122199,0.16666666666666666,-0.027358528214542266,0.03205128205128205
420,final_quarter,Fisher,67,0.8282384867108309,0.5555555555555556,-0.05460132492617129,0.044405594405594405
424,final_quarter,Semantic,126,0.8294413198350207,0.7333333333333333,0.012660517435320586,0.05427931488801054
424,final_quarter,Temperature,126,0.8226201724784402,0.625,0.006310911136107986,0.05458695652173913
424,final_quarter,Fisher,126,0.8731398575178104,0.3684210526315789,0.02427986501687289,0.05654347826086957
430,final_quarter,Semantic,88,0.6983551125356628,0.6363636363636364,0.003218449508647104,0.06404411764705883
430,final_quarter,Temperature,88,0.8643760346588708,0.6363636363636364,-0.01590028530168011,0.04737394957983194
430,final_quarter,Fisher,88,0.83362685358036,0.6363636363636364,-0.05303353175302032,0.049779411764705885
432,final_quarter,Semantic,80,0.8530942334739803,0.6,0.011319737458977967,0.06904761904761905
432,final_quarter,Temperature,80,0.9166666666666667,0.7777777777777778,-0.0042381622128457586,0.04582417582417582
432,final_quarter,Fisher,80,0.8336615096108768,0.7777777777777778,0.027151898734177216,0.05523809523809524
441,final_quarter,Semantic,53,0.9363005966779552,1.0,-0.014570230607966455,0.04636363636363637
441,final_quarter,Temperature,53,0.9231575552330269,0.7142857142857143,0.009679890340267701,0.03727272727272728
441,final_quarter,Fisher,53,0.93807450411224,0.7142857142857143,-0.02780196742460893,0.07181818181818181
442,final_quarter,Semantic,104,0.8938440200576123,0.5714285714285714,-0.022580283793876024,0.04558897243107769
442,final_quarter,Temperature,104,0.9166862263949643,0.5714285714285714,-0.027612290621999363,0.03380952380952381
442,final_quarter,Fisher,104,0.9178384722074043,0.5714285714285714,0.006089299050464102,0.047456140350877196
443,final_quarter,Semantic,77,0.9083285135916714,0.7777777777777778,0.01777564540722435,0.031538461538461536
443,final_quarter,Temperature,77,0.5792365529207634,0.23076923076923078,-0.0042799305957200665,0.05095238095238095
443,final_quarter,Fisher,77,0.7594247857405751,0.7777777777777778,-0.01798727588201272,0.07666666666666666
444,final_quarter,Semantic,70,0.7281427696614469,0.5555555555555556,-0.050366547108739404,0.04889277389277389
444,final_quarter,Temperature,70,0.8936575977604759,0.75,-0.015960108476948648,0.04632867132867132
444,final_quarter,Fisher,70,0.82101303473012,0.75,-0.01617181348963346,0.03141025641025641
445,final_quarter,Semantic,112,0.7464721358526669,0.4117647058823529,-0.0005757337615744698,0.061773009599096554
445,final_quarter,Temperature,112,0.8491731301465815,0.2631578947368421,0.06247437386817918,0.06586674195369847
445,final_quarter,Fisher,112,0.8194553592783681,0.3333333333333333,-0.04349181672190522,0.05287972896668548
447,final_quarter,Semantic,133,0.8650748309035818,0.47368421052631576,-0.019631507534099833,0.0682136752136752
447,final_quarter,Temperature,133,0.8908346170718519,0.47368421052631576,0.015386753858866975,0.0599173789173789
447,final_quarter,Fisher,133,0.798828822395201,0.4,-0.0029470725660827785,0.058866096866096854
451,final_quarter,Semantic,58,0.9107939339875112,0.3333333333333333,-0.05527084807284136,0.013636363636363636
451,final_quarter,Temperature,58,0.6381925005383126,0.2,-0.045199790827155556,0.0709090909090909
451,final_quarter,Fisher,58,0.7958719123934911,0.3333333333333333,-0.016220123658063926,0.04727272727272727
461,final_quarter,Semantic,56,0.857758031442242,0.7142857142857143,-0.05908065618591936,0.07272727272727272
461,final_quarter,Temperature,56,0.8047163362952836,1.0,0.02248803827751196,0.05181818181818182
461,final_quarter,Fisher,56,0.707587149692413,0.7142857142857143,-0.020386192754613806,0.03181818181818182
467,final_quarter,Semantic,56,0.6927546138072455,0.3333333333333333,-0.005898838004101162,0.07393939393939394
467,final_quarter,Temperature,56,0.8681476418318523,0.5,0.01988721804511278,0.0709090909090909
467,final_quarter,Fisher,56,0.8259740259740259,0.5,0.02656527682843472,0.08757575757575756
469,final_quarter,Semantic,54,0.9277301315037163,0.7142857142857143,-0.01880693729750333,0.048484848484848485
469,final_quarter,Temperature,54,0.8091862016390317,0.7142857142857143,-0.005744234800838579,0.05090909090909092
469,final_quarter,Fisher,54,0.8211549456832474,0.3333333333333333,-0.02894606441776253,0.07181818181818181
474,final_quarter,Semantic,47,0.866558741905643,0.6666666666666666,0.025566604995374654,0.06666666666666668
474,final_quarter,Temperature,47,0.7321924144310824,1.0,0.013991674375578167,0.07976190476190476
474,final_quarter,Fisher,47,0.8361470860314524,0.6666666666666666,-0.01917784458834413,0.07083333333333335
479,final_quarter,Semantic,90,0.9039716837469647,0.8,-0.0019368646334938476,0.05845588235294118
479,final_quarter,Temperature,90,0.8453800880767173,0.5,-0.004087747458533973,0.06183823529411765
479,final_quarter,Fisher,90,0.7430958554554059,0.5,0.030655636498333128,0.08889705882352941
485,final_quarter,Semantic,79,0.7407497565725415,0.45454545454545453,-0.01277142161635833,0.05523809523809524
485,final_quarter,Temperature,79,0.7821567672833496,0.6,0.04713364167478092,0.07677655677655677
485,final_quarter,Fisher,79,0.8723222979552094,0.6,0.018528481012658228,0.05523809523809523
486,final_quarter,Semantic,145,0.8844237128011336,0.5,0.0109575263737994,0.06057681781819714
486,final_quarter,Temperature,145,0.9013304991339947,0.5,-0.029893127066603676,0.040394088669950735
486,final_quarter,Fisher,145,0.8336915446386396,0.42857142857142855,0.028085537710596752,0.04688223653740895
488,final_quarter,Semantic,73,0.6417993335801555,0.23076923076923078,-0.01412131309391583,0.06831501831501831
488,final_quarter,Temperature,73,0.6514871035418981,0.3333333333333333,-0.025704985807725546,0.09164835164835164
488,final_quarter,Fisher,73,0.5820992225101814,0.45454545454545453,-0.0478619029988893,0.05142857142857142
513,final_quarter,Semantic,71,0.8507712944332662,0.7777777777777778,0.01772971160295104,0.06725274725274724
513,final_quarter,Temperature,71,0.9231723675385646,0.7777777777777778,-0.002996311200536553,0.07619047619047617
513,final_quarter,Fisher,71,0.8697183098591549,1.0,-0.027147887323943666,0.047619047619047616
515,final_quarter,Semantic,56,0.8679425837320576,0.7142857142857143,0.039101161995898845,0.07636363636363637
515,final_quarter,Temperature,56,0.5596719070403282,0.2,-0.017365003417634996,0.07545454545454544
515,final_quarter,Fisher,56,0.5989747095010253,0.3333333333333333,-0.02198906356801094,0.057272727272727274
521,final_quarter,Semantic,67,0.8932875728310322,0.4,0.00556309362279512,0.06427738927738928
521,final_quarter,Temperature,67,0.775241439859526,0.75,-0.027099130018357415,0.055128205128205134
521,final_quarter,Fisher,67,0.6255088195386704,0.2727272727272727,0.004311996168888174,0.08595571095571095
525,final_quarter,Semantic,99,0.7947680890538033,0.5384615384615384,0.0035442176870748286,0.05899122807017544
525,final_quarter,Temperature,99,0.8055287569573284,0.42857142857142855,0.0063982683982684,0.04327485380116959
525,final_quarter,Fisher,99,0.8479777365491651,0.5384615384615384,-0.01772294372294372,0.04391124871001032
526,final_quarter,Semantic,130,0.9448305998989471,0.5294117647058824,0.0016012781821409558,0.04804347826086956
526,final_quarter,Temperature,130,0.7955782545166531,0.4444444444444444,-0.029548129839271332,0.03918840579710146
526,final_quarter,Fisher,130,0.8701825779404334,0.4444444444444444,0.011591855685589045,0.064731884057971
529,final_quarter,Semantic,94,0.8579055738178666,0.5384615384615384,-0.013312863490228661,0.0733703130374957
529,final_quarter,Temperature,94,0.8467940613372829,0.5384615384615384,0.05882671675757685,0.08383212934296524
529,final_quarter,Fisher,94,0.9296608026586713,0.6666666666666666,-0.0066040530289347265,0.06722996216030272
534,final_quarter,Semantic,60,0.9130869686023898,0.7142857142857143,0.03189219227563213,0.061818181818181814
534,final_quarter,Temperature,60,0.8751875520978052,0.3333333333333333,0.04147263128646847,0.061818181818181814
534,final_quarter,Fisher,60,0.7841622672964714,0.5,0.009636010002778552,0.05393939393939393
536,final_quarter,Semantic,125,0.933069124423963,1.0,-0.016032872503840237,0.06292028985507246
536,final_quarter,Temperature,125,0.9039877112135176,0.5294117647058824,-0.0013511520737327202,0.05006521739130435
536,final_quarter,Fisher,125,0.8668141321044546,0.5294117647058824,0.012082334869431647,0.07064953886693018
546,final_quarter,Semantic,175,0.9285669502910882,0.5,-0.010880653828929688,0.05039056531703591
546,final_quarter,Temperature,175,0.9072167487684729,0.5,0.0060462382445141075,0.07261951994874197
546,final_quarter,Fisher,175,0.8808934169278997,0.5652173913043478,0.008871473354231975,0.05073433919022154
549,final_quarter,Semantic,175,0.7931885356023288,0.5,0.012440103000447829,0.0684396485867074
549,final_quarter,Temperature,175,0.7504903716972683,0.38461538461538464,0.015656963725929247,0.06193961162177482
549,final_quarter,Fisher,175,0.6621383788625169,0.38461538461538464,0.014685064935064931,0.0379144385026738
554,final_quarter,Semantic,51,0.8429864253393664,1.0,-0.021665158371040726,0.0609090909090909
554,final_quarter,Temperature,51,0.8441628959276017,0.3333333333333333,0.025339366515837104,0.06454545454545453
554,final_quarter,Fisher,51,0.855656108597285,0.3333333333333333,-0.03800904977375565,0.07757575757575756
557,final_quarter,Semantic,75,0.850099573257468,0.6,-0.010524893314367002,0.08117216117216117
557,final_quarter,Temperature,75,0.8031578947368421,0.45454545454545453,0.0008449502133712733,0.03
557,final_quarter,Fisher,75,0.89425320056899,0.45454545454545453,-0.012008534850640115,0.0657142857142857
561,final_quarter,Semantic,152,0.9617445444542402,0.6842105263157895,0.03555279902131643,0.0703398249671887
561,final_quarter,Temperature,152,0.7890260321626036,0.45454545454545453,0.03303467082197116,0.0709124188545768
561,final_quarter,Fisher,152,0.895034137740143,0.45454545454545453,-0.014460186305264522,0.05125194955005856
562,final_quarter,Semantic,53,0.927511691662635,0.7142857142857143,-0.03203918722786647,0.07757575757575758
562,final_quarter,Temperature,53,0.9449282373810676,0.7142857142857143,0.024621028866311883,0.08575757575757574
562,final_quarter,Fisher,53,0.8389775842606031,0.7142857142857143,-0.032373810675697466,0.022727272727272728
565,final_quarter,Semantic,125,0.9069984639016897,0.5294117647058824,0.02004423963133641,0.05563664596273292
565,final_quarter,Temperature,125,0.8940276497695852,0.4444444444444444,0.007176958525345621,0.07205862977602107
565,final_quarter,Fisher,125,0.8615913978494621,0.625,-0.0038774193548387114,0.0603768115942029
566,final_quarter,Semantic,60,0.879466518477355,0.5,-0.02920255626562935,0.07363636363636362
566,final_quarter,Temperature,60,0.811558766323979,0.5,-0.010175048624617955,0.06272727272727271
566,final_quarter,Fisher,60,0.7315365379272022,0.3333333333333333,0.005868296749096968,0.06030303030303029
580,final_quarter,Semantic,82,0.8504152109794191,0.8,-0.0057857446044339966,0.06183823529411765
580,final_quarter,Temperature,82,0.8536367692994199,0.38461538461538464,-0.016502867839923385,0.046397058823529416
580,final_quarter,Fisher,82,0.9095569268945701,0.8,-0.0054276727506230886,0.03860294117647058
583,final_quarter,Semantic,81,0.62226738934056,0.6363636363636364,0.016790876242095753,0.06029411764705883
583,final_quarter,Temperature,81,0.8473125564588978,1.0,-0.0018631436314363147,0.05485294117647059
583,final_quarter,Fisher,81,0.7020099367660343,0.5,0.013223803071364046,0.07147058823529412
588,final_quarter,Semantic,68,0.9016681299385425,0.75,-0.024092453334351262,0.05961538461538461
588,final_quarter,Temperature,68,0.8477306561820054,0.75,0.03839180058785357,0.07983682983682984
588,final_quarter,Fisher,68,0.8384929572088408,0.5555555555555556,-0.02658701378020384,0.03974358974358975
596,final_quarter,Semantic,60,0.8511808835787721,0.3333333333333333,0.05930258405112532,0.04363636363636364
596,final_quarter,Temperature,60,0.9186996387885524,1.0,0.02813559322033899,0.04636363636363637
596,final_quarter,Fisher,60,0.8566268407891083,0.3333333333333333,0.01774659627674354,0.08318181818181818
600,final_quarter,Semantic,81,0.928906955736224,0.8,0.006930894308943086,0.03897058823529412
600,final_quarter,Temperature,81,0.8510388437217705,0.38461538461538464,-0.009424119241192411,0.05367647058823529
600,final_quarter,Fisher,81,0.764159891598916,0.38461538461538464,0.008134598012646798,0.06362394957983193
604,final_quarter,Semantic,52,0.9402373431230256,0.7142857142857143,0.043404763937505336,0.06545454545454545
604,final_quarter,Temperature,52,0.9399812174506957,0.7142857142857143,0.051028771450525055,0.10500000000000001
604,final_quarter,Fisher,52,0.8911465892597967,0.5,-0.016221292580893023,0.05090909090909092
621,final_quarter,Semantic,72,0.8370956331596888,0.7777777777777778,0.026395588140716447,0.06725274725274724
621,final_quarter,Temperature,72,0.745417711749952,0.45454545454545453,-0.03789632773811821,0.07677655677655677
621,final_quarter,Fisher,72,0.7889574892276031,0.6,-0.02200945398417905,0.05095238095238095
622,final_quarter,Semantic,71,0.6509054325955733,0.14285714285714285,-0.06981723675385645,0.03380952380952381
622,final_quarter,Temperature,71,0.7717639168343393,0.3333333333333333,-0.014002347417840372,0.0557142857142857
622,final_quarter,Fisher,71,0.8440308517773305,0.45454545454545453,-0.015036887994634474,0.05142857142857142
628,final_quarter,Semantic,77,0.9529417950470581,1.0,0.0039802302960197725,0.062014652014652005
628,final_quarter,Temperature,77,0.8996792681003207,1.0,-0.03977601346022398,0.05963369963369963
628,final_quarter,Fisher,77,0.8569588306430411,1.0,-0.04734476050265523,0.048095238095238094
630,final_quarter,Semantic,130,0.9466495514072294,0.7333333333333333,0.029728386295047045,0.05680105401844532
630,final_quarter,Temperature,130,0.8833467615289025,0.5294117647058824,-0.0364746207103743,0.04733333333333334
630,final_quarter,Fisher,130,0.7794152589820973,0.4444444444444444,-0.034333938740116615,0.07177931488801054
632,final_quarter,Semantic,78,0.9150469783381174,0.45454545454545453,0.022214494366393094,0.05142857142857142
632,final_quarter,Temperature,78,0.8534882838680307,0.45454545454545453,0.0680408199395541,0.09318681318681318
632,final_quarter,Fisher,78,0.8387435349460666,0.3333333333333333,0.0022471199686389582,0.07890109890109889
635,final_quarter,Semantic,106,0.9074086202987631,0.4666666666666667,-0.01701438395848553,0.053446115288220554
635,final_quarter,Temperature,106,0.786563216363957,0.5714285714285714,0.03199284580698793,0.055112781954887224
635,final_quarter,Fisher,106,0.9218076932765701,0.5714285714285714,0.008734665088041915,0.0612280701754386
642,final_quarter,Semantic,57,0.8416515426497279,0.7142857142857143,0.01067215452424164,0.045454545454545456
642,final_quarter,Temperature,57,0.7403422348975888,0.7142857142857143,0.005198340679284419,0.06636363636363636
642,final_quarter,Fisher,57,0.8719211822660099,0.7142857142857143,-0.04350855587243972,0.052727272727272734
645,final_quarter,Semantic,98,0.8885552346524362,0.8181818181818182,0.0005999400697486127,0.04654282765737874
645,final_quarter,Temperature,98,0.8570089704110322,0.6666666666666666,0.0031903295526270444,0.05964912280701753
645,final_quarter,Fisher,98,0.9336559366014446,1.0,0.031245975428596928,0.06786635706914346
647,final_quarter,Semantic,74,0.8232358385783042,0.6,-0.0024820436875231332,0.06857142857142856
647,final_quarter,Temperature,74,0.8035986671603108,0.45454545454545453,0.022744168826360607,0.05296703296703296
647,final_quarter,Fisher,74,0.876815994076268,0.7777777777777778,0.0023517215845982966,0.04476190476190476
651,final_quarter,Semantic,105,0.6722682977399959,0.375,-0.030206821480406383,0.04956140350877193
651,final_quarter,Temperature,105,0.8444847605224963,0.5714285714285714,0.0013611859838274995,0.061186299081035934
651,final_quarter,Fisher,105,0.9082832262077545,0.6923076923076923,-0.02701171470039394,0.06245614035087721
658,final_quarter,Semantic,51,0.8971040723981899,0.5,0.052841628959276035,0.08212121212121211
658,final_quarter,Temperature,51,0.8836199095022623,0.7142857142857143,0.015321266968325791,0.09454545454545452
658,final_quarter,Fisher,51,0.7784615384615383,0.5,0.014049773755656105,0.0609090909090909
662,final_quarter,Semantic,167,0.9014037329815413,0.7894736842105263,-0.0363223638780958,0.04409029814271749
662,final_quarter,Temperature,167,0.40347532130231795,0.13333333333333333,-0.009524539561153083,0.06051991691104593
662,final_quarter,Fisher,167,0.7597730528615747,0.3076923076923077,-0.023503638162573306,0.060518382016574446
664,final_quarter,Semantic,82,0.8582078993480698,0.6363636363636364,-0.023974488740871346,0.038970588235294125
664,final_quarter,Temperature,82,0.8666971408669911,0.6363636363636364,0.06764184107704532,0.07816176470588235
664,final_quarter,Fisher,82,0.8153916478923826,0.6363636363636364,-0.017406210206680383,0.04602941176470589
667,final_quarter,Semantic,101,0.8950728013977869,0.6923076923076923,-0.0026371578334303996,0.06091060985797829
667,final_quarter,Temperature,101,0.8811764705882352,0.8333333333333334,0.028294117647058813,0.06408103592314118
667,final_quarter,Fisher,101,0.924834012813046,0.8333333333333334,-0.0038648806057076323,0.04928571428571429
672,final_quarter,Semantic,72,0.9054923146183036,0.3333333333333333,0.03930477844234356,0.05630036630036629
672,final_quarter,Temperature,72,0.9063926940639271,0.45454545454545453,-0.023897035179111202,0.06285714285714286
672,final_quarter,Fisher,72,0.784841468904753,0.45454545454545453,-0.008180590391665066,0.055824175824175815
677,final_quarter,Semantic,60,0.8738538482911922,0.7142857142857143,-0.05164490136148932,0.06545454545454546
677,final_quarter,Temperature,60,0.8252292303417618,0.5,0.009427618782995278,0.08545454545454545
677,final_quarter,Fisher,60,0.8205056960266742,0.5,-0.0009836065573770544,0.06181818181818181
688,final_quarter,Semantic,72,0.9515081355714196,1.0,-0.03866004244645958,0.05047619047619047
688,final_quarter,Temperature,72,0.9508328509872019,1.0,-0.031199755611293335,0.07106227106227106
688,final_quarter,Fisher,72,0.8884494179690012,0.6,0.013946234484532763,0.08450549450549451
689,final_quarter,Semantic,85,0.8977721321086575,0.8,-0.013290990814930622,0.05147058823529412
689,final_quarter,Temperature,85,0.9004690248192299,1.0,0.015278483486417827,0.07147058823529412
689,final_quarter,Fisher,85,0.7696306429548563,0.8,-0.011002540551104167,0.06066176470588236
698,final_quarter,Semantic,140,0.6608252607640333,0.3333333333333333,0.00460540989700641,0.06784677319459928
698,final_quarter,Temperature,140,0.7811331481926922,0.3333333333333333,-0.015293345870416124,0.03835327635327635
698,final_quarter,Fisher,140,0.8956637729330217,0.47368421052631576,-0.0004920076097176977,0.0667008547008547
710,final_quarter,Semantic,104,0.8727941960951671,0.5714285714285714,-0.0266846260535581,0.036190476190476197
710,final_quarter,Temperature,104,0.8085031473380989,0.375,0.020968739997866217,0.05221804511278196
710,final_quarter,Fisher,104,0.7508055051744372,0.375,-0.05117305025072015,0.026666666666666665
717,final_quarter,Semantic,153,0.8581781995094688,0.5238095238095238,0.014960194604157453,0.053831770750569406
717,final_quarter,Temperature,153,0.9431600391352712,0.6842105263157895,0.018937048503611966,0.04519466073414905
717,final_quarter,Fisher,153,0.7796262045488052,0.45454545454545453,-0.0034821344805864877,0.04756107609277798
724,final_quarter,Semantic,90,0.9285508498991644,0.6363636363636364,0.0455471868955015,0.06477941176470589
724,final_quarter,Temperature,90,0.8972054163065398,0.8,0.014758200600897234,0.045220588235294124
724,final_quarter,Fisher,90,0.8140346544840925,0.5,-0.023050582376425065,0.05031512605042017
732,final_quarter,Semantic,125,0.9245038402457755,1.0,-0.006308755760368661,0.05265612648221344
732,final_quarter,Temperature,125,0.8772718894009216,0.625,0.03184024577572964,0.06708695652173914
732,final_quarter,Fisher,125,0.8119262672811057,0.8571428571428571,0.011078955453149,0.06189196310935442
739,final_quarter,Semantic,90,0.663530477013623,0.2857142857142857,-0.012210560974605916,0.057205882352941176
739,final_quarter,Temperature,90,0.7643659711075441,0.5,-0.04188829896695065,0.051102941176470594
739,final_quarter,Fisher,90,0.831007943367494,0.38461538461538464,-0.02066757212824629,0.05220588235294118
742,final_quarter,Semantic,67,0.8725357171362441,0.4,-0.006612658631973817,0.046794871794871795
742,final_quarter,Temperature,67,0.8942852582009738,0.75,-0.007241200415037116,0.08333333333333333
742,final_quarter,Fisher,67,0.8327879319977654,0.75,0.010451751935509622,0.05128205128205128
745,final_quarter,Semantic,57,0.894088669950739,0.5,-0.0031144672024889823,0.05545454545454546
745,final_quarter,Temperature,57,0.8650505574280529,0.3333333333333333,-0.008319289603318642,0.05727272727272727
745,final_quarter,Fisher,57,0.7079336271713769,0.3333333333333333,0.03732823437905107,0.07636363636363637
746,final_quarter,Semantic,197,0.934496733626538,0.8181818181818182,-0.007221887370545818,0.054790215316531096
746,final_quarter,Temperature,197,0.896722325293754,0.48148148148148145,-0.009429710970682695,0.05367846157319842
746,final_quarter,Fisher,197,0.838208564459471,0.6,0.013782730443354086,0.05741571531045216
750,final_quarter,Semantic,84,0.6675913738989572,0.2857142857142857,0.018254530727953834,0.07102941176470588
750,final_quarter,Temperature,84,0.8583173028247444,0.38461538461538464,0.014758529917991292,0.05522058823529412
750,final_quarter,Fisher,84,0.7149539333805811,0.38461538461538464,0.0021868988559279184,0.06075630252100841
758,final_quarter,Semantic,96,0.9748372219207813,1.0,0.006679327183939229,0.06871345029239764
758,final_quarter,Temperature,96,0.9196961475854584,0.6666666666666666,-0.03108111774281063,0.07144822841417268
758,final_quarter,Fisher,96,0.8713239283776452,0.8181818181818182,-0.02199810092240911,0.05794633642930856
770,final_quarter,Semantic,62,0.8135529198458865,0.5555555555555556,0.030460074034902168,0.0673076923076923
770,final_quarter,Temperature,62,0.7975372063156305,0.5555555555555556,0.03265593916043413,0.055128205128205134
770,final_quarter,Fisher,62,0.8691042784115233,1.0,-0.023260557528140817,0.05512820512820512
773,final_quarter,Semantic,46,0.7856305889608387,0.25,0.013894542090656797,0.0625
773,final_quarter,Temperature,46,0.8259636139377119,0.42857142857142855,-0.008930003083564597,0.07281746031746032
773,final_quarter,Fisher,46,0.8197964847363552,0.1111111111111111,0.016472402096823935,0.09305555555555556
778,final_quarter,Semantic,127,0.8950775684289465,0.7333333333333333,0.015898012748406447,0.056398550724637675
778,final_quarter,Temperature,127,0.8984345706786651,0.4444444444444444,0.03007006936632921,0.07201119894598154
778,final_quarter,Fisher,127,0.9067421259842519,0.5294117647058824,0.0012019005436820413,0.056329004329004326
779,final_quarter,Semantic,79,0.8379746835443038,0.3333333333333333,-0.05547955209347614,0.03047619047619048
779,final_quarter,Temperature,79,0.8259737098344694,0.23076923076923078,0.04709347614410906,0.0701098901098901
779,final_quarter,Fisher,79,0.8500730282375851,0.7777777777777778,-0.022625365141187927,0.04641025641025641
790,final_quarter,Semantic,83,0.8787204567398513,0.5,0.012475336887620165,0.06514705882352942
790,final_quarter,Temperature,83,0.8581293816380503,0.5,-0.009999580202342472,0.058529411764705885
790,final_quarter,Fisher,83,0.8524201334956549,0.38461538461538464,0.04788212081776583,0.08852941176470588
792,final_quarter,Semantic,58,0.7999323264326803,0.5,0.02248915684887262,0.05727272727272727
792,final_quarter,Temperature,58,0.7224768525639055,0.5,-0.04085330216247808,0.046363636363636364
792,final_quarter,Fisher,58,0.780060906210588,0.7142857142857143,-0.021446368697899044,0.053636363636363635
793,final_quarter,Semantic,48,0.9278115501519756,0.6666666666666666,-0.003973078593139383,0.0638888888888889
793,final_quarter,Temperature,48,0.680308293530178,0.42857142857142855,0.024571211463308727,0.08531746031746032
793,final_quarter,Fisher,48,0.8913373860182371,0.42857142857142855,-0.0009118541033434674,0.06805555555555556
798,final_quarter,Semantic,135,0.812964588820603,0.5555555555555556,-0.03202931421324749,0.042039886039886044
798,final_quarter,Temperature,135,0.8208369915130233,0.3333333333333333,-0.017651204760511175,0.07052706552706553
798,final_quarter,Fisher,135,0.8123353819139598,0.21739130434782608,-0.012288069456638375,0.04654415954415954
799,final_quarter,Semantic,62,0.8233738762559493,1.0,0.013892876029311779,0.07628205128205129
799,final_quarter,Temperature,62,0.7705925310367404,0.75,-0.028916421142756416,0.046794871794871795
799,final_quarter,Fisher,62,0.9403691672332604,1.0,0.00041046561406159475,0.06637529137529137
800,final_quarter,Semantic,65,0.7749125874125874,0.5555555555555556,0.010576923076923078,0.07645687645687646
800,final_quarter,Temperature,65,0.8399475524475524,1.0,0.017041083916083916,0.07919580419580419
800,final_quarter,Fisher,65,0.9554632867132866,0.75,0.0034440559440559433,0.039743589743589734
804,final_quarter,Semantic,63,0.9243471582181261,0.5555555555555556,0.01618423579109063,0.07756410256410257
804,final_quarter,Temperature,63,0.7047811059907835,0.4,-0.06477294546851,0.06282051282051282
804,final_quarter,Fisher,63,0.8478782642089094,0.4,0.060515072964669736,0.045046620046620044
807,final_quarter,Semantic,65,0.8291958041958042,0.2727272727272727,0.020050262237762236,0.07325174825174825
807,final_quarter,Temperature,65,0.8447989510489511,0.16666666666666666,0.012194055944055943,0.05064102564102564
807,final_quarter,Fisher,65,0.8928758741258742,0.5555555555555556,0.033876748251748245,0.047435897435897434
812,final_quarter,Semantic,101,0.8745486313337216,0.6923076923076923,-0.008995340710541639,0.05829156223893066
812,final_quarter,Temperature,101,0.8741875364006988,0.5714285714285714,-0.03933139196272569,0.07296992481203009
812,final_quarter,Fisher,101,0.7686662783925451,0.4666666666666667,-0.003625509609784508,0.06646198830409358
814,final_quarter,Semantic,89,0.7883384405856318,0.2857142857142857,0.04779792305073204,0.06066176470588236
814,final_quarter,Temperature,89,0.8488253319713996,0.2857142857142857,-0.01809244126659857,0.04933823529411765
814,final_quarter,Fisher,89,0.6519918283963229,0.2857142857142857,-0.011977357848144366,0.051102941176470594
828,final_quarter,Semantic,69,0.9031786627694557,0.4,0.02775118743149434,0.05128205128205128
828,final_quarter,Temperature,69,0.9408111070515164,0.75,-0.0016112531969309396,0.05192307692307692
828,final_quarter,Fisher,69,0.9243697478991598,0.5555555555555556,-0.046428571428571444,0.052564102564102565
829,final_quarter,Semantic,80,0.9543366150961087,0.6,-0.045942334739803095,0.03333333333333333
829,final_quarter,Temperature,80,0.9381153305203938,0.7777777777777778,0.015370370370370376,0.06142857142857143
829,final_quarter,Fisher,80,0.669620253164557,0.45454545454545453,0.021969057665260187,0.05142857142857142
836,final_quarter,Semantic,60,0.8758544040011116,0.5,-0.07807446512920256,0.04636363636363637
836,final_quarter,Temperature,60,0.834731869963879,0.5,-0.008519033064740207,0.041818181818181824
836,final_quarter,Fisher,60,0.8403445401500419,0.3333333333333333,-0.050052792442345104,0.05636363636363636
846,final_quarter,Semantic,53,0.9429124334784712,0.7142857142857143,-0.056930333817126276,0.06090909090909089
846,final_quarter,Temperature,53,0.8637316561844863,0.7142857142857143,0.0019190453152717348,0.045454545454545456
846,final_quarter,Fisher,53,0.8713917110143524,0.5,0.016727140783744553,0.061818181818181814
856,final_quarter,Semantic,72,0.8106630651488843,0.6,0.005532510129268764,0.06904761904761904
856,final_quarter,Temperature,72,0.6092031641906234,0.6,-0.06176120650845714,0.041428571428571426
856,final_quarter,Fisher,72,0.8667438420477203,0.7777777777777778,0.05017525242780886,0.0563003663003663
857,final_quarter,Semantic,63,0.8910330261136714,0.75,0.006165994623655918,0.07261072261072261
857,final_quarter,Temperature,63,0.9240591397849464,0.75,-0.03984014976958526,0.05128205128205128
857,final_quarter,Fisher,63,0.8054915514592934,0.2727272727272727,-0.026108870967741938,0.06491841491841491
866,final_quarter,Semantic,60,0.6440122256182274,0.2,-0.050113920533481515,0.061818181818181814
866,final_quarter,Temperature,60,0.870075020839122,1.0,0.03562100583495416,0.0609090909090909
866,final_quarter,Fisher,60,0.9590997499305365,0.5,-0.005301472631286467,0.07393939393939393
867,final_quarter,Semantic,50,0.8521968787515005,0.25,-0.01800720288115246,0.0625
867,final_quarter,Temperature,50,0.8888835534213685,0.42857142857142855,-0.07267226890756302,0.07837301587301589
867,final_quarter,Fisher,50,0.9281632653061224,0.6666666666666666,0.019390156062424967,0.05694444444444444
870,final_quarter,Semantic,72,0.8682230368512446,0.6,-0.00944272943597659,0.04428571428571428
870,final_quarter,Temperature,72,0.7566402984114735,0.45454545454545453,-0.04655122515917423,0.04476190476190476
870,final_quarter,Fisher,72,0.7962569940189081,0.6,0.01908161296546402,0.06296703296703296
873,final_quarter,Semantic,88,0.8257546405551057,0.38461538461538464,-0.0019460392377866245,0.04816176470588236
873,final_quarter,Temperature,88,0.9320207107886304,1.0,0.005254305942023883,0.06362394957983195
873,final_quarter,Fisher,88,0.9250818921489206,0.6363636363636364,0.028882392307421366,0.05477941176470589
881,final_quarter,Semantic,101,0.8876295864880605,0.6923076923076923,-0.005139778683750729,0.08733500417710946
881,final_quarter,Temperature,101,0.8229237041351193,0.4666666666666667,-0.02429528246942342,0.0503968253968254
881,final_quarter,Fisher,101,0.8223762376237623,0.5714285714285714,-0.022976703552708214,0.0593233082706767
883,final_quarter,Semantic,98,0.8703338880069363,0.8181818181818182,-0.02832214422788797,0.043567251461988296
883,final_quarter,Temperature,98,0.8703721413588864,0.42857142857142855,-0.033956862970117754,0.03216374269005847
883,final_quarter,Fisher,98,0.9677269220715464,0.8181818181818182,-0.03971973044137992,0.043618851049191595
884,final_quarter,Semantic,67,0.8207758001436668,0.4,-0.010389895442573226,0.047435897435897434
884,final_quarter,Temperature,67,0.47425971745550327,0.4,0.0074906217575225476,0.05273892773892773
884,final_quarter,Fisher,67,0.7637081969829995,0.4,-0.03968592864554235,0.047435897435897434
887,final_quarter,Semantic,63,0.839573732718894,0.5555555555555556,-0.011124711981566823,0.0737179487179487
887,final_quarter,Temperature,63,0.8393337173579108,0.4,0.0005832373271889401,0.05897435897435897
887,final_quarter,Fisher,63,0.8518625192012288,0.4,-0.0221150153609831,0.07128205128205127
894,final_quarter,Semantic,81,0.902393857271906,1.0,0.03541779584462511,0.04889705882352942
894,final_quarter,Temperature,81,0.8292908762420959,0.2857142857142857,-0.019271680216802166,0.06441176470588236
894,final_quarter,Fisher,81,0.8025293586269195,0.8,0.07144083107497741,0.06470588235294118
901,final_quarter,Semantic,65,0.8363199300699301,0.5555555555555556,0.014047202797202802,0.051923076923076926
901,final_quarter,Temperature,65,0.8427447552447552,0.2727272727272727,-0.04572115384615384,0.06171328671328671
901,final_quarter,Fisher,65,0.8151660839160839,0.5555555555555556,-0.005544143356643356,0.07128205128205128
908,final_quarter,Semantic,132,0.8642651041204675,0.6470588235294118,-0.013823420452588794,0.04052706552706552
908,final_quarter,Temperature,132,0.8368561932242123,0.5555555555555556,-0.03152833506389151,0.04618803418803419
908,final_quarter,Fisher,132,0.7838228464986198,0.4,-0.0022853803488596556,0.050353276353276355
914,final_quarter,Semantic,70,0.9532849269530225,1.0,-0.0098679030705975,0.05961538461538461
914,final_quarter,Temperature,70,0.9292450354299711,0.5555555555555556,0.04466100953547371,0.10034965034965035
914,final_quarter,Fisher,70,0.9298749015834135,0.75,-0.019711311346338904,0.06858974358974358
920,final_quarter,Semantic,55,0.9621212121212124,0.5,-0.00012265512265512667,0.04090909090909091
920,final_quarter,Temperature,55,0.9156565656565658,0.7142857142857143,0.0013636363636363642,0.053030303030303025
920,final_quarter,Fisher,55,0.8850649350649353,0.7142857142857143,0.008564213564213562,0.07454545454545454
921,final_quarter,Semantic,147,0.8581666654073699,0.5789473684210527,-0.009533506108848573,0.057719674961054276
921,final_quarter,Temperature,147,0.7875843414003884,0.36363636363636365,-0.010060144013177282,0.07020546503305125
921,final_quarter,Fisher,147,0.9025228751256149,0.5789473684210527,0.009580729737285512,0.056132373373752674
922,final_quarter,Semantic,91,0.8275521579869407,0.42857142857142855,-0.03196528109571588,0.04917440660474716
922,final_quarter,Temperature,91,0.8335244465679249,0.5384615384615384,0.009630514413123112,0.06315789473684211
922,final_quarter,Fisher,91,0.9006051919095397,0.6666666666666666,0.011204809683070551,0.07177072583419333
932,final_quarter,Semantic,60,0.8897471519866631,0.7142857142857143,0.025740483467629905,0.046363636363636364
932,final_quarter,Temperature,60,0.7866629619338706,0.3333333333333333,-0.006243400944706866,0.06636363636363635
932,final_quarter,Fisher,60,0.6106140594609615,0.2,-0.024559599888858023,0.03727272727272728
934,final_quarter,Semantic,86,0.9084862493513844,0.38461538461538464,0.030748620217934806,0.08066176470588235
934,final_quarter,Temperature,86,0.9122600122647293,0.5,0.0003943582244445479,0.04558823529411765
934,final_quarter,Fisher,86,0.8506344638898061,0.5,0.009150431624133213,0.05558823529411765
938,final_quarter,Semantic,66,0.6630414361757646,0.2727272727272727,-0.026059910239014716,0.044871794871794865
938,final_quarter,Temperature,66,0.7616115228055528,0.4,0.020475941968479284,0.039102564102564095
938,final_quarter,Fisher,66,0.8112514351320324,0.4,0.0004780294332533151,0.08863636363636362
939,final_quarter,Semantic,54,0.7735849056603772,1.0,-0.00974652182199352,0.022727272727272728
939,final_quarter,Temperature,54,0.6839336763865064,0.7142857142857143,0.035227749190013334,0.10181818181818181
939,final_quarter,Fisher,54,0.8929674099485418,0.7142857142857143,0.05387459500667047,0.06545454545454546
946,final_quarter,Semantic,104,0.8687079910380883,0.4666666666666667,-0.04353248693054519,0.06538847117794487
946,final_quarter,Temperature,104,0.7979942387709378,0.375,0.021830257121519262,0.06829156223893067
946,final_quarter,Fisher,104,0.8538568227888617,0.5714285714285714,0.01162701376293609,0.04932330827067669
959,final_quarter,Semantic,69,0.9059919620021921,0.4,-0.027641578370478637,0.05192307692307692
959,final_quarter,Temperature,69,0.7258677383997079,0.2727272727272727,-0.009296675191815857,0.04807692307692307
959,final_quarter,Fisher,69,0.8953598830836683,0.5555555555555556,0.021118012422360246,0.06730769230769232
964,final_quarter,Semantic,57,0.8505963183821624,0.7142857142857143,-0.0373606429867773,0.05454545454545454
964,final_quarter,Temperature,57,0.8132616022815661,0.5,0.031125226860254086,0.057272727272727274
964,final_quarter,Fisher,57,0.7142857142857143,0.3333333333333333,-0.034719341457091005,0.06757575757575757
969,final_quarter,Semantic,113,0.7727310532969593,0.7142857142857143,0.0038088861534366913,0.06200451722190853
969,final_quarter,Temperature,113,0.7891077250648747,0.8461538461538461,0.04681282853150576,0.09106154714850365
969,final_quarter,Fisher,113,0.8907861467828866,0.8461538461538461,0.024719708563444014,0.04664031620553359
973,final_quarter,Semantic,84,0.8734028551179509,0.6363636363636364,-0.02104485167561001,0.032352941176470584
973,final_quarter,Temperature,84,0.7719752961425534,0.5,-0.03703553710640883,0.04713235294117647
973,final_quarter,Fisher,84,0.8482737673382607,0.5,-0.008312240558874157,0.05485294117647059
977,final_quarter,Semantic,48,0.9288970907511941,0.6666666666666666,0.035166087711680415,0.04583333333333332
977,final_quarter,Temperature,48,0.8195831524099001,0.25,-0.007886452453321756,0.0625
977,final_quarter,Fisher,48,0.7887537993920972,0.25,-0.03962765957446808,0.05555555555555556
979,final_quarter,Semantic,66,0.7849076296837492,0.5555555555555556,-0.04499530320425844,0.05337995337995337
979,final_quarter,Temperature,66,0.8203527815468116,0.5555555555555556,0.05812336916814529,0.05192307692307692
979,final_quarter,Fisher,66,0.842271161674147,0.5555555555555556,0.03030581358939568,0.08513986013986015
980,final_quarter,Semantic,81,0.8976287262872629,0.6363636363636364,-0.014330397470641371,0.05227941176470589
980,final_quarter,Temperature,81,0.8460027100271004,0.8,-0.008235094850948506,0.060735294117647054
980,final_quarter,Fisher,81,0.7693541102077687,0.38461538461538464,-0.02995483288166214,0.06404411764705882
984,final_quarter,Semantic,64,0.8581501831501831,0.5555555555555556,0.023731684981684986,0.05192307692307692
984,final_quarter,Temperature,64,0.8501831501831502,1.0,0.016043956043956042,0.035897435897435895
984,final_quarter,Fisher,64,0.7625915750915749,1.0,-0.008649267399267403,0.04294871794871795
993,final_quarter,Semantic,162,0.8960738736678987,0.4782608695652174,-0.021066499567433148,0.061826124144672534
993,final_quarter,Temperature,162,0.836189121331826,0.4782608695652174,-0.009586189474159599,0.05699657869012707
993,final_quarter,Fisher,162,0.831780185474504,0.4782608695652174,0.002170878724626392,0.06138461927394073
996,final_quarter,Semantic,72,0.8506013248440417,0.3333333333333333,0.026241237378609554,0.05582417582417583
996,final_quarter,Temperature,72,0.8938516946427425,0.7777777777777778,-0.016718116920702297,0.07058608058608058
996,final_quarter,Fisher,72,0.7351919737603705,0.45454545454545453,0.025676892404656253,0.07999999999999999
997,final_quarter,Semantic,66,0.8794697839473959,0.75,-0.010836029641999789,0.06107226107226107
997,final_quarter,Temperature,66,0.8834359670180566,0.5555555555555556,-0.022279511533242872,0.05961538461538461
997,final_quarter,Fisher,66,0.9122429808996976,0.4,-0.0390773405698779,0.046794871794871795
998,final_quarter,Semantic,63,0.9009696620583717,0.5555555555555556,-0.0035306259600614482,0.06555944055944056
998,final_quarter,Temperature,63,0.7526401689708142,0.2727272727272727,0.015233774961597547,0.08094405594405595
998,final_quarter,Fisher,63,0.8353494623655915,0.5555555555555556,0.023778321812596013,0.07512820512820512
1,final_half,Semantic,75,0.8290469416785206,0.6,-0.0687211948790896,0.04714285714285714
1,final_half,Temperature,75,0.7374110953058322,0.3333333333333333,-0.0013527738264580368,0.0519047619047619
1,final_half,Fisher,75,0.8244950213371265,0.6,0.025324324324324316,0.057619047619047625
2,final_half,Semantic,65,0.7238199300699301,0.5555555555555556,0.02994536713286714,0.07389277389277388
2,final_half,Temperature,65,0.7566870629370629,0.4,-0.02980550699300699,0.04294871794871795
2,final_half,Fisher,65,0.8314685314685314,0.75,0.03507211538461538,0.07948717948717948
20,final_half,Semantic,71,0.8553655264922869,0.45454545454545453,-0.012585513078470825,0.04476190476190476
20,final_half,Temperature,71,0.9058014755197853,0.45454545454545453,0.044178403755868546,0.09772893772893772
20,final_half,Fisher,71,0.8965794768611668,0.45454545454545453,-0.004654594232059016,0.05010989010989011
26,final_half,Semantic,85,0.8043189368770763,0.6363636363636364,0.007460426030877468,0.07477941176470589
26,final_half,Temperature,85,0.5914012116474496,0.5,-0.02284053156146179,0.05227941176470589
26,final_half,Fisher,85,0.49861246824311123,0.2857142857142857,0.0451201876099277,0.07441176470588236
32,final_half,Semantic,97,0.5867215442878182,0.42857142857142855,0.01978618767094466,0.06642586859305125
32,final_half,Temperature,97,0.8300415527035556,0.42857142857142855,-0.020728355775299807,0.038304093567251465
32,final_half,Fisher,97,0.835090995160951,0.5384615384615384,0.013636124552913954,0.06355349157206742
47,final_half,Semantic,51,0.8276018099547512,0.5,-0.020891402714932124,0.031818181818181815
47,final_half,Temperature,51,0.8221719457013574,1.0,0.03133484162895928,0.07636363636363636
47,final_half,Fisher,51,0.7803619909502262,0.7142857142857143,-0.051886877828054304,0.0493939393939394
58,final_half,Semantic,60,0.2721311475409836,0.09090909090909091,-0.04809947207557656,0.05090909090909092
58,final_half,Temperature,60,0.3507085301472632,0.2,0.03151708808002224,0.06
58,final_half,Fisher,60,0.5600444567935539,0.3333333333333333,0.03434565156988052,0.07272727272727272
61,final_half,Semantic,74,0.90373935579415,0.6,0.018381340244353932,0.06963369963369963
61,final_half,Temperature,74,0.8067086264346537,0.6,-0.01557941503146982,0.07212454212454213
61,final_half,Fisher,74,0.924087375046279,0.7777777777777778,0.02118918918918919,0.06677655677655678
65,final_half,Semantic,91,0.8563624781016087,0.42857142857142855,0.03292005096352922,0.052390780873753005
65,final_half,Temperature,91,0.8009077878643096,0.42857142857142855,-0.060710304188565066,0.04917440660474716
65,final_half,Fisher,91,0.8379041248606467,0.6666666666666666,0.019312788660614748,0.05794633642930856
69,final_half,Semantic,68,0.8388746803069053,0.2727272727272727,0.024603962285757914,0.06089743589743589
69,final_half,Temperature,68,0.6167500095430773,0.4,0.005109363667595537,0.04294871794871794
69,final_half,Fisher,68,0.778371569263656,0.5555555555555556,-0.01821582623964576,0.0564102564102564
71,final_half,Semantic,53,0.6169166263505886,0.3333333333333333,-0.03897355265279793,0.038181818181818185
71,final_half,Temperature,53,0.8704241251411062,0.5,-0.005067731011127237,0.03636363636363637
71,final_half,Fisher,53,0.7481857764876633,0.5,0.008413965489437184,0.08545454545454544
73,final_half,Semantic,75,0.7298719772403982,0.23076923076923078,0.02522190611664296,0.07391941391941391
73,final_half,Temperature,75,0.8056614509246088,0.45454545454545453,0.008924608819345665,0.06010989010989011
73,final_half,Fisher,75,0.797610241820768,0.6,0.004795163584637269,0.06285714285714286
79,final_half,Semantic,54,0.6855345911949685,0.3333333333333333,-0.005161044406327422,0.05636363636363635
79,final_half,Temperature,54,0.912712025919573,0.7142857142857143,0.027486182580522194,0.07303030303030303
79,final_half,Fisher,54,0.8751286449399656,0.7142857142857143,-0.02907185058128454,0.08393939393939394
80,final_half,Semantic,79,0.6214946445959105,0.45454545454545453,-0.026297468354430375,0.053553113553113554
80,final_half,Temperature,79,0.7398977604673809,0.45454545454545453,0.012171372930866599,0.04095238095238095
80,final_half,Fisher,79,0.7761441090555016,0.3333333333333333,-0.01031280428432327,0.054029304029304025
83,final_half,Semantic,56,0.697881066302119,0.3333333333333333,0.013663704716336298,0.06636363636363636
83,final_half,Temperature,56,0.40533151059466854,0.09090909090909091,0.03751879699248121,0.03636363636363636
83,final_half,Fisher,56,0.6870813397129187,0.3333333333333333,0.06670881749829119,0.07969696969696968
101,final_half,Semantic,157,0.844432798516488,0.391304347826087,-0.00019443186822046683,0.05447775600167145
101,final_half,Temperature,157,0.8618138291604388,0.5238095238095238,-0.0038044455745818314,0.0693344751075563
101,final_half,Fisher,157,0.6033000700823002,0.18518518518518517,0.019100527787942127,0.06440277557073998
107,final_half,Semantic,111,0.8624692874692874,0.3333333333333333,0.00852930852930853,0.0662902315076228
107,final_half,Temperature,111,0.8229729729729729,0.6,0.0009547209547209539,0.0688876341050254
107,final_half,Fisher,111,0.7577220077220077,0.3333333333333333,0.00237846612846613,0.05654997176736307
108,final_half,Semantic,165,0.7597761333582669,0.25925925925925924,0.008450698581465549,0.049794932079414836
108,final_half,Temperature,165,0.7393957203536987,0.4166666666666667,-0.015457617610130097,0.062158479960899314
108,final_half,Fisher,165,0.9122458793043572,0.6190476190476191,-0.005892661555312157,0.06227538173728384
111,final_half,Semantic,47,0.7897779833487513,0.42857142857142855,0.008400786308973177,0.03333333333333334
111,final_half,Temperature,47,0.5415124884366328,0.42857142857142855,-0.0626676688251619,0.05694444444444445
111,final_half,Fisher,47,0.8427382053654024,0.6666666666666666,0.02726641998149861,0.04027777777777778
112,final_half,Semantic,106,0.7223467768345215,0.15789473684210525,0.0022626394941683238,0.06586466165413535
112,final_half,Temperature,106,0.820026702269693,0.375,-0.0036536766002468676,0.05979949874686717
112,final_half,Fisher,106,0.696027407612666,0.2222222222222222,0.035559865984835126,0.06618629908103593
115,final_half,Semantic,75,0.8523186344238975,0.45454545454545453,0.005571834992887622,0.0557142857142857
115,final_half,Temperature,75,0.8048079658605973,0.45454545454545453,-0.046788051209103836,0.05142857142857142
115,final_half,Fisher,75,0.8339687055476529,0.45454545454545453,0.05204551920341394,0.06391941391941391
116,final_half,Semantic,75,0.8252347083926032,0.45454545454545453,-0.02043243243243243,0.07725274725274725
116,final_half,Temperature,75,0.7948221906116641,0.3333333333333333,-0.001554765291607397,0.048571428571428564
116,final_half,Fisher,75,0.8191465149359886,0.45454545454545453,0.0014935988620199143,0.0745054945054945
117,final_half,Semantic,72,0.7974789375522543,0.6,0.010036015177824936,0.09047619047619046
117,final_half,Temperature,72,0.7429738246832595,0.3333333333333333,0.029717345166891763,0.06666666666666665
117,final_half,Fisher,72,0.5779149784552062,0.14285714285714285,-0.017427165734130813,0.04534798534798534
120,final_half,Semantic,78,0.8633012557063189,0.6,-0.0014580356352508228,0.08212454212454212
120,final_half,Temperature,78,0.8084953021661881,0.7777777777777778,0.012199193211851441,0.0663003663003663
120,final_half,Fisher,78,0.654295072016591,0.7777777777777778,-0.06319756193173914,0.05736263736263736
121,final_half,Semantic,63,0.7963709677419355,0.5555555555555556,0.018634792626728115,0.06923076923076923
121,final_half,Temperature,63,0.530385944700461,0.2727272727272727,-0.04171466973886327,0.09312354312354312
121,final_half,Fisher,63,0.6639304915514593,0.2727272727272727,-0.00014160906298002902,0.07948717948717948
122,final_half,Semantic,87,0.7055660858788364,0.6363636363636364,0.0009796238244514101,0.04852941176470589
122,final_half,Temperature,87,0.7067507472479405,0.6363636363636364,0.007651089888459574,0.04191176470588236
122,final_half,Fisher,87,0.768025078369906,0.5,-0.0011655245316031207,0.04558823529411765
126,final_half,Semantic,64,0.7477106227106227,0.4,-0.035995879120879114,0.05512820512820512
126,final_half,Temperature,64,0.8501373626373626,0.5555555555555556,-0.01293727106227106,0.04358974358974359
126,final_half,Fisher,64,0.8542582417582416,0.4,0.041501831501831496,0.07004662004662005
128,final_half,Semantic,64,0.7787087912087912,0.16666666666666666,0.06186126373626373,0.0694055944055944
128,final_half,Temperature,64,0.679120879120879,0.2727272727272727,0.016918498168498167,0.03461538461538462
128,final_half,Fisher,64,0.8366758241758241,0.75,0.0035851648351648375,0.08222610722610722
134,final_half,Semantic,49,0.8135714285714285,1.0,-0.04818877551020407,0.05000000000000001
134,final_half,Temperature,49,0.7816326530612243,0.6666666666666666,-0.053377551020408164,0.05277777777777778
134,final_half,Fisher,49,0.9620408163265305,0.42857142857142855,-0.017938775510204077,0.09503968253968255
135,final_half,Semantic,129,0.8161504919499106,0.4444444444444444,-0.025259671288014318,0.04752173913043479
135,final_half,Temperature,129,0.8000167710196782,0.3,-0.006753410107334526,0.06730105401844533
135,final_half,Fisher,129,0.7463998211091235,0.23809523809523808,-0.006551878354203939,0.05368840579710145
136,final_half,Semantic,68,0.7780280184753979,0.5555555555555556,0.006947360384776879,0.05722610722610723
136,final_half,Temperature,68,0.7422987364965454,0.5555555555555556,-0.019945031873878683,0.052564102564102565
136,final_half,Fisher,68,0.9222430049242278,0.75,-0.002070847807000807,0.08803418803418803
138,final_half,Semantic,70,0.6843320794331205,0.4,-0.011913218441081268,0.05483682983682984
138,final_half,Temperature,70,0.8026069460239699,1.0,0.001074271717260084,0.05128205128205129
138,final_half,Fisher,70,0.805546321406701,0.4,-0.025079170676231298,0.06876456876456875
140,final_half,Semantic,77,0.8660287081339713,0.6,0.0449234975550765,0.04523809523809523
140,final_half,Temperature,77,0.676165939323834,0.7777777777777778,-0.011266365213733637,0.06238095238095237
140,final_half,Fisher,77,0.6896261633103737,0.45454545454545453,-0.027016404647983598,0.05201465201465201
141,final_half,Semantic,60,0.6334537371492083,0.3333333333333333,-0.0031703250903028545,0.057272727272727274
141,final_half,Temperature,60,0.7459849958321757,0.2,-0.05589052514587386,0.041818181818181824
141,final_half,Fisher,60,0.8711864406779664,0.5,0.005382050569602668,0.041818181818181824
174,final_half,Semantic,69,0.88867373036171,0.5555555555555556,-0.05151077822433321,0.04615384615384614
174,final_half,Temperature,69,0.8028863719400805,0.5555555555555556,-0.028147606868834496,0.051923076923076926
174,final_half,Fisher,69,0.7854219948849105,0.5555555555555556,0.035082206795761794,0.05192307692307692
178,final_half,Semantic,62,0.8993729697061267,0.5555555555555556,-0.04757875651582685,0.08607226107226107
178,final_half,Temperature,62,0.8109339981365365,0.4,0.029261413714084267,0.06107226107226107
178,final_half,Fisher,62,0.8769106796605476,0.5555555555555556,-0.00774848278814434,0.04358974358974359
181,final_half,Semantic,84,0.8220512301306064,0.8,0.052070466740913236,0.0773529411764706
181,final_half,Temperature,84,0.3677837400020249,0.2857142857142857,0.005405487496203297,0.06845588235294117
181,final_half,Fisher,84,0.8389996962640478,0.6363636363636364,-0.0515723397792852,0.04852941176470589
183,final_half,Semantic,57,0.7244620171117448,0.7142857142857143,0.0055613170858180025,0.10181818181818181
183,final_half,Temperature,57,0.6460980036297642,0.5,-0.008403551983406792,0.07636363636363637
183,final_half,Fisher,57,0.8534482758620691,0.7142857142857143,-0.010584651283380868,0.041818181818181824
193,final_half,Semantic,47,0.7419056429232193,0.42857142857142855,0.005556197964847362,0.05
193,final_half,Temperature,47,0.7827243293246994,0.25,0.023878353376503236,0.09027777777777779
193,final_half,Fisher,47,0.8455134135060131,0.6666666666666666,0.006267345050878817,0.03888888888888888
195,final_half,Semantic,53,0.7617319787131108,0.5,0.03754636348975971,0.05181818181818182
195,final_half,Temperature,53,0.6184486373165617,0.5,-0.017960812772133527,0.06303030303030302
195,final_half,Fisher,53,0.8293823576842445,0.5,-0.00691823899371069,0.0593939393939394
199,final_half,Semantic,126,0.8005789276340459,0.4444444444444444,0.005197150356205473,0.060210144927536235
199,final_half,Temperature,126,0.8521184851893514,0.3,-0.009869966254218224,0.06746376811594203
199,final_half,Fisher,126,0.8937772778402701,0.7333333333333333,0.03097952755905512,0.04535507246376812
201,final_half,Semantic,205,0.7987059659288769,0.5555555555555556,-0.006655848226100764,0.05349221641904569
201,final_half,Temperature,205,0.6712066972183142,0.4482758620689655,-0.005146745413770527,0.06669991112866594
201,final_half,Fisher,205,0.8575866055633714,0.68,0.00406304411416473,0.06571651787010843
204,final_half,Semantic,147,0.8421521885318363,0.6666666666666666,0.012761524454283751,0.05471138057344954
204,final_half,Temperature,147,0.8214909066181082,0.5789473684210527,-0.007646072127481128,0.039313081554460866
204,final_half,Fisher,147,0.7577843429115445,0.6666666666666666,0.0205604122433868,0.056957601785187995
205,final_half,Semantic,88,0.862791025324927,0.38461538461538464,-0.018158923602550104,0.05522058823529412
205,final_half,Temperature,88,0.8821985840583285,0.5,0.002189074002324686,0.08977941176470589
205,final_half,Fisher,88,0.7626184354196753,0.2,-0.005272797717586556,0.04522058823529412
210,final_half,Semantic,59,0.6421390999415546,0.5,0.02127118644067796,0.07757575757575758
210,final_half,Temperature,59,0.6807130333138516,0.3333333333333333,0.042694330800701355,0.05
210,final_half,Fisher,59,0.8841613091759207,0.5,-0.01753068381063707,0.08545454545454544
216,final_half,Semantic,75,0.7250924608819346,0.45454545454545453,0.02170412517780938,0.05963369963369962
216,final_half,Temperature,75,0.5828165007112376,0.14285714285714285,-0.013614509246088197,0.08333333333333331
216,final_half,Fisher,75,0.7281650071123754,0.6,0.011704125177809385,0.07164835164835165
236,final_half,Semantic,66,0.76077653689594,0.75,0.007575409664961905,0.06346153846153844
236,final_half,Temperature,66,0.8885711303621754,0.4,0.035793758480325656,0.06346153846153846
236,final_half,Fisher,66,0.7287130779668094,0.5555555555555556,-0.00724976516021292,0.04038461538461539
237,final_half,Semantic,57,0.4025149079595541,0.3333333333333333,0.04458452164894996,0.02363636363636364
237,final_half,Temperature,57,0.7203785325382422,0.3333333333333333,-0.04866476536168006,0.06181818181818181
237,final_half,Fisher,57,0.6863494944257196,0.2,0.04521324863883848,0.0809090909090909
239,final_half,Semantic,53,0.5178197064989517,0.2,0.010107240767618129,0.06939393939393938
239,final_half,Temperature,53,0.854458958232543,0.5,0.030349943557490728,0.07878787878787877
239,final_half,Fisher,53,0.7006128043863894,0.2,-0.013517980970811163,0.05181818181818182
245,final_half,Semantic,114,0.8588525951276808,0.5,-0.0057394544460420025,0.0494635798983625
245,final_half,Temperature,114,0.8743079322006441,0.5,-0.005545452704481475,0.057459062676453974
245,final_half,Fisher,114,0.7666956926753206,0.6,-0.030474068973896845,0.05203274985883681
247,final_half,Semantic,68,0.6374775737679886,0.5555555555555556,0.04334465778524259,0.0685897435897436
247,final_half,Temperature,68,0.6358361644463105,0.5555555555555556,-0.020529068213917624,0.045687645687645675
247,final_half,Fisher,68,0.645684620376379,0.2727272727272727,-0.009722487307706987,0.045046620046620044
259,final_half,Semantic,55,0.846897546897547,0.7142857142857143,-0.006367243867243869,0.05
259,final_half,Temperature,55,0.8261183261183263,1.0,-0.001991341991341989,0.05636363636363637
259,final_half,Fisher,55,0.8675324675324677,0.7142857142857143,-0.015851370851370852,0.06636363636363636
264,final_half,Semantic,61,0.7706504494976202,0.4,0.0024537281861448947,0.04743589743589743
264,final_half,Temperature,61,0.7525118984664197,0.2727272727272727,-0.013844526705446853,0.04889277389277389
264,final_half,Fisher,61,0.8739820200951876,0.5555555555555556,-0.03698572184029613,0.047435897435897434
265,final_half,Semantic,101,0.8421432731508445,0.375,0.020475247524752473,0.06329156223893066
265,final_half,Temperature,101,0.7601863715783342,0.29411764705882354,-0.008970879440885265,0.04983709273182957
265,final_half,Fisher,101,0.8948631333721606,0.5714285714285714,-0.005757134536983106,0.038809523809523815
270,final_half,Semantic,66,0.8053230351737816,0.2727272727272727,-0.048740215008871726,0.06666666666666665
270,final_half,Temperature,66,0.8190585533869117,0.4,-0.020726437741363114,0.05961538461538461
270,final_half,Fisher,66,0.8507045193612359,0.4,-0.053349337229934256,0.04230769230769231
271,final_half,Semantic,69,0.8670807453416151,0.5555555555555556,-0.0008805261234928745,0.0423076923076923
271,final_half,Temperature,69,0.6884910485933505,0.4,-0.034157837047862634,0.04825174825174825
271,final_half,Fisher,69,0.8279503105590064,0.5555555555555556,0.007298136645962733,0.04358974358974359
276,final_half,Semantic,121,0.8288240075870477,0.7333333333333333,-0.020846768730524316,0.058210144927536234
276,final_half,Temperature,121,0.8480219482454949,0.625,0.009050602899336128,0.062376811594202886
276,final_half,Fisher,121,0.8497087115566994,0.8571428571428571,-0.007701192250372577,0.06471014492753623
281,final_half,Semantic,81,0.8321364046973803,0.5,-0.0019975158084914136,0.039411764705882354
281,final_half,Temperature,81,0.857520325203252,0.38461538461538464,-0.014874661246612464,0.05808823529411765
281,final_half,Fisher,81,0.8055781391147245,0.2857142857142857,-0.052136404697380304,0.036397058823529414
293,final_half,Semantic,61,0.8742464304600738,1.0,0.0070756213643574815,0.0794871794871795
293,final_half,Temperature,61,0.8298254891591749,0.75,-0.02447117927022739,0.09004662004662005
293,final_half,Fisher,61,0.7844526705446853,0.75,-0.003231094658910629,0.05076923076923077
315,final_half,Semantic,84,0.6966690290574061,0.5,-0.025235395362964465,0.06073529411764707
315,final_half,Temperature,84,0.8205932975599879,0.8,0.003945530019236609,0.06987394957983192
315,final_half,Fisher,84,0.7860078971347576,0.8,-0.0017707806013971933,0.05720588235294118
324,final_half,Semantic,75,0.7470839260312944,0.6,0.012738264580369838,0.06523809523809523
324,final_half,Temperature,75,0.6559886201991465,0.45454545454545453,-0.005108108108108106,0.039157509157509165
324,final_half,Fisher,75,0.8398293029871978,0.6,0.004550497866287341,0.048095238095238094
325,final_half,Semantic,90,0.7098242581388647,0.2,0.06333539120055974,0.05558823529411765
325,final_half,Temperature,90,0.8190393875787133,0.38461538461538464,0.0037230933860147365,0.0657563025210084
325,final_half,Fisher,90,0.772827921142528,0.5,-0.00015886734987858656,0.06272058823529411
336,final_half,Semantic,68,0.7692483872199105,0.4,0.010945909837004242,0.05833333333333333
336,final_half,Temperature,68,0.8634958201320762,0.5555555555555556,0.0035920143527884835,0.04807692307692307
336,final_half,Fisher,68,0.8136809558346375,0.4,-0.019962209413291604,0.07004662004662006
340,final_half,Semantic,60,0.8168935815504309,0.5,0.04258682967490971,0.05636363636363636
340,final_half,Temperature,60,0.8267852181161436,0.3333333333333333,-0.027657682689636014,0.04636363636363637
340,final_half,Fisher,60,0.8779105307029732,0.3333333333333333,0.00779938871908864,0.06636363636363635
346,final_half,Semantic,69,0.8302155644866644,0.4,-0.06070697844355135,0.039102564102564095
346,final_half,Temperature,69,0.8101936426744613,0.2727272727272727,0.016569236390208263,0.03461538461538462
346,final_half,Fisher,69,0.8396784800876872,0.4,-0.018763244428206073,0.04807692307692308
352,final_half,Semantic,89,0.7257235274089208,0.38461538461538464,0.05778515491998639,0.05183823529411765
352,final_half,Temperature,89,0.8066564521620703,0.2,0.0023638066053796375,0.07024159663865545
352,final_half,Fisher,89,0.9001872659176031,0.6363636363636364,0.003768300987402111,0.08024159663865546
357,final_half,Semantic,94,0.7993859047068598,0.25,-0.015795975869667307,0.07909356725146198
357,final_half,Temperature,94,0.8820937037170827,0.3333333333333333,0.020361954990427332,0.06028551771585826
357,final_half,Fisher,94,0.8116100133656035,0.5384615384615384,0.005716143481559079,0.051169590643274844
360,final_half,Semantic,55,0.8073593073593075,0.7142857142857143,0.044300144300144305,0.05818181818181819
360,final_half,Temperature,55,0.8696248196248197,0.7142857142857143,-0.07703102453102455,0.05636363636363636
360,final_half,Fisher,55,0.9143578643578646,0.7142857142857143,-0.010609668109668116,0.07939393939393938
363,final_half,Semantic,71,0.9483232729711603,0.6,-0.009022468142186449,0.01714285714285714
363,final_half,Temperature,71,0.7913816230717639,0.6,0.01059356136820926,0.055824175824175815
363,final_half,Fisher,71,0.8847082494969818,0.6,0.014384641180415828,0.06190476190476191
368,final_half,Semantic,69,0.7402265253927659,0.4,-0.035429302155644875,0.046794871794871795
368,final_half,Temperature,69,0.8666057727438803,0.16666666666666666,-0.04131165509682134,0.0488927738927739
368,final_half,Fisher,69,0.7616368286445013,0.2727272727272727,0.02604128607964925,0.04294871794871795
369,final_half,Semantic,91,0.7633062589584328,0.6666666666666666,-0.01990364707756012,0.04717922256621946
369,final_half,Temperature,91,0.6519509476031216,0.5384615384615384,-0.015736582258321384,0.04917440660474716
369,final_half,Fisher,91,0.6289855072463768,0.42857142857142855,0.005875139353400223,0.05209838321293429
387,final_half,Semantic,206,0.84429504404795,0.6153846153846154,0.0010463061152350673,0.05282969797090466
387,final_half,Temperature,206,0.8106751502297631,0.5555555555555556,-0.010143897977603667,0.061528406801192426
387,final_half,Fisher,206,0.8220963872787737,0.4,-0.0036444316321592916,0.05740816628814062
403,final_half,Semantic,58,0.6146913162508845,0.3333333333333333,-0.02235380971423298,0.05636363636363636
403,final_half,Temperature,58,0.7433941370082132,0.3333333333333333,-0.0013196345627364769,0.0806060606060606
403,final_half,Fisher,58,0.4028115291150144,0.09090909090909091,0.0230674582423329,0.04090909090909091
407,final_half,Semantic,79,0.7248296007789679,0.6,-0.03687195715676729,0.048571428571428564
407,final_half,Temperature,79,0.7390457643622201,0.45454545454545453,0.022463485881207404,0.06571428571428571
407,final_half,Fisher,79,0.7535783836416748,0.45454545454545453,0.023584469328140213,0.04095238095238095
410,final_half,Semantic,65,0.8409965034965036,0.5555555555555556,-0.02730550699300699,0.052564102564102565
410,final_half,Temperature,65,0.8929632867132867,0.5555555555555556,-0.028343531468531462,0.06025641025641025
410,final_half,Fisher,65,0.7794143356643356,0.4,-0.0015952797202797206,0.06346153846153846
417,final_half,Semantic,82,0.7819135621075087,0.38461538461538464,0.05784329730847508,0.06735294117647059
417,final_half,Temperature,82,0.5868569127458343,0.38461538461538464,-0.015388382799490646,0.05522058823529412
417,final_half,Fisher,82,0.7963670399756207,0.6363636363636364,0.00855454337675907,0.05735294117647059
418,final_half,Semantic,137,0.872295443089962,0.47368421052631576,0.0007063583922937627,0.05357834757834758
418,final_half,Temperature,137,0.8159407844381802,0.47368421052631576,0.0021034405510855564,0.06301424501424502
418,final_half,Fisher,137,0.793324248137846,0.47368421052631576,0.004955242966751915,0.060059829059829054
419,final_half,Semantic,57,0.9083484573502724,0.7142857142857143,0.005016852476017625,0.07636363636363637
419,final_half,Temperature,57,0.7950479647394348,0.5,0.035928182525278705,0.05636363636363637
419,final_half,Fisher,57,0.8607726212081931,0.5,0.10601179673321234,0.06909090909090908
420,final_half,Semantic,67,0.7549684731423099,0.2727272727272727,-0.011994173517439541,0.06346153846153846
420,final_half,Temperature,67,0.8730944209434114,0.75,0.03973381754329955,0.047435897435897434
420,final_half,Fisher,67,0.7773565328438025,0.2727272727272727,-0.006919945725915877,0.07692307692307691
424,final_half,Semantic,126,0.8172148481439822,0.625,0.017835770528683917,0.05058695652173913
424,final_half,Temperature,126,0.828517435320585,0.625,-0.025450318710161245,0.06673188405797101
424,final_half,Fisher,126,0.8184386951631046,0.7333333333333333,0.036863892013498316,0.05802173913043478
430,final_half,Semantic,88,0.8586876122714946,0.5,-0.01999753442992498,0.03389705882352941
430,final_half,Temperature,88,0.8893487372758975,0.8,-0.02425856785601071,0.04602941176470589
430,final_half,Fisher,88,0.8831672008735163,0.5,0.018936458736923678,0.06183823529411765
432,final_half,Semantic,80,0.8973277074542898,0.7777777777777778,0.019222925457102677,0.047619047619047616
432,final_half,Temperature,80,0.8713314580403189,0.6,0.030881387716830754,0.05582417582417583
432,final_half,Fisher,80,0.8359587435536804,0.45454545454545453,0.00027191748710736485,0.052857142857142846
441,final_half,Semantic,53,0.7302048056765038,1.0,-0.05589824221899694,0.05454545454545454
441,final_half,Temperature,53,0.810756329624254,0.2,-0.003938880825673278,0.06636363636363636
441,final_half,Fisher,53,0.924770198355104,0.7142857142857143,0.018041444928237383,0.07212121212121211
442,final_half,Semantic,104,0.8777552544542837,0.5714285714285714,0.024279846367225,0.07071010860484545
442,final_half,Temperature,104,0.8792168996052492,0.5714285714285714,0.047029232903019316,0.08646198830409359
442,final_half,Fisher,104,0.886429104875707,0.375,0.0021673957110850293,0.06296992481203009
443,final_half,Semantic,77,0.8820653031179346,0.3333333333333333,-0.039973184710026796,0.04095238095238095
443,final_half,Temperature,77,0.5613071139386928,0.23076923076923078,0.03936326831063673,0.06677655677655678
443,final_half,Fisher,77,0.5979020979020978,0.14285714285714285,-0.024737105000262893,0.05809523809523809
444,final_half,Semantic,70,0.7283877176100079,0.75,-0.02081357711486309,0.046794871794871795
444,final_half,Temperature,70,0.6873064473799317,0.5555555555555556,-0.03165252383868427,0.0673076923076923
444,final_half,Fisher,70,0.8873239436619718,0.75,0.020496894409937887,0.07243589743589744
445,final_half,Semantic,112,0.7831004202685619,0.4117647058823529,-0.005520295896402098,0.06950875211744777
445,final_half,Temperature,112,0.6861396795025113,0.2631578947368421,-0.006731130624935933,0.058328627893845277
445,final_half,Fisher,112,0.7662469675744011,0.14285714285714285,-0.0005894010318789038,0.047261434217955964
447,final_half,Semantic,133,0.7936003509452056,0.2727272727272727,0.004079482967935441,0.05097720797720797
447,final_half,Temperature,133,0.7943654931086195,0.3333333333333333,-0.04222539047755072,0.05238461538461538
447,final_half,Fisher,133,0.8051744014037807,0.4,-0.00878179165688985,0.053008547008547
451,final_half,Semantic,58,0.9020578916607709,0.5,0.021809345104432623,0.1284848484848485
451,final_half,Temperature,58,0.8083607616352396,0.5,-0.006948844935248703,0.05090909090909092
451,final_half,Fisher,58,0.7734781137531146,0.5,-0.02480851456519733,0.041818181818181824
461,final_half,Semantic,56,0.7511278195488722,0.7142857142857143,-0.014863294600136712,0.059999999999999984
461,final_half,Temperature,56,0.5591934381408067,0.3333333333333333,0.007607655502392353,0.07545454545454544
461,final_half,Fisher,56,0.5929596719070404,0.7142857142857143,0.05231715652768285,0.06393939393939393
467,final_half,Semantic,56,0.7786056049213944,0.3333333333333333,-0.0054511278195488785,0.05454545454545454
467,final_half,Temperature,56,0.7874914559125087,0.5,-0.008004101161995897,0.07545454545454545
467,final_half,Fisher,56,0.7215994531784006,0.5,-0.016777170198222828,0.0609090909090909
469,final_half,Semantic,54,0.895864303411473,0.5,-0.011225462168858396,0.07181818181818181
469,final_half,Temperature,54,0.5532685344006099,0.7142857142857143,0.0017991233085572697,0.04636363636363637
469,final_half,Fisher,54,0.802858776443682,0.3333333333333333,0.02800457404230989,0.06999999999999999
474,final_half,Semantic,47,0.7613320999074932,0.6666666666666666,0.023201896392229415,0.0763888888888889
474,final_half,Temperature,47,0.6783071230342277,0.6666666666666666,0.022664199814986123,0.08194444444444444
474,final_half,Fisher,47,0.6833950046253469,1.0,0.004868177613320998,0.05277777777777778
479,final_half,Semantic,90,0.7938017039140635,0.6363636363636364,-0.020526814009960072,0.07531512605042016
479,final_half,Temperature,90,0.7602173107791086,0.38461538461538464,-0.007402559986829649,0.030147058823529416
479,final_half,Fisher,90,0.8594229740297155,0.8,0.06715726221344201,0.07987394957983193
485,final_half,Semantic,79,0.8630477117818891,0.45454545454545453,-0.026181840311587146,0.06677655677655678
485,final_half,Temperature,79,0.8464703018500487,0.6,-0.009179649464459597,0.06190476190476189
485,final_half,Fisher,79,0.858763388510224,0.45454545454545453,0.023405550146056477,0.051428571428571435
486,final_half,Semantic,145,0.8727326405290505,0.5,0.0006512753897024084,0.055062944718117124
486,final_half,Temperature,145,0.8676350181073845,0.5789473684210527,-0.008274877971972917,0.06153530377668309
486,final_half,Fisher,145,0.8367264997638166,0.5789473684210527,0.00739666981577704,0.05460864805692393
488,final_half,Semantic,73,0.877082562014069,0.45454545454545453,-0.021192768110576334,0.07249084249084249
488,final_half,Temperature,73,0.7805750956435888,0.7777777777777778,0.010580957669998765,0.0701098901098901
488,final_half,Fisher,73,0.7822719980254228,0.45454545454545453,0.055266567937800826,0.0639194139194139
513,final_half,Semantic,71,0.7578135479543929,0.7777777777777778,0.024502012072434604,0.07212454212454211
513,final_half,Temperature,71,0.7960429242119382,0.7777777777777778,0.040025150905432585,0.07175824175824176
513,final_half,Fisher,71,0.7497652582159623,0.45454545454545453,0.002315560026827627,0.06999999999999998
515,final_half,Semantic,56,0.6699931647300069,0.3333333333333333,-0.05165071770334928,0.07181818181818181
515,final_half,Temperature,56,0.8465481886534518,0.3333333333333333,-0.005355434039644568,0.05636363636363636
515,final_half,Fisher,56,0.8190704032809297,0.5,0.021527682843472316,0.09666666666666665
521,final_half,Semantic,67,0.7574427328597654,0.4,0.003775241439859525,0.0770979020979021
521,final_half,Temperature,67,0.7565248623194191,0.5555555555555556,0.03613815947002954,0.08222610722610722
521,final_half,Fisher,67,0.6939101285018756,0.5555555555555556,-0.006640593822332194,0.05128205128205128
525,final_half,Semantic,99,0.7744465058750772,0.8181818181818182,0.0017377860235003116,0.045884932920536636
525,final_half,Temperature,99,0.6701917130488558,0.25,-0.004256029684601111,0.06905744754041968
525,final_half,Fisher,99,0.8203463203463203,0.42857142857142855,-0.027435374149659863,0.06584107327141384
526,final_half,Semantic,130,0.8298925289161396,0.5294117647058824,0.00873834136749102,0.04954347826086957
526,final_half,Temperature,130,0.8222179737535675,0.4444444444444444,-0.02116238102391129,0.05221014492753623
526,final_half,Fisher,130,0.9063540400660941,0.4444444444444444,0.0024260880252359044,0.04752173913043479
529,final_half,Semantic,94,0.8902575587905934,0.5384615384615384,0.021559802044576092,0.05209838321293429
529,final_half,Temperature,94,0.7912220496333491,0.5384615384615384,-0.026345410540765092,0.0711343309253526
529,final_half,Fisher,94,0.8180977495213669,0.42857142857142855,-0.012666257269804576,0.05706914344685241
534,final_half,Semantic,60,0.7398166157265907,0.5,-0.07127535426507366,0.031818181818181815
534,final_half,Temperature,60,0.8584051125312588,0.3333333333333333,-0.038130036121144774,0.05484848484848485
534,final_half,Fisher,60,0.8623506529591556,0.5,-0.01746318421783829,0.04727272727272728
536,final_half,Semantic,125,0.8791889400921659,1.0,0.008032872503840244,0.05425757575757576
536,final_half,Temperature,125,0.8497142857142856,0.625,-0.01596958525345622,0.05821014492753622
536,final_half,Fisher,125,0.8709124423963133,0.7333333333333333,0.007212288786482333,0.04933333333333334
546,final_half,Semantic,175,0.7803224361845053,0.2,-0.018673645320197045,0.04780939648586707
546,final_half,Temperature,175,0.8914487236901031,0.2857142857142857,-0.014604120017913119,0.06000954927425515
546,final_half,Fisher,175,0.6874720107478728,0.16129032258064516,-0.020540304523063147,0.05055863254392665
549,final_half,Semantic,175,0.7867308553515451,0.5652173913043478,0.025498768472906407,0.05812929717341481
549,final_half,Temperature,175,0.7889744738020601,0.5,0.006218316166592029,0.06024270558663347
549,final_half,Fisher,175,0.8023645320197046,0.44,-0.01602664576802508,0.06305003819709702
554,final_half,Semantic,51,0.7902262443438913,0.5,-0.014230769230769227,0.06999999999999999
554,final_half,Temperature,51,0.7516742081447964,0.2,-0.047,0.0609090909090909
554,final_half,Fisher,51,0.6408144796380091,0.3333333333333333,0.006850678733031671,0.09
557,final_half,Semantic,75,0.5601706970128022,0.3333333333333333,-0.03168136557610242,0.052967032967032965
557,final_half,Temperature,75,0.7029871977240398,0.23076923076923078,-0.0474850640113798,0.05249084249084248
557,final_half,Fisher,75,0.7109246088193457,0.45454545454545453,0.02057467994310099,0.054761904761904755
561,final_half,Semantic,152,0.7690867214784135,0.6,0.018334768553639653,0.04917397931858443
561,final_half,Temperature,152,0.8680280756429445,0.45454545454545453,-0.01231521538556168,0.05778725332674165
561,final_half,Fisher,152,0.8771929824561402,0.5238095238095238,0.010337515975368883,0.05049843741723607
562,final_half,Semantic,53,0.9013062409288825,0.5,-0.020387840670859535,0.042727272727272725
562,final_half,Temperature,53,0.6538461538461539,0.5,0.025604741170778905,0.05636363636363636
562,final_half,Fisher,53,0.8397032736655378,0.3333333333333333,-0.0235002418964683,0.05181818181818182
565,final_half,Semantic,125,0.8156313364055299,0.4444444444444444,0.016803379416282644,0.036833333333333336
565,final_half,Temperature,125,0.8316313364055299,0.4444444444444444,0.029875268817204304,0.06906521739130433
565,final_half,Fisher,125,0.8114654377880183,0.5294117647058824,-0.027565284178187398,0.06963043478260869
566,final_half,Semantic,60,0.8400111141983886,0.3333333333333333,-0.04961656015559879,0.03727272727272727
566,final_half,Temperature,60,0.7783273131425398,0.5,0.010836343428730206,0.05454545454545454
566,final_half,Fisher,60,0.7478188385662685,0.5,0.020900250069463746,0.0809090909090909
580,final_half,Semantic,82,0.7789749785048051,0.38461538461538464,0.0362860656719017,0.07139705882352941
580,final_half,Temperature,82,0.7697456492637217,0.5,-0.028471610017304992,0.0544327731092437
580,final_half,Fisher,82,0.8237067511237363,0.6363636363636364,0.010964181930975942,0.06970588235294117
583,final_half,Semantic,81,0.6764001806684733,0.5,0.05388775971093045,0.07522058823529412
583,final_half,Temperature,81,0.7456865401987353,0.38461538461538464,-0.009805781391147251,0.06477941176470589
583,final_half,Fisher,81,0.4682475158084914,0.38461538461538464,-0.007895212285456187,0.045220588235294124
588,final_half,Semantic,68,0.9333511470779096,0.5555555555555556,0.01654197045463221,0.05658508158508159
588,final_half,Temperature,68,0.7502767492460968,0.4,0.022956827117608887,0.04294871794871795
588,final_half,Fisher,68,0.730159941978089,0.5555555555555556,0.010606176279726685,0.05273892773892773
596,final_half,Semantic,60,0.6845234787440957,0.3333333333333333,-0.0005612670186162842,0.05090909090909092
596,final_half,Temperature,60,0.8649624895804391,0.5,0.045659905529313705,0.04272727272727273
596,final_half,Fisher,60,0.9051958877465964,1.0,-0.040147263128646846,0.031818181818181815
600,final_half,Semantic,81,0.7418021680216802,0.38461538461538464,0.011377597109304423,0.05558823529411765
600,final_half,Temperature,81,0.843947606142728,0.5,0.009249096657633238,0.06470588235294118
600,final_half,Fisher,81,0.767728093947606,0.38461538461538464,-0.008329945799457993,0.06477941176470589
604,final_half,Semantic,52,0.781097925382054,0.5,-0.0230214291812516,0.0609090909090909
604,final_half,Temperature,52,0.869973533680526,0.5,0.04037821224280714,0.09878787878787877
604,final_half,Fisher,52,0.8404337061384787,0.2,-0.00022624434389139635,0.03727272727272727
621,final_half,Semantic,72,0.7905009968486721,0.45454545454545453,-0.016975368190880448,0.06296703296703296
621,final_half,Temperature,72,0.7572512701781466,0.23076923076923078,0.025358543957810793,0.03809523809523809
621,final_half,Fisher,72,0.6956074345617083,0.45454545454545453,-0.03542671554440801,0.04047619047619048
622,final_half,Semantic,71,0.7547954393024815,0.45454545454545453,-0.0022853789403085127,0.05249084249084248
622,final_half,Temperature,71,0.7033534540576794,0.3333333333333333,-0.002545271629778671,0.05428571428571429
622,final_half,Fisher,71,0.6553990610328638,0.3333333333333333,0.005224681421864516,0.09677655677655676
628,final_half,Semantic,77,0.9288606130711393,1.0,0.010471107839528893,0.06677655677655678
628,final_half,Temperature,77,0.9085125400914873,1.0,-0.020741101004258893,0.07391941391941391
628,final_half,Fisher,77,0.5955886219044113,0.14285714285714285,-0.02843998107156002,0.04534798534798534
630,final_half,Semantic,130,0.8990017615971814,0.625,0.024069972278742018,0.06448287220026351
630,final_half,Temperature,130,0.6427480916030534,0.3684210526315789,0.0393620013928908,0.07201119894598156
630,final_half,Fisher,130,0.854817080664764,0.5294117647058824,0.003952259350803643,0.05498945981554677
632,final_half,Semantic,78,0.863604749680699,0.45454545454545453,0.02626108069146043,0.0680952380952381
632,final_half,Temperature,78,0.8531847898936505,0.3333333333333333,0.033757381858647684,0.06249084249084249
632,final_half,Fisher,78,0.7842663665448476,0.45454545454545453,-0.0046662198560932745,0.06619047619047617
635,final_half,Semantic,106,0.9043252638738444,0.4666666666666667,0.001043907600070534,0.054598997493734334
635,final_half,Temperature,106,0.8452275990629015,0.4666666666666667,-0.03495982064135829,0.0787218045112782
635,final_half,Fisher,106,0.8835478751542938,0.375,-0.013946645842255087,0.0543233082706767
642,final_half,Semantic,57,0.7633523463831995,0.5,-0.02053085299455535,0.06999999999999999
642,final_half,Temperature,57,0.26069484054965003,0.2,0.00189914441275602,0.046363636363636364
642,final_half,Fisher,57,0.724008296603578,0.2,-0.008183173450868553,0.045454545454545456
645,final_half,Semantic,98,0.7802599952820864,0.42857142857142855,-0.006559812303553099,0.06291709666322669
645,final_half,Temperature,98,0.8376400232070335,0.5384615384615384,-0.018853802064405893,0.0433264533883729
645,final_half,Fisher,98,0.7248818927758544,0.5384615384615384,-0.0539276629114626,0.054678362573099416
647,final_half,Semantic,74,0.46313217326915945,0.14285714285714285,0.022889300259163265,0.06238095238095237
647,final_half,Temperature,74,0.7846427249166973,0.6,-0.04422213994816733,0.041428571428571426
647,final_half,Fisher,74,0.8190892262125138,0.7777777777777778,0.006711588300629392,0.06391941391941391
651,final_half,Semantic,105,0.6414057640472735,0.15789473684210525,0.006068318473978848,0.046666666666666655
651,final_half,Temperature,105,0.8178934273273896,0.4666666666666667,-0.004485278872071329,0.07562656641604011
651,final_half,Fisher,105,0.7306137258967447,0.29411764705882354,0.015466514617458012,0.06273182957393485
658,final_half,Semantic,51,0.8625339366515837,0.7142857142857143,-0.017529411764705884,0.07545454545454545
658,final_half,Temperature,51,0.906606334841629,0.7142857142857143,-0.01377828054298642,0.0709090909090909
658,final_half,Fisher,51,0.7332126696832579,0.5,-0.018190045248868778,0.05636363636363636
662,final_half,Semantic,167,0.7640321766106343,0.5454545454545454,0.011328805384068354,0.06114430596285434
662,final_half,Temperature,167,0.3213332371401775,0.1724137931034483,-0.0023519226607026855,0.054184384164222874
662,final_half,Fisher,167,0.8453523246106754,0.6190476190476191,-0.004489214342399538,0.05254582111436949
664,final_half,Semantic,82,0.886570672935645,0.6363636363636364,0.01661061590535584,0.07727941176470589
664,final_half,Temperature,82,0.7300421196983056,0.6363636363636364,0.023325823619681985,0.07102941176470588
664,final_half,Fisher,82,0.7774512684885885,0.6363636363636364,-0.012325725666895226,0.061102941176470596
667,final_half,Semantic,101,0.8479673849737914,0.5714285714285714,0.010479906814210835,0.0720593149540518
667,final_half,Temperature,101,0.8029702970297029,0.8333333333333334,0.02532382061735585,0.051190476190476196
667,final_half,Fisher,101,0.7967035527082119,0.5714285714285714,0.012605707629586488,0.05035087719298246
672,final_half,Semantic,72,0.8825004823461317,0.45454545454545453,0.007455463373850413,0.05688644688644688
672,final_half,Temperature,72,0.8427230046948357,0.45454545454545453,0.012134220850215451,0.059047619047619036
672,final_half,Fisher,72,0.8765193903144898,0.7777777777777778,0.01297350311917165,0.059047619047619036
677,final_half,Semantic,60,0.6810225062517368,0.5,0.007374270630730763,0.05909090909090908
677,final_half,Temperature,60,0.7949430397332594,0.5,-0.013036954709641568,0.04727272727272727
677,final_half,Fisher,60,0.8088357877188109,0.7142857142857143,0.0025395943317588236,0.057272727272727274
688,final_half,Semantic,72,0.6206830021223231,0.45454545454545453,-0.005505177181812338,0.05523809523809523
688,final_half,Temperature,72,0.9067464145604219,0.7777777777777778,-0.009793234291594316,0.06963369963369963
688,final_half,Fisher,72,0.8034921859926685,0.6,0.007968358093768089,0.07391941391941391
689,final_half,Semantic,85,0.7615204221223374,0.6363636363636364,-0.033538205980066446,0.049705882352941176
689,final_half,Temperature,85,0.7729724447918703,0.5,-0.003113152237639242,0.04994747899159664
689,final_half,Fisher,85,0.8267148719953098,0.38461538461538464,-0.03304572991987493,0.055514705882352945
698,final_half,Semantic,140,0.4947847193369925,0.2727272727272727,0.0031722463974109493,0.06915669515669516
698,final_half,Temperature,140,0.6518160547549804,0.2727272727272727,-0.015548971157420575,0.05432478632478632
698,final_half,Fisher,140,0.7512409525267325,0.5555555555555556,-0.009338304432441893,0.053435897435897425
710,final_half,Semantic,104,0.7861410434225969,0.5714285714285714,0.015449695935132832,0.0648370927318296
710,final_half,Temperature,104,0.7377573882428252,0.375,-0.032324229168889364,0.0573015873015873
710,final_half,Fisher,104,0.778363384188627,0.4666666666666667,0.010860450229382266,0.07058897243107772
717,final_half,Semantic,153,0.8440787798372936,0.45454545454545453,-0.017834861217214153,0.046818687430478304
717,final_half,Temperature,153,0.8446081781995094,0.5238095238095238,0.0024844866176135525,0.03808676307007786
717,final_half,Fisher,153,0.7319501963464811,0.45454545454545453,-0.009931412756490158,0.061558345251337465
724,final_half,Semantic,90,0.8546487220644524,0.6363636363636364,0.036548545087870934,0.061397058823529416
724,final_half,Temperature,90,0.8221673457628513,0.5,0.012642713092151297,0.07397058823529412
724,final_half,Fisher,90,0.8700251059801621,0.5,0.02955097337119808,0.07095588235294117
732,final_half,Semantic,125,0.8827465437788017,0.8571428571428571,0.028652227342549918,0.07080331262939958
732,final_half,Temperature,125,0.7549923195084485,0.3,0.00872995391705069,0.05585507246376812
732,final_half,Fisher,125,0.9007066052227342,1.0,0.004803379416282641,0.06822529644268774
739,final_half,Semantic,90,0.902243075276783,0.6363636363636364,-0.049394575461991184,0.061102941176470596
739,final_half,Temperature,90,0.33043585627855293,0.125,-0.02038194015722105,0.05477941176470589
739,final_half,Fisher,90,0.5205992509363295,0.125,0.0046993455982219995,0.04558823529411765
742,final_half,Semantic,67,0.6818580892329795,0.16666666666666666,0.03883590071035199,0.08304195804195805
742,final_half,Temperature,67,0.9509936946284621,0.5555555555555556,0.008127145023545375,0.06555944055944055
742,final_half,Fisher,67,0.6456620640114934,0.4,0.036864474419347114,0.07692307692307691
745,final_half,Semantic,57,0.7420922997148043,0.5,0.025868550687062487,0.07181818181818181
745,final_half,Temperature,57,0.5725952813067151,0.2,-0.000599559242934921,0.06636363636363636
745,final_half,Fisher,57,0.55561317085818,0.2,0.023749027741768215,0.05727272727272727
746,final_half,Semantic,197,0.893407293697359,0.6666666666666666,-0.023469387755102045,0.058268766163503
746,final_half,Temperature,197,0.8526427645354405,0.48148148148148145,-0.02030590270256695,0.04256057677110309
746,final_half,Fisher,197,0.7805643715723484,0.5384615384615384,-0.009868497468207402,0.04946565999197579
750,final_half,Semantic,84,0.6870102257770578,0.38461538461538464,-0.04959501873038373,0.05485294117647059
750,final_half,Temperature,84,0.8373797711855828,0.8,0.02152880429280146,0.05367647058823529
750,final_half,Fisher,84,0.7232155512807533,0.6363636363636364,-0.006362255745671758,0.045220588235294124
758,final_half,Semantic,96,0.7568366793271839,0.6666666666666666,-0.009554395008138903,0.04327485380116959
758,final_half,Temperature,96,0.8125339120998373,0.8181818181818182,0.017371812262615294,0.053027175782593736
758,final_half,Fisher,96,0.8238741182854044,0.5384615384615384,0.006807514921323932,0.061674406604747156
770,final_half,Semantic,62,0.7972350230414746,0.4,0.01746871144015512,0.06025641025641025
770,final_half,Temperature,62,0.8289642668278311,0.2727272727272727,0.012548160459318575,0.05512820512820512
770,final_half,Fisher,62,0.8164740248293924,0.5555555555555556,0.0023066656593890835,0.07261072261072261
773,final_half,Semantic,46,0.7884674683934628,0.25,-0.043317915510329943,0.04583333333333333
773,final_half,Temperature,46,0.901572617946346,0.25,-0.05119333950046252,0.0625
773,final_half,Fisher,46,0.8175763182238668,0.42857142857142855,-0.027554733271662045,0.08055555555555556
778,final_half,Semantic,127,0.8592988376452942,0.3684210526315789,0.01080831692913386,0.03961264822134388
778,final_half,Temperature,127,0.9338090551181102,0.7333333333333333,0.0034823772028496403,0.06073188405797101
778,final_half,Fisher,127,0.8438613142107235,0.3684210526315789,-0.004967836051743534,0.054967720685111986
779,final_half,Semantic,79,0.8770447906523857,0.7777777777777778,0.013836416747809152,0.0732967032967033
779,final_half,Temperature,79,0.7408227848101266,0.23076923076923078,0.004109055501460566,0.05761904761904761
779,final_half,Fisher,79,0.7828383641674781,0.7777777777777778,0.02215676728334956,0.06391941391941393
790,final_half,Semantic,83,0.7748835061500357,0.38461538461538464,0.005138323328155831,0.04823529411764706
790,final_half,Temperature,83,0.6328659586079509,0.2857142857142857,-0.0048895932160698515,0.09183823529411764
790,final_half,Fisher,83,0.7750514252130473,0.38461538461538464,0.00161412199319928,0.0736029411764706
792,final_half,Semantic,58,0.7620966501584178,0.3333333333333333,0.015349595496631702,0.041818181818181824
792,final_half,Temperature,58,0.8242948106678152,0.5,0.0038266326248115835,0.059999999999999984
792,final_half,Fisher,58,0.8612076655695347,0.5,0.028075302223999517,0.050909090909090904
793,final_half,Semantic,48,0.642748588797221,0.42857142857142855,0.0066272253582283945,0.0638888888888889
793,final_half,Temperature,48,0.8315240990013025,0.42857142857142855,0.02389274858879722,0.03333333333333334
793,final_half,Fisher,48,0.7640034737299175,0.6666666666666666,0.011360182370820671,0.05138888888888889
798,final_half,Semantic,135,0.7522192956784705,0.4,-0.04601916886157448,0.06985185185185185
798,final_half,Temperature,135,0.8245390693590872,0.4,0.029811725685299002,0.04574358974358974
798,final_half,Fisher,135,0.8706613988879135,0.5555555555555556,0.03465978928884987,0.06650427350427349
799,final_half,Semantic,62,0.8735362997658079,1.0,-0.008350331142504596,0.08094405594405595
799,final_half,Temperature,62,0.751051345974667,0.16666666666666666,-0.03524212434841732,0.04807692307692307
799,final_half,Fisher,62,0.8751983077736648,1.0,0.02884591171212007,0.09692307692307692
800,final_half,Semantic,65,0.698208041958042,0.2727272727272727,0.028503059440559447,0.060256410256410264
800,final_half,Temperature,65,0.801791958041958,0.16666666666666666,0.014947552447552446,0.08094405594405593
800,final_half,Fisher,65,0.8547202797202798,0.4,-0.04375655594405594,0.05576923076923076
804,final_half,Semantic,63,0.48209485407066055,0.4,0.023555107526881724,0.05512820512820512
804,final_half,Temperature,63,0.8121159754224271,0.4,0.024791186635944696,0.07115384615384615
804,final_half,Fisher,63,0.700028801843318,0.4,-0.004826708909370198,0.05641025641025641
807,final_half,Semantic,65,0.674562937062937,0.16666666666666666,-0.02105987762237762,0.04294871794871794
807,final_half,Temperature,65,0.5994755244755245,0.16666666666666666,0.005321241258741257,0.03974358974358975
807,final_half,Fisher,65,0.8343968531468532,0.5555555555555556,-0.006824737762237762,0.045046620046620044
812,final_half,Semantic,101,0.8666860803727431,0.5714285714285714,0.010743156668608037,0.03979949874686717
812,final_half,Temperature,101,0.8697495631916132,0.6923076923076923,0.02698776936517181,0.06882518796992482
812,final_half,Fisher,101,0.8436575422248106,0.4666666666666667,0.01358124635993011,0.05483709273182959
814,final_half,Semantic,89,0.7040687776642834,0.5,-0.006196799455226423,0.055955882352941175
814,final_half,Temperature,89,0.6566053796390876,0.2857142857142857,0.002613210759278173,0.06147058823529411
814,final_half,Fisher,89,0.5666666666666668,0.2,0.030862274429690167,0.05772058823529412
828,final_half,Semantic,69,0.8084033613445378,0.07692307692307693,0.009932407745706983,0.08076923076923077
828,final_half,Temperature,69,0.8886371940080381,0.4,-0.013377785896967486,0.026923076923076928
828,final_half,Fisher,69,0.9467299963463648,0.4,-0.018865546218487392,0.02371794871794872
829,final_half,Semantic,80,0.9113455227379279,0.6,-0.006206047819971873,0.054761904761904755
829,final_half,Temperature,80,0.8934364744491327,0.7777777777777778,0.019222925457102674,0.04249084249084249
829,final_half,Fisher,80,0.952977027660572,0.6,0.0007524613220815754,0.05523809523809523
836,final_half,Semantic,60,0.7874965268130037,0.5,-0.044895804390108374,0.013636363636363636
836,final_half,Temperature,60,0.7607668796888025,0.7142857142857143,0.03164767991108642,0.0809090909090909
836,final_half,Fisher,60,0.5964434565156989,0.3333333333333333,-0.004337315921089194,0.05272727272727272
846,final_half,Semantic,53,0.8376068376068376,0.3333333333333333,-0.00208030962747944,0.07666666666666665
846,final_half,Temperature,53,0.8398645379777454,0.5,0.0463513949363006,0.06818181818181818
846,final_half,Fisher,53,0.9011449766166747,0.5,0.007833413965489432,0.04636363636363637
856,final_half,Semantic,72,0.7103350697794072,0.6,-0.04200752459965272,0.05915750915750915
856,final_half,Temperature,72,0.6450897163804746,0.7777777777777778,-0.017034857547109143,0.04476190476190476
856,final_half,Fisher,72,0.7191780821917809,0.6,-0.04360730593607307,0.054761904761904755
857,final_half,Semantic,63,0.7118375576036866,0.16666666666666666,0.02786338325652842,0.0641025641025641
857,final_half,Temperature,63,0.7961309523809524,0.4,0.03526065668202765,0.05448717948717948
857,final_half,Fisher,63,0.8036194316436253,0.2727272727272727,6.480414746543595e-05,0.06025641025641025
866,final_half,Semantic,60,0.6979716587941096,0.09090909090909091,0.035268130036121156,0.041818181818181824
866,final_half,Temperature,60,0.6695193109197001,0.2,-0.02304806890803001,0.043939393939393945
866,final_half,Fisher,60,0.7397054737427065,0.2,-0.003656571269797169,0.06060606060606061
867,final_half,Semantic,50,0.7379111644657863,0.42857142857142855,-0.01963985594237695,0.04583333333333333
867,final_half,Temperature,50,0.8266506602641056,0.6666666666666666,0.00139735894357743,0.038888888888888896
867,final_half,Fisher,50,0.7533733493397358,0.42857142857142855,0.018223289315726296,0.06944444444444445
870,final_half,Semantic,72,0.8206315518682876,0.6,-0.04360569811563445,0.0701098901098901
870,final_half,Temperature,72,0.24747572191137698,0.23076923076923078,-0.012820760177503384,0.059157509157509156
870,final_half,Fisher,72,0.6875683323686411,0.3333333333333333,0.004749501575664036,0.0826007326007326
873,final_half,Semantic,88,0.8660667112817444,0.5,0.055517593603606794,0.0694327731092437
873,final_half,Temperature,88,0.7753865661653342,0.5,-0.027566834560247964,0.06308823529411764
873,final_half,Fisher,88,0.895812053115424,0.6363636363636364,-0.04348737275897292,0.0444327731092437
881,final_half,Semantic,101,0.7383576004659289,0.6923076923076923,-0.026827023878858474,0.052694235588972425
881,final_half,Temperature,101,0.7082935352358766,0.5714285714285714,-0.03658124635993011,0.04753968253968255
881,final_half,Fisher,101,0.8372859638905067,0.8333333333333334,-0.016677926616191024,0.060075187969924816
883,final_half,Semantic,98,0.7721630357860108,0.3333333333333333,0.00033025393850135836,0.06728156174750602
883,final_half,Temperature,98,0.8548157782325675,0.42857142857142855,0.003400085432486022,0.07426900584795322
883,final_half,Fisher,98,0.6888217330043546,0.3333333333333333,0.05480940267390928,0.0694014447884417
884,final_half,Semantic,67,0.7918030170005589,0.4,-0.024974060180381518,0.05641025641025641
884,final_half,Temperature,67,0.47529731024024274,0.4,-0.03137321414318781,0.06107226107226107
884,final_half,Fisher,67,0.8592465480086201,0.75,0.005894325165615768,0.05576923076923076
887,final_half,Semantic,63,0.7385272657450077,0.16666666666666666,0.014516129032258063,0.05833333333333333
887,final_half,Temperature,63,0.8567588325652843,0.5555555555555556,-0.05588757680491552,0.03846153846153846
887,final_half,Fisher,63,0.8798003072196623,0.2727272727272727,0.010291858678955454,0.06171328671328672
894,final_half,Semantic,81,0.7473351400180668,0.2857142857142857,-0.013760162601626016,0.08413865546218488
894,final_half,Temperature,81,0.9039747064137307,0.125,-0.022138663053297196,0.06323529411764706
894,final_half,Fisher,81,0.8228545618789521,0.2,0.00864950316169828,0.055661764705882355
901,final_half,Semantic,65,0.7034527972027972,0.2727272727272727,-0.012067307692307691,0.0564102564102564
901,final_half,Temperature,65,0.8332167832167833,0.2727272727272727,0.009396853146853148,0.0685897435897436
901,final_half,Fisher,65,0.8652972027972028,0.2727272727272727,0.048111888111888115,0.07692307692307693
908,final_half,Semantic,132,0.7090888219855676,0.3333333333333333,0.02324174419393383,0.07755047689830298
908,final_half,Temperature,132,0.800691875420682,0.5555555555555556,0.012271918519407472,0.06037891737891736
908,final_half,Fisher,132,0.8057270170568681,0.47368421052631576,-0.007449139851711165,0.05605128205128205
914,final_half,Semantic,70,0.8116350275566443,0.5555555555555556,-0.03285626804304086,0.044405594405594405
914,final_half,Temperature,70,0.8864491295599685,0.4,-0.0005651299098941451,0.05256410256410256
914,final_half,Fisher,70,0.8822150293062723,0.5555555555555556,-0.01382556206806054,0.07068764568764567
920,final_half,Semantic,55,0.936724386724387,0.7142857142857143,0.025497835497835502,0.05636363636363636
920,final_half,Temperature,55,0.9076479076479079,0.5,-0.014700577200577204,0.041818181818181824
920,final_half,Fisher,55,0.9241702741702744,0.7142857142857143,-0.012709235209235207,0.059999999999999984
921,final_half,Semantic,147,0.8382005153042337,0.5789473684210527,-0.029771475417267972,0.057827038861521615
921,final_half,Temperature,147,0.758577699869285,0.30434782608695654,-0.006120182245426864,0.05591554039829903
921,final_half,Fisher,147,0.7615093427226499,0.30434782608695654,0.0071589131765257,0.08246179108248074
922,final_half,Semantic,91,0.4765567765567766,0.3333333333333333,0.02740165631469979,0.07008943928448572
922,final_half,Temperature,91,0.76164994425864,0.5384615384615384,-0.006778945691989171,0.0694014447884417
922,final_half,Fisher,91,0.8313744226787706,0.3333333333333333,0.003663799968147797,0.0696938424492604
932,final_half,Semantic,60,0.6750208391219784,0.5,0.0016171158655182017,0.07909090909090907
932,final_half,Temperature,60,0.6988052236732427,0.3333333333333333,-0.04328980272297862,0.04727272727272728
932,final_half,Fisher,60,0.7267018616282301,0.5,0.027396499027507647,0.041818181818181824
934,final_half,Semantic,86,0.8753337421576489,0.8,0.016264918156516813,0.05477941176470589
934,final_half,Temperature,86,0.825538940516062,0.6363636363636364,0.01251757158356526,0.05183823529411765
934,final_half,Fisher,86,0.8133874239350913,0.5,-0.005563469974998822,0.05522058823529412
938,final_half,Semantic,66,0.858428139025154,0.4,0.025070451936123582,0.05209790209790209
938,final_half,Temperature,66,0.6776119402985076,0.4,0.0343847197578541,0.045046620046620044
938,final_half,Fisher,66,0.7198204780294334,0.4,-0.0041331802525832444,0.0824009324009324
939,final_half,Semantic,54,0.827024966647608,0.7142857142857143,-0.008484848484848482,0.06757575757575757
939,final_half,Temperature,54,0.7680198208500095,0.7142857142857143,0.04128073184676957,0.07181818181818181
939,final_half,Fisher,54,0.693005526967791,0.5,-0.03686296931579949,0.04727272727272727
946,final_half,Semantic,104,0.8448415662007895,0.4666666666666667,-0.022461858529819696,0.03142857142857143
946,final_half,Temperature,104,0.6852981969486825,0.375,0.0035170169636189034,0.0616482382426655
946,final_half,Fisher,104,0.576496319214766,0.2222222222222222,-0.02705057078843487,0.06860484544695071
959,final_half,Semantic,69,0.8550602849835588,0.4,0.05565948118377786,0.07325174825174825
959,final_half,Temperature,69,0.5287906466934601,0.2727272727272727,0.02713554987212276,0.05448717948717948
959,final_half,Fisher,69,0.8315674095725248,0.4,0.0041633175009134086,0.07325174825174825
964,final_half,Semantic,57,0.7094892403422349,0.7142857142857143,-0.027793621985999488,0.03636363636363636
964,final_half,Temperature,57,0.5022037853253825,0.5,0.016278843660876334,0.05636363636363636
964,final_half,Fisher,57,0.7766398755509464,0.5,0.017092299714804256,0.061818181818181814
969,final_half,Semantic,113,0.785439816355047,0.8461538461538461,0.017484945771508418,0.049632975719932235
969,final_half,Temperature,113,0.7199248120300753,0.8461538461538461,0.020889613414066144,0.05901185770750987
969,final_half,Fisher,113,0.7914531904983699,0.8461538461538461,-0.0075757701776565335,0.056154714850367014
973,final_half,Semantic,84,0.6806317707806016,0.38461538461538464,-0.01350713779487699,0.04737394957983194
973,final_half,Temperature,84,0.5187202591880126,0.5,0.01679659815733523,0.05816176470588236
973,final_half,Fisher,84,0.6634200668219095,0.2857142857142857,0.0041915561405285,0.04897058823529412
977,final_half,Semantic,48,0.742509769865393,0.6666666666666666,-0.007311115935735997,0.09305555555555556
977,final_half,Temperature,48,0.8673469387755102,1.0,0.021575119409465916,0.07281746031746032
977,final_half,Fisher,48,0.7884281372123317,0.42857142857142855,0.08503039513677811,0.04583333333333332
979,final_half,Semantic,66,0.789333055004697,1.0,-0.0076756079741154394,0.05128205128205128
979,final_half,Temperature,66,0.8156768604529799,0.5555555555555556,-0.013428660891347467,0.04358974358974359
979,final_half,Fisher,66,0.6068051351633442,0.16666666666666666,0.02516021292140696,0.07756410256410257
980,final_half,Semantic,81,0.814182475158085,0.5,-0.014974028906955738,0.06772058823529412
980,final_half,Temperature,81,0.7530713640469738,0.5,0.01827687443541102,0.0736029411764706
980,final_half,Fisher,81,0.7619467028003613,0.5,-0.0022052845528455255,0.07470588235294118
984,final_half,Semantic,64,0.8626831501831501,0.5555555555555556,0.040570054945054945,0.06089743589743589
984,final_half,Temperature,64,0.5595238095238094,0.2727272727272727,-0.025064102564102565,0.039743589743589734
984,final_half,Fisher,64,0.802518315018315,0.4,0.03411401098901098,0.05337995337995337
993,final_half,Semantic,162,0.8026140304081089,0.3076923076923077,0.017886674541782565,0.042366202346041056
993,final_half,Temperature,162,0.8535877644973404,0.4782608695652174,-0.0006689614585053353,0.06308916472848619
993,final_half,Fisher,162,0.8228465862501606,0.4782608695652174,-0.01643768144168251,0.06819690228199682
996,final_half,Semantic,72,0.8214676184963664,0.3333333333333333,0.005715801659270688,0.059047619047619036
996,final_half,Temperature,72,0.8685124445301949,0.6,0.014721203935944439,0.0719047619047619
996,final_half,Fisher,72,0.7255772075374622,0.6,-0.004797736188822432,0.05095238095238095
997,final_half,Semantic,66,0.8287443899384199,0.4,-0.05344536060953973,0.0641025641025641
997,final_half,Temperature,66,0.8927878092057198,0.5555555555555556,0.025617367706919948,0.05833333333333333
997,final_half,Fisher,66,0.8654002713704207,0.2727272727272727,0.040676338586786355,0.046794871794871795
998,final_half,Semantic,63,0.8207085253456221,0.5555555555555556,0.018704397081413207,0.06858974358974358
998,final_half,Temperature,63,0.8697196620583717,0.75,-0.05298579109062981,0.03461538461538462
998,final_half,Fisher,63,0.7182699692780339,0.4,-0.011040706605222737,0.0791958041958042
1,all_blocks,Semantic,75,0.1132859174964438,0.3333333333333333,0.0031593172119487914,0.07333333333333332
1,all_blocks,Temperature,75,0.09123755334281648,0.45454545454545453,-0.00015362731152205323,0.054761904761904755
1,all_blocks,Fisher,75,0.2218207681365576,0.3333333333333333,-0.05558463726884779,0.03476190476190476
2,all_blocks,Semantic,65,0.6393793706293707,0.2727272727272727,0.04270979020979021,0.05722610722610723
2,all_blocks,Temperature,65,0.5917832167832168,0.4,-0.025909090909090916,0.06317016317016318
2,all_blocks,Fisher,65,0.5087412587412588,0.4,-0.005607517482517479,0.039743589743589734
20,all_blocks,Semantic,71,0.5292421193829644,0.3333333333333333,0.014684775318578137,0.0783150183150183
20,all_blocks,Temperature,71,0.5491616364855801,0.45454545454545453,-0.011919852448021458,0.07344322344322343
20,all_blocks,Fisher,71,0.5113346747149563,0.7777777777777778,-0.0030130784708249487,0.05523809523809523
26,all_blocks,Semantic,85,0.09798710181747117,0.2,-0.0028620285323431678,0.053088235294117644
26,all_blocks,Temperature,85,0.19327731092436973,0.38461538461538464,-0.018417041235098693,0.054779411764705875
26,all_blocks,Fisher,85,0.11956224350205198,0.125,0.03263924174320891,0.0672794117647059
32,all_blocks,Semantic,97,0.18614559225752153,0.17647058823529413,-0.016319298337891853,0.05146198830409356
32,all_blocks,Temperature,97,0.017055017883442034,0.17647058823529413,0.05267659899011151,0.05285087719298246
32,all_blocks,Fisher,97,-0.09710972017673047,0.1111111111111111,0.001992820324005891,0.055366357069143446
47,all_blocks,Semantic,51,0.4584615384615385,0.5,-0.06658823529411764,0.0609090909090909
47,all_blocks,Temperature,51,0.6314932126696832,0.5,0.03570135746606335,0.07757575757575756
47,all_blocks,Fisher,51,0.6119457013574661,0.5,-0.013864253393665154,0.06969696969696967
58,all_blocks,Semantic,60,0.4973603778827453,0.3333333333333333,-0.01624062239510976,0.07484848484848484
58,all_blocks,Temperature,60,0.6767435398721868,0.3333333333333333,0.043542650736315656,0.05090909090909092
58,all_blocks,Fisher,60,0.5298694081689359,0.3333333333333333,0.009519310919699922,0.06272727272727271
61,all_blocks,Semantic,74,0.20284339133654197,0.14285714285714285,-0.031170677526841904,0.047619047619047616
61,all_blocks,Temperature,74,0.2372602739726027,0.14285714285714285,-0.03411921510551646,0.048095238095238094
61,all_blocks,Fisher,74,0.042991484635320244,0.14285714285714285,0.008653091447611996,0.05523809523809524
65,all_blocks,Semantic,91,0.06708074534161491,0.17647058823529413,-0.020422041726389555,0.040058479532163724
65,all_blocks,Temperature,91,0.08087275043796784,0.3333333333333333,-0.02828635132982959,0.05146198830409356
65,all_blocks,Fisher,91,0.16271699315177576,0.17647058823529413,-0.000858416945373464,0.04654282765737874
69,all_blocks,Semantic,68,0.226552658701378,0.2727272727272727,0.016383555368935373,0.06474358974358975
69,all_blocks,Temperature,68,0.4377600488605564,0.16666666666666666,-0.006731686834370344,0.035256410256410256
69,all_blocks,Fisher,68,0.4789861434515402,0.4,0.01708592586937435,0.07599067599067598
71,all_blocks,Semantic,53,0.3413159167876149,0.2,-0.01863409127560071,0.05272727272727272
71,all_blocks,Temperature,53,0.23842928559909693,0.2,0.021980325753910658,0.05181818181818182
71,all_blocks,Fisher,53,0.5084663763909046,0.2,0.04436784389614578,0.06545454545454546
73,all_blocks,Semantic,75,0.10887624466571835,0.23076923076923078,-0.0016529160739687098,0.04974358974358974
73,all_blocks,Temperature,75,0.19431009957325748,0.23076923076923078,-0.028177809388335705,0.048681318681318676
73,all_blocks,Fisher,75,0.2238691322901849,0.14285714285714285,-0.014522048364153628,0.05153846153846155
79,all_blocks,Semantic,54,0.3348580141032971,0.2,-0.0239451114922813,0.041818181818181824
79,all_blocks,Temperature,54,0.1464074709357728,0.2,0.03834572136458929,0.07454545454545454
79,all_blocks,Fisher,54,0.16348389555936724,0.2,-0.013592529064227175,0.04818181818181818
80,all_blocks,Semantic,79,0.008544303797468355,0.3333333333333333,-0.015210564751703992,0.05249084249084248
80,all_blocks,Temperature,79,-0.03931353456669912,0.14285714285714285,0.0343707400194742,0.05523809523809524
80,all_blocks,Fisher,79,0.1290895813047712,0.23076923076923078,-0.03106986368062318,0.06534798534798535
83,all_blocks,Semantic,56,0.3591250854408749,0.3333333333333333,-0.023479152426520856,0.04727272727272728
83,all_blocks,Temperature,56,0.09172932330827067,0.3333333333333333,0.02714627477785373,0.06727272727272728
83,all_blocks,Fisher,56,0.3603554340396446,0.3333333333333333,0.013195488721804514,0.055454545454545444
101,all_blocks,Semantic,157,0.20238589919312325,0.3333333333333333,0.03634464986758787,0.05691509084167593
101,all_blocks,Temperature,157,0.3517325212882739,0.3333333333333333,-0.005409516308089233,0.0403559510567297
101,all_blocks,Fisher,157,0.343117980141281,0.28,-0.014479282307630289,0.05578950156258276
107,all_blocks,Semantic,111,0.21571604071604072,0.2,-0.025354510354510352,0.04706380575945793
107,all_blocks,Temperature,111,0.16433836433836432,0.2631578947368421,-0.022878641628641627,0.06677583286278937
107,all_blocks,Fisher,111,0.3397507897507897,0.5,0.015522551772551768,0.07151891586674194
108,all_blocks,Semantic,165,-0.10810514786418403,0.0967741935483871,0.002927096412256565,0.0472152981427175
108,all_blocks,Temperature,165,0.13196644671813643,0.4166666666666667,-0.00844749285389897,0.05043499511241447
108,all_blocks,Fisher,165,-0.02443565837629899,0.1724137931034483,0.0037297304517404407,0.05281484899046078
111,all_blocks,Semantic,47,0.39026364477335795,0.25,-0.026601526364477334,0.06388888888888888
111,all_blocks,Temperature,47,0.1265032377428307,0.25,-0.029758325624421832,0.09781746031746033
111,all_blocks,Fisher,47,0.18235430157261795,0.25,-0.009788390379278446,0.04583333333333334
112,all_blocks,Semantic,106,0.5311383731768143,0.2222222222222222,0.04940826762727662,0.05959899749373435
112,all_blocks,Temperature,106,0.509464191248709,0.2222222222222222,0.031014434340126455,0.06031328320802006
112,all_blocks,Fisher,106,0.38125299140993024,0.15789473684210525,-0.022262135677759025,0.04932330827067669
115,all_blocks,Semantic,75,0.4834423897581792,0.45454545454545453,0.03778093883357041,0.07391941391941391
115,all_blocks,Temperature,75,0.36330014224751067,0.23076923076923078,0.026593172119487918,0.07391941391941391
115,all_blocks,Fisher,75,0.31812233285917496,0.23076923076923078,-0.009403982930298718,0.059047619047619036
116,all_blocks,Semantic,75,0.16776671408250354,0.23076923076923078,0.029728307254623044,0.0865201465201465
116,all_blocks,Temperature,75,0.34992887624466573,0.23076923076923078,0.03188193456614509,0.08047619047619047
116,all_blocks,Fisher,75,0.14813655761024183,0.23076923076923078,-0.023403982930298717,0.0663003663003663
117,all_blocks,Semantic,72,0.268570326065985,0.23076923076923078,-0.018108881600102898,0.047362637362637364
117,all_blocks,Temperature,72,0.20033442665123163,0.23076923076923078,0.0006415203550067551,0.055824175824175815
117,all_blocks,Fisher,72,0.15184256222265102,0.3333333333333333,-0.032704675541835496,0.07058608058608058
120,all_blocks,Semantic,78,0.25269667041818933,0.3333333333333333,0.0011861556165353615,0.07285714285714284
120,all_blocks,Temperature,78,0.3238154250812479,0.3333333333333333,-0.02593988290190822,0.027142857142857142
120,all_blocks,Fisher,78,0.45295211117995926,0.23076923076923078,-0.019930702209183228,0.048571428571428564
121,all_blocks,Semantic,63,-0.12144777265745008,0.2727272727272727,-0.009927035330261135,0.052564102564102565
121,all_blocks,Temperature,63,0.32238863287250386,0.4,0.0010128648233486922,0.05064102564102564
121,all_blocks,Fisher,63,0.29176267281105994,0.4,0.025948060675883254,0.05192307692307692
122,all_blocks,Semantic,87,0.5022235182620106,0.2,-0.013708354596486111,0.055955882352941175
122,all_blocks,Temperature,87,0.19904133556900194,0.2,-0.006978566741998972,0.08514705882352941
122,all_blocks,Fisher,87,0.2662207479769629,0.2,-0.02519592476489028,0.06227941176470588
126,all_blocks,Semantic,64,0.3802655677655677,0.4,0.042928113553113545,0.06043123543123544
126,all_blocks,Temperature,64,0.4912545787545787,0.2727272727272727,-0.015615842490842493,0.07243589743589744
126,all_blocks,Fisher,64,0.6227564102564103,0.75,-0.05695054945054945,0.05658508158508159
128,all_blocks,Semantic,64,0.28008241758241753,0.2727272727272727,0.05062957875457874,0.04615384615384614
128,all_blocks,Temperature,64,0.14061355311355309,0.07692307692307693,-0.023889652014652013,0.06940559440559439
128,all_blocks,Fisher,64,0.3554487179487179,0.16666666666666666,-0.031778846153846144,0.07004662004662005
134,all_blocks,Semantic,49,0.225,0.25,0.06667857142857142,0.0630952380952381
134,all_blocks,Temperature,49,0.6113265306122448,0.25,-0.008066326530612244,0.07361111111111111
134,all_blocks,Fisher,49,0.35377551020408154,0.42857142857142855,0.04990816326530613,0.09642857142857143
135,all_blocks,Semantic,129,0.2156473613595707,0.18181818181818182,0.015233396690518783,0.06565612648221343
135,all_blocks,Temperature,129,0.16547406082289806,0.23809523809523808,-0.00343218917710197,0.07267974778844345
135,all_blocks,Fisher,129,0.11593246869409664,0.08333333333333333,-0.004419443202146692,0.04335507246376812
136,all_blocks,Semantic,68,0.5101729205634232,0.2727272727272727,0.05038744894453563,0.07022144522144522
136,all_blocks,Temperature,68,0.47444363858457067,0.16666666666666666,-0.02369546131236401,0.055128205128205134
136,all_blocks,Fisher,68,0.45715158224224145,0.2727272727272727,-0.031681108523876775,0.06025641025641025
138,all_blocks,Semantic,70,0.15643425772023442,0.16666666666666666,0.00902458227626629,0.044230769230769226
138,all_blocks,Temperature,70,0.1388679905520077,0.2727272727272727,-0.0027556644213104714,0.045046620046620044
138,all_blocks,Fisher,70,0.23408275741404952,0.16666666666666666,-0.024214854343452014,0.04743589743589743
140,all_blocks,Semantic,77,0.4660076765339923,0.3333333333333333,0.02626452494873548,0.06296703296703296
140,all_blocks,Temperature,77,0.4121667805878332,0.45454545454545453,-0.02434144802565854,0.08630036630036628
140,all_blocks,Fisher,77,0.6423050633576949,0.23076923076923078,0.020888322204111676,0.0838095238095238
141,all_blocks,Semantic,60,0.4176715754376217,0.09090909090909091,-0.004687413170325093,0.05818181818181818
141,all_blocks,Temperature,60,0.10853014726312867,0.09090909090909091,0.024459572103362043,0.09121212121212119
141,all_blocks,Fisher,60,0.5170880800222285,0.3333333333333333,-0.029941650458460693,0.05181818181818182
174,all_blocks,Semantic,69,0.3849104859335039,0.2727272727272727,-0.005436609426379249,0.06107226107226106
174,all_blocks,Temperature,69,-0.052721958348556815,0.16666666666666666,0.01939532334673,0.05961538461538461
174,all_blocks,Fisher,69,0.3468761417610523,0.2727272727272727,-0.03651077822433322,0.06282051282051283
178,all_blocks,Semantic,62,0.2581400619475712,0.2727272727272727,0.008768351338420086,0.07243589743589744
178,all_blocks,Temperature,62,0.16280123895142407,0.16666666666666666,-0.006801641862456245,0.04889277389277389
178,all_blocks,Fisher,62,0.03739518017677721,0.16666666666666666,-0.021087356148170533,0.0641025641025641
181,all_blocks,Semantic,84,0.5001316189126254,0.5,-0.003546623468664569,0.05808823529411765
181,all_blocks,Temperature,84,0.485795281968209,0.6363636363636364,-0.011680672268907568,0.046397058823529416
181,all_blocks,Fisher,84,0.4192366103067733,0.38461538461538464,-0.06371874050825149,0.04154411764705882
183,all_blocks,Semantic,57,0.4613041223749028,0.2,-0.024176821363754215,0.052727272727272734
183,all_blocks,Temperature,57,0.32693803474202754,0.3333333333333333,-0.028885792066372828,0.06636363636363636
183,all_blocks,Fisher,57,0.37969924812030076,0.3333333333333333,-0.021781825252787143,0.038181818181818185
193,all_blocks,Semantic,47,0.5462534690101758,0.25,-0.03363205365402406,0.04722222222222222
193,all_blocks,Temperature,47,0.574468085106383,0.6666666666666666,-0.04499884366327474,0.05138888888888889
193,all_blocks,Fisher,47,0.5837187789084182,0.25,-0.05142229417206291,0.05694444444444444
195,all_blocks,Semantic,53,0.6894855668440574,0.2,0.033260764392839856,0.0609090909090909
195,all_blocks,Temperature,53,0.7054507337526206,0.7142857142857143,0.05587405257216578,0.0609090909090909
195,all_blocks,Fisher,53,0.7339945170133849,0.5,-0.03527253668763103,0.04727272727272728
199,all_blocks,Semantic,126,0.23235995500562434,0.13043478260869565,-0.03690348706411699,0.04754347826086956
199,all_blocks,Temperature,126,0.34813348331458566,0.18181818181818182,0.02263967004124485,0.07622529644268775
199,all_blocks,Fisher,126,0.21983352080989876,0.08333333333333333,0.05081454818147733,0.059112648221343864
201,all_blocks,Semantic,205,-0.08187516541070607,0.2,0.0014196765611288317,0.04843642497044295
201,all_blocks,Temperature,205,0.315610591856918,0.2,-0.02752496831079105,0.048183141668379156
201,all_blocks,Fisher,205,0.08091822094691534,0.2,-0.013178950007661125,0.07159300309492864
204,all_blocks,Semantic,147,0.2822046256488527,0.42857142857142855,-0.005986256035179713,0.05456086059534336
204,all_blocks,Temperature,147,0.27515130450551195,0.30434782608695654,0.016580971522263108,0.07092585575344196
204,all_blocks,Fisher,147,0.3794059645331661,0.30434782608695654,-0.0016320485987804984,0.03758894362342637
205,all_blocks,Semantic,88,0.3830791447994083,0.6363636363636364,0.015908210348349827,0.05772058823529412
205,all_blocks,Temperature,88,0.28945792680779125,0.8,0.002715649325490471,0.07102941176470588
205,all_blocks,Fisher,88,0.3224965658131098,0.6363636363636364,0.010370363847698214,0.06889705882352941
210,all_blocks,Semantic,59,0.36691992986557576,0.3333333333333333,-0.01410578609000585,0.06272727272727271
210,all_blocks,Temperature,59,0.21022793687901817,0.2,0.030336060783167758,0.041818181818181824
210,all_blocks,Fisher,59,0.06212741087083577,0.2,-0.04676797194623028,0.03727272727272728
216,all_blocks,Semantic,75,0.45834992887624465,0.3333333333333333,0.02039544807965861,0.07117216117216116
216,all_blocks,Temperature,75,0.5124608819345661,0.3333333333333333,0.013837837837837832,0.0563003663003663
216,all_blocks,Fisher,75,0.45798008534850637,0.3333333333333333,0.01459601706970128,0.06904761904761905
236,all_blocks,Semantic,66,0.3308840413318026,0.2727272727272727,0.02814111261872456,0.04358974358974359
236,all_blocks,Temperature,66,0.2576557770587622,0.4,0.036929339317399036,0.06876456876456877
236,all_blocks,Fisher,66,0.18718296628744394,0.4,0.004719757854086218,0.06730769230769232
237,all_blocks,Semantic,57,0.6701451905626135,0.3333333333333333,-0.003960331864143118,0.06454545454545453
237,all_blocks,Temperature,57,0.45877625097225827,0.5,0.03483277158413274,0.05545454545454546
237,all_blocks,Fisher,57,0.407700285195748,0.5,-0.021700803733471614,0.05636363636363636
239,all_blocks,Semantic,53,0.27721335268505076,0.2,0.037578616352201256,0.0912121212121212
239,all_blocks,Temperature,53,0.5960328979196904,0.2,0.0005079825834542806,0.06545454545454545
239,all_blocks,Fisher,53,0.350669246895662,0.3333333333333333,0.00578938880825673,0.04272727272727273
245,all_blocks,Semantic,114,0.016941738725420707,0.4117647058823529,-0.013220874425386286,0.06784302653867871
245,all_blocks,Temperature,114,0.04345396002511088,0.5,-0.04083432899293251,0.044466403162055336
245,all_blocks,Fisher,114,0.09964561268504081,0.3333333333333333,0.03432008262287114,0.05469226425748165
247,all_blocks,Semantic,68,0.10585181509333129,0.16666666666666666,0.03123830973012177,0.08817016317016316
247,all_blocks,Temperature,68,0.27308470435546056,0.2727272727272727,-0.012394548994159638,0.04294871794871795
247,all_blocks,Fisher,68,0.4426461045157841,0.0,-0.006388136046112149,0.04358974358974358
259,all_blocks,Semantic,55,0.27842712842712847,0.5,0.01218975468975469,0.05454545454545454
259,all_blocks,Temperature,55,0.3302308802308803,0.3333333333333333,-0.012763347763347765,0.06696969696969697
259,all_blocks,Fisher,55,0.3505772005772007,0.5,-0.03043290043290044,0.05454545454545454
264,all_blocks,Semantic,61,0.43125330512956095,0.4,-0.028294553146483336,0.07902097902097902
264,all_blocks,Temperature,61,0.19587519830777364,0.16666666666666666,-0.026070861977789527,0.0423076923076923
264,all_blocks,Fisher,61,0.381755684822845,0.2727272727272727,-0.016612903225806448,0.04807692307692307
265,all_blocks,Semantic,101,0.47395457192778095,0.4666666666666667,0.007938846825859054,0.052218045112781955
265,all_blocks,Temperature,101,0.5306231799650554,0.4666666666666667,0.013625509609784505,0.08062656641604012
265,all_blocks,Fisher,101,0.3906348281887012,0.375,-0.0019411764705882365,0.06721804511278195
270,all_blocks,Semantic,66,0.025863688550255715,0.0,0.022678217305082977,0.08817016317016316
270,all_blocks,Temperature,66,0.20793236614132138,0.2727272727272727,-0.04436280137772676,0.075
270,all_blocks,Fisher,66,0.13583133284625826,0.16666666666666666,-0.0052938106669449935,0.06474358974358975
271,all_blocks,Semantic,69,-0.03587869930580929,0.16666666666666666,-0.021530873218852758,0.07371794871794872
271,all_blocks,Temperature,69,0.15929850200949944,0.07692307692307693,0.007283522104493972,0.06730769230769232
271,all_blocks,Fisher,69,0.3396054073803435,0.07692307692307693,-0.0074333211545487745,0.039102564102564095
276,all_blocks,Semantic,121,0.19777807885110413,0.3,-0.028074786614279906,0.05115612648221344
276,all_blocks,Temperature,121,0.2996070993090366,0.4444444444444444,-0.006298943232624305,0.06451741012610576
276,all_blocks,Fisher,121,0.24297520661157018,0.5294117647058824,-0.026847649370004056,0.04887022397891964
281,all_blocks,Semantic,81,-0.16278229448961157,0.2857142857142857,0.03584575429087624,0.08531512605042017
281,all_blocks,Temperature,81,-0.026806684733514,0.2857142857142857,-0.0062929087624209595,0.05441176470588236
281,all_blocks,Fisher,81,0.05350045167118337,0.2,0.014157633242999096,0.08352941176470588
293,all_blocks,Semantic,61,0.6981491274457958,0.4,0.0008355367530407165,0.047435897435897434
293,all_blocks,Temperature,61,0.7904283447911158,0.5555555555555556,0.0025832892649391877,0.07855477855477856
293,all_blocks,Fisher,61,0.6402961396086726,0.5555555555555556,-0.018987308302485458,0.07628205128205127
315,all_blocks,Semantic,84,0.18371975296142554,0.058823529411764705,-0.01736255948162397,0.036397058823529414
315,all_blocks,Temperature,84,0.05311329351017516,0.5,-0.016008909587931556,0.06889705882352941
315,all_blocks,Fisher,84,0.13186190138706086,0.38461538461538464,0.02472005669737775,0.052720588235294116
324,all_blocks,Semantic,75,0.07800853485064012,0.23076923076923078,-0.003997155049786627,0.05476190476190477
324,all_blocks,Temperature,75,0.1429871977240398,0.23076923076923078,0.0015761024182076784,0.02095238095238095
324,all_blocks,Fisher,75,0.0557325746799431,0.14285714285714285,0.0011550497866287396,0.06142857142857142
325,all_blocks,Semantic,90,0.140519405687945,0.125,-0.010705025311766883,0.06029411764705883
325,all_blocks,Temperature,90,0.29425031896942005,0.125,0.046310244063053056,0.07808823529411765
325,all_blocks,Fisher,90,0.005984277894390253,0.125,-0.009318845948059425,0.04632352941176471
336,all_blocks,Semantic,68,0.3527503149215559,0.2727272727272727,-0.016643127075619345,0.05337995337995337
336,all_blocks,Temperature,68,0.2897278314310799,0.16666666666666666,-0.04642898041760506,0.04358974358974359
336,all_blocks,Fisher,68,0.40974157346261014,0.2727272727272727,-0.02478718937282895,0.04743589743589742
340,all_blocks,Semantic,60,0.30519588774659634,0.2,-0.043014726312864696,0.053636363636363635
340,all_blocks,Temperature,60,0.2811892192275633,0.09090909090909091,-0.025812725757154764,0.05181818181818182
340,all_blocks,Fisher,60,0.3883300916921368,0.2,0.006999166435120866,0.07454545454545454
346,all_blocks,Semantic,69,0.36558275484106695,0.4,-0.014345999269272927,0.059615384615384626
346,all_blocks,Temperature,69,0.4664596273291926,0.2727272727272727,0.004172451589331381,0.08129370629370629
346,all_blocks,Fisher,69,0.33350383631713554,0.4,0.06433321154548777,0.0694055944055944
352,all_blocks,Semantic,89,0.2827034388832142,0.125,-0.03460929519918285,0.06538865546218488
352,all_blocks,Temperature,89,0.26962887299965954,0.2,0.031888832141641135,0.06323529411764707
352,all_blocks,Fisher,89,0.2126659856996936,0.2,0.010962717058222679,0.03683823529411765
357,all_blocks,Semantic,94,-0.0815735288805404,0.25,0.007298341942708522,0.054437564499484004
357,all_blocks,Temperature,94,0.12182928150850703,0.3333333333333333,0.0007491962576310393,0.04361885104919161
357,all_blocks,Fisher,94,-0.10990860817107972,0.25,-0.002030126792616409,0.06951754385964912
360,all_blocks,Semantic,55,0.2723665223665224,0.2,0.020916305916305923,0.06757575757575758
360,all_blocks,Temperature,55,0.33694083694083704,0.2,0.02954545454545455,0.07969696969696968
360,all_blocks,Fisher,55,0.4564213564213565,0.5,0.04758658008658011,0.08939393939393939
363,all_blocks,Semantic,71,0.6710932260228035,0.45454545454545453,0.015010060362173037,0.06915750915750915
363,all_blocks,Temperature,71,0.6165325285043594,0.45454545454545453,-0.02659289067739772,0.06725274725274724
363,all_blocks,Fisher,71,0.5403420523138832,0.3333333333333333,-0.0094215291750503,0.07545787545787545
368,all_blocks,Semantic,69,0.31333576909024485,0.2727272727272727,-0.04122214103032518,0.05576923076923076
368,all_blocks,Temperature,69,0.07654366094263793,0.16666666666666666,-0.07010230179028135,0.060256410256410244
368,all_blocks,Fisher,69,0.21253196930946297,0.2727272727272727,-0.0005681402995981008,0.035897435897435895
369,all_blocks,Semantic,91,0.08571428571428573,0.3333333333333333,0.0013473483038700424,0.04853801169590642
369,all_blocks,Temperature,91,0.05330466634814461,0.3333333333333333,-0.014428252906513775,0.051169590643274844
369,all_blocks,Fisher,91,0.27955088389870997,0.5384615384615384,0.009919573180442747,0.05502235982112143
387,all_blocks,Semantic,206,-0.038073764443849585,0.10526315789473684,0.008771839512401035,0.05118865409301866
387,all_blocks,Temperature,206,0.01279741374872592,0.07692307692307693,-0.015869204871871427,0.05208403278364767
387,all_blocks,Fisher,206,0.1880681018713944,0.13513513513513514,-0.0037397687611321,0.05379817978341726
403,all_blocks,Semantic,58,0.054969393091144,0.2,-0.015078901227352426,0.041818181818181824
403,all_blocks,Temperature,58,-0.11667538220185181,0.2,0.008274631640468797,0.06757575757575755
403,all_blocks,Fisher,58,0.32055738410901596,0.3333333333333333,0.08442892737395799,0.05181818181818183
407,all_blocks,Semantic,79,0.35705939629990263,0.45454545454545453,-0.01207035053554041,0.062014652014652005
407,all_blocks,Temperature,79,0.12307692307692307,0.23076923076923078,-0.003566212268743913,0.07402930402930402
407,all_blocks,Fisher,79,0.018622200584225902,0.23076923076923078,0.00662244401168452,0.05010989010989011
410,all_blocks,Semantic,65,-0.03273601398601399,0.5555555555555556,0.019718094405594404,0.048076923076923066
410,all_blocks,Temperature,65,0.05091783216783217,0.4,0.013826486013986011,0.039102564102564095
410,all_blocks,Fisher,65,0.17036713286713287,0.16666666666666666,-0.01091783216783217,0.06876456876456877
417,all_blocks,Semantic,82,0.30079124084413533,0.125,0.037190496402956005,0.06845588235294117
417,all_blocks,Temperature,82,0.3836810657263199,0.125,0.02962201107954855,0.07441176470588236
417,all_blocks,Fisher,82,0.2287415243630348,0.125,0.01403554597794974,0.08102941176470588
418,all_blocks,Semantic,137,0.16091996938413575,0.2727272727272727,-0.013379739391789719,0.0639059829059829
418,all_blocks,Temperature,137,0.023218586069781763,0.12,0.00629515373270857,0.06490945125727735
418,all_blocks,Fisher,137,0.19062575839602738,0.2727272727272727,-0.015602423133645713,0.05375498575498574
419,all_blocks,Semantic,57,-0.14933886440238528,0.09090909090909091,0.013313456053927924,0.05545454545454546
419,all_blocks,Temperature,57,-0.17455276121337826,0.09090909090909091,0.038219471091521906,0.12393939393939395
419,all_blocks,Fisher,57,-0.17947886958776252,0.2,-0.008393829401088935,0.06090909090909091
420,all_blocks,Semantic,67,0.30473301939500363,0.2727272727272727,-0.015895123313911724,0.046794871794871795
420,all_blocks,Temperature,67,0.3198579296033203,0.2727272727272727,-0.006041982600367149,0.035897435897435895
420,all_blocks,Fisher,67,0.36870460531566773,0.16666666666666666,-0.016433873413680262,0.06474358974358974
424,all_blocks,Semantic,126,0.33414923134608177,0.3,-0.003011323584551931,0.04811264822134388
424,all_blocks,Temperature,126,0.3652793400824897,0.3,0.025582002249718787,0.044833333333333336
424,all_blocks,Fisher,126,0.195644544431946,0.18181818181818182,-0.020976377952755913,0.0649459815546772
430,all_blocks,Semantic,88,-0.06313620513543025,0.2857142857142857,-0.038380120460709384,0.04933823529411765
430,all_blocks,Temperature,88,-0.059807685534148156,0.2,0.008724595822619838,0.04713235294117647
430,all_blocks,Fisher,88,0.00285301680109894,0.125,-0.013216336162868514,0.046397058823529416
432,all_blocks,Semantic,80,0.43785747773089545,0.45454545454545453,0.008455227379278011,0.04476190476190476
432,all_blocks,Temperature,80,0.4338490389123301,0.45454545454545453,-0.0066338490389123315,0.06725274725274724
432,all_blocks,Fisher,80,0.3300515705578997,0.3333333333333333,-0.021780356305672762,0.04095238095238095
441,all_blocks,Semantic,53,0.5304789550072568,0.2,-0.024117077890662798,0.0609090909090909
441,all_blocks,Temperature,53,0.3755845831317529,0.2,-0.03327285921625543,0.08030303030303029
441,all_blocks,Fisher,53,0.4854055797452024,0.3333333333333333,0.0324100951459442,0.09121212121212119
442,all_blocks,Semantic,104,0.42125253387389316,0.375,0.010771364557772322,0.0543233082706767
442,all_blocks,Temperature,104,0.527547210071482,0.4666666666666667,-0.034002987303958176,0.036190476190476197
442,all_blocks,Fisher,104,0.42758988584231306,0.2222222222222222,-0.041432839005654545,0.049598997493734344
443,all_blocks,Semantic,77,-0.011278195488721802,0.3333333333333333,-0.011351806088648188,0.047619047619047616
443,all_blocks,Temperature,77,-0.27840580472159415,0.23076923076923078,0.014444765760555239,0.07450549450549451
443,all_blocks,Fisher,77,0.2559545717440454,0.06666666666666667,-0.005138282769861713,0.05963369963369963
444,all_blocks,Semantic,70,0.5065348613419648,0.5555555555555556,0.0008538185635552489,0.06940559440559439
444,all_blocks,Temperature,70,0.35683667220715604,0.2727272727272727,0.0319202169538973,0.1141025641025641
444,all_blocks,Fisher,70,0.34329454990814445,0.16666666666666666,-0.012149418248622165,0.0532051282051282
445,all_blocks,Semantic,112,0.3503006799466976,0.2631578947368421,0.021343578091365705,0.07391869000564652
445,all_blocks,Temperature,112,0.2347780776984317,0.2631578947368421,-0.006195544469880752,0.048616600790513824
445,all_blocks,Fisher,112,0.10704889465951413,0.2631578947368421,-0.005829944989237025,0.04560135516657256
447,all_blocks,Semantic,133,-0.07078585201130369,0.16666666666666666,-0.019959498474816616,0.05176068376068377
447,all_blocks,Temperature,133,-0.21340835127166627,0.16666666666666666,-0.00026167861988757877,0.053737891737891744
447,all_blocks,Fisher,133,0.13311433264300504,0.21739130434782608,0.0035640321971822375,0.08687464387464387
451,all_blocks,Semantic,58,-0.2778615152726937,0.09090909090909091,0.001310406349011043,0.06
451,all_blocks,Temperature,58,-0.2089575194561506,0.2,-0.01642622043126519,0.03272727272727273
451,all_blocks,Fisher,58,-0.19025500630594608,0.09090909090909091,0.004807899350948968,0.028181818181818186
461,all_blocks,Semantic,56,0.4833219412166781,0.2,-0.006859193438140815,0.059999999999999984
461,all_blocks,Temperature,56,0.45495557074504445,0.2,-0.005095693779904308,0.03636363636363636
461,all_blocks,Fisher,56,0.37272727272727274,0.2,-0.0388004101161996,0.07272727272727272
467,all_blocks,Semantic,56,0.4522898154477102,0.2,-0.04235475051264525,0.04727272727272728
467,all_blocks,Temperature,56,0.02228298017771702,0.09090909090909091,-0.018848257006151743,0.045454545454545456
467,all_blocks,Fisher,56,-0.028571428571428574,0.2,-0.048482570061517426,0.07848484848484848
469,all_blocks,Semantic,54,0.34362492853058885,0.5,-0.010371640937678669,0.05272727272727272
469,all_blocks,Temperature,54,0.5358871736230226,0.3333333333333333,0.02377358490566037,0.04090909090909091
469,all_blocks,Fisher,54,0.3595578425767105,0.5,0.0064074709357728275,0.07090909090909091
474,all_blocks,Semantic,47,0.3373034227567067,0.25,-0.03505434782608696,0.03333333333333334
474,all_blocks,Temperature,47,0.46137835337650324,0.42857142857142855,0.016651248843663282,0.03888888888888888
474,all_blocks,Fisher,47,0.5179232192414431,0.25,-0.033250462534690106,0.04722222222222222
479,all_blocks,Semantic,90,0.21270938799028685,0.38461538461538464,0.028629048853767956,0.04852941176470589
479,all_blocks,Temperature,90,0.13241964028480882,0.2857142857142857,0.024032596616866277,0.07139705882352941
479,all_blocks,Fisher,90,0.05408898217886981,0.125,0.001323620200024694,0.052720588235294116
485,all_blocks,Semantic,79,0.22419668938656281,0.23076923076923078,0.013702531645569624,0.037142857142857144
485,all_blocks,Temperature,79,0.22904089581304773,0.23076923076923078,-0.023384858812074007,0.03809523809523809
485,all_blocks,Fisher,79,0.08592989289191821,0.3333333333333333,0.0084858812074002,0.06249084249084249
486,all_blocks,Semantic,145,0.17671232876712328,0.36363636363636365,0.028146354904739414,0.04607279693486589
486,all_blocks,Temperature,145,0.2636199023775783,0.30434782608695654,-0.001653479766965834,0.056451307313376275
486,all_blocks,Fisher,145,0.2312313021571406,0.42857142857142855,0.006091363564792946,0.06738032082859668
488,all_blocks,Semantic,73,-0.013513513513513516,0.3333333333333333,0.011639207700851542,0.06285714285714285
488,all_blocks,Temperature,73,0.2030112304084907,0.3333333333333333,0.03221183512279403,0.07842490842490843
488,all_blocks,Fisher,73,0.3036838208071085,0.23076923076923078,0.015876835739849444,0.09652014652014652
513,all_blocks,Semantic,71,0.670690811535882,0.3333333333333333,-0.027878940308517768,0.05534798534798534
513,all_blocks,Temperature,71,0.5787726358148892,0.3333333333333333,-0.022449698189134806,0.06498168498168498
513,all_blocks,Fisher,71,0.6340375586854459,0.23076923076923078,-0.0036519114688128773,0.07999999999999999
515,all_blocks,Semantic,56,0.19220779220779222,0.09090909090909091,0.061172248803827746,0.05636363636363636
515,all_blocks,Temperature,56,-0.1002734107997266,0.0,-0.02845522898154478,0.05181818181818182
515,all_blocks,Fisher,56,0.317634996582365,0.3333333333333333,-0.029425837320574168,0.04818181818181818
521,all_blocks,Semantic,67,0.5209114853539788,0.5555555555555556,0.02261952270731902,0.0641025641025641
521,all_blocks,Temperature,67,0.44728230505227873,0.4,-0.0018876207199297577,0.05722610722610723
521,all_blocks,Fisher,67,0.6115811317742837,0.5555555555555556,0.0036694867906457034,0.035897435897435895
525,all_blocks,Semantic,99,0.16937538651824363,0.42857142857142855,-0.014120593692022263,0.04946680426556588
525,all_blocks,Temperature,99,0.1920717377860235,0.42857142857142855,-0.011009894867037722,0.03508771929824561
525,all_blocks,Fisher,99,0.34542980828695113,0.3333333333333333,-0.010073593073593071,0.04883040935672515
526,all_blocks,Semantic,130,0.18959428641658357,0.23809523809523808,0.018446517090223817,0.05742650103519668
526,all_blocks,Temperature,130,0.40906471479878187,0.3684210526315789,0.03150363926859577,0.060376811594202905
526,all_blocks,Fisher,130,0.19027161370495294,0.4444444444444444,0.003344849718007894,0.054967720685111986
529,all_blocks,Semantic,94,0.41838673554166816,0.42857142857142855,0.08117400570747389,0.0757094943240454
529,all_blocks,Temperature,94,0.3824224253151754,0.25,0.0022324170068272983,0.049466804265565864
529,all_blocks,Fisher,94,0.4852292020373514,0.25,-0.009565437271971972,0.04654282765737874
534,all_blocks,Semantic,60,0.4608502361767158,0.2,0.014445679355376492,0.04272727272727273
534,all_blocks,Temperature,60,0.41544873575993335,0.2,0.04992220061128092,0.05636363636363636
534,all_blocks,Fisher,60,0.5557099194220617,0.3333333333333333,-0.009833287024173387,0.044848484848484846
536,all_blocks,Semantic,125,0.016884792626728106,0.4444444444444444,-0.014177572964669738,0.04752173913043479
536,all_blocks,Temperature,125,0.282642089093702,0.5294117647058824,0.008605837173579108,0.04518840579710145
536,all_blocks,Fisher,125,0.08113671274961595,0.7333333333333333,-0.003812596006144393,0.05661264822134389
546,all_blocks,Semantic,175,0.045020152261531575,0.38461538461538464,0.0233281459919391,0.05680863254392665
546,all_blocks,Temperature,175,0.18729287953425885,0.38461538461538464,-0.02569558889386475,0.06011745607333842
546,all_blocks,Fisher,175,0.13615987460815046,0.38461538461538464,-0.018052731751007613,0.058898167771507436
549,all_blocks,Semantic,175,0.15091133004926108,0.2,-0.00766737572772056,0.04325534759358289
549,all_blocks,Temperature,175,0.04998656515897896,0.16129032258064516,-0.018658643081056872,0.0584883498854087
549,all_blocks,Fisher,175,0.2509650694133453,0.2,-0.02447380206000896,0.053507448433919025
554,all_blocks,Semantic,51,0.368235294117647,0.2,-0.029085972850678727,0.045454545454545456
554,all_blocks,Temperature,51,0.31438914027149323,0.09090909090909091,0.00565610859728507,0.07545454545454545
554,all_blocks,Fisher,51,0.16226244343891402,0.2,0.04436651583710406,0.03272727272727273
557,all_blocks,Semantic,75,0.1923470839260313,0.14285714285714285,-0.01954623044096728,0.04476190476190476
557,all_blocks,Temperature,75,0.011522048364153627,0.14285714285714285,-0.02624039829302987,0.04714285714285714
557,all_blocks,Fisher,75,0.13174964438122333,0.06666666666666667,-0.028901849217638685,0.04714285714285714
561,all_blocks,Semantic,152,0.475160437127099,0.28,-0.024485541864009457,0.05256369511096985
561,all_blocks,Temperature,152,0.5790430497748071,0.391304347826087,0.005093665210943212,0.04658138672599184
561,all_blocks,Fisher,152,0.47203370717405113,0.14285714285714285,0.02004319329683773,0.05396154457333545
562,all_blocks,Semantic,53,0.37913239800032256,0.5,0.024149330753104336,0.050909090909090904
562,all_blocks,Temperature,53,0.4546847282696339,0.5,-0.011635220125786166,0.08393939393939394
562,all_blocks,Fisher,53,0.2290759554910498,0.5,-0.024750040316078054,0.08303030303030302
565,all_blocks,Semantic,125,0.15162519201228877,0.23809523809523808,0.003748079877112137,0.04733333333333333
565,all_blocks,Temperature,125,0.1132411674347158,0.3,-0.016200614439324114,0.054445981554677204
565,all_blocks,Fisher,125,0.02386482334869431,0.18181818181818182,0.0026642089093701993,0.0567536231884058
566,all_blocks,Semantic,60,0.47124201166990837,0.5,0.03217560433453739,0.05181818181818182
566,all_blocks,Temperature,60,0.49991664351208676,0.3333333333333333,0.01547652125590442,0.07848484848484848
566,all_blocks,Fisher,60,0.43639899972214513,0.5,0.009416504584606834,0.05757575757575757
580,all_blocks,Semantic,82,0.33873162024792935,0.2857142857142857,-0.017106910024923542,0.04522058823529412
580,all_blocks,Temperature,82,0.26243728300736824,0.38461538461538464,0.022411597609952004,0.07183823529411765
580,all_blocks,Fisher,82,0.4465014529663369,0.5,0.0030463316681359582,0.05147058823529412
583,all_blocks,Semantic,81,0.42423215898825656,0.38461538461538464,0.021406955736224025,0.07441176470588236
583,all_blocks,Temperature,81,0.3395438121047877,0.5,0.0030612014453477916,0.05514705882352942
583,all_blocks,Fisher,81,0.3254968383017164,0.38461538461538464,-0.0036878952122854497,0.06698529411764706
588,all_blocks,Semantic,68,0.4373019811428789,0.2727272727272727,-0.024143985952589986,0.058974358974358966
588,all_blocks,Temperature,68,0.303164484482956,0.4,-0.04841584914303165,0.027564102564102567
588,all_blocks,Fisher,68,0.21395579646524407,0.2727272727272727,0.009126999274726117,0.06812354312354311
596,all_blocks,Semantic,60,0.5455959988885802,0.7142857142857143,0.002892470130591836,0.07484848484848484
596,all_blocks,Temperature,60,0.37904973603778835,0.5,0.015432064462350653,0.0806060606060606
596,all_blocks,Fisher,60,0.21166990830786336,0.09090909090909091,-0.021958877465962773,0.06363636363636363
600,all_blocks,Semantic,81,0.11501806684733513,0.2,0.04188685636856369,0.08066176470588236
600,all_blocks,Temperature,81,0.1686088527551942,0.2,-0.034348464317976515,0.05808823529411765
600,all_blocks,Fisher,81,0.2633017163504968,0.38461538461538464,0.008954381210478774,0.05522058823529412
604,all_blocks,Semantic,52,0.3011184154358405,0.09090909090909091,-0.014586357039187231,0.04272727272727273
604,all_blocks,Temperature,52,0.26158968667292753,0.09090909090909091,-0.0026935883206693424,0.05454545454545454
604,all_blocks,Fisher,52,0.33782976180312474,0.0,-0.019299069410057205,0.050909090909090904
621,all_blocks,Semantic,72,0.08560036015177826,0.3333333333333333,-0.006394301884365555,0.07344322344322343
621,all_blocks,Temperature,72,0.06392694063926942,0.23076923076923078,0.00321242523634961,0.06285714285714285
621,all_blocks,Fisher,72,0.1283040710013506,0.23076923076923078,-0.039740497781207806,0.0519047619047619
622,all_blocks,Semantic,71,0.47380952380952374,0.45454545454545453,-0.02264419852448022,0.05
622,all_blocks,Temperature,71,0.49584171696847745,0.3333333333333333,0.04847920858484238,0.06677655677655678
622,all_blocks,Fisher,71,0.47008718980549963,0.45454545454545453,0.008772635814889334,0.05534798534798535
628,all_blocks,Semantic,77,0.3893212051106788,0.6,0.020889636679110358,0.06010989010989011
628,all_blocks,Temperature,77,0.2731479047268521,0.23076923076923078,-0.02589252852410747,0.06783882783882784
628,all_blocks,Fisher,77,0.41613649508386347,0.6,-0.01639018875860981,0.05582417582417583
630,all_blocks,Semantic,130,0.3004957052533832,0.13043478260869565,0.005229895260074562,0.060043478260869566
630,all_blocks,Temperature,130,0.45347881303855025,0.23809523809523808,-0.03477966379439839,0.051688405797101454
630,all_blocks,Fisher,130,0.3514427344358109,0.18181818181818182,-0.013531797511914679,0.050420289855072464
632,all_blocks,Semantic,78,0.4795331251027453,0.23076923076923078,0.0579218250104326,0.06677655677655678
632,all_blocks,Temperature,78,0.327103276470365,0.14285714285714285,0.0074975657254138265,0.06688644688644688
632,all_blocks,Fisher,78,0.419466609340027,0.23076923076923078,0.0005387018045245939,0.07926739926739926
635,all_blocks,Semantic,106,0.3780084137340353,0.29411764705882354,-0.0002393127944177115,0.044323308270676695
635,all_blocks,Temperature,106,0.2495856110033504,0.375,-0.027218681512456856,0.04380952380952381
635,all_blocks,Fisher,106,0.26842834471118726,0.375,0.026841323021890823,0.0685672514619883
642,all_blocks,Semantic,57,0.4158672543427535,0.3333333333333333,-0.02727184340160747,0.05636363636363637
642,all_blocks,Temperature,57,0.5626782473424943,0.2,-0.039956572465646885,0.041818181818181824
642,all_blocks,Fisher,57,0.3481980814104226,0.09090909090909091,0.04037140264454239,0.05636363636363636
645,all_blocks,Semantic,98,0.3686156749485173,0.3333333333333333,0.011340206185567012,0.04729532163742689
645,all_blocks,Temperature,98,0.39817276488852327,0.5384615384615384,-0.0013662822204795737,0.06881664946680426
645,all_blocks,Fisher,98,0.4935001179478351,0.5384615384615384,0.00805998125585755,0.04975920192638459
647,all_blocks,Semantic,74,0.40579044798222874,0.6,0.014566456867826738,0.0706959706959707
647,all_blocks,Temperature,74,0.19831173639392816,0.23076923076923078,-0.005132913735653459,0.03809523809523809
647,all_blocks,Fisher,74,0.3796667900777489,0.45454545454545453,0.009748981858570895,0.07344322344322343
651,all_blocks,Semantic,105,0.20896744764669292,0.29411764705882354,-0.014466099937798054,0.04483709273182957
651,all_blocks,Temperature,105,0.08487455940286129,0.29411764705882354,-0.04007464233879328,0.04928571428571429
651,all_blocks,Fisher,105,0.10719469210035248,0.4666666666666667,0.019385237404105325,0.05194235588972431
658,all_blocks,Semantic,51,0.004343891402714932,0.3333333333333333,0.006063348416289591,0.09484848484848485
658,all_blocks,Temperature,51,-0.11049773755656109,0.2,-0.04934389140271494,0.0809090909090909
658,all_blocks,Fisher,51,0.17800904977375567,0.2,-0.02832579185520362,0.07636363636363636
662,all_blocks,Semantic,167,0.28325105383037713,0.25925925925925924,-0.03512398610695992,0.04368279569892473
662,all_blocks,Temperature,167,0.5811397858328095,0.36,-0.016652452410153874,0.07119583628273839
662,all_blocks,Fisher,167,0.16695352839931155,0.3076923076923077,-0.00033495831057334666,0.04911840175953079
664,all_blocks,Semantic,82,0.5279764042620346,0.2,-0.005807511890379946,0.05399159663865546
664,all_blocks,Temperature,82,0.4527268967468791,0.2857142857142857,-0.025474254742547425,0.05147058823529412
664,all_blocks,Fisher,82,0.4244947268749796,0.2,0.008339047245894144,0.05147058823529412
667,all_blocks,Semantic,101,0.4005241700640652,0.375,0.041232964472917875,0.0593233082706767
667,all_blocks,Temperature,101,0.5551077460687245,0.29411764705882354,-0.024747233546884104,0.05230158730158731
667,all_blocks,Fisher,101,0.4197903319743738,0.29411764705882354,-0.016750728013977867,0.05987468671679199
672,all_blocks,Semantic,72,0.18187664801594963,0.23076923076923078,0.0063058717602418185,0.06857142857142856
672,all_blocks,Temperature,72,0.2973503119171651,0.23076923076923078,0.021774712200141495,0.0819047619047619
672,all_blocks,Fisher,72,0.400282976397196,0.14285714285714285,-0.01188018522091453,0.05428571428571429
677,all_blocks,Semantic,60,0.03550986385106975,0.3333333333333333,0.02316198944151153,0.0703030303030303
677,all_blocks,Temperature,60,-0.10419560989163658,0.2,0.043506529591553225,0.041818181818181824
677,all_blocks,Fisher,60,0.0013892747985551545,0.2,-0.003011947763267575,0.044848484848484846
688,all_blocks,Semantic,72,0.7591163418869382,0.23076923076923078,-0.003587047398546532,0.060952380952380945
688,all_blocks,Temperature,72,0.6837417197247412,0.45454545454545453,-0.025207408836581142,0.041428571428571426
688,all_blocks,Fisher,72,0.3786738697022317,0.23076923076923078,0.0005981092031641988,0.055714285714285716
689,all_blocks,Semantic,85,0.34119601328903654,0.2,0.04764315028336916,0.051470588235294115
689,all_blocks,Temperature,85,0.4310533515731874,0.38461538461538464,0.01577682235684972,0.061470588235294124
689,all_blocks,Fisher,85,0.5311119796755912,0.2,-0.06593023255813954,0.03566176470588235
698,all_blocks,Semantic,140,0.24337539087271218,0.47368421052631576,-0.01739891976995911,0.04832478632478633
698,all_blocks,Temperature,140,0.08908180446524241,0.21739130434782608,0.03913625330738449,0.044034188034188036
698,all_blocks,Fisher,140,0.014112964947191185,0.21739130434782608,0.0257825107694999,0.04374928774928775
710,all_blocks,Semantic,104,0.1725914861837192,0.1,0.008072122052704574,0.07673767752715122
710,all_blocks,Temperature,104,0.15335538248159608,0.15789473684210525,0.0068291902272484845,0.056942355889724315
710,all_blocks,Fisher,104,0.3463992318361251,0.15789473684210525,0.0029825029339592426,0.05277777777777778
717,all_blocks,Semantic,153,0.2455034645437122,0.28,0.0268564124214279,0.06590815191482599
717,all_blocks,Temperature,153,0.2097992306970635,0.23076923076923078,-0.004582646455711467,0.04925419778589968
717,all_blocks,Fisher,153,0.2613251042043611,0.3333333333333333,0.004791222709179365,0.062324805339265855
724,all_blocks,Semantic,90,0.36927192657529734,0.38461538461538464,-0.007888216652261594,0.07066176470588235
724,all_blocks,Temperature,90,0.19953903774128492,0.2857142857142857,0.004195579701197676,0.049705882352941176
724,all_blocks,Fisher,90,0.30625180063382307,0.2,0.002802815162365724,0.04308823529411765
732,all_blocks,Semantic,125,0.31662058371735785,0.5294117647058824,0.002733947772657452,0.05421014492753623
732,all_blocks,Temperature,125,0.44315207373271887,0.3684210526315789,0.060360983102918576,0.08854808959156783
732,all_blocks,Fisher,125,0.3174439324116743,0.4444444444444444,-0.0006049155145929344,0.030521739130434787
739,all_blocks,Semantic,90,-0.048557435074289,0.2,-0.06153434580400872,0.05191176470588236
739,all_blocks,Temperature,90,0.2802568218298555,0.2857142857142857,0.04410338724945466,0.07926470588235295
739,all_blocks,Fisher,90,0.36782318804790715,0.125,0.03850351895295715,0.07433823529411765
742,all_blocks,Semantic,67,-0.07346955064250939,0.16666666666666666,-0.0069418948040545925,0.06876456876456875
742,all_blocks,Temperature,67,0.027496208795594227,0.0,-0.026652166972623514,0.052564102564102565
742,all_blocks,Fisher,67,0.08216936706840132,0.2727272727272727,-0.0041284220608189,0.04615384615384614
745,all_blocks,Semantic,57,0.4535908737360643,0.2,0.036621726730619655,0.05545454545454546
745,all_blocks,Temperature,57,0.6134301270417424,0.3333333333333333,0.037833808659579984,0.0609090909090909
745,all_blocks,Fisher,57,0.6206896551724139,0.5,0.05068382162302308,0.0921212121212121
746,all_blocks,Semantic,197,-0.0008742767988598302,0.2903225806451613,0.020130419495901733,0.05130940657256448
746,all_blocks,Temperature,197,-0.06887480419025017,0.14285714285714285,-0.006959054964856273,0.048037105931842766
746,all_blocks,Fisher,197,0.06577637977202881,0.25,0.03609303435264276,0.05819861299737461
750,all_blocks,Semantic,84,0.44035638351726236,0.2,-0.020652019844082208,0.03602941176470588
750,all_blocks,Temperature,84,0.17402045155411563,0.2857142857142857,-0.020763389693226695,0.07183823529411765
750,all_blocks,Fisher,84,0.34587425331578414,0.38461538461538464,-0.011543991090412063,0.05485294117647059
758,all_blocks,Semantic,96,0.42310092240911557,0.25,-0.014932175800325556,0.04420364637082903
758,all_blocks,Temperature,96,0.6001492132392837,0.3333333333333333,-0.0098351871947911,0.06664516683866528
758,all_blocks,Fisher,96,0.6879137276180142,0.5384615384615384,-0.004270889853499731,0.03508771929824561
770,all_blocks,Semantic,62,0.13958349072045528,0.2727272727272727,-0.03090579436428193,0.06294871794871795
770,all_blocks,Temperature,62,0.4494220744881771,0.16666666666666666,-0.015051245246908923,0.07325174825174824
770,all_blocks,Fisher,62,0.2990858955956788,0.16666666666666666,-0.006909924202362071,0.05128205128205129
773,all_blocks,Semantic,46,-0.17730496453900707,0.42857142857142855,-0.006241134751773047,0.06865079365079366
773,all_blocks,Temperature,46,-0.0954054887449892,0.42857142857142855,-0.005309898242368173,0.016666666666666666
773,all_blocks,Fisher,46,-0.10613629355534998,0.42857142857142855,-0.045692260252852314,0.05555555555555556
778,all_blocks,Semantic,127,0.3950775684289463,0.13043478260869565,0.013528777652793398,0.059086956521739134
778,all_blocks,Temperature,127,0.18424845331833517,0.08333333333333333,-0.00021735564304462067,0.0718010540184453
778,all_blocks,Fisher,127,0.33103088676415443,0.18181818181818182,-0.036261190007499056,0.0868184641445511
779,all_blocks,Semantic,79,0.3193281402142162,0.23076923076923078,-0.02692307692307692,0.07391941391941391
779,all_blocks,Temperature,79,0.2777263875365142,0.14285714285714285,-0.0419437682570594,0.06736263736263735
779,all_blocks,Fisher,79,0.4917234664070107,0.23076923076923078,-0.0011952288218111007,0.047619047619047616
790,all_blocks,Semantic,83,0.365098022753033,0.2,-0.01938835481298014,0.07566176470588236
790,all_blocks,Temperature,83,0.25878426598379584,0.38461538461538464,-0.031206708366567314,0.05522058823529412
790,all_blocks,Fisher,83,0.29339658284706766,0.125,0.009831661139330844,0.05183823529411765
792,all_blocks,Semantic,58,0.42305207788612387,0.3333333333333333,0.0032637115875603696,0.041818181818181824
792,all_blocks,Temperature,58,0.5936509889569043,0.3333333333333333,0.017918114983543017,0.07636363636363636
792,all_blocks,Fisher,58,0.616106309022117,0.5,0.02371035713187118,0.06636363636363636
793,all_blocks,Semantic,48,-0.10225792444637428,0.1111111111111111,0.037966782457663925,0.05694444444444444
793,all_blocks,Temperature,48,0.017911419887103774,0.25,-0.010600303951367785,0.05555555555555556
793,all_blocks,Fisher,48,0.062092922275293096,0.1111111111111111,0.003050369083803739,0.05
798,all_blocks,Semantic,135,0.0838649887815823,0.12,0.028754999512242703,0.06092084726867335
798,all_blocks,Temperature,135,0.21321334503950837,0.4,0.007375865769193249,0.06291514926297534
798,all_blocks,Fisher,135,0.14615159496634475,0.21739130434782608,0.005708467466588625,0.06632478632478632
799,all_blocks,Semantic,62,0.38561103976228245,0.2727272727272727,0.027022739291380226,0.05641025641025641
799,all_blocks,Temperature,62,0.2495278386341316,0.16666666666666666,0.005119488302989094,0.05576923076923076
799,all_blocks,Fisher,62,0.3100652212233386,0.2727272727272727,0.016574752587444286,0.04871794871794871
800,all_blocks,Semantic,65,0.17622377622377622,0.2727272727272727,0.03371940559440559,0.05128205128205128
800,all_blocks,Temperature,65,0.28409090909090906,0.2727272727272727,0.04974213286713286,0.05448717948717948
800,all_blocks,Fisher,65,-0.15992132867132866,0.16666666666666666,-0.054361888111888114,0.06794871794871796
804,all_blocks,Semantic,63,0.7385272657450077,0.2727272727272727,-0.014319316436251926,0.05961538461538461
804,all_blocks,Temperature,63,0.7439516129032259,0.2727272727272727,-0.006406009984639016,0.05641025641025641
804,all_blocks,Fisher,63,0.4573252688172043,0.2727272727272727,0.011021505376344085,0.04807692307692307
807,all_blocks,Semantic,65,-0.02062937062937063,0.2727272727272727,0.0016761363636363664,0.08012820512820513
807,all_blocks,Temperature,65,0.2069493006993007,0.2727272727272727,-0.03303977272727272,0.06794871794871796
807,all_blocks,Fisher,65,-0.06429195804195804,0.16666666666666666,-0.04739729020979021,0.0564102564102564
812,all_blocks,Semantic,101,0.018509027373325566,0.15789473684210525,0.012167152009318578,0.05745614035087719
812,all_blocks,Temperature,101,-0.02962143273150844,0.15789473684210525,0.007731508444962139,0.03718045112781955
812,all_blocks,Fisher,101,0.16280722189866045,0.15789473684210525,0.0042760629004076865,0.05690476190476192
814,all_blocks,Semantic,89,0.10105549880830782,0.125,-0.013537623425263878,0.03566176470588236
814,all_blocks,Temperature,89,0.011082737487231872,0.2,0.001637725570309842,0.05683823529411765
814,all_blocks,Fisher,89,0.09623765747361254,0.058823529411764705,0.0042202928157984345,0.05779411764705883
828,all_blocks,Semantic,69,0.3050054804530508,0.2727272727272727,0.06641943734015346,0.05576923076923076
828,all_blocks,Temperature,69,0.3100474972597735,0.4,0.010060284983558643,0.07616550116550116
828,all_blocks,Fisher,69,0.2816222141030325,0.16666666666666666,0.05962184873949581,0.055128205128205134
829,all_blocks,Semantic,80,0.5233473980309423,0.06666666666666667,-0.02283989685888421,0.0657142857142857
829,all_blocks,Temperature,80,0.4672761368963901,0.3333333333333333,-0.0120253164556962,0.03809523809523809
829,all_blocks,Fisher,80,0.5434599156118144,0.0,0.044047116736990154,0.08106227106227105
836,all_blocks,Semantic,60,0.457126979716588,0.3333333333333333,0.021467074187274247,0.05393939393939394
836,all_blocks,Temperature,60,0.3731036398999723,0.2,-0.046707418727424295,0.0609090909090909
836,all_blocks,Fisher,60,0.6393998332870243,0.3333333333333333,0.04370658516254517,0.06848484848484848
846,all_blocks,Semantic,53,0.1854539590388647,0.3333333333333333,0.019807289146911794,0.04272727272727273
846,all_blocks,Temperature,53,0.2218996935978068,0.2,0.0059788743751007815,0.05393939393939393
846,all_blocks,Fisher,53,0.1500564425092727,0.09090909090909091,0.0004596032897919718,0.05727272727272727
856,all_blocks,Semantic,72,0.24577143224644676,0.14285714285714285,0.015742169914463956,0.04868131868131868
856,all_blocks,Temperature,72,0.38719531802688284,0.23076923076923078,-0.0039005723840761465,0.07831501831501832
856,all_blocks,Fisher,72,0.04829892597594702,0.23076923076923078,-0.042887002379574254,0.04095238095238095
857,all_blocks,Semantic,63,0.06586021505376345,0.4,0.0411434331797235,0.08876456876456876
857,all_blocks,Temperature,63,-0.05832373271889401,0.16666666666666666,-0.049867991551459295,0.0641025641025641
857,all_blocks,Fisher,63,0.08237327188940093,0.4,0.039307315668202766,0.06025641025641025
866,all_blocks,Semantic,60,0.22695193109197007,0.3333333333333333,0.00361489302584051,0.05454545454545454
866,all_blocks,Temperature,60,0.3015282022784107,0.3333333333333333,-0.009724923589886083,0.04090909090909091
866,all_blocks,Fisher,60,0.09741594887468744,0.3333333333333333,0.03496526813003613,0.04727272727272728
867,all_blocks,Semantic,50,0.11615846338535413,0.1111111111111111,-0.013051620648259304,0.03333333333333333
867,all_blocks,Temperature,50,0.062088835534213675,0.25,-0.04610324129651861,0.02222222222222222
867,all_blocks,Fisher,50,0.0902280912364946,0.25,-0.03260984393757503,0.04583333333333334
870,all_blocks,Semantic,72,0.046787574763650405,0.23076923076923078,0.042063798315004196,0.08772893772893772
870,all_blocks,Temperature,72,0.6258923403434304,0.14285714285714285,-0.04067142581516497,0.0557142857142857
870,all_blocks,Fisher,72,0.2689562029712522,0.14285714285714285,-0.06725512894719919,0.06058608058608058
873,all_blocks,Semantic,88,0.4067486175196366,0.2,0.010090345532034802,0.04522058823529412
873,all_blocks,Temperature,88,0.26834208023669476,0.2857142857142857,-0.007167764432390552,0.048161764705882355
873,all_blocks,Fisher,88,0.3240991863618753,0.2,-0.01835528864781093,0.05110294117647059
881,all_blocks,Semantic,101,0.18187536400698892,0.15789473684210525,-0.015309260337798485,0.06459899749373435
881,all_blocks,Temperature,101,0.1943156668608037,0.2222222222222222,0.003064065230052419,0.05221804511278196
881,all_blocks,Fisher,101,-0.04604542807221898,0.1,-0.018182877111240538,0.06543441938178782
883,all_blocks,Semantic,98,0.19577427972126052,0.17647058823529413,-0.00011284738825238991,0.051754385964912275
883,all_blocks,Temperature,98,0.40190884226230317,0.17647058823529413,0.01412951309858527,0.06613347093223254
883,all_blocks,Fisher,98,0.2489081855797614,0.3333333333333333,-0.013038017456279605,0.03742690058479532
884,all_blocks,Semantic,67,0.28102801500518804,0.16666666666666666,0.04181897996647778,0.06555944055944055
884,all_blocks,Temperature,67,0.5677627903264427,0.2727272727272727,0.015811317742836624,0.08107226107226106
884,all_blocks,Fisher,67,0.217774762550882,0.75,-0.025975736291803032,0.055128205128205134
887,all_blocks,Semantic,63,0.027169738863287253,0.07692307692307693,-4.320276497695587e-05,0.03846153846153846
887,all_blocks,Temperature,63,-0.28931451612903225,0.16666666666666666,-0.04770545314900154,0.05641025641025641
887,all_blocks,Fisher,63,-0.021841397849462367,0.07692307692307693,-0.028842645929339477,0.04358974358974359
894,all_blocks,Semantic,81,0.15569105691056911,0.2857142857142857,-0.024427506775067755,0.0757563025210084
894,all_blocks,Temperature,81,-0.0580397470641373,0.2,0.002061878952122856,0.049705882352941176
894,all_blocks,Fisher,81,-0.13471093044263774,0.2,-0.003495934959349592,0.04860294117647059
901,all_blocks,Semantic,65,0.11315559440559442,0.2727272727272727,0.01067744755244755,0.047435897435897434
901,all_blocks,Temperature,65,0.1410839160839161,0.2727272727272727,-0.0235270979020979,0.04807692307692307
901,all_blocks,Fisher,65,0.16097027972027972,0.16666666666666666,0.01894012237762238,0.059615384615384605
908,all_blocks,Semantic,132,0.23528460290211994,0.3333333333333333,0.0025207014761052544,0.08349002849002848
908,all_blocks,Temperature,132,0.3458698794174888,0.4,-0.008887416320120217,0.0647670011148272
908,all_blocks,Fisher,132,0.24248511633003392,0.4,-0.01194502564530688,0.06007692307692307
914,all_blocks,Semantic,70,0.03214067010760213,0.16666666666666666,0.006153442393491385,0.05128205128205129
914,all_blocks,Temperature,70,-0.14282215029306272,0.07692307692307693,0.00905957484034643,0.039743589743589734
914,all_blocks,Fisher,70,0.018598547808590674,0.2727272727272727,0.02134021520426909,0.08671328671328671
920,all_blocks,Semantic,55,-0.22640692640692645,0.2,0.0017316017316017299,0.0806060606060606
920,all_blocks,Temperature,55,-0.2841991341991343,0.2,-0.008946608946608953,0.09999999999999999
920,all_blocks,Fisher,55,-0.2672438672438673,0.2,0.037615440115440116,0.07848484848484848
921,all_blocks,Semantic,147,0.27381393134817794,0.2,-0.005909753757111881,0.07067807671255946
921,all_blocks,Temperature,147,0.42686760005742397,0.2,-0.023985258672147125,0.056745400193676056
921,all_blocks,Fisher,147,0.3006029512878828,0.2,-0.008134553340032791,0.04477495684392235
922,all_blocks,Semantic,91,0.29834368530020705,0.17647058823529413,-0.008081700907787865,0.050511695906432744
922,all_blocks,Temperature,91,0.28566650740563787,0.42857142857142855,-0.003581780538302272,0.052098383212934286
922,all_blocks,Fisher,91,0.06518553909858257,0.3333333333333333,-0.050033444816053506,0.05595115239078087
932,all_blocks,Semantic,60,0.5483189774937484,0.3333333333333333,-0.0302167268685746,0.046363636363636364
932,all_blocks,Temperature,60,0.3100305640455683,0.3333333333333333,-0.032270075020839124,0.041818181818181824
932,all_blocks,Fisher,60,0.6487913309252571,0.5,-0.003920533481522643,0.04636363636363637
934,all_blocks,Semantic,86,0.4087079579225435,0.2857142857142857,-0.019466955988490013,0.05014705882352941
934,all_blocks,Temperature,86,0.4623519977357422,0.2,0.019624510590122175,0.04558823529411765
934,all_blocks,Fisher,86,0.43689796688523036,0.2857142857142857,0.010069342893532706,0.08727941176470588
938,all_blocks,Semantic,66,0.32345266673624884,0.2727272727272727,-0.03748460494729152,0.03461538461538462
938,all_blocks,Temperature,66,0.1986640225446196,0.2727272727272727,0.007573322200187874,0.05128205128205128
938,all_blocks,Fisher,66,0.45705041227429294,0.4,-0.008855025571443487,0.05064102564102564
939,all_blocks,Semantic,54,0.4666666666666666,0.5,0.010024776062511915,0.06181818181818181
939,all_blocks,Temperature,54,0.5001334095673717,0.5,0.01204497808271393,0.07545454545454545
939,all_blocks,Fisher,54,0.39836096817228883,0.5,0.015391652372784448,0.07999999999999999
946,all_blocks,Semantic,104,0.3233649845300331,0.2222222222222222,-0.02730075749493225,0.04170426065162908
946,all_blocks,Temperature,104,0.25142430385148834,0.29411764705882354,0.005534514029659663,0.041666666666666664
946,all_blocks,Fisher,104,0.38224687933425805,0.29411764705882354,0.006318681318681324,0.08614035087719299
959,all_blocks,Semantic,69,0.5051516258677384,0.4,-0.04562294483010595,0.04294871794871795
959,all_blocks,Temperature,69,0.48995250274022656,0.5555555555555556,0.0001370113262696364,0.054487179487179495
959,all_blocks,Fisher,69,0.3220679576178298,0.2727272727272727,0.003984289367921075,0.05961538461538461
964,all_blocks,Semantic,57,0.03389940368161784,0.2,0.009469795177599166,0.07181818181818181
964,all_blocks,Temperature,57,0.11641171895255381,0.2,-0.009320715582058594,0.06393939393939393
964,all_blocks,Fisher,57,-0.0011018926626912109,0.09090909090909091,0.017069613689395902,0.07848484848484848
969,all_blocks,Semantic,113,0.4101570297424979,0.5,-0.021641077250648746,0.05677583286278938
969,all_blocks,Temperature,113,0.3763640295428838,0.6,0.0379141992148513,0.07216826651609258
969,all_blocks,Fisher,113,0.35061381329429775,0.4117647058823529,-0.011203756071594918,0.05875211744776961
973,all_blocks,Semantic,84,0.3908879214336337,0.5,0.009732712362053256,0.05926470588235294
973,all_blocks,Temperature,84,0.4674496304545915,0.38461538461538464,-0.0004252303330970972,0.058529411764705885
973,all_blocks,Fisher,84,0.16529310519388477,0.2,0.00430495089602106,0.07514705882352941
977,all_blocks,Semantic,48,0.43931828050369087,0.42857142857142855,-0.03975792444637429,0.04027777777777777
977,all_blocks,Temperature,48,0.48154580981328704,0.25,-0.015327833260963958,0.051388888888888894
977,all_blocks,Fisher,48,0.4473512809379071,0.25,0.0072351280937907065,0.0625
979,all_blocks,Semantic,66,0.3866193507984554,0.2727272727272727,-0.022930800542740847,0.04358974358974359
979,all_blocks,Temperature,66,0.1649305917962635,0.16666666666666666,0.036820791149149365,0.05576923076923076
979,all_blocks,Fisher,66,0.437177747625509,0.16666666666666666,-0.0134704101868281,0.05722610722610723
980,all_blocks,Semantic,81,0.5541327913279133,0.5,-0.014923215898825653,0.07066176470588235
980,all_blocks,Temperature,81,0.5194896115627823,0.2857142857142857,-0.007865853658536582,0.05441176470588236
980,all_blocks,Fisher,81,0.532813911472448,0.38461538461538464,-0.03145776874435412,0.06441176470588236
984,all_blocks,Semantic,64,0.05119047619047618,0.4,0.019887820512820512,0.06346153846153846
984,all_blocks,Temperature,64,0.1522435897435897,0.16666666666666666,0.028749999999999998,0.07961538461538462
984,all_blocks,Fisher,64,0.04587912087912087,0.4,-0.024221611721611722,0.0747086247086247
993,all_blocks,Semantic,162,0.48492225792839283,0.4166666666666667,0.005462479588913306,0.04547287390029326
993,all_blocks,Temperature,162,0.38885713438927627,0.36,0.03570377144663621,0.06203506842619745
993,all_blocks,Fisher,162,0.3795594169027084,0.3076923076923077,0.02938773090813635,0.06279590959652137
996,all_blocks,Semantic,72,0.3484146890475272,0.23076923076923078,0.0004984243359701594,0.058571428571428566
996,all_blocks,Temperature,72,0.31748022380860513,0.14285714285714285,-0.008714386777284713,0.054761904761904755
996,all_blocks,Fisher,72,0.3798636568268057,0.14285714285714285,0.00402437455784938,0.06391941391941391
997,all_blocks,Semantic,66,0.5453919215113247,0.4,-0.013618620185784367,0.0641025641025641
997,all_blocks,Temperature,66,0.42786765473332644,0.16666666666666666,0.0459012629161883,0.0706876456876457
997,all_blocks,Fisher,66,0.317315520300595,0.4,-0.05135372090595971,0.05192307692307692
998,all_blocks,Semantic,63,0.1644105222734255,0.2727272727272727,0.041018625192012305,0.05722610722610723
998,all_blocks,Temperature,63,0.11875960061443933,0.16666666666666666,0.03518145161290323,0.07004662004662006
998,all_blocks,Fisher,63,0.07498079877112135,0.16666666666666666,0.08450700844854071,0.0673076923076923
