index,checkpoint,method,n_tokens,spearman,top10_jaccard,random_floor_spearman,random_floor_top10_jaccard
1,final_quarter,Semantic,107,0.8785144693273771,0.4666666666666667,0.022368189031916768,0.038809523809523815
1,final_quarter,Temperature,107,0.9259487842630145,0.4666666666666667,-0.027213993220870314,0.0524561403508772
1,final_quarter,Fisher,107,0.836017555202884,0.6923076923076923,0.00640588569525265,0.07324561403508772
2,final_quarter,Semantic,103,0.7502526029082284,0.15789473684210525,0.03238424197162062,0.05507518796992481
2,final_quarter,Temperature,103,0.8978166322540966,0.4666666666666667,-0.013957408953125689,0.06637254901960785
2,final_quarter,Fisher,103,0.9295237886043141,0.5714285714285714,0.0026583710407239816,0.07848370927318296
19,final_quarter,Semantic,75,0.8252631578947368,0.23076923076923078,0.054294452347083924,0.05249084249084248
19,final_quarter,Temperature,75,0.6995448079658605,0.3333333333333333,-0.0090398293029872,0.051428571428571435
19,final_quarter,Fisher,75,0.8187766714082504,0.23076923076923078,0.0032475106685632997,0.06523809523809523
23,final_quarter,Semantic,67,0.7599568999920187,0.4,-0.008851464602123073,0.05
23,final_quarter,Temperature,67,0.9054194269295236,0.4,-0.005601005666852904,0.06089743589743589
23,final_quarter,Fisher,67,0.8290366350067843,0.5555555555555556,-0.008344640434192677,0.06474358974358974
30,final_quarter,Semantic,65,0.9312937062937063,0.2727272727272727,-0.05556381118881119,0.04679487179487179
30,final_quarter,Temperature,65,0.9686625874125874,0.75,0.014637237762237765,0.07692307692307693
30,final_quarter,Fisher,65,0.9326048951048951,0.4,0.025692744755244756,0.07628205128205129
43,final_quarter,Semantic,78,0.9348499601664157,0.6,0.01844611085117414,0.06831501831501831
43,final_quarter,Temperature,78,0.9097611249509984,0.6,-0.015944814678991896,0.027142857142857142
43,final_quarter,Fisher,78,0.8855574804941894,0.6,-0.015818358856333543,0.07952380952380952
54,final_quarter,Semantic,83,0.6351538558414844,0.2,0.0012782838671760214,0.05889705882352941
54,final_quarter,Temperature,83,0.8566390999538223,0.38461538461538464,0.02007997145375929,0.06066176470588236
54,final_quarter,Fisher,83,0.7213383149322027,0.5,-0.010349061752235426,0.07522058823529412
57,final_quarter,Semantic,82,0.6398167194523351,0.38461538461538464,0.009555838530272854,0.06522058823529411
57,final_quarter,Temperature,82,0.4825916130647251,0.5,-0.0275650025576561,0.06852941176470588
57,final_quarter,Fisher,82,0.7377912734950642,0.38461538461538464,0.03156691807881935,0.058529411764705885
59,final_quarter,Semantic,80,0.7785747773089546,0.3333333333333333,0.025268401312705115,0.05142857142857142
59,final_quarter,Temperature,80,0.8693624003750585,0.7777777777777778,-0.03367323019221754,0.048095238095238094
59,final_quarter,Fisher,80,0.8563056727613689,0.3333333333333333,-0.010654008438818566,0.07890109890109889
62,final_quarter,Semantic,73,0.8765272121436506,0.45454545454545453,-0.041763852893989886,0.051428571428571435
62,final_quarter,Temperature,73,0.943971368628903,0.7777777777777778,-0.009956189065778104,0.048095238095238094
62,final_quarter,Fisher,73,0.9156176724669878,0.45454545454545453,-0.023161174873503648,0.10045621045621045
65,final_quarter,Semantic,78,0.8398057638563967,0.14285714285714285,-0.0026138418543481833,0.08058608058608059
65,final_quarter,Temperature,78,0.8964073900782761,0.7777777777777778,0.0048963694533314785,0.0701098901098901
65,final_quarter,Fisher,78,0.8121878121878121,0.06666666666666667,-0.004404456303190479,0.06296703296703296
67,final_quarter,Semantic,79,0.8474440116845181,0.23076923076923078,-0.016745374878286274,0.06904761904761905
67,final_quarter,Temperature,79,0.898904576436222,0.6,0.03575340798442065,0.05915750915750915
67,final_quarter,Fisher,79,0.8619766309639727,0.3333333333333333,0.010240993184031159,0.05963369963369962
72,final_quarter,Semantic,81,0.8184733514001807,0.125,-0.03136404697380306,0.06772058823529412
72,final_quarter,Temperature,81,0.916847335140018,0.5,-0.0019433152664859964,0.05441176470588236
72,final_quarter,Fisher,81,0.7795844625112918,0.2,-0.011037714543812102,0.061470588235294124
73,final_quarter,Semantic,65,0.6461538461538462,0.16666666666666666,-0.0019252622377622403,0.05192307692307692
73,final_quarter,Temperature,65,0.9133304195804195,0.4,-0.03600961538461539,0.05128205128205128
73,final_quarter,Fisher,65,0.862805944055944,0.4,0.05615384615384615,0.07004662004662003
78,final_quarter,Semantic,98,0.919374685206791,0.6666666666666666,0.012159465473162082,0.049466804265565864
78,final_quarter,Temperature,98,0.9305829173281307,0.42857142857142855,-0.03955906636319008,0.05799793601651186
78,final_quarter,Fisher,98,0.9140957226376959,0.42857142857142855,-0.030635196909129154,0.04853801169590642
94,final_quarter,Semantic,62,0.6961547178363678,0.07692307692307693,0.025997834353201882,0.058974358974358966
94,final_quarter,Temperature,62,0.8940343985293748,0.2727272727272727,-6.295484878244763e-05,0.05961538461538461
94,final_quarter,Fisher,62,0.9255118229206013,0.5555555555555556,0.016197023494749573,0.06794871794871794
101,final_quarter,Semantic,62,0.7389640150084359,0.4,-0.015089018156178389,0.08076923076923077
101,final_quarter,Temperature,62,0.7664123290775856,0.4,0.03368839868046638,0.08397435897435897
101,final_quarter,Fisher,62,0.7898315328246582,0.4,-0.014059076830097456,0.04038461538461539
103,final_quarter,Semantic,84,0.9528601802166649,0.8,-0.05291586514123723,0.07522058823529412
103,final_quarter,Temperature,84,0.9448618001417434,0.5,-0.027835375113900978,0.03933823529411765
103,final_quarter,Fisher,84,0.953285410549762,0.8,-0.023565860078971348,0.04852941176470589
105,final_quarter,Semantic,106,0.9338589817870367,0.5714285714285714,-0.01137970123686929,0.06796992481203008
105,final_quarter,Temperature,106,0.8816333727989522,0.4666666666666667,-0.035924125248759355,0.060112781954887215
105,final_quarter,Fisher,106,0.8855026828223795,0.375,0.02272715822354334,0.053333333333333344
106,final_quarter,Semantic,67,0.8892569239364675,0.75,0.01606672519754171,0.0715034965034965
106,final_quarter,Temperature,67,0.9354298028573712,0.75,0.013374970069438908,0.07243589743589743
106,final_quarter,Fisher,67,0.8682656237528934,0.75,-0.033921302578018994,0.058974358974358966
108,final_quarter,Semantic,74,0.918904109589041,0.45454545454545453,-0.020648648648648647,0.04428571428571428
108,final_quarter,Temperature,74,0.80952239911144,0.7777777777777778,0.0351129211403184,0.05142857142857142
108,final_quarter,Fisher,74,0.7740096260644205,0.3333333333333333,0.03304701962236208,0.07344322344322343
109,final_quarter,Semantic,90,0.8030374120261761,0.38461538461538464,-0.013348149977363463,0.03933823529411765
109,final_quarter,Temperature,90,0.7322467794377906,0.2857142857142857,-0.0029855537720706268,0.036397058823529414
109,final_quarter,Fisher,90,0.7843849034860271,0.5,0.0236819360414866,0.042279411764705885
110,final_quarter,Semantic,76,0.8251264524948736,0.3333333333333333,-0.05320847573479152,0.027142857142857142
110,final_quarter,Temperature,76,0.8507997265892002,0.3333333333333333,0.0029747095010252897,0.07153846153846154
110,final_quarter,Fisher,76,0.8276144907723855,0.23076923076923078,-0.0003499658236500315,0.04380952380952381
111,final_quarter,Semantic,64,0.8593406593406593,0.16666666666666666,0.03824862637362637,0.057226107226107215
111,final_quarter,Temperature,64,0.930631868131868,0.2727272727272727,0.03578754578754578,0.11970862470862471
111,final_quarter,Fisher,64,0.8585622710622709,0.16666666666666666,0.005643315018315024,0.07961538461538462
114,final_quarter,Semantic,85,0.8322454563220637,0.38461538461538464,0.04144322845417237,0.09389705882352942
114,final_quarter,Temperature,85,0.8986320109439125,0.5,-0.005302911862419386,0.03676470588235294
114,final_quarter,Fisher,85,0.9147547391049442,0.6363636363636364,-0.038926128590971276,0.036029411764705886
115,final_quarter,Semantic,100,0.8761476147614761,0.42857142857142855,0.0283012301230123,0.06384588923288614
115,final_quarter,Temperature,100,0.8271107110711071,0.8181818181818182,-0.008238823882388236,0.06881664946680426
115,final_quarter,Fisher,100,0.9078547854785477,0.5384615384615384,-0.04906510651065106,0.03513931888544891
120,final_quarter,Semantic,80,0.762330051570558,0.14285714285714285,0.008919362400375058,0.07010989010989009
120,final_quarter,Temperature,80,0.8832630098452884,0.45454545454545453,0.014286216596343177,0.054761904761904755
120,final_quarter,Fisher,80,0.7458040318799812,0.23076923076923078,-0.019444444444444448,0.048571428571428564
121,final_quarter,Semantic,78,0.9203328317252367,0.6,-0.042108524387005394,0.026666666666666665
121,final_quarter,Temperature,78,0.9225837453685554,0.7777777777777778,0.022980816651702728,0.0789010989010989
121,final_quarter,Fisher,78,0.8894776109965982,0.7777777777777778,-0.0038467861252671405,0.048095238095238094
132,final_quarter,Semantic,95,0.7541573348264278,0.17647058823529413,0.007945128779395298,0.0632094943240454
132,final_quarter,Temperature,95,0.6668673012318029,0.3333333333333333,-0.029740341545352746,0.054072067423460615
132,final_quarter,Fisher,95,0.8318309070548712,0.17647058823529413,0.0103226483762598,0.055022359821121435
134,final_quarter,Semantic,77,0.9568852200431146,0.7777777777777778,0.05816026079183974,0.03761904761904762
134,final_quarter,Temperature,77,0.9468163415531835,0.7777777777777778,0.030037068194962928,0.08164835164835163
134,final_quarter,Fisher,77,0.9261265050738734,0.7777777777777778,0.019586991955412997,0.06677655677655676
135,final_quarter,Semantic,76,0.7490909090909091,0.14285714285714285,0.026509911141490084,0.06725274725274724
135,final_quarter,Temperature,76,0.7394395078605605,0.14285714285714285,0.00848667122351333,0.04915750915750916
135,final_quarter,Fisher,76,0.8763636363636363,0.23076923076923078,0.01756254272043746,0.0645054945054945
136,final_quarter,Semantic,64,0.921062271062271,0.5555555555555556,-0.025244963369963364,0.035256410256410256
136,final_quarter,Temperature,64,0.8506868131868129,0.4,0.06401785714285714,0.06794871794871796
136,final_quarter,Fisher,64,0.8379120879120878,0.2727272727272727,0.05886904761904761,0.08368298368298369
140,final_quarter,Semantic,70,0.8974717872452104,0.75,0.014124748490945676,0.05192307692307692
140,final_quarter,Temperature,70,0.8845595310996412,0.5555555555555556,-0.04590149593211442,0.06491841491841492
140,final_quarter,Fisher,70,0.9013559618581051,0.75,0.01645525325868253,0.05722610722610723
141,final_quarter,Semantic,79,0.651192794547225,0.45454545454545453,-0.0005611002921129506,0.08318681318681317
141,final_quarter,Temperature,79,0.7330574488802337,0.45454545454545453,0.02994644595910418,0.07783882783882783
141,final_quarter,Fisher,79,0.7405306718597858,0.6,-0.03894839337877313,0.047619047619047616
169,final_quarter,Semantic,66,0.883978707859305,0.2727272727272727,0.005293810666944994,0.051923076923076926
169,final_quarter,Temperature,66,0.933576870890304,0.75,0.006763385867863481,0.055128205128205134
169,final_quarter,Fisher,66,0.8964199979125353,0.16666666666666666,0.011489406116271786,0.0564102564102564
174,final_quarter,Semantic,95,0.8747760358342667,0.6666666666666666,0.018858482642777157,0.07734778121775024
174,final_quarter,Temperature,95,0.8447928331466965,0.6666666666666666,0.03257068868980963,0.0694014447884417
174,final_quarter,Fisher,95,0.8528975363941769,0.5384615384615384,-0.02692469204927212,0.061214310285517715
177,final_quarter,Semantic,77,0.8528576686471423,0.23076923076923078,0.001281613123718385,0.04153846153846154
177,final_quarter,Temperature,77,0.9088017245911982,0.7777777777777778,0.040221620484778384,0.06190476190476191
177,final_quarter,Fisher,77,0.9019927440980072,0.3333333333333333,0.03013039591986959,0.04476190476190476
178,final_quarter,Semantic,68,0.7077909684314998,0.16666666666666666,0.020345841126846582,0.0770979020979021
178,final_quarter,Temperature,68,0.8119632018933466,0.4,-0.005252509829369775,0.0641025641025641
178,final_quarter,Fisher,68,0.586504051101745,0.2727272727272727,-0.023450428012176082,0.05512820512820512
189,final_quarter,Semantic,64,0.8785714285714286,0.4,-0.016804029304029296,0.06923076923076922
189,final_quarter,Temperature,64,0.924404761904762,0.5555555555555556,-0.015096153846153846,0.04871794871794871
189,final_quarter,Fisher,64,0.8573260073260073,0.2727272727272727,0.007099358974358977,0.05722610722610723
193,final_quarter,Semantic,73,0.6805195606565472,0.3333333333333333,0.03172281870912009,0.06783882783882784
193,final_quarter,Temperature,73,0.9147229421202027,0.6,0.01671294582253487,0.06402930402930403
193,final_quarter,Fisher,73,0.7780451684561275,0.3333333333333333,-0.04513760335678144,0.055824175824175815
194,final_quarter,Semantic,72,0.8979677149655928,0.45454545454545453,-0.04007010097112354,0.06249084249084249
194,final_quarter,Temperature,72,0.8306321949964628,0.23076923076923078,-0.03731590455977877,0.05344322344322344
194,final_quarter,Fisher,72,0.8887709820567239,0.45454545454545453,0.015279117628143301,0.05142857142857142
196,final_quarter,Semantic,68,0.6307592472420506,0.07692307692307693,-0.018223460701607054,0.05576923076923076
196,final_quarter,Temperature,68,0.7869985112799175,0.4,-0.009054471886093828,0.07705128205128206
196,final_quarter,Fisher,68,0.6603809596518685,0.16666666666666666,0.019771347864259263,0.03910256410256411
198,final_quarter,Semantic,70,0.8727320444405564,0.2727272727272727,-0.023588487446417637,0.05128205128205128
198,final_quarter,Temperature,70,0.8799755052051439,0.5555555555555556,0.023899921266730823,0.060256410256410244
198,final_quarter,Fisher,70,0.7696089580964045,0.2727272727272727,0.0169993876301286,0.06491841491841492
199,final_quarter,Semantic,62,0.90032988340762,0.2727272727272727,0.04267835108660069,0.12086247086247086
199,final_quarter,Temperature,62,0.8629095212913299,0.4,0.022701518470952635,0.08158508158508158
199,final_quarter,Fisher,62,0.9452544634987788,0.4,0.013505074160811864,0.046794871794871795
204,final_quarter,Semantic,71,0.7782360831656606,0.14285714285714285,0.0057075788061703575,0.0563003663003663
204,final_quarter,Temperature,71,0.8479879275653922,0.23076923076923078,-0.07322769953051642,0.04095238095238095
204,final_quarter,Fisher,71,0.8,0.23076923076923078,-0.06912810194500335,0.05963369963369963
211,final_quarter,Semantic,74,0.9016068122917437,0.45454545454545453,-0.06494187338022953,0.05736263736263736
211,final_quarter,Temperature,74,0.9696408737504626,0.7777777777777778,0.0008115512773047045,0.06736263736263737
211,final_quarter,Fisher,74,0.944494631617919,0.7777777777777778,0.025803776379118838,0.0519047619047619
225,final_quarter,Semantic,80,0.7729723394280357,0.6,0.017789498359118618,0.06238095238095237
225,final_quarter,Temperature,80,0.8976793248945149,0.6,-0.043824425691514304,0.058571428571428566
225,final_quarter,Fisher,80,0.8909985935302391,0.7777777777777778,0.012726207219878105,0.04428571428571428
230,final_quarter,Semantic,90,0.7881384533069925,0.38461538461538464,-0.008344240029633288,0.0574264705882353
230,final_quarter,Temperature,90,0.9439601596904967,0.8,0.014568876816067828,0.06816176470588235
230,final_quarter,Fisher,90,0.8200600897230109,0.38461538461538464,0.03562909001111248,0.06772058823529412
233,final_quarter,Semantic,80,0.9167369901547117,0.45454545454545453,0.0036591654946085323,0.06296703296703296
233,final_quarter,Temperature,80,0.8859353023909987,0.7777777777777778,0.02728082512892639,0.055824175824175815
233,final_quarter,Fisher,80,0.7849742147210501,0.3333333333333333,0.00435419596812002,0.05582417582417583
236,final_quarter,Semantic,69,0.8906101571063209,0.75,-0.021384727804165147,0.05128205128205128
236,final_quarter,Temperature,69,0.9213372305443918,0.75,-0.016521739130434778,0.05576923076923076
236,final_quarter,Fisher,69,0.8646693459992693,0.75,-8.76872488125631e-05,0.035897435897435895
238,final_quarter,Semantic,85,0.80125073285128,0.6363636363636364,0.01770568692593317,0.08183823529411766
238,final_quarter,Temperature,85,0.880750439710768,0.38461538461538464,0.021026968927105726,0.05522058823529412
238,final_quarter,Fisher,85,0.923001758843072,0.5,-0.021882939222200505,0.04852941176470589
249,final_quarter,Semantic,76,0.9364319890635681,0.6,0.005030758714969241,0.04095238095238095
249,final_quarter,Temperature,76,0.8418318523581682,0.6,-0.020697197539302804,0.042967032967032956
249,final_quarter,Fisher,76,0.8711688311688313,0.6,0.039830485304169515,0.08498168498168499
258,final_quarter,Semantic,76,0.9303349282296652,0.6,0.014735475051264523,0.05809523809523809
258,final_quarter,Temperature,76,0.8892412850307587,0.45454545454545453,0.04145317840054683,0.07677655677655677
258,final_quarter,Fisher,76,0.8915652768284347,0.6,-0.023565276828434727,0.054285714285714284
259,final_quarter,Semantic,77,0.820915926179084,0.06666666666666667,-0.013101372311898628,0.04630036630036629
259,final_quarter,Temperature,77,0.9200010515799989,0.45454545454545453,0.035563121089436864,0.0719047619047619
259,final_quarter,Fisher,77,0.9381408065618592,0.14285714285714285,-0.033569062516430936,0.05904761904761905
265,final_quarter,Semantic,83,0.7142017547542084,0.5,0.007674950673775237,0.057352941176470586
265,final_quarter,Temperature,83,0.8512237101716971,0.5,-0.02685760463456614,0.03272058823529411
265,final_quarter,Fisher,83,0.8602913395743251,0.6363636363636364,0.031044036774274798,0.0826470588235294
267,final_quarter,Semantic,74,0.7693298778230283,0.23076923076923078,0.03362310255460941,0.07666666666666666
267,final_quarter,Temperature,74,0.8464568678267307,0.6,-0.010215475749722319,0.04582417582417582
267,final_quarter,Fisher,74,0.8251314328026654,0.3333333333333333,-0.004276934468715284,0.06736263736263737
272,final_quarter,Semantic,122,0.5785950082776807,0.3684210526315789,-0.0038989362932512956,0.0405
272,final_quarter,Temperature,122,0.8199001391179065,0.5294117647058824,0.020579867226663055,0.07263664596273291
272,final_quarter,Fisher,122,0.6220024386939439,0.3,0.007830917219888902,0.06530105401844531
277,final_quarter,Semantic,100,0.876183618361836,0.3333333333333333,-0.011327932793279332,0.04203216374269005
277,final_quarter,Temperature,100,0.9177797779777976,0.8181818181818182,0.015410141014101408,0.04683522531819746
277,final_quarter,Fisher,100,0.7873267326732674,0.3333333333333333,-0.027868586858685863,0.051754385964912275
292,final_quarter,Semantic,72,0.9166505884622808,1.0,-0.017367676377902118,0.05963369963369963
292,final_quarter,Temperature,72,0.9723454884558493,0.6,-0.04747089845006111,0.0519047619047619
292,final_quarter,Fisher,72,0.9339185799729887,0.6,0.031027718824361707,0.0557142857142857
312,final_quarter,Semantic,82,0.8375725122713075,0.2,0.00488893242346078,0.061470588235294124
312,final_quarter,Temperature,82,0.9016118675242978,0.38461538461538464,0.0031116335259738135,0.04191176470588236
312,final_quarter,Fisher,82,0.7900762943372406,0.2,0.010788955279111025,0.05669117647058823
327,final_quarter,Semantic,65,0.8293269230769231,0.2727272727272727,0.0066958041958041946,0.06555944055944055
327,final_quarter,Temperature,65,0.8928758741258742,0.4,0.00043706293706293755,0.05833333333333333
327,final_quarter,Fisher,65,0.9260052447552447,0.2727272727272727,-0.012701048951048951,0.05448717948717948
329,final_quarter,Semantic,73,0.9104344070097496,0.6,-0.06456867826730842,0.03428571428571429
329,final_quarter,Temperature,73,0.8718684437862522,0.6,-0.03908583240775022,0.06296703296703296
329,final_quarter,Fisher,73,0.8858756016290263,0.45454545454545453,-0.033720535604097254,0.04428571428571428
340,final_quarter,Semantic,77,0.9158998895841001,0.7777777777777778,0.048270150901729855,0.06344322344322344
340,final_quarter,Temperature,77,0.8515431936484567,0.7777777777777778,-0.0114333035385667,0.06285714285714286
340,final_quarter,Fisher,77,0.931805037068195,0.7777777777777778,-0.016897576108102427,0.041428571428571426
342,final_quarter,Semantic,69,0.8310924369747901,0.4,0.021720862257946654,0.058974358974358966
342,final_quarter,Temperature,69,0.812130069419072,0.4,-0.04602849835586409,0.028205128205128206
342,final_quarter,Fisher,69,0.7461088783339423,0.4,-0.008494702228717569,0.06491841491841491
346,final_quarter,Semantic,68,0.8708630759247242,0.4,-0.005626598465473143,0.038461538461538464
346,final_quarter,Temperature,68,0.8023056075123104,1.0,-0.03941481849066687,0.027564102564102567
346,final_quarter,Fisher,68,0.890254609306409,0.75,0.046217124098179185,0.03846153846153846
352,final_quarter,Semantic,79,0.7678432327166504,0.3333333333333333,0.01474561830574489,0.06904761904761905
352,final_quarter,Temperature,79,0.8416991236611491,0.3333333333333333,-0.021870740019474193,0.05963369963369963
352,final_quarter,Fisher,79,0.7575462512171373,0.14285714285714285,0.012971032132424532,0.04476190476190476
358,final_quarter,Semantic,74,0.786094039244724,0.3333333333333333,0.0006116253239540903,0.05201465201465201
358,final_quarter,Temperature,74,0.7844946316179191,0.45454545454545453,0.003952610144390965,0.05915750915750915
358,final_quarter,Fisher,74,0.758311736393928,0.3333333333333333,-0.029248426508700465,0.04487179487179487
362,final_quarter,Semantic,80,0.7282934833567745,0.3333333333333333,0.024757383966244727,0.06582417582417581
362,final_quarter,Temperature,80,0.8214955461790906,0.45454545454545453,-0.0008122362869198415,0.05523809523809523
362,final_quarter,Fisher,80,0.8643459915611815,0.45454545454545453,0.011141584622597277,0.04915750915750915
364,final_quarter,Semantic,74,0.851610514624213,0.7777777777777778,0.028439837097371336,0.04095238095238095
364,final_quarter,Temperature,74,0.6814809329877821,0.3333333333333333,0.023401703072935952,0.059523809523809514
364,final_quarter,Fisher,74,0.5318474639022583,0.6,0.028647167715660865,0.05523809523809524
371,final_quarter,Semantic,70,0.796063336540985,0.5555555555555556,-0.011818738518064911,0.05547785547785548
371,final_quarter,Temperature,70,0.8525763275303998,0.75,0.030924678505817517,0.04871794871794872
371,final_quarter,Fisher,70,0.6744291837984427,0.75,-0.013274429183798436,0.039743589743589734
372,final_quarter,Semantic,101,0.6366220151426907,0.2222222222222222,-0.004927781013395457,0.08354882303798714
372,final_quarter,Temperature,101,0.8941409435061152,0.6923076923076923,-0.007921956901572512,0.051979949874686716
372,final_quarter,Fisher,101,0.8337914967967385,0.375,2.329644729175996e-06,0.05277777777777778
385,final_quarter,Semantic,76,0.7943403964456596,0.45454545454545453,-0.03340943267259057,0.0519047619047619
385,final_quarter,Temperature,76,0.871825017088175,0.6,0.002634313055365686,0.08153846153846152
385,final_quarter,Fisher,76,0.8754066985645933,0.45454545454545453,-0.02280246069719754,0.0663003663003663
397,final_quarter,Semantic,76,0.6648803827751196,0.45454545454545453,0.012042378673957618,0.054761904761904755
397,final_quarter,Temperature,76,0.8405741626794259,0.6,-0.0018974709501025284,0.05523809523809523
397,final_quarter,Fisher,76,0.873192071086808,0.6,0.011599453178400543,0.06677655677655678
400,final_quarter,Semantic,73,0.9202147352832286,0.6,0.008479883993582623,0.0701098901098901
400,final_quarter,Temperature,73,0.9333580155497965,0.45454545454545453,-0.006636430951499447,0.059157509157509156
400,final_quarter,Fisher,73,0.9560965074663706,0.6,0.030251141552511417,0.05582417582417583
402,final_quarter,Semantic,92,0.7892205970747345,0.6666666666666666,0.006365303700507067,0.04654282765737874
402,final_quarter,Temperature,92,0.826086956521739,0.8181818181818182,0.03908882141701216,0.06384588923288612
402,final_quarter,Fisher,92,0.8582833716073548,1.0,0.002360402570781251,0.04064327485380117
410,final_quarter,Semantic,82,0.7574471327042588,0.2,-0.03646346905236121,0.04852941176470589
410,final_quarter,Temperature,82,0.5663085948128558,0.2857142857142857,-0.041919439274714046,0.05183823529411765
410,final_quarter,Fisher,82,0.7224671041891142,0.125,0.013734069067598307,0.06737394957983193
411,final_quarter,Semantic,72,0.7453533989324074,0.3333333333333333,-0.0049199305421570565,0.08937728937728938
411,final_quarter,Temperature,72,0.9235642163483183,0.45454545454545453,0.015263039423757157,0.08153846153846153
411,final_quarter,Fisher,72,0.8365168178017881,0.45454545454545453,-0.020256929706090426,0.062380952380952384
412,final_quarter,Semantic,69,0.521994884910486,0.16666666666666666,0.048491048593350385,0.0770979020979021
412,final_quarter,Temperature,69,0.604932407745707,0.2727272727272727,0.029198027036901726,0.06171328671328671
412,final_quarter,Fisher,69,0.5023383266350019,0.2727272727272727,0.04039824625502375,0.04807692307692308
413,final_quarter,Semantic,68,0.8820093903882124,0.16666666666666666,-0.01914150475245257,0.0673076923076923
413,final_quarter,Temperature,68,0.8633431308928502,0.75,0.006563728671221893,0.035256410256410256
413,final_quarter,Fisher,68,0.898919723632477,0.16666666666666666,0.03752719777073711,0.047435897435897434
420,final_quarter,Semantic,97,0.6509178413633493,0.42857142857142855,0.042250946770460755,0.04917440660474716
420,final_quarter,Temperature,97,0.8136571638964862,0.3333333333333333,-0.0002623343151693665,0.04975920192638459
420,final_quarter,Fisher,97,0.7649642331159267,0.3333333333333333,-0.01837129181569535,0.04946680426556588
426,final_quarter,Semantic,67,0.6636204006704447,0.4,-0.030497246388378967,0.05594405594405594
426,final_quarter,Temperature,67,0.686886423497486,0.4,0.029681139755766632,0.07628205128205127
426,final_quarter,Fisher,67,0.576183254848751,0.2727272727272727,-0.02617726873653125,0.056585081585081576
428,final_quarter,Semantic,65,0.8212412587412588,0.4,0.007677010489510488,0.07628205128205127
428,final_quarter,Temperature,65,0.9204982517482517,0.5555555555555556,0.0329020979020979,0.06346153846153846
428,final_quarter,Fisher,65,0.8583041958041957,0.4,-0.014700611888111887,0.05961538461538461
432,final_quarter,Semantic,87,0.8039658817525697,0.38461538461538464,-0.018343114383611574,0.05933823529411765
432,final_quarter,Temperature,87,0.7576000583217903,0.5,-0.014964095647736384,0.06029411764705883
432,final_quarter,Fisher,87,0.8041116862287672,0.2857142857142857,-0.02462637602974411,0.05227941176470589
433,final_quarter,Semantic,93,0.896496672734326,0.5384615384615384,0.012295962519769624,0.05348727210182318
433,final_quarter,Temperature,93,0.9144758437527974,0.5384615384615384,-0.026080988332189425,0.030168558651530786
433,final_quarter,Fisher,93,0.9129390349437496,0.5384615384615384,-0.02744770373907075,0.05765393876848984
434,final_quarter,Semantic,80,0.9159868729488984,0.7777777777777778,0.023783403656821373,0.07820512820512819
434,final_quarter,Temperature,80,0.9008438818565402,0.7777777777777778,-0.01183192686357243,0.052380952380952375
434,final_quarter,Fisher,80,0.8856540084388186,0.7777777777777778,0.0062482419127988745,0.04095238095238095
435,final_quarter,Semantic,65,0.7985576923076922,0.5555555555555556,0.0046940559440559445,0.058974358974358966
435,final_quarter,Temperature,65,0.7450611888111888,0.4,0.0054654720279720265,0.07564102564102564
435,final_quarter,Fisher,65,0.7796328671328672,0.5555555555555556,-0.01473557692307692,0.05448717948717948
436,final_quarter,Semantic,68,0.7987555827003091,0.4,0.046276291178379184,0.05064102564102564
436,final_quarter,Temperature,68,0.9322823224033285,0.4,-0.04365576211016528,0.04358974358974359
436,final_quarter,Fisher,68,0.9041875023857692,0.4,0.0026319807611558553,0.06043123543123543
437,final_quarter,Semantic,71,0.70617035546613,0.23076923076923078,-0.0250335345405768,0.07058608058608058
437,final_quarter,Temperature,71,0.6767605633802817,0.3333333333333333,-0.0006975184439973109,0.05142857142857142
437,final_quarter,Fisher,71,0.7441314553990609,0.23076923076923078,-0.010992622401073102,0.06545787545787544
439,final_quarter,Semantic,111,0.9225078975078974,0.7142857142857143,-0.005630923130923135,0.05914737436476566
439,final_quarter,Temperature,111,0.9222270972270972,0.7142857142857143,0.005685328185328186,0.07177300959909653
439,final_quarter,Fisher,111,0.9472534222534221,0.7142857142857143,0.0049315549315549325,0.06609260304912477
441,final_quarter,Semantic,108,0.7607914868482475,0.4666666666666667,0.018624901159412004,0.06402919062361788
441,final_quarter,Temperature,108,0.8912610630007526,0.2222222222222222,-0.00721274305257843,0.060588972431077706
441,final_quarter,Fisher,108,0.8808673202053977,0.29411764705882354,0.009984566578067395,0.056942355889724315
451,final_quarter,Semantic,77,0.9248383195751616,0.3333333333333333,0.003403175771596824,0.06296703296703296
451,final_quarter,Temperature,77,0.8747831116252168,0.3333333333333333,-0.0008399495241600451,0.052490842490842494
451,final_quarter,Fisher,77,0.8538303801461694,0.3333333333333333,0.0652544823597455,0.06783882783882783
461,final_quarter,Semantic,77,0.9072769335927229,0.7777777777777778,-0.027037436247962558,0.04963369963369964
461,final_quarter,Temperature,77,0.8651085756348913,0.6,-0.024589883800410117,0.05190476190476191
461,final_quarter,Fisher,77,0.8552500131447499,0.7777777777777778,0.0028156054471843916,0.07402930402930404
463,final_quarter,Semantic,72,0.8562608527879608,0.14285714285714285,-0.07397260273972603,0.052490842490842494
463,final_quarter,Temperature,72,0.9098655862113321,0.6,-0.02603222072158981,0.0557142857142857
463,final_quarter,Fisher,72,0.9000900379445625,0.45454545454545453,-0.005985915492957748,0.06809523809523808
469,final_quarter,Semantic,74,0.8219029988893001,0.6,-0.00479674194742688,0.05142857142857142
469,final_quarter,Temperature,74,0.844265087004813,0.6,0.029592002961865965,0.05736263736263736
469,final_quarter,Fisher,74,0.8431395779340982,0.7777777777777778,0.008367271380970012,0.048095238095238094
473,final_quarter,Semantic,72,0.8672583445880765,0.45454545454545453,0.0006559907389542777,0.0657142857142857
473,final_quarter,Temperature,72,0.577754196411345,0.6,-0.04863656826805583,0.0419047619047619
473,final_quarter,Fisher,72,0.949900315132806,0.6,0.0391166634510258,0.06523809523809523
476,final_quarter,Semantic,75,0.9561024182076812,0.6,0.050790896159317214,0.07772893772893771
476,final_quarter,Temperature,75,0.877211948790896,0.3333333333333333,0.05143954480796585,0.08058608058608058
476,final_quarter,Fisher,75,0.923954480796586,0.45454545454545453,0.0046600284495021335,0.08153846153846153
477,final_quarter,Semantic,85,0.6377564979480165,0.2857142857142857,-0.006626929841704125,0.05926470588235294
477,final_quarter,Temperature,85,0.6893492280633182,0.5,-0.041800859878835264,0.05522058823529412
477,final_quarter,Fisher,85,0.7095563806918117,0.38461538461538464,-0.012517099863201092,0.06869747899159664
478,final_quarter,Semantic,73,0.9502653338269778,0.6,0.034889855609033696,0.0582051282051282
478,final_quarter,Temperature,73,0.930396149574232,0.7777777777777778,-0.00037177588547451757,0.04915750915750915
478,final_quarter,Fisher,73,0.9344687152906332,0.6,-0.01908243860298655,0.054761904761904755
507,final_quarter,Semantic,79,0.890335929892892,0.3333333333333333,-0.0061806231742940546,0.0657142857142857
507,final_quarter,Temperature,79,0.9078870496592016,0.3333333333333333,-0.03288096397273614,0.07010989010989009
507,final_quarter,Fisher,79,0.6429892891918209,0.6,-0.012930866601752678,0.049157509157509154
510,final_quarter,Semantic,87,0.7935773128235036,0.38461538461538464,-0.04528322519501348,0.04852941176470589
510,final_quarter,Temperature,87,0.8421119778377195,0.5,-0.007607348545600351,0.05735294117647059
510,final_quarter,Fisher,87,0.7235182620106436,0.2,-0.01716938835022235,0.06816176470588235
512,final_quarter,Semantic,75,0.727027027027027,0.06666666666666667,-0.008211948790896158,0.06010989010989011
512,final_quarter,Temperature,75,0.7157041251778093,0.6,0.004790896159317214,0.0563003663003663
512,final_quarter,Fisher,75,0.7852631578947368,0.45454545454545453,0.013796586059743949,0.06857142857142857
513,final_quarter,Semantic,82,0.9427302706762006,0.6363636363636364,-0.012677267334922346,0.05516806722689076
513,final_quarter,Temperature,82,0.9534615426475551,0.5,-0.036374223179982804,0.06433823529411765
513,final_quarter,Fisher,82,0.9287774403848457,0.8,0.008933294152218631,0.058109243697478996
514,final_quarter,Semantic,72,0.6427101421313269,0.45454545454545453,0.02707891182712715,0.048571428571428564
514,final_quarter,Temperature,72,0.8448774840825778,0.7777777777777778,-0.028757476365039558,0.05630036630036629
514,final_quarter,Fisher,72,0.7868351662486335,0.3333333333333333,-0.03555694899993569,0.05142857142857142
519,final_quarter,Semantic,78,0.7703815172169601,0.3333333333333333,-0.04049115441520504,0.052490842490842494
519,final_quarter,Temperature,78,0.8662350307919928,0.6,-0.052047952047952054,0.058571428571428566
519,final_quarter,Fisher,78,0.732900011381024,0.3333333333333333,-0.006133107398930178,0.0463003663003663
523,final_quarter,Semantic,86,0.616661163262418,0.6363636363636364,-0.02662672767583376,0.045220588235294124
523,final_quarter,Temperature,86,0.8648615500731166,0.6363636363636364,-0.004547384310580688,0.047741596638655466
523,final_quarter,Fisher,86,0.80216047926789,0.6363636363636364,0.0023472805321005665,0.06735294117647059
524,final_quarter,Semantic,104,0.8826309612717381,0.375,-0.012457057505601195,0.054561403508771936
524,final_quarter,Temperature,104,0.9313346847327431,0.5714285714285714,0.012778192681105296,0.06487468671679199
524,final_quarter,Fisher,104,0.917657100181372,0.29411764705882354,-0.009965325936199722,0.05805346700083543
532,final_quarter,Semantic,78,0.9049810948545125,1.0,0.011086381972457916,0.06904761904761905
532,final_quarter,Temperature,78,0.9329784139910722,0.6,0.014539890489257573,0.05809523809523809
532,final_quarter,Fisher,78,0.9540712452104857,0.7777777777777778,-3.92013050240881e-05,0.06142857142857142
536,final_quarter,Semantic,83,0.9033205994710549,0.5,0.01731140590235506,0.049705882352941176
536,final_quarter,Temperature,83,0.823076277234373,0.5,0.001705427983711857,0.061102941176470596
536,final_quarter,Fisher,83,0.8686453129591536,0.125,-0.0025943495235296586,0.060735294117647054
540,final_quarter,Semantic,80,0.8572433192686358,0.6,-0.009474917955930617,0.06190476190476191
540,final_quarter,Temperature,80,0.9460853258321613,0.6,0.0119479606188467,0.054285714285714284
540,final_quarter,Fisher,80,0.9439052977027662,0.6,-0.005077355836849505,0.047619047619047616
543,final_quarter,Semantic,68,0.9453754246669465,0.5555555555555556,0.019811428789556062,0.0694055944055944
543,final_quarter,Temperature,68,0.9069740810016413,0.5555555555555556,0.007111501316944688,0.08730769230769232
543,final_quarter,Fisher,68,0.8169256021681871,0.4,0.01960720693209146,0.07256410256410256
547,final_quarter,Semantic,75,0.879687055476529,0.7777777777777778,-0.01187624466571835,0.03809523809523809
547,final_quarter,Temperature,75,0.8886770981507823,0.6,0.018147937411095307,0.08106227106227107
547,final_quarter,Fisher,75,0.896330014224751,0.45454545454545453,0.010947368421052633,0.0912987012987013
548,final_quarter,Semantic,72,0.9188050678500227,0.6,-0.013369026947070557,0.06402930402930403
548,final_quarter,Temperature,72,0.9153643321113899,0.7777777777777778,-0.04095279439192232,0.059047619047619036
548,final_quarter,Fisher,72,0.7822046433854267,0.6,-0.008167727828156154,0.05095238095238095
558,final_quarter,Semantic,69,0.8976982097186702,0.4,0.010321519912312754,0.03846153846153846
558,final_quarter,Temperature,69,0.7466934599926929,0.16666666666666666,-0.008116550968213374,0.0662004662004662
558,final_quarter,Fisher,69,0.8561563755937158,0.16666666666666666,-0.03647241505297772,0.061888111888111885
559,final_quarter,Semantic,83,0.8862348348096216,0.5,-0.005292598967297761,0.043823529411764706
559,final_quarter,Temperature,83,0.8749842575878426,0.8,-0.012755551824020822,0.05191176470588236
559,final_quarter,Fisher,83,0.7567692372276562,0.2857142857142857,-0.0027612190923974643,0.0631827731092437
572,final_quarter,Semantic,73,0.8591571023077874,0.3333333333333333,0.0009039861779587793,0.06963369963369961
572,final_quarter,Temperature,73,0.7812538565963224,0.3333333333333333,-0.037717512032580544,0.042490842490842486
572,final_quarter,Fisher,73,0.8224423053190179,0.3333333333333333,-0.012935024065161055,0.052967032967032965
575,final_quarter,Semantic,79,0.5088364167478092,0.14285714285714285,0.04427702044790651,0.08844155844155843
575,final_quarter,Temperature,79,0.6775073028237585,0.45454545454545453,-0.041907254138266785,0.04095238095238095
575,final_quarter,Fisher,79,0.6663096397273612,0.3333333333333333,-0.012022882181110034,0.0338095238095238
580,final_quarter,Semantic,67,0.8183813552558067,0.75,0.03490302498204167,0.06474358974358975
580,final_quarter,Temperature,67,0.789847553675473,0.4,-0.003843084045015562,0.05448717948717948
580,final_quarter,Fisher,67,0.8429244153563734,0.75,-0.004818820336818582,0.05722610722610723
587,final_quarter,Semantic,72,0.9012155122515918,0.6,-0.03813750080391022,0.049633699633699624
587,final_quarter,Temperature,72,0.9067785709691942,0.7777777777777778,0.020830921602675415,0.0983150183150183
587,final_quarter,Fisher,72,0.919930542157052,0.45454545454545453,0.016356357322014285,0.06010989010989011
591,final_quarter,Semantic,67,0.8529012690557907,0.5555555555555556,0.06946484156756326,0.07243589743589743
591,final_quarter,Temperature,67,0.9015085002793521,0.75,0.011385585441775085,0.06107226107226107
591,final_quarter,Fisher,67,0.9420145262989866,0.5555555555555556,-0.010443770452550077,0.04807692307692307
593,final_quarter,Semantic,79,0.7972005842259008,0.14285714285714285,0.0046214703018500475,0.0557142857142857
593,final_quarter,Temperature,79,0.9176484907497566,0.7777777777777778,0.003961781888997079,0.05582417582417583
593,final_quarter,Fisher,79,0.7828870496592016,0.23076923076923078,0.0047723953261927955,0.0783150183150183
608,final_quarter,Semantic,81,0.8714995483288165,0.38461538461538464,-0.024759485094850948,0.045220588235294124
608,final_quarter,Temperature,81,0.8080171635049683,0.2857142857142857,-0.012722448057813909,0.06691176470588235
608,final_quarter,Fisher,81,0.8321589882565492,0.38461538461538464,-0.005185185185185184,0.06323529411764706
611,final_quarter,Semantic,82,0.906465972290245,0.38461538461538464,0.04388720192422808,0.061397058823529416
611,final_quarter,Temperature,82,0.8815424298821302,0.8,0.02304067217379001,0.05227941176470589
611,final_quarter,Fisher,82,0.8654781728540176,0.2857142857142857,-0.03632198169371252,0.05183823529411765
616,final_quarter,Semantic,70,0.8667133234187735,0.5555555555555556,-0.01753477386055463,0.055128205128205134
616,final_quarter,Temperature,70,0.9288251246610094,0.5555555555555556,-0.023389029831160875,0.06876456876456875
616,final_quarter,Fisher,70,0.8603796693202694,0.5555555555555556,0.026106202431983194,0.08304195804195803
620,final_quarter,Semantic,84,0.8705072390401943,0.5,-4.3535486483750605e-05,0.05227941176470589
620,final_quarter,Temperature,84,0.8219702338766833,0.38461538461538464,-0.012158550167054772,0.06301470588235294
620,final_quarter,Fisher,84,0.8509871418446897,0.5,0.011943910094158143,0.07538865546218487
621,final_quarter,Semantic,67,0.8832708117168172,0.75,0.021845318860244232,0.0738927738927739
621,final_quarter,Temperature,67,0.8103998722962727,0.4,-0.027518157873732945,0.04807692307692307
621,final_quarter,Fisher,67,0.9127623912522947,0.75,-0.013985553515843241,0.06555944055944056
624,final_quarter,Semantic,77,0.8488090856511908,0.23076923076923078,-0.014548609285451392,0.03428571428571429
624,final_quarter,Temperature,77,0.5889373784110625,0.23076923076923078,0.02378936852621063,0.059157509157509156
624,final_quarter,Fisher,77,0.5416425679583574,0.23076923076923078,-0.008327199116672793,0.05915750915750915
630,final_quarter,Semantic,77,0.9130343340869655,0.6,0.0147839003102161,0.05904761904761905
630,final_quarter,Temperature,77,0.9308323255691675,0.7777777777777778,0.02742914979757085,0.06963369963369963
630,final_quarter,Fisher,77,0.9173458120826541,0.7777777777777778,0.009167148640832854,0.041428571428571426
635,final_quarter,Semantic,83,0.8881239242685025,0.38461538461538464,0.028551488182695938,0.07022058823529412
635,final_quarter,Temperature,83,0.8673859199865666,0.6363636363636364,-0.0036763779858108316,0.04852941176470589
635,final_quarter,Fisher,83,0.8483480962176231,0.38461538461538464,-0.04143297930397548,0.042279411764705885
638,final_quarter,Semantic,72,0.8697665444723135,0.45454545454545453,-0.013269342079876522,0.059157509157509156
638,final_quarter,Temperature,72,0.63708277059618,0.23076923076923078,0.013442986687246772,0.06402930402930404
638,final_quarter,Fisher,72,0.8168692520419321,0.45454545454545453,0.017478615988166444,0.04047619047619048
640,final_quarter,Semantic,80,0.7524847632442571,0.3333333333333333,0.051769807782466024,0.047619047619047616
640,final_quarter,Temperature,80,0.6546647913736522,0.45454545454545453,-0.02848101265822785,0.03761904761904762
640,final_quarter,Fisher,80,0.6884903891233005,0.23076923076923078,-0.055375058602906715,0.04153846153846154
647,final_quarter,Semantic,66,0.8368020039661833,0.5555555555555556,0.02070347562884877,0.08222610722610721
647,final_quarter,Temperature,66,0.8336290575096548,0.5555555555555556,-0.02495146644400376,0.058974358974358966
647,final_quarter,Fisher,66,0.7292558188080577,0.5555555555555556,-0.008178686984657135,0.04294871794871795
655,final_quarter,Semantic,69,0.869382535622945,0.4,-0.021245889660211913,0.06282051282051282
655,final_quarter,Temperature,69,0.911801242236025,0.2727272727272727,0.0256083302886372,0.0641025641025641
655,final_quarter,Fisher,69,0.8263061746437705,0.16666666666666666,-0.007530142491779324,0.08304195804195803
661,final_quarter,Semantic,68,0.815933122113219,0.2727272727272727,-0.012499522846127419,0.05192307692307692
661,final_quarter,Temperature,68,0.8537237088216206,0.5555555555555556,-0.00016604954765812863,0.06666666666666667
661,final_quarter,Fisher,68,0.7887544375310149,0.4,-0.06878077642478145,0.05256410256410256
666,final_quarter,Semantic,82,0.8524613358583386,0.38461538461538464,-0.05446827962255525,0.055955882352941175
666,final_quarter,Temperature,82,0.8443856727723904,0.2857142857142857,-0.011883849762192401,0.04485294117647058
666,final_quarter,Fisher,82,0.7513958272112842,0.2857142857142857,0.04823848238482385,0.06691176470588237
669,final_quarter,Semantic,81,0.7363369467028003,0.38461538461538464,-0.015353432700993675,0.05345588235294117
669,final_quarter,Temperature,81,0.6743902439024391,0.5,-0.020210027100271002,0.08022058823529413
669,final_quarter,Fisher,81,0.7934959349593497,0.2857142857142857,-0.002860207768744352,0.05147058823529412
681,final_quarter,Semantic,86,0.8138780131138261,0.5,0.01704136987593755,0.06433823529411765
681,final_quarter,Temperature,86,0.9089013632718526,0.6363636363636364,0.01612811925090806,0.04191176470588236
681,final_quarter,Fisher,86,0.8867871125996509,0.8,0.031048634369545736,0.052647058823529415
684,final_quarter,Semantic,85,0.7787766269298417,0.5,0.030994723470783657,0.07066176470588235
684,final_quarter,Temperature,85,0.8818057455540356,0.5,0.000732851280046902,0.05779411764705883
684,final_quarter,Fisher,85,0.7997068594879813,0.38461538461538464,-0.03330369357045144,0.055955882352941175
692,final_quarter,Semantic,88,0.7716882110527985,0.2,0.00033901588531576527,0.06220588235294118
692,final_quarter,Temperature,88,0.8749075411221866,0.5,-0.05859779507590437,0.06551470588235295
692,final_quarter,Fisher,88,0.7791201437075131,0.2857142857142857,0.027941072875206936,0.05227941176470589
693,final_quarter,Semantic,86,0.843445445539884,0.6363636363636364,-0.012581725553092126,0.06595588235294117
693,final_quarter,Temperature,86,0.7949148544742677,0.38461538461538464,0.04073211000518892,0.05522058823529412
693,final_quarter,Fisher,86,0.6598896174347847,0.6363636363636364,0.026374829001367995,0.04852941176470589
700,final_quarter,Semantic,78,0.9179554622592597,0.3333333333333333,0.014109940692219176,0.052490842490842494
700,final_quarter,Temperature,78,0.8894523198320666,0.7777777777777778,0.023590333716915997,0.048095238095238094
700,final_quarter,Fisher,78,0.8713438460273902,0.45454545454545453,0.0396034345401434,0.03333333333333334
712,final_quarter,Semantic,102,0.93846797586669,0.4666666666666667,-0.003340099858072617,0.04796992481203007
712,final_quarter,Temperature,102,0.9532713979564719,0.8333333333333334,-0.008119829687137762,0.06031328320802006
712,final_quarter,Fisher,102,0.943443916064936,0.5714285714285714,-0.021748251352833738,0.05142857142857142
717,final_quarter,Semantic,73,0.7380908305565841,0.23076923076923078,-0.011139392817475008,0.08714285714285713
717,final_quarter,Temperature,73,0.821794397136863,0.7777777777777778,0.01764778477107245,0.06344322344322344
717,final_quarter,Fisher,73,0.8403369122547205,0.6,0.025095643588794285,0.06772893772893772
724,final_quarter,Semantic,75,0.830298719772404,0.45454545454545453,-0.018499288762446654,0.048681318681318676
724,final_quarter,Temperature,75,0.9032432432432432,0.6,0.05798435277382645,0.06571428571428571
724,final_quarter,Fisher,75,0.8721763869132291,0.6,-0.029036984352773826,0.06725274725274726
732,final_quarter,Semantic,89,0.8786176370446035,0.5,0.011942458290772904,0.06808823529411764
732,final_quarter,Temperature,89,0.8449097718760641,0.5,0.008933435478379294,0.03683823529411765
732,final_quarter,Fisher,89,0.9160027238678926,0.8,-0.01810180456247872,0.061470588235294124
739,final_quarter,Semantic,71,0.8919181757209925,0.23076923076923078,-0.023661971830985912,0.04714285714285714
739,final_quarter,Temperature,71,0.7189134808853118,0.45454545454545453,0.01367035546613011,0.0839194139194139
739,final_quarter,Fisher,71,0.7779678068410462,0.3333333333333333,0.0038983903420523117,0.05963369963369962
741,final_quarter,Semantic,66,0.8720384093518424,0.4,0.014342970462373447,0.07307692307692308
741,final_quarter,Temperature,66,0.7001983091535331,0.2727272727272727,0.02928921824444214,0.06794871794871796
741,final_quarter,Fisher,66,0.6337334307483562,0.2727272727272727,-0.049230769230769245,0.039743589743589734
745,final_quarter,Semantic,107,0.8320304081192814,0.4666666666666667,-0.023602049413193833,0.05531328320802005
745,final_quarter,Temperature,107,0.6992006112972433,0.4666666666666667,0.0039910656556750735,0.07192392746572314
745,final_quarter,Fisher,107,0.8445698387507593,0.4666666666666667,0.039420345226199575,0.0554344193817878
746,final_quarter,Semantic,76,0.26605604921394393,0.14285714285714285,0.035074504442925494,0.052380952380952375
746,final_quarter,Temperature,76,0.7073410799726589,0.23076923076923078,0.019100478468899524,0.06523809523809523
746,final_quarter,Fisher,76,0.201203007518797,0.0,0.04886124401913876,0.08402930402930403
750,final_quarter,Semantic,78,0.7755409147814211,0.6,0.0022749402496237948,0.05523809523809523
750,final_quarter,Temperature,78,0.7789046396641334,0.6,0.038321172498387686,0.0657142857142857
750,final_quarter,Fisher,78,0.8331794787490989,0.7777777777777778,-0.035932422008371365,0.05582417582417583
757,final_quarter,Semantic,73,0.8802295446131065,0.3333333333333333,0.07180828088362337,0.06904761904761904
757,final_quarter,Temperature,73,0.8716833271627794,0.23076923076923078,-0.01239047266444527,0.06285714285714285
757,final_quarter,Fisher,73,0.849284215722572,0.45454545454545453,-0.029216031099592747,0.06142857142857143
772,final_quarter,Semantic,111,0.5118813618813618,0.2631578947368421,-0.014824938574938573,0.059435347261434214
772,final_quarter,Temperature,111,0.9016409266409265,0.6,0.022216128466128464,0.06417843026538678
772,final_quarter,Fisher,111,0.6359512109512109,0.5,-0.019215514215514214,0.05959909655561829
773,final_quarter,Semantic,82,0.8248168827069796,0.6363636363636364,-0.019314112819843063,0.058529411764705885
773,final_quarter,Temperature,82,0.8279513718831968,0.6363636363636364,0.02880464949227806,0.04558823529411765
773,final_quarter,Fisher,82,0.8234673109783307,0.6363636363636364,0.0004821453837028349,0.0847794117647059
781,final_quarter,Semantic,80,0.8615096108766995,1.0,-0.03520276605719644,0.03714285714285714
781,final_quarter,Temperature,80,0.9372480075011721,0.7777777777777778,0.003406000937646512,0.04095238095238095
781,final_quarter,Fisher,80,0.8686357243319269,0.6,-0.02867088607594937,0.04582417582417582
791,final_quarter,Semantic,72,0.44568782558363884,0.6,0.014721203935944435,0.07952380952380952
791,final_quarter,Temperature,72,0.7948742684417006,0.7777777777777778,-0.014783908933050366,0.06677655677655676
791,final_quarter,Fisher,72,0.8187021673419513,0.7777777777777778,0.0007588912470255324,0.08641025641025639
794,final_quarter,Semantic,71,0.8829644533869884,0.3333333333333333,0.01560865191146881,0.06296703296703296
794,final_quarter,Temperature,71,0.9069751844399732,0.45454545454545453,-0.0061871227364185075,0.06963369963369961
794,final_quarter,Fisher,71,0.8297116029510395,0.23076923076923078,-0.007221663313212609,0.05142857142857142
799,final_quarter,Semantic,93,0.9093432007400553,0.42857142857142855,0.0014763808898570576,0.059941520467836254
799,final_quarter,Temperature,93,0.9278296678702515,0.42857142857142855,-0.03903568977350721,0.08092105263157895
799,final_quarter,Fisher,93,0.8864551938169555,0.42857142857142855,0.012147503804720832,0.043567251461988296
800,final_quarter,Semantic,88,0.5529745341833681,0.125,0.014149730548413234,0.06772058823529412
800,final_quarter,Temperature,88,0.6645944137226587,0.2,0.013879398400901691,0.05735294117647059
800,final_quarter,Fisher,88,0.8217392835757812,0.2857142857142857,-0.0370989045824381,0.08710084033613445
801,final_quarter,Semantic,67,0.7688961609066965,0.4,-0.007596376406736371,0.035256410256410256
801,final_quarter,Temperature,67,0.8894564610104558,0.75,-0.01659150770213106,0.0391025641025641
801,final_quarter,Fisher,67,0.7086359645622158,0.2727272727272727,-0.018916114614095304,0.039102564102564095
808,final_quarter,Semantic,89,0.8935478379298606,0.38461538461538464,0.021728804902962213,0.05889705882352941
808,final_quarter,Temperature,89,0.8963057541709227,0.6363636363636364,0.006539836567926456,0.03933823529411765
808,final_quarter,Fisher,89,0.6482805583929181,0.2857142857142857,0.028269492679605046,0.06404411764705883
810,final_quarter,Semantic,81,0.8504290876242095,0.5,-0.03558039747064137,0.05485294117647059
810,final_quarter,Temperature,81,0.8750677506775068,0.6363636363636364,0.01757000903342367,0.06426470588235295
810,final_quarter,Fisher,81,0.7803748870822041,0.5,0.054538166214995486,0.07022058823529412
815,final_quarter,Semantic,85,0.8075434825092828,0.38461538461538464,0.006786202853234316,0.048161764705882355
815,final_quarter,Temperature,85,0.9329489935509088,0.5,-0.003710181747117452,0.04485294117647059
815,final_quarter,Fisher,85,0.8726988469806527,0.6363636363636364,-0.017187805354700016,0.05183823529411765
822,final_quarter,Semantic,102,0.9229407806571633,0.6923076923076923,0.010595359935765132,0.04269423558897243
822,final_quarter,Temperature,102,0.9283803880102459,0.8333333333333334,-0.03287004314366331,0.051704260651629065
822,final_quarter,Fisher,102,0.839424148011603,0.8333333333333334,0.008382762890795082,0.0593233082706767
824,final_quarter,Semantic,66,0.4856069303830499,0.2727272727272727,0.024139442646905335,0.0685897435897436
824,final_quarter,Temperature,66,0.8244859617993948,0.5555555555555556,0.0011167936541070886,0.039102564102564095
824,final_quarter,Fisher,66,0.8719131614654004,0.4,-0.031883936958563834,0.08240093240093241
825,final_quarter,Semantic,87,0.8169607056936646,0.2857142857142857,0.0010990012393380475,0.07352941176470588
825,final_quarter,Temperature,87,0.8813698330538747,0.5,-0.013558905008383759,0.06397058823529413
825,final_quarter,Fisher,87,0.8449733906830939,0.38461538461538464,0.016403914850185893,0.05897058823529412
828,final_quarter,Semantic,74,0.8110625694187336,1.0,-0.0027041836356904853,0.0519047619047619
828,final_quarter,Temperature,74,0.7984450203628285,0.6,-0.007278785634950015,0.06963369963369963
828,final_quarter,Fisher,74,0.8797482413920769,0.7777777777777778,0.0015268419104035528,0.04380952380952381
839,final_quarter,Semantic,72,0.895716766351534,0.6,0.037668017235835106,0.05095238095238095
839,final_quarter,Temperature,72,0.8316933564859478,0.45454545454545453,-0.016796900122194352,0.059157509157509156
839,final_quarter,Fisher,72,0.9194481960254681,0.6,0.04545147597916265,0.05582417582417583
843,final_quarter,Semantic,70,0.8795206018721021,0.5555555555555556,-0.008604671507304696,0.04358974358974359
843,final_quarter,Temperature,70,0.9141282477473536,0.4,0.016661709386755316,0.05961538461538461
843,final_quarter,Fisher,70,0.8588749890648236,0.5555555555555556,0.027591636777184854,0.07948717948717948
850,final_quarter,Semantic,91,0.8904602643733078,0.6666666666666666,-0.06159738811912725,0.06842105263157894
850,final_quarter,Temperature,91,0.8749004618569837,0.6666666666666666,0.02801321866539258,0.0632094943240454
850,final_quarter,Fisher,91,0.8952380952380953,0.42857142857142855,0.004822423952858734,0.06155830753353973
851,final_quarter,Semantic,71,0.777364185110664,0.23076923076923078,-0.019061032863849765,0.06238095238095237
851,final_quarter,Temperature,71,0.7423205902079141,0.3333333333333333,0.02873407109322602,0.08058608058608058
851,final_quarter,Fisher,71,0.8292421193829643,1.0,0.014406438631790742,0.056776556776556776
856,final_quarter,Semantic,74,0.821991854868567,0.45454545454545453,0.026907071455016657,0.10794871794871796
856,final_quarter,Temperature,74,0.8725805257312104,0.6,-0.00963791188448722,0.04428571428571428
856,final_quarter,Fisher,74,0.7239837097371342,0.45454545454545453,-0.024787856349500183,0.07820512820512819
863,final_quarter,Semantic,66,0.8200605364784471,0.75,-0.008458407264377415,0.038461538461538464
863,final_quarter,Temperature,66,0.7849076296837492,0.75,0.018651497755975376,0.0641025641025641
863,final_quarter,Fisher,66,0.7939254775075671,1.0,-0.024076818703684385,0.04679487179487179
864,final_quarter,Semantic,80,0.7732770745428974,0.45454545454545453,0.010337552742616043,0.06296703296703296
864,final_quarter,Temperature,80,0.8865916549460854,0.6,-0.01920534458509142,0.059157509157509156
864,final_quarter,Fisher,80,0.8214252226910455,0.7777777777777778,0.0023007501172058148,0.03
867,final_quarter,Semantic,98,0.8717620131464018,0.6666666666666666,0.024419664773125738,0.04805641554867561
867,final_quarter,Temperature,98,0.8803562662178273,0.6666666666666666,0.007671072177699566,0.04853801169590642
867,final_quarter,Fisher,98,0.8281786941580755,0.8181818181818182,-0.004422087485415912,0.0763673890608875
874,final_quarter,Semantic,75,0.8961024182076812,0.45454545454545453,-0.026439544807965853,0.055824175824175815
874,final_quarter,Temperature,75,0.9262019914651494,0.6,0.017613086770981508,0.05380952380952381
874,final_quarter,Fisher,75,0.8649217638691322,0.6,0.009641536273115217,0.048095238095238094
876,final_quarter,Semantic,95,0.8943449048152295,0.6666666666666666,0.02167763157894737,0.04917440660474716
876,final_quarter,Temperature,95,0.8354283314669653,0.42857142857142855,-0.00019456886898096168,0.051805985552115574
876,final_quarter,Fisher,95,0.9111842105263158,0.6666666666666666,-0.003134798432250837,0.07793257653938769
883,final_quarter,Semantic,75,0.9358179231863442,0.6,-0.012940256045519205,0.06010989010989011
883,final_quarter,Temperature,75,0.8311522048364152,0.3333333333333333,-0.03925462304409672,0.056776556776556776
883,final_quarter,Fisher,75,0.865149359886202,0.6,-0.01798862019914651,0.059157509157509156
885,final_quarter,Semantic,79,0.417429406037001,0.23076923076923078,0.02755842259006816,0.054761904761904755
885,final_quarter,Temperature,79,0.6639970788704966,0.3333333333333333,-0.03496957156767283,0.07164835164835164
885,final_quarter,Fisher,79,0.8936952288218112,0.6,0.010265335929892896,0.07344322344322343
917,final_quarter,Semantic,74,0.9550092558311735,0.45454545454545453,-0.00655164753794891,0.06523809523809523
917,final_quarter,Temperature,74,0.8442947056645685,0.45454545454545453,0.012764161421695664,0.06963369963369963
917,final_quarter,Fisher,74,0.9234061458718991,0.3333333333333333,-0.031631247686042196,0.05857142857142857
918,final_quarter,Semantic,73,0.7907565099345922,0.45454545454545453,-0.03219486609897569,0.03666666666666667
918,final_quarter,Temperature,73,0.8270393681352587,0.3333333333333333,-0.007586696285326424,0.054761904761904755
918,final_quarter,Fisher,73,0.6893434530420832,0.45454545454545453,-0.01615296803652968,0.051428571428571435
919,final_quarter,Semantic,74,0.9066419844502034,0.3333333333333333,0.040263606071825254,0.05809523809523809
919,final_quarter,Temperature,74,0.9375934838948535,0.6,0.05525212884116994,0.06688644688644689
919,final_quarter,Fisher,74,0.9649315068493148,0.6,0.0005227693446871545,0.05047619047619047
921,final_quarter,Semantic,74,0.7161051462421324,0.23076923076923078,-0.030203628285820065,0.05630036630036629
921,final_quarter,Temperature,74,0.8488263606071824,0.3333333333333333,0.0020925583117363963,0.06904761904761904
921,final_quarter,Fisher,74,0.7440947797112178,0.6,-0.03180747871158829,0.04428571428571428
927,final_quarter,Semantic,86,0.8693900655691305,0.5,0.012780791546771073,0.04485294117647058
927,final_quarter,Temperature,86,0.6764186989952357,0.2857142857142857,-0.026183310533515726,0.0672794117647059
927,final_quarter,Fisher,86,0.767045615359215,0.38461538461538464,0.027335251662814287,0.061911764705882354
928,final_quarter,Semantic,97,0.8731064590784767,0.3333333333333333,0.018898590363980644,0.04888200894392845
928,final_quarter,Temperature,97,0.8673863875447084,0.6666666666666666,0.00729276246581107,0.07203302373581011
928,final_quarter,Fisher,97,0.8986561119293077,0.42857142857142855,-0.0017607300652219657,0.06618507051943584
929,final_quarter,Semantic,74,0.9018733802295444,0.6,-0.019129211403184004,0.059047619047619036
929,final_quarter,Temperature,74,0.8468715290633096,0.6,-0.013126990003702332,0.06285714285714286
929,final_quarter,Fisher,74,0.806353202517586,0.6,0.00912402813772677,0.06344322344322344
930,final_quarter,Semantic,73,0.8722386770331977,0.3333333333333333,0.01644298407997038,0.07831501831501832
930,final_quarter,Temperature,73,0.8720535604097248,0.45454545454545453,-0.01892354683450574,0.0663003663003663
930,final_quarter,Fisher,73,0.8966740713316058,0.45454545454545453,-0.04666327286190301,0.06010989010989011
931,final_quarter,Semantic,105,0.9154468173336098,0.6923076923076923,0.011341488699979268,0.06218045112781956
931,final_quarter,Temperature,105,0.8638399336512543,0.4666666666666667,-0.014057122123159859,0.058650793650793655
931,final_quarter,Fisher,105,0.9301575782707858,0.8333333333333334,-0.029511714700393942,0.05777777777777778
936,final_quarter,Semantic,66,0.900052186619351,0.5555555555555556,-0.03089030372612463,0.04294871794871795
936,final_quarter,Temperature,66,0.9200500991545769,0.5555555555555556,-0.03556204989040811,0.06171328671328672
936,final_quarter,Fisher,66,0.8668197474167626,0.4,-0.01439515708172425,0.05512820512820512
937,final_quarter,Semantic,70,0.8817251334091506,0.2727272727272727,0.014868340477648501,0.0824009324009324
937,final_quarter,Temperature,70,0.9176624967194472,0.4,0.017254833347913567,0.039102564102564095
937,final_quarter,Fisher,70,0.9084944449304523,0.2727272727272727,-0.011743504505292626,0.03141025641025641
946,final_quarter,Semantic,80,0.8277074542897328,0.7777777777777778,-0.006658462259728085,0.04047619047619048
946,final_quarter,Temperature,80,0.8992498827941866,0.45454545454545453,0.025726676043131735,0.08463203463203464
946,final_quarter,Fisher,80,0.6413033286451009,0.45454545454545453,-0.0008907641819034251,0.048681318681318676
947,final_quarter,Semantic,92,0.8686096512183469,0.5384615384615384,-0.044899280242898756,0.039108187134502925
947,final_quarter,Temperature,92,0.8868578826503091,0.42857142857142855,0.013085862244347518,0.06647746818025455
947,final_quarter,Fisher,92,0.8701662993388098,0.5384615384615384,0.011853644251961223,0.05087719298245613
958,final_quarter,Semantic,79,0.788510223953262,0.06666666666666667,-0.018423807205452773,0.037142857142857144
958,final_quarter,Temperature,79,0.8093476144109055,0.06666666666666667,0.003954479065238561,0.04868131868131868
958,final_quarter,Fisher,79,0.8407254138266798,0.06666666666666667,0.045646299902629014,0.06571428571428571
964,final_quarter,Semantic,78,0.48026656887416375,0.45454545454545453,0.015062153036836588,0.08223443223443223
964,final_quarter,Temperature,78,0.8909950808684985,0.7777777777777778,-0.005456568747707986,0.06725274725274724
964,final_quarter,Fisher,78,0.8820672997888187,0.6,-0.023193262433768763,0.06238095238095237
970,final_quarter,Semantic,75,0.822275960170697,0.3333333333333333,0.04635419630156472,0.08439560439560438
970,final_quarter,Temperature,75,0.8960739687055476,0.45454545454545453,0.01821337126600284,0.07344322344322343
970,final_quarter,Fisher,75,0.7750213371266002,0.23076923076923078,-0.01006685633001422,0.06344322344322344
978,final_quarter,Semantic,97,0.8669524510835261,0.6666666666666666,0.009114638123290553,0.04975920192638459
978,final_quarter,Temperature,97,0.8890700610140962,0.5384615384615384,-0.00692128655585946,0.04992690058479532
978,final_quarter,Fisher,97,0.880522827687776,0.6666666666666666,0.000688381022512101,0.06028551771585827
981,final_quarter,Semantic,84,0.9467854611724208,0.8,-0.031800141743444366,0.05602941176470588
981,final_quarter,Temperature,84,0.9175255644426447,0.38461538461538464,-0.002592892578718235,0.07602941176470589
981,final_quarter,Fisher,84,0.9453275286018021,0.5,-0.015225270831224052,0.0720798319327731
985,final_quarter,Semantic,76,0.8942173615857827,0.45454545454545453,0.012257006151742984,0.05868131868131867
985,final_quarter,Temperature,76,0.7831578947368422,0.45454545454545453,-0.02545317840054682,0.051428571428571435
985,final_quarter,Fisher,76,0.9098838004101162,0.7777777777777778,0.0061968557758031425,0.04249084249084249
993,final_quarter,Semantic,82,0.8905976208356461,0.5,0.051214070373635456,0.061470588235294124
993,final_quarter,Temperature,82,0.8952558200280799,0.5,0.041179351552551674,0.06281512605042018
993,final_quarter,Fisher,82,0.8833926491875361,0.5,0.02918231190344032,0.03897058823529412
996,final_quarter,Semantic,76,0.891948051948052,0.7777777777777778,0.010623376623376628,0.030952380952380946
996,final_quarter,Temperature,76,0.86066985645933,0.6,0.005913875598086128,0.0738095238095238
996,final_quarter,Fisher,76,0.9180587833219412,0.6,-0.013745727956254275,0.05249084249084248
997,final_quarter,Semantic,86,0.9074484645502144,0.38461538461538464,-0.03688192839284871,0.032352941176470584
997,final_quarter,Temperature,86,0.8358790508986272,0.2857142857142857,-0.01285815368649465,0.06735294117647059
997,final_quarter,Fisher,86,0.8164630407094674,0.2,0.000510401434029907,0.03720588235294118
998,final_quarter,Semantic,85,0.7889974594488959,0.38461538461538464,0.06459448895837407,0.0757563025210084
998,final_quarter,Temperature,85,0.593140512018761,0.5,-0.01526675786593707,0.038970588235294125
998,final_quarter,Fisher,85,0.6798319327731093,0.2857142857142857,-0.0010846198944694184,0.055955882352941175
1,final_half,Semantic,107,0.8469503712847039,0.375,-0.008423460490997084,0.05170426065162907
1,final_half,Temperature,107,0.8327161582319402,0.4666666666666667,0.03927437841650503,0.062301587301587316
1,final_half,Fisher,107,0.8057171966535395,0.4666666666666667,0.029313368208624783,0.041190476190476194
2,final_half,Semantic,103,0.6202609497869349,0.15789473684210525,-0.007781267846944606,0.05277777777777779
2,final_half,Temperature,103,0.8282959188156219,0.4666666666666667,0.014357729648991782,0.05273182957393484
2,final_half,Fisher,103,0.7326143302728112,0.375,0.03744124236699907,0.07356725146198831
19,final_half,Semantic,75,0.5735135135135135,0.14285714285714285,0.014677098150782353,0.06476190476190476
19,final_half,Temperature,75,0.6341963015647226,0.3333333333333333,0.032524893314367,0.06783882783882783
19,final_half,Fisher,75,0.5376386913229018,0.23076923076923078,0.0003598862019914634,0.05190476190476191
23,final_half,Semantic,67,0.613975576662144,0.4,-0.022729268098012616,0.05576923076923076
23,final_half,Temperature,67,0.699177907255168,0.4,-0.0014725836060340031,0.04807692307692307
23,final_half,Fisher,67,0.7256365232660229,0.5555555555555556,-0.03212945965360365,0.03076923076923077
30,final_half,Semantic,65,0.9133304195804195,0.4,-0.017513111888111884,0.04679487179487178
30,final_half,Temperature,65,0.9222902097902097,0.5555555555555556,0.06315340909090908,0.06666666666666667
30,final_half,Fisher,65,0.9187062937062936,0.4,0.026112325174825174,0.06987179487179487
43,final_half,Semantic,78,0.8521984344769155,0.6,-0.01628877451662262,0.057252747252747246
43,final_half,Temperature,78,0.7983029628599247,0.6,-0.04963011671872432,0.06783882783882784
43,final_half,Fisher,78,0.8319149205225155,0.6,0.013470074229567896,0.0557142857142857
54,final_half,Semantic,83,0.44376810377398085,0.125,-0.0061279963057806145,0.04191176470588236
54,final_half,Temperature,83,0.766109735107678,0.2,0.026897485412031397,0.06575630252100842
54,final_half,Fisher,83,0.583077956425003,0.2,0.00756160530624239,0.07433823529411765
57,final_half,Semantic,82,0.5521380916620412,0.38461538461538464,0.020042228534735147,0.058529411764705885
57,final_half,Temperature,82,0.42051131354687044,0.38461538461538464,-0.018147386293140038,0.05404411764705882
57,final_half,Fisher,82,0.7223582677593845,0.5,-0.03125673425408953,0.04522058823529412
59,final_half,Semantic,80,0.39589779653070795,0.14285714285714285,-0.014744491326769808,0.03333333333333333
59,final_half,Temperature,80,0.5849507735583686,0.45454545454545453,-0.015168776371308024,0.04963369963369964
59,final_half,Fisher,80,0.7793014533520862,0.6,-0.016145100796999535,0.03428571428571429
62,final_half,Semantic,73,0.8741824015796621,0.6,0.025107984697025798,0.052967032967032965
62,final_half,Temperature,73,0.9042947056645689,0.6,0.024114525484388506,0.05523809523809523
62,final_half,Fisher,73,0.9427989633469087,0.7777777777777778,-0.006489880291250151,0.08058608058608058
65,final_half,Semantic,78,0.7152720697024494,0.14285714285714285,-6.322791132917644e-05,0.06857142857142856
65,final_half,Temperature,78,0.8910962455266251,0.6,0.048217605179630495,0.0945054945054945
65,final_half,Fisher,78,0.7379835354518899,0.14285714285714285,0.002653043159372271,0.03809523809523809
67,final_half,Semantic,79,0.6878286270691334,0.14285714285714285,-0.0026935248296007823,0.06344322344322342
67,final_half,Temperature,79,0.8117575462512172,0.45454545454545453,-0.014051850048685496,0.04476190476190476
67,final_half,Fisher,79,0.722541382667965,0.14285714285714285,-0.0205379746835443,0.048095238095238094
72,final_half,Semantic,81,0.6270551038843722,0.2,-0.0027800361336946674,0.07808823529411765
72,final_half,Temperature,81,0.6990514905149051,0.2857142857142857,0.05354787714543811,0.04889705882352942
72,final_half,Fisher,81,0.5451897018970189,0.2,-0.02577122854561879,0.03683823529411765
73,final_half,Semantic,65,0.5733828671328671,0.07692307692307693,0.025423951048951055,0.06474358974358974
73,final_half,Temperature,65,0.8803321678321678,0.4,-0.02500874125874126,0.05641025641025641
73,final_half,Fisher,65,0.6620629370629371,0.16666666666666666,0.018199300699300695,0.04889277389277389
78,final_half,Semantic,98,0.8628617332593769,0.6666666666666666,-0.006926406926406922,0.07593739250085998
78,final_half,Temperature,98,0.9168244617434602,0.42857142857142855,0.03554055174084629,0.06786635706914344
78,final_half,Fisher,98,0.8669675930353397,0.6666666666666666,-0.014406849900222504,0.06418988648090815
94,final_half,Semantic,62,0.7363954571781118,0.07692307692307693,0.03306892296844703,0.08782051282051281
94,final_half,Temperature,62,0.8322379189645187,0.2727272727272727,0.003971191861197148,0.039102564102564095
94,final_half,Fisher,62,0.8988693309158672,0.2727272727272727,0.014832162373145979,0.06637529137529137
101,final_half,Semantic,62,0.39014378887461915,0.16666666666666666,-0.054337589081111026,0.035256410256410256
101,final_half,Temperature,62,0.5273853592203672,0.2727272727272727,0.07235023041474656,0.08543123543123542
101,final_half,Fisher,62,0.5062325300294628,0.16666666666666666,0.006728614237868602,0.05128205128205129
103,final_half,Semantic,84,0.9446188113799736,0.6363636363636364,0.013168978434747392,0.042279411764705885
103,final_half,Temperature,84,0.9276703452465324,0.5,0.03297762478485371,0.04602941176470589
103,final_half,Fisher,84,0.9376531335425738,0.6363636363636364,-0.037684519590968926,0.06029411764705883
105,final_half,Semantic,106,0.9149658664382698,0.8333333333333334,0.020449908053505307,0.05170426065162907
105,final_half,Temperature,106,0.8945814545179737,0.5714285714285714,-0.02093810615411744,0.03380952380952381
105,final_half,Fisher,106,0.9033075547270575,0.5714285714285714,-0.02672897196261682,0.047694235588972435
106,final_half,Semantic,67,0.9225397078777238,0.75,0.005784579774922177,0.058333333333333334
106,final_half,Temperature,67,0.9206241519674357,0.5555555555555556,-0.03949237768377365,0.06107226107226107
106,final_half,Fisher,67,0.8481123792800703,0.4,0.008671881235533559,0.07645687645687646
108,final_half,Semantic,74,0.8906479081821546,0.3333333333333333,0.02330544242873009,0.07487179487179486
108,final_half,Temperature,74,0.9012513883746759,0.45454545454545453,0.037380229544613106,0.07058608058608058
108,final_half,Fisher,74,0.7849981488337652,0.23076923076923078,0.05204590892262123,0.07857142857142856
109,final_half,Semantic,90,0.6870395522080915,0.38461538461538464,0.014668477589825906,0.05404411764705883
109,final_half,Temperature,90,0.764497674610034,0.5,-0.03338272214676709,0.05485294117647059
109,final_half,Fisher,90,0.6475778902745195,0.6363636363636364,-0.04996336996336996,0.04345588235294118
110,final_half,Semantic,76,0.7100205058099794,0.23076923076923078,0.0560833902939166,0.06296703296703296
110,final_half,Temperature,76,0.6743950786056049,0.23076923076923078,-0.0021093643198906373,0.038681318681318674
110,final_half,Fisher,76,0.7699248120300751,0.23076923076923078,0.04512645249487355,0.0689010989010989
111,final_half,Semantic,64,0.7388278388278388,0.07692307692307693,-0.014702380952380956,0.0641025641025641
111,final_half,Temperature,64,0.8540750915750914,0.2727272727272727,-0.04614697802197802,0.09813519813519814
111,final_half,Fisher,64,0.7652472527472527,0.07692307692307693,-0.006359890109890109,0.04358974358974359
114,final_half,Semantic,85,0.791342583545046,0.2857142857142857,-0.01635235489544655,0.04566176470588235
114,final_half,Temperature,85,0.8433652530779755,0.38461538461538464,-0.02739593511823334,0.05889705882352941
114,final_half,Fisher,85,0.7711158882157514,0.2857142857142857,0.0019904240766073847,0.0672794117647059
115,final_half,Semantic,100,0.7693609360936093,0.3333333333333333,0.019182118211821184,0.04683522531819745
115,final_half,Temperature,100,0.7392859285928592,0.42857142857142855,0.026996699669966994,0.04654282765737874
115,final_half,Fisher,100,0.7345094509450945,0.42857142857142855,0.02999279927992799,0.054385964912280704
120,final_half,Semantic,80,0.8120018752930145,0.23076923076923078,-0.023901781528363808,0.06904761904761904
120,final_half,Temperature,80,0.7170182841068918,0.3333333333333333,-0.0650492264416315,0.052380952380952375
120,final_half,Fisher,80,0.7520393811533052,0.23076923076923078,-0.038491561181434604,0.05142857142857142
121,final_half,Semantic,78,0.8842423399385424,0.6,-0.006483390027693834,0.0519047619047619
121,final_half,Temperature,78,0.9188153618533365,0.7777777777777778,0.027389066629572956,0.07783882783882784
121,final_half,Fisher,78,0.8690170588904766,0.7777777777777778,0.01673263445415344,0.07545787545787544
132,final_half,Semantic,95,0.5767077267637178,0.17647058823529413,-0.0020548712206047023,0.05577485380116959
132,final_half,Temperature,95,0.4055571108622621,0.17647058823529413,0.014300811870100785,0.06871345029239766
132,final_half,Fisher,95,0.6023936170212767,0.1111111111111111,-0.014511478163493841,0.06642586859305125
134,final_half,Semantic,77,0.9200273410799726,0.7777777777777778,-0.027113675797886323,0.05904761904761905
134,final_half,Temperature,77,0.9015195330984803,0.6,-0.031811609443188386,0.03809523809523809
134,final_half,Fisher,77,0.9185814185814185,0.7777777777777778,-0.017562700457437297,0.04428571428571428
135,final_half,Semantic,76,0.48943267259056733,0.06666666666666667,0.00013807245386192896,0.048095238095238094
135,final_half,Temperature,76,0.5741353383458646,0.14285714285714285,-0.007161995898838003,0.05142857142857142
135,final_half,Fisher,76,0.6391250854408749,0.14285714285714285,0.03840601503759399,0.06677655677655676
136,final_half,Semantic,64,0.5250457875457876,0.2727272727272727,-0.0031204212454212427,0.07692307692307691
136,final_half,Temperature,64,0.7558150183150182,0.4,0.026089743589743586,0.07773892773892774
136,final_half,Fisher,64,0.6664377289377289,0.4,0.018214285714285718,0.06346153846153844
140,final_half,Semantic,70,0.8777009885399352,0.75,-0.03034380194208731,0.03141025641025641
140,final_half,Temperature,70,0.8109351762750415,0.75,0.000337678243373285,0.0673076923076923
140,final_half,Fisher,70,0.9181873851806491,0.4,-0.03227539147931064,0.04423076923076923
141,final_half,Semantic,79,0.8063534566699124,0.3333333333333333,0.00853213242453749,0.047619047619047616
141,final_half,Temperature,79,0.725,0.6,0.004683544303797469,0.05523809523809523
141,final_half,Fisher,79,0.7511441090555014,0.6,0.050828870496592016,0.05963369963369962
169,final_half,Semantic,66,0.871954910760881,0.2727272727272727,0.03726124621647011,0.06025641025641025
169,final_half,Temperature,66,0.8358000208746479,0.4,0.024318964617472086,0.05192307692307692
169,final_half,Fisher,66,0.8588456319799604,0.07692307692307693,0.018081619872664646,0.047435897435897434
174,final_half,Semantic,95,0.8343365061590144,0.8181818181818182,0.021757418812989923,0.05799793601651186
174,final_half,Temperature,95,0.7946388577827548,0.5384615384615384,-0.01112122060470325,0.06910904712762297
174,final_half,Fisher,95,0.8390257558790594,0.5384615384615384,-0.046408174692049275,0.06133040935672514
177,final_half,Semantic,77,0.585808927914191,0.14285714285714285,0.023331931226668063,0.052967032967032965
177,final_half,Temperature,77,0.7867132867132867,0.45454545454545453,-0.0032598979967401022,0.05523809523809523
177,final_half,Fisher,77,0.8286450391713549,0.3333333333333333,0.006308165518691841,0.051428571428571435
178,final_half,Semantic,68,0.5533839752643431,0.16666666666666666,0.009623239302210176,0.047435897435897434
178,final_half,Temperature,68,0.717639424361568,0.4,0.0050826430507310005,0.06474358974358975
178,final_half,Fisher,68,0.7408170861226571,0.5555555555555556,0.007772910762185087,0.07628205128205127
189,final_half,Semantic,64,0.8599816849816848,0.4,-0.03483974358974358,0.06282051282051282
189,final_half,Temperature,64,0.849084249084249,0.5555555555555556,0.03758699633699634,0.04889277389277389
189,final_half,Fisher,64,0.8853479853479852,0.2727272727272727,0.025858516483516475,0.03141025641025641
193,final_half,Semantic,73,0.6650314698259905,0.3333333333333333,0.04757805750956437,0.07666666666666665
193,final_half,Temperature,73,0.7778291990620759,0.7777777777777778,0.004817660125879309,0.06296703296703296
193,final_half,Fisher,73,0.7329692706405037,0.6,0.023116438356164386,0.059157509157509156
194,final_half,Semantic,72,0.8398289279053318,0.14285714285714285,-0.0063235577850665695,0.06571428571428571
194,final_half,Temperature,72,0.7945848607627501,0.23076923076923078,0.02894076789504149,0.04476190476190476
194,final_half,Fisher,72,0.8820824490320922,0.45454545454545453,-0.005952151263746865,0.08985347985347984
196,final_half,Semantic,68,0.6125510554643661,0.16666666666666666,-0.009514448219261746,0.04358974358974359
196,final_half,Temperature,68,0.7193571783028591,0.2727272727272727,0.02337863114097034,0.07325174825174827
196,final_half,Fisher,68,0.6184295911745619,0.0,0.01869870595869755,0.05961538461538461
198,final_half,Semantic,70,0.8399790044615518,0.2727272727272727,0.013703088093780074,0.07389277389277389
198,final_half,Temperature,70,0.85789519727058,0.5555555555555556,0.026993263931414574,0.06474358974358975
198,final_half,Fisher,70,0.8124398565304872,0.16666666666666666,-0.03298749015834135,0.04358974358974358
199,final_half,Semantic,62,0.86003878018685,0.5555555555555556,-0.02509128453073456,0.047435897435897434
199,final_half,Temperature,62,0.8350582961899725,0.2727272727272727,-0.06018987182392789,0.04294871794871795
199,final_half,Fisher,62,0.8939336707713227,0.16666666666666666,-0.0007277580519251578,0.08065268065268064
204,final_half,Semantic,71,0.7136485580147551,0.14285714285714285,-0.005503018108651914,0.05582417582417583
204,final_half,Temperature,71,0.6346076458752514,0.23076923076923078,-0.0004242119382964468,0.06498168498168498
204,final_half,Fisher,71,0.6987927565392352,0.3333333333333333,-0.040549966465459414,0.026666666666666665
211,final_half,Semantic,74,0.8495075897815622,0.3333333333333333,0.00660940392447241,0.054761904761904755
211,final_half,Temperature,74,0.9253017400962605,0.45454545454545453,0.0015683080340614553,0.043333333333333335
211,final_half,Fisher,74,0.8549870418363568,0.45454545454545453,0.00901888189559422,0.0757142857142857
225,final_half,Semantic,80,0.8090951711204876,0.45454545454545453,-0.003517346460384434,0.08212454212454212
225,final_half,Temperature,80,0.7487576183778716,0.45454545454545453,0.03706516643225505,0.04428571428571428
225,final_half,Fisher,80,0.8425222691045477,0.7777777777777778,-0.01015236755743085,0.07223443223443224
230,final_half,Semantic,90,0.7255792896242333,0.38461538461538464,0.030689385520846196,0.06845588235294117
230,final_half,Temperature,90,0.7222537761863603,0.38461538461538464,0.008210890233362144,0.06301470588235294
230,final_half,Fisher,90,0.7288718771864838,0.2,-0.0514796065357863,0.06397058823529413
233,final_half,Semantic,80,0.7562822315986873,0.3333333333333333,-0.022032348804500706,0.05142857142857142
233,final_half,Temperature,80,0.8477496483825598,0.45454545454545453,0.030841537740271922,0.07725274725274725
233,final_half,Fisher,80,0.8649789029535866,0.3333333333333333,-0.0025656352555086725,0.062380952380952384
236,final_half,Semantic,69,0.876909024479357,0.75,-0.0220460358056266,0.026923076923076928
236,final_half,Temperature,69,0.9111801242236025,0.75,-0.024181585677749355,0.059615384615384605
236,final_half,Fisher,69,0.8790646693459994,0.75,-0.029176105224698573,0.04358974358974358
238,final_half,Semantic,85,0.8129763533320304,0.5,-0.0050957592339261285,0.06477941176470589
238,final_half,Temperature,85,0.8162399843658393,0.5,-0.001340629274965802,0.05933823529411765
238,final_half,Fisher,85,0.8516709009185068,0.5,0.012772132108657418,0.05779411764705883
249,final_half,Semantic,76,0.8370745044429255,0.6,-0.012809295967190706,0.041428571428571426
249,final_half,Temperature,76,0.7718660287081339,0.45454545454545453,-0.0006561859193438116,0.04428571428571428
249,final_half,Fisher,76,0.808010936431989,0.6,-0.014509911141490093,0.06190476190476189
258,final_half,Semantic,76,0.7793301435406699,0.45454545454545453,0.006895420369104582,0.03809523809523809
258,final_half,Temperature,76,0.829993164730007,0.45454545454545453,0.012174982911825023,0.0563003663003663
258,final_half,Fisher,76,0.7772248803827752,0.45454545454545453,0.019219412166780588,0.054285714285714284
259,final_half,Semantic,77,0.8370051001629948,0.06666666666666667,-0.02895656974604343,0.047619047619047616
259,final_half,Temperature,77,0.8256480361743518,0.3333333333333333,0.008885850991114145,0.061648351648351654
259,final_half,Fisher,77,0.8423681581576318,0.06666666666666667,0.013619275461380725,0.06142857142857142
265,final_half,Semantic,83,0.6513580454221065,0.38461538461538464,-0.05625393560303933,0.045220588235294124
265,final_half,Temperature,83,0.7341631333697158,0.2857142857142857,-0.02066453969186852,0.07066176470588235
265,final_half,Fisher,83,0.7199949624281096,0.5,-0.0045663490197724674,0.07110294117647059
267,final_half,Semantic,74,0.7738319141058865,0.14285714285714285,-0.0376645686782673,0.0557142857142857
267,final_half,Temperature,74,0.7726175490559052,0.3333333333333333,-0.013095890410958905,0.09
267,final_half,Fisher,74,0.7473528322843389,0.14285714285714285,0.013454276194002222,0.0745054945054945
272,final_half,Semantic,122,0.7585692995529061,0.5294117647058824,-0.017771403835160154,0.0708507434594391
272,final_half,Temperature,122,0.8495081306320447,0.3,0.013927652079664005,0.0472815734989648
272,final_half,Fisher,122,0.6295300061793464,0.3684210526315789,-0.010122562545229846,0.05444598155467721
277,final_half,Semantic,100,0.6992019201920191,0.25,0.018301830183018297,0.0632094943240454
277,final_half,Temperature,100,0.8054485448544854,0.5384615384615384,0.011840984098409842,0.06291709666322669
277,final_half,Fisher,100,0.7275367536753674,0.17647058823529413,-0.0023420342034203403,0.06286549707602337
292,final_half,Semantic,72,0.8438484790018652,0.6,-0.012233905717409482,0.07926739926739926
292,final_half,Temperature,72,0.9228889317641008,0.7777777777777778,-0.002665766287221045,0.06619047619047619
292,final_half,Fisher,72,0.9004116020322852,0.6,0.001869895170107405,0.0783150183150183
312,final_half,Semantic,82,0.844559811059958,0.2,-0.024230254350736283,0.05772058823529412
312,final_half,Temperature,82,0.8695921898978027,0.2857142857142857,0.014985688009490536,0.05227941176470589
312,final_half,Fisher,82,0.8594051000750973,0.2857142857142857,-0.059831738879637796,0.04816176470588236
327,final_half,Semantic,65,0.8201486013986014,0.2727272727272727,0.008664772727272726,0.07499999999999998
327,final_half,Temperature,65,0.8642482517482517,0.75,-0.021472902097902098,0.06876456876456875
327,final_half,Fisher,65,0.9167832167832167,0.16666666666666666,0.011767919580419572,0.05192307692307692
329,final_half,Semantic,73,0.6763852893989881,0.45454545454545453,-0.07056799950635569,0.07450549450549451
329,final_half,Temperature,73,0.8023880044427991,0.6,0.027804516845612737,0.04476190476190476
329,final_half,Fisher,73,0.6224237936566706,0.45454545454545453,0.019073182771812913,0.09142857142857141
340,final_half,Semantic,77,0.8557232241442768,0.6,0.011459593038540402,0.05736263736263736
340,final_half,Temperature,77,0.7666281087333718,0.6,0.006329197118670808,0.06677655677655678
340,final_half,Fisher,77,0.8807771176192228,1.0,-0.03266207476733792,0.0519047619047619
342,final_half,Semantic,69,0.7208622579466569,0.16666666666666666,0.008737668980635733,0.05576923076923077
342,final_half,Temperature,69,0.8377420533430765,0.5555555555555556,-0.021775666788454516,0.03974358974358974
342,final_half,Fisher,69,0.6759225429302157,0.2727272727272727,-0.01612531969309463,0.05286713286713287
346,final_half,Semantic,68,0.6317135549872123,0.4,-0.021523456884376072,0.05641025641025641
346,final_half,Temperature,68,0.589380463411841,0.75,0.020349658357827236,0.08304195804195805
346,final_half,Fisher,68,0.5689582776653815,0.4,-0.05160323701187158,0.05512820512820512
352,final_half,Semantic,79,0.6366114897760468,0.06666666666666667,-0.04308787731256086,0.03333333333333333
352,final_half,Temperature,79,0.7367575462512171,0.45454545454545453,0.030365141187926,0.06999999999999998
352,final_half,Fisher,79,0.7061830574488803,0.14285714285714285,-0.015933544303797464,0.06677655677655678
358,final_half,Semantic,74,0.6736023694927803,0.3333333333333333,-0.03214661236579044,0.052967032967032965
358,final_half,Temperature,74,0.6253239540910772,0.45454545454545453,-0.010717512032580518,0.0519047619047619
358,final_half,Fisher,74,0.6508552388004442,0.3333333333333333,0.025708996667900767,0.03380952380952381
362,final_half,Semantic,80,0.5473745897796531,0.23076923076923078,-0.01632090951711205,0.0419047619047619
362,final_half,Temperature,80,0.6120487576183778,0.3333333333333333,-0.008942803563056729,0.04428571428571428
362,final_half,Fisher,80,0.8366385372714488,0.45454545454545453,0.010396155649320211,0.048095238095238094
364,final_half,Semantic,74,0.7000222139948166,0.6,0.011931877082562006,0.06963369963369963
364,final_half,Temperature,74,0.6895668271010734,0.3333333333333333,0.014969270640503513,0.048571428571428564
364,final_half,Fisher,74,0.6316031099592743,0.45454545454545453,0.0037926693817104777,0.058571428571428566
371,final_half,Semantic,70,0.755541947336191,0.75,-0.01922666433382906,0.05576923076923077
371,final_half,Temperature,70,0.7112063686466625,0.5555555555555556,-0.04090455778147144,0.03974358974358975
371,final_half,Fisher,70,0.6441956084332079,0.5555555555555556,-0.009266030968419206,0.05099067599067599
372,final_half,Semantic,101,0.5479906814210833,0.29411764705882354,-0.018446709376820032,0.0574185463659148
372,final_half,Temperature,101,0.8701688992428653,0.4666666666666667,-0.034484566103669186,0.07062656641604012
372,final_half,Fisher,101,0.7301456027955737,0.15789473684210525,-0.0031607454863133363,0.08538429406850459
385,final_half,Semantic,76,0.7049897470950103,0.3333333333333333,-0.002258373205741625,0.055824175824175815
385,final_half,Temperature,76,0.6758168147641832,0.45454545454545453,0.00017771701982228355,0.041428571428571426
385,final_half,Fisher,76,0.6136705399863295,0.23076923076923078,-0.0592946001367054,0.04915750915750915
397,final_half,Semantic,76,0.7412987012987012,0.45454545454545453,-0.018009569377990434,0.03666666666666667
397,final_half,Temperature,76,0.807218045112782,0.6,0.04995488721804512,0.052967032967032965
397,final_half,Fisher,76,0.7717293233082707,0.6,-0.02468762816131237,0.058571428571428566
400,final_half,Semantic,73,0.9039244724176231,0.6,0.000601629026286573,0.05904761904761905
400,final_half,Temperature,73,0.9005615204245343,0.45454545454545453,-0.03443014932740961,0.06344322344322344
400,final_half,Fisher,73,0.8728557324447737,0.45454545454545453,0.025657164013328394,0.07391941391941391
402,final_half,Semantic,92,0.8176409845414053,0.8181818181818182,-0.011992355470616344,0.06554867561059512
402,final_half,Temperature,92,0.7389917235639536,0.5384615384615384,-0.03941325154508885,0.05565875472996216
402,final_half,Fisher,92,0.7884808039085738,0.6666666666666666,-0.06366305503752907,0.029532163742690055
410,final_half,Semantic,82,0.8425789880388764,0.38461538461538464,0.006348428946136848,0.07183823529411765
410,final_half,Temperature,82,0.7928407396523764,0.2857142857142857,-0.002048301607514063,0.05522058823529412
410,final_half,Fisher,82,0.7417311522512815,0.2857142857142857,-0.002534800448406091,0.04889705882352942
411,final_half,Semantic,72,0.7152550003215642,0.3333333333333333,0.00028136857675734993,0.07523809523809524
411,final_half,Temperature,72,0.8888674512830408,0.45454545454545453,0.009399318284134026,0.07772893772893773
411,final_half,Fisher,72,0.8217248697665446,0.45454545454545453,0.015531545437005596,0.05380952380952381
412,final_half,Semantic,69,0.4286079649251005,0.16666666666666666,0.017440628425283156,0.06346153846153846
412,final_half,Temperature,69,0.4472415052977713,0.2727272727272727,-0.03293752283522105,0.05064102564102564
412,final_half,Fisher,69,0.4146145414687615,0.16666666666666666,-0.009919620021921814,0.05128205128205128
413,final_half,Semantic,68,0.8478070008016184,0.16666666666666666,0.0013150360728327662,0.05512820512820512
413,final_half,Temperature,68,0.8151696759170896,0.4,0.0072241096308737675,0.06171328671328671
413,final_half,Fisher,68,0.8233385502156736,0.16666666666666666,-0.042627018360881015,0.03846153846153846
420,final_half,Semantic,97,0.6134283610351358,0.3333333333333333,-0.023416131916684197,0.04332645338837289
420,final_half,Temperature,97,0.8249395118872289,0.42857142857142855,-0.016035924679150014,0.042982456140350865
420,final_half,Fisher,97,0.6921418051756785,0.25,-0.023330002103934353,0.04437134502923976
426,final_half,Semantic,67,0.5778593662702531,0.4,0.026741958655918267,0.06474358974358974
426,final_half,Temperature,67,0.6453428046931121,0.4,0.03991340090988907,0.06538461538461537
426,final_half,Fisher,67,0.4319179503551761,0.2727272727272727,0.002845398675073834,0.08461538461538462
428,final_half,Semantic,65,0.7884615384615384,0.2727272727272727,-0.04126311188811188,0.046794871794871795
428,final_half,Temperature,65,0.8906468531468532,1.0,-0.017720716783216777,0.039102564102564095
428,final_half,Fisher,65,0.8386800699300699,0.2727272727272727,-0.050533216783216775,0.0564102564102564
432,final_half,Semantic,87,0.6488845957570897,0.38461538461538464,0.014409127360209962,0.06558823529411764
432,final_half,Temperature,87,0.6628089232339431,0.38461538461538464,-0.04232795071808704,0.04345588235294118
432,final_half,Fisher,87,0.63926150032806,0.2,-0.014558576948312313,0.061102941176470596
433,final_half,Semantic,93,0.8613291158127182,0.5384615384615384,0.004474650114887651,0.061674406604747156
433,final_half,Temperature,93,0.8551669601026527,0.5384615384615384,0.021533227895317947,0.0740282077743378
433,final_half,Fisher,93,0.8639551192145861,0.3333333333333333,0.0003386947569454818,0.07244152046783625
434,final_half,Semantic,80,0.8634786685419598,0.7777777777777778,0.028307548054383503,0.051428571428571435
434,final_half,Temperature,80,0.8786685419596812,0.45454545454545453,0.012362869198312235,0.03761904761904762
434,final_half,Fisher,80,0.839592123769339,0.6,0.02638420065635256,0.03380952380952381
435,final_half,Semantic,65,0.7136363636363636,0.5555555555555556,-0.01555944055944056,0.06025641025641025
435,final_half,Temperature,65,0.8124125874125875,0.5555555555555556,0.05361232517482517,0.05641025641025641
435,final_half,Fisher,65,0.7114510489510489,0.5555555555555556,0.013092220279720276,0.06089743589743589
436,final_half,Semantic,68,0.7179066305302133,0.2727272727272727,-0.016759552620529066,0.07307692307692307
436,final_half,Temperature,68,0.8014658166965682,0.16666666666666666,-0.016732832003664544,0.07564102564102564
436,final_half,Fisher,68,0.8544489827079434,0.4,-0.009380845134939114,0.046794871794871795
437,final_half,Semantic,71,0.6163648558014755,0.0,-0.04385311871227364,0.08963369963369963
437,final_half,Temperature,71,0.5116029510395708,0.23076923076923078,0.015122401073105293,0.07439560439560439
437,final_half,Fisher,71,0.6130784708249497,0.0,0.016321260898725685,0.06523809523809523
439,final_half,Semantic,111,0.8981396981396981,0.7142857142857143,0.01926684801684802,0.0569734613212874
439,final_half,Temperature,111,0.9124254124254124,0.5,-0.014839856089856088,0.055251270468661774
439,final_half,Fisher,111,0.93008073008073,0.6,-0.0005124605124605122,0.05200451722190853
441,final_half,Semantic,108,0.6916554726723636,0.29411764705882354,-0.03060438042432383,0.07221804511278197
441,final_half,Temperature,108,0.7792353787380796,0.29411764705882354,0.034224565815923105,0.05697994987468673
441,final_half,Fisher,108,0.763601893928568,0.375,-0.026461649851858206,0.038333333333333344
451,final_half,Semantic,77,0.8583521741416478,0.23076923076923078,-0.007961775067038223,0.08761904761904761
451,final_half,Temperature,77,0.8631894421368104,0.3333333333333333,0.03364135864135863,0.06677655677655678
451,final_half,Fisher,77,0.8448393711551605,0.14285714285714285,-0.03359140859140859,0.05523809523809523
461,final_half,Semantic,77,0.7858983122141017,0.6,0.026204059098795935,0.06238095238095237
461,final_half,Temperature,77,0.7790104632209894,0.45454545454545453,-0.06229034123770967,0.047619047619047616
461,final_half,Fisher,77,0.8201272411798727,0.6,-0.014409274935590726,0.06619047619047617
463,final_half,Semantic,72,0.6418097626857034,0.3333333333333333,0.011622933950736386,0.048571428571428564
463,final_half,Temperature,72,0.7963534632452248,0.3333333333333333,-0.017782494051064378,0.059157509157509156
463,final_half,Fisher,72,0.6866357965142453,0.3333333333333333,0.0069779407035822265,0.07058608058608058
469,final_half,Semantic,74,0.709440947797112,0.23076923076923078,0.01721880784894483,0.04476190476190476
469,final_half,Temperature,74,0.7441540170307291,0.45454545454545453,0.03476934468715289,0.051428571428571435
469,final_half,Fisher,74,0.7878119215105516,0.45454545454545453,0.029238059977786002,0.06677655677655678
473,final_half,Semantic,72,0.8190237314296741,0.7777777777777778,0.03128657791497846,0.0997069597069597
473,final_half,Temperature,72,0.5336356035757928,0.45454545454545453,-0.011169528587047403,0.07688644688644689
473,final_half,Fisher,72,0.8572898578686734,0.3333333333333333,0.03471445109010226,0.08164835164835163
476,final_half,Semantic,75,0.8459174964438121,0.3333333333333333,0.00136557610241821,0.07439560439560439
476,final_half,Temperature,75,0.8119487908961593,0.3333333333333333,-0.05656330014224751,0.06571428571428571
476,final_half,Fisher,75,0.8740256045519204,0.45454545454545453,0.0027325746799431025,0.07238095238095238
477,final_half,Semantic,85,0.5494430330271642,0.2,0.004637482900136797,0.058529411764705885
477,final_half,Temperature,85,0.6244088333007621,0.2857142857142857,-0.03601817471174516,0.04191176470588236
477,final_half,Fisher,85,0.6292554230994724,0.2,-0.03412155559898378,0.05522058823529412
478,final_half,Semantic,73,0.9197210909539678,0.6,-0.02562939651980748,0.06571428571428571
478,final_half,Temperature,73,0.8936504998148835,0.45454545454545453,-0.0038967049241021854,0.04095238095238095
478,final_half,Fisher,73,0.9286683944218193,0.45454545454545453,-0.004533814636554365,0.06571428571428571
507,final_half,Semantic,79,0.8569863680623174,0.3333333333333333,0.00019839337877312693,0.03380952380952381
507,final_half,Temperature,79,0.9095910418695229,0.7777777777777778,0.011494644595910422,0.05619047619047618
507,final_half,Fisher,79,0.897711781888997,0.45454545454545453,0.030198393378773124,0.04201465201465201
510,final_half,Semantic,87,0.629656630458555,0.2,-0.012130021141649048,0.06066176470588236
510,final_half,Temperature,87,0.6776080775679812,0.38461538461538464,-0.02187249398556535,0.05183823529411765
510,final_half,Fisher,87,0.6366370197565066,0.2,0.006300575927680978,0.04485294117647059
512,final_half,Semantic,75,0.6272830725462304,0.06666666666666667,0.03465860597439545,0.06380952380952382
512,final_half,Temperature,75,0.5901564722617354,0.23076923076923078,0.052238975817923194,0.07296703296703297
512,final_half,Fisher,75,0.6096159317211949,0.14285714285714285,-0.009307254623044095,0.037142857142857144
513,final_half,Semantic,82,0.9315854202718735,0.5,-0.00243140584016282,0.061470588235294124
513,final_half,Temperature,82,0.8982161709167293,0.5,0.016503956204220675,0.08433823529411764
513,final_half,Fisher,82,0.937636725764848,0.5,-0.010925000816273223,0.05477941176470589
514,final_half,Semantic,72,0.6344459450768539,0.45454545454545453,-0.02831532574442086,0.08285714285714285
514,final_half,Temperature,72,0.7593092803395718,0.45454545454545453,0.0011640619975561094,0.07010989010989009
514,final_half,Fisher,72,0.5787510450832851,0.3333333333333333,-0.04308958775483955,0.049633699633699624
519,final_half,Semantic,78,0.7208867082284803,0.45454545454545453,-0.05204542293149887,0.047619047619047616
519,final_half,Temperature,78,0.8425119184612855,0.6,0.000462828310929575,0.06963369963369963
519,final_half,Fisher,78,0.6474917487575715,0.23076923076923078,0.002617635529027937,0.03761904761904762
523,final_half,Semantic,86,0.6050191046747488,0.38461538461538464,-0.006102174630878811,0.06595588235294117
523,final_half,Temperature,86,0.8019717911222227,0.5,-0.013797820651917541,0.06227941176470588
523,final_half,Fisher,86,0.7552714750695786,0.5,-0.002906740884003965,0.06808823529411764
524,final_half,Semantic,104,0.7505174437213272,0.2222222222222222,-0.014735410220847118,0.06492063492063493
524,final_half,Temperature,104,0.7764749813293503,0.29411764705882354,-0.030439026992425056,0.03880952380952381
524,final_half,Fisher,104,0.7854795689747147,0.29411764705882354,0.020998613037447992,0.056942355889724315
532,final_half,Semantic,78,0.8512879525537753,0.6,0.003160131008232275,0.05249084249084248
532,final_half,Temperature,78,0.873594759670709,0.45454545454545453,-0.00385816714930639,0.07285714285714286
532,final_half,Fisher,78,0.8081665170272764,0.6,0.006251975872229034,0.048681318681318676
536,final_half,Semantic,83,0.8246715083329833,0.058823529411764705,0.05991981864741195,0.055514705882352945
536,final_half,Temperature,83,0.8673019604550607,0.38461538461538464,0.004107720078921957,0.05227941176470589
536,final_half,Fisher,83,0.8694009487427059,0.2857142857142857,-0.033816800302254306,0.060073529411764706
540,final_half,Semantic,80,0.9333802156586968,0.6,0.025541490857946558,0.0657142857142857
540,final_half,Temperature,80,0.8850210970464135,0.6,-0.04265236755743086,0.06523809523809523
540,final_half,Fisher,80,0.9427566807313643,0.7777777777777778,-0.03718120018752931,0.04476190476190476
543,final_half,Semantic,68,0.8691453219834331,0.5555555555555556,0.026898118105126538,0.05064102564102564
543,final_half,Temperature,68,0.8285681566591594,0.5555555555555556,0.010066038095965185,0.07628205128205126
543,final_half,Fisher,68,0.7671870824903614,0.5555555555555556,0.01814711608199412,0.04953379953379953
547,final_half,Semantic,75,0.7923470839260313,0.6,-0.05346230440967281,0.04
547,final_half,Temperature,75,0.8157894736842105,0.6,-0.03003413940256045,0.04095238095238095
547,final_half,Fisher,75,0.8713513513513513,0.45454545454545453,0.009012802275960172,0.092014652014652
548,final_half,Semantic,72,0.8746543186056983,0.6,0.007675734773940448,0.06355311355311355
548,final_half,Temperature,72,0.8608270628336229,0.7777777777777778,0.0003296031899157517,0.04095238095238095
548,final_half,Fisher,72,0.8209852723647824,0.45454545454545453,0.014299954981027721,0.05677655677655676
558,final_half,Semantic,69,0.5726708074534161,0.2727272727272727,0.03389842893679212,0.03846153846153847
558,final_half,Temperature,69,0.5175374497625137,0.16666666666666666,-0.03936792108147608,0.05512820512820512
558,final_half,Fisher,69,0.8455608330288638,0.2727272727272727,0.06596090610157107,0.12313519813519813
559,final_half,Semantic,83,0.8516225179463497,0.5,-0.034483229083581715,0.04602941176470589
559,final_half,Temperature,83,0.8648881239242684,0.5,0.04737941312287476,0.08102941176470588
559,final_half,Fisher,83,0.7740858906007304,0.2,0.012163637126904835,0.05191176470588236
572,final_half,Semantic,73,0.7340491176107615,0.3333333333333333,-0.0038565963223497466,0.08058608058608058
572,final_half,Temperature,73,0.44137973590028384,0.14285714285714285,0.015378563495001853,0.0663003663003663
572,final_half,Fisher,73,0.7412378131556215,0.23076923076923078,0.014263235838578308,0.07772893772893771
575,final_half,Semantic,79,0.5446445959104187,0.14285714285714285,-0.025579357351509253,0.05095238095238095
575,final_half,Temperature,79,0.7617575462512172,0.45454545454545453,-0.0017721518987341741,0.06058608058608058
575,final_half,Fisher,79,0.49333008763388514,0.23076923076923078,-0.036140457643622205,0.04476190476190476
580,final_half,Semantic,67,0.6882432756006067,0.4,0.018594859924974064,0.05961538461538461
580,final_half,Temperature,67,0.6618245670045495,0.4,-0.0044097693351424685,0.06858974358974358
580,final_half,Fisher,67,0.724040226674116,0.75,0.026969430920264992,0.0685897435897436
587,final_half,Semantic,72,0.8801209080969838,0.7777777777777778,-0.053265483310823855,0.04428571428571428
587,final_half,Temperature,72,0.9006688533024635,0.7777777777777778,-0.0189947906617789,0.054761904761904755
587,final_half,Fisher,72,0.839989709949193,0.45454545454545453,0.004955302591806549,0.052380952380952375
591,final_half,Semantic,67,0.8853859047010936,0.75,0.016643387341368027,0.0717948717948718
591,final_half,Temperature,67,0.8750099768536996,0.5555555555555556,-0.01636603080852423,0.044405594405594405
591,final_half,Fisher,67,0.9011892409609707,0.75,-0.011617048447601568,0.035256410256410256
593,final_half,Semantic,79,0.5954235637779942,0.14285714285714285,0.030107108081791633,0.06736263736263735
593,final_half,Temperature,79,0.7392648490749756,0.7777777777777778,0.02648247322297955,0.0701098901098901
593,final_half,Fisher,79,0.6657497565725414,0.14285714285714285,-0.02517891918208374,0.055824175824175815
608,final_half,Semantic,81,0.8086495031616983,0.2857142857142857,0.04480691056910569,0.088718487394958
608,final_half,Temperature,81,0.7730803974706414,0.2857142857142857,0.018689024390243898,0.07007352941176472
608,final_half,Fisher,81,0.8220189701897018,0.38461538461538464,0.020808491418247515,0.0672794117647059
611,final_half,Semantic,82,0.9087733046005158,0.38461538461538464,0.004856281494541851,0.04485294117647058
611,final_half,Temperature,82,0.8209423058086003,0.2857142857142857,-0.0065878690915423185,0.04558823529411765
611,final_half,Fisher,82,0.8830879071842926,0.2857142857142857,-0.009478564665164729,0.06029411764705883
616,final_half,Semantic,70,0.8676931152130172,0.4,-0.06782083807190972,0.04358974358974359
616,final_half,Temperature,70,0.8665383605983727,0.4,0.02542559706062462,0.039102564102564095
616,final_half,Fisher,70,0.8398040416411511,0.5555555555555556,0.0055778147143731955,0.05273892773892774
620,final_half,Semantic,84,0.8309608180621647,0.2857142857142857,-0.019298369950389797,0.05897058823529413
620,final_half,Temperature,84,0.7853599271033715,0.2857142857142857,-0.03143160878809355,0.05183823529411765
620,final_half,Fisher,84,0.8338159360129594,0.38461538461538464,-0.03222537207654147,0.06397058823529413
621,final_half,Semantic,67,0.9033841487748425,0.75,-0.026708037353340253,0.0412004662004662
621,final_half,Temperature,67,0.6985393886184055,0.5555555555555556,-0.015348391731183655,0.05128205128205129
621,final_half,Fisher,67,0.862638678266422,0.75,-0.013652326602282706,0.07692307692307693
624,final_half,Semantic,77,0.7905778432094221,0.3333333333333333,0.027772227772227775,0.059047619047619036
624,final_half,Temperature,77,0.44673747305326245,0.14285714285714285,0.01980782375519218,0.06190476190476191
624,final_half,Fisher,77,0.3213891371786109,0.14285714285714285,0.024409800725590198,0.08212454212454212
630,final_half,Semantic,77,0.8789894316210105,0.6,-0.028282244071717748,0.06296703296703296
630,final_half,Temperature,77,0.9012303485987695,0.7777777777777778,-0.03597060833902938,0.08106227106227105
630,final_half,Fisher,77,0.9259950575740047,0.7777777777777778,-0.029692675745307325,0.04047619047619048
635,final_half,Semantic,83,0.809285924184543,0.2,0.018960161202300485,0.06735294117647059
635,final_half,Temperature,83,0.8241047814953192,0.6363636363636364,-0.008556525754586288,0.061544117647058826
635,final_half,Fisher,83,0.6937785987154192,0.125,0.04872486461525545,0.08852941176470588
638,final_half,Semantic,72,0.7851308765837033,0.45454545454545453,0.01879702874782944,0.059047619047619036
638,final_half,Temperature,72,0.5477522670268186,0.3333333333333333,-0.0033137179239822482,0.07285714285714284
638,final_half,Fisher,72,0.8424335970158854,0.45454545454545453,-0.03437037751623899,0.047619047619047616
640,final_half,Semantic,80,0.5813642756680731,0.3333333333333333,-0.0279465541490858,0.04095238095238095
640,final_half,Temperature,80,0.5099390529770278,0.45454545454545453,-0.005155883731833097,0.04428571428571428
640,final_half,Fisher,80,0.5309188935771214,0.06666666666666667,0.01324894514767933,0.058681318681318685
647,final_half,Semantic,66,0.5418849806909509,0.2727272727272727,-0.004185366871934042,0.0662004662004662
647,final_half,Temperature,66,0.597578540862123,0.4,0.0034025675816720608,0.06171328671328672
647,final_half,Fisher,66,0.5174198935392965,0.4,0.06836029641999793,0.06794871794871796
655,final_half,Semantic,69,0.7016075995615638,0.07692307692307693,0.004395323346729997,0.035897435897435895
655,final_half,Temperature,69,0.8082937522835221,0.2727272727272727,-0.03858421629521374,0.05064102564102564
655,final_half,Fisher,69,0.6468396054073805,0.0,-0.022320058458165877,0.03910256410256411
661,final_half,Semantic,68,0.7269916402641523,0.16666666666666666,0.009772111310455394,0.04871794871794871
661,final_half,Temperature,68,0.7114555101729205,0.2727272727272727,0.013612245676985917,0.04889277389277389
661,final_half,Fisher,68,0.7360384776882849,0.16666666666666666,0.019486964156201086,0.075
666,final_half,Semantic,82,0.7593408865815566,0.125,-0.013450005986003637,0.06281512605042017
666,final_half,Temperature,82,0.7753398417518312,0.2857142857142857,0.018065758970842713,0.07301470588235294
666,final_half,Fisher,82,0.793972638521566,0.2857142857142857,0.030056268434170287,0.061470588235294124
669,final_half,Semantic,81,0.6281842818428185,0.2857142857142857,0.006391147244805781,0.060514705882352936
669,final_half,Temperature,81,0.4210252935862692,0.2857142857142857,0.003027326106594399,0.08754201680672269
669,final_half,Fisher,81,0.5096883468834689,0.2,0.014308943089430887,0.06102941176470589
681,final_half,Semantic,86,0.8299731119392424,0.2857142857142857,0.008384357752724187,0.06691176470588237
681,final_half,Temperature,86,0.8680692485494599,0.5,-0.02265861597245153,0.061470588235294124
681,final_half,Fisher,86,0.8702957686683334,0.5,-0.015787537147978675,0.027205882352941173
684,final_half,Semantic,85,0.7593511823333985,0.6363636363636364,0.055990814930623425,0.049779411764705885
684,final_half,Temperature,85,0.8624975571624,0.6363636363636364,-0.002626538987688095,0.04191176470588236
684,final_half,Fisher,85,0.726968927105726,0.2857142857142857,0.02415282392026578,0.06477941176470589
692,final_half,Semantic,88,0.7171462787503083,0.2,-0.012579690747067735,0.04448529411764707
692,final_half,Temperature,88,0.7065971610721709,0.38461538461538464,0.0408307210031348,0.06066176470588236
692,final_half,Fisher,88,0.6759360360677681,0.38461538461538464,0.043482969955267514,0.09352941176470589
693,final_half,Semantic,86,0.610491060899099,0.2857142857142857,0.024198311241096275,0.05036764705882353
693,final_half,Temperature,86,0.7838954667673004,0.38461538461538464,-0.022081230246709743,0.054852941176470583
693,final_half,Fisher,86,0.8151422236897967,0.5,-0.0011085428557950834,0.06808823529411764
700,final_half,Semantic,78,0.8326989466229971,0.45454545454545453,-0.00614448842296944,0.08545787545787545
700,final_half,Temperature,78,0.8127442178075089,0.6,-0.004576436222005842,0.04380952380952381
700,final_half,Fisher,78,0.7938264267378191,0.45454545454545453,0.04841234714652436,0.07450549450549451
712,final_half,Semantic,102,0.9019852870495502,0.5714285714285714,0.02170810456259789,0.05035087719298246
712,final_half,Temperature,102,0.9124008346008787,0.5714285714285714,-0.0012813046010483372,0.046466165413533836
712,final_half,Fisher,102,0.8813351352268294,0.4666666666666667,0.039225110403673144,0.07324561403508772
717,final_half,Semantic,73,0.7118968283351846,0.3333333333333333,0.028085277057879793,0.052490842490842494
717,final_half,Temperature,73,0.6918116746883872,0.6,-0.022848019252128843,0.06391941391941391
717,final_half,Fisher,73,0.7224176231025546,0.45454545454545453,0.01021535233864001,0.048095238095238094
724,final_half,Semantic,75,0.8299288762446656,0.45454545454545453,0.031657183499288755,0.06058608058608058
724,final_half,Temperature,75,0.8232432432432432,0.6,-0.03971977240398293,0.0519047619047619
724,final_half,Fisher,75,0.8643812233285916,0.3333333333333333,-0.05237268847795164,0.055824175824175815
732,final_half,Semantic,89,0.8553626149131769,0.5,0.010870786516853937,0.05558823529411765
732,final_half,Temperature,89,0.8842356145726933,0.6363636363636364,0.044239019407558734,0.07433823529411765
732,final_half,Fisher,89,0.8795539666326184,0.8,0.0044645897173987105,0.04558823529411765
739,final_half,Semantic,71,0.8338698859825618,0.23076923076923078,0.06913313212608987,0.06476190476190476
739,final_half,Temperature,71,0.7409792085848422,0.3333333333333333,0.026346411804158282,0.07831501831501832
739,final_half,Fisher,71,0.8473507712944331,0.3333333333333333,-0.008804493628437288,0.06904761904761904
741,final_half,Semantic,66,0.6134015238492851,0.2727272727272727,0.009719235987892701,0.0685897435897436
741,final_half,Temperature,66,0.7756810353825281,0.4,-0.029612775284417088,0.041200466200466204
741,final_half,Fisher,66,0.59803778311241,0.2727272727272727,-0.04019830915353304,0.0358974358974359
745,final_half,Semantic,107,0.6627187053037873,0.29411764705882354,-0.026226513058641432,0.0674561403508772
745,final_half,Temperature,107,0.5723564333156999,0.375,-0.024657614765179563,0.06253968253968255
745,final_half,Fisher,107,0.6831834479515665,0.375,0.027382981641489845,0.05281537176274018
746,final_half,Semantic,76,0.12981544771018455,0.06666666666666667,-0.009193438140806564,0.06296703296703296
746,final_half,Temperature,76,0.6606151742993849,0.14285714285714285,0.0028544087491455933,0.03380952380952381
746,final_half,Fisher,76,0.24699931647300072,0.06666666666666667,0.03145317840054683,0.06190476190476189
750,final_half,Semantic,78,0.7461525815956195,0.45454545454545453,-0.00625703410513537,0.06333333333333332
750,final_half,Temperature,78,0.6177240481037949,0.6,0.00960179061444884,0.05142857142857142
750,final_half,Fisher,78,0.7819395794079338,0.7777777777777778,0.018394263963884216,0.07249084249084249
757,final_half,Semantic,73,0.757497223250648,0.06666666666666667,-0.022278785634950022,0.04095238095238095
757,final_half,Temperature,73,0.7226644452671851,0.23076923076923078,0.08994353942984082,0.08677655677655677
757,final_half,Fisher,73,0.7140256695051217,0.3333333333333333,0.011113167962483027,0.048681318681318676
772,final_half,Semantic,111,0.4809143559143559,0.3333333333333333,0.01141102141102141,0.06680406549971767
772,final_half,Temperature,111,0.867988767988768,0.5,0.013699543699543692,0.06566911349520045
772,final_half,Fisher,111,0.6045981045981046,0.4117647058823529,-0.020770007020007013,0.049209486166007906
773,final_half,Semantic,82,0.7582089877123671,0.6363636363636364,0.03937266681903767,0.0731827731092437
773,final_half,Temperature,82,0.7603204144491243,0.5,-0.014543812104787718,0.061102941176470596
773,final_half,Fisher,82,0.7786702365015619,0.6363636363636364,-0.015462391571706887,0.05889705882352941
781,final_half,Semantic,80,0.8488279418659167,1.0,0.024515939990623535,0.062380952380952384
781,final_half,Temperature,80,0.8876465072667605,0.6,0.010890764181903424,0.05249084249084248
781,final_half,Fisher,80,0.8050867323019222,0.7777777777777778,-0.041131036099390526,0.0519047619047619
791,final_half,Semantic,72,0.6176602996977298,0.6,0.009453984179046884,0.07545787545787544
791,final_half,Temperature,72,0.6729050099684868,0.45454545454545453,-0.01731301048298927,0.07725274725274725
791,final_half,Fisher,72,0.6394945012541001,0.6,-0.013550710656633875,0.05523809523809523
794,final_half,Semantic,71,0.8473507712944331,0.3333333333333333,0.03482394366197182,0.07831501831501832
794,final_half,Temperature,71,0.8312541918175721,0.23076923076923078,-0.00760060362173038,0.05238095238095238
794,final_half,Fisher,71,0.7926894701542588,0.06666666666666667,-0.023289738430583493,0.0557142857142857
799,final_half,Semantic,93,0.8506460565187549,0.5384615384615384,-0.036317179433618806,0.06291709666322669
799,final_half,Temperature,93,0.8837545880457163,0.42857142857142855,0.028091522186744645,0.06847265221878224
799,final_half,Fisher,93,0.822386679000925,0.5384615384615384,0.012267613619408552,0.07530099759201926
800,final_half,Semantic,88,0.6099468141312389,0.058823529411764705,-0.026449402979817554,0.06183823529411765
800,final_half,Temperature,88,0.6922616322073898,0.2,-0.02713712091860097,0.04264705882352941
800,final_half,Fisher,88,0.700715015321757,0.125,-0.025294107287520694,0.05970588235294118
801,final_half,Semantic,67,0.6979008699816428,0.07692307692307693,0.019217415595817695,0.08368298368298369
801,final_half,Temperature,67,0.8926490541942694,0.5555555555555556,-0.026821773485513612,0.05722610722610723
801,final_half,Fisher,67,0.74555032325006,0.16666666666666666,-0.002061217974299629,0.04294871794871795
808,final_half,Semantic,89,0.7995233231188289,0.2857142857142857,0.004207524685052773,0.07514705882352943
808,final_half,Temperature,89,0.8606060606060608,0.5,-0.000802689819543749,0.049779411764705885
808,final_half,Fisher,89,0.5851208716377256,0.2857142857142857,-0.025108103506979916,0.03970588235294118
810,final_half,Semantic,81,0.6046296296296296,0.38461538461538464,0.0010625564588979271,0.03933823529411765
810,final_half,Temperature,81,0.7004742547425474,0.5,-3.16169828364965e-05,0.06522058823529411
810,final_half,Fisher,81,0.694557362240289,0.38461538461538464,0.03671635049683829,0.06066176470588236
815,final_half,Semantic,85,0.6781121751025991,0.2857142857142857,-0.009806527262067615,0.06889705882352941
815,final_half,Temperature,85,0.7514559312096932,0.38461538461538464,0.02380496384600352,0.05933823529411765
815,final_half,Fisher,85,0.7463357435997654,0.38461538461538464,0.028333007621653316,0.08470588235294117
822,final_half,Semantic,102,0.899384227400467,0.6923076923076923,-0.026026994475575483,0.07043441938178782
822,final_half,Temperature,102,0.7725882239851627,0.6923076923076923,-0.00743054888013073,0.0554344193817878
822,final_half,Fisher,102,0.8370492674624401,0.8333333333333334,0.008912021984608512,0.05730158730158731
824,final_half,Semantic,66,0.4901576035904395,0.2727272727272727,0.024976516021292142,0.047435897435897434
824,final_half,Temperature,66,0.7864523536165329,0.75,-0.03296106878196431,0.04807692307692307
824,final_half,Fisher,66,0.7148523118672374,0.2727272727272727,0.046878196430435254,0.05961538461538461
825,final_half,Semantic,87,0.8426040679448858,0.2,-0.014012721440548225,0.07281512605042018
825,final_half,Temperature,87,0.8315593788729313,0.5,0.012717795436319892,0.07183823529411765
825,final_half,Fisher,87,0.8009768899905226,0.2857142857142857,-0.014511190493548154,0.08352941176470588
828,final_half,Semantic,74,0.8867974824139205,1.0,-0.008045908922621251,0.0806959706959707
828,final_half,Temperature,74,0.7744242873009993,0.6,-0.01027323213624583,0.06619047619047619
828,final_half,Fisher,74,0.831943724546464,0.6,0.04461902998889299,0.10197802197802197
839,final_half,Semantic,72,0.8450061097176669,0.6,0.017158659720882374,0.09106227106227106
839,final_half,Temperature,72,0.8763907646794007,0.45454545454545453,0.02362531352498553,0.08714285714285713
839,final_half,Fisher,72,0.8534632452247733,0.6,-0.005241494629879736,0.04714285714285714
843,final_half,Semantic,70,0.8019770798705275,0.4,-0.02547633627854081,0.035256410256410256
843,final_half,Temperature,70,0.8958271367334442,0.5555555555555556,0.030784708249496983,0.07389277389277389
843,final_half,Fisher,70,0.8494619893272679,0.5555555555555556,0.008415711661271981,0.023717948717948717
850,final_half,Semantic,91,0.813664596273292,0.42857142857142855,-0.05719143175664913,0.06355349157206742
850,final_half,Temperature,91,0.8454849498327759,0.3333333333333333,0.018735467431119607,0.06786635706914343
850,final_half,Fisher,91,0.7902691511387163,0.6666666666666666,-0.009965758878802357,0.06676986584107328
851,final_half,Semantic,71,0.6036217303822936,0.3333333333333333,-0.04502515090543259,0.05809523809523809
851,final_half,Temperature,71,0.6057008718980549,0.3333333333333333,0.01583668678739101,0.06857142857142856
851,final_half,Fisher,71,0.7066063044936283,0.7777777777777778,0.03001173708920187,0.0701098901098901
856,final_half,Semantic,74,0.7367493520918178,0.3333333333333333,0.01029988893002591,0.06238095238095237
856,final_half,Temperature,74,0.76115512773047,0.6,0.009947426878933718,0.06333333333333332
856,final_half,Fisher,74,0.6780155497963716,0.45454545454545453,0.01927730470196223,0.07344322344322343
863,final_half,Semantic,66,0.8643565389834047,0.75,-0.04493685419058554,0.035897435897435895
863,final_half,Temperature,66,0.8041540549003237,0.75,0.022068677591065653,0.05961538461538461
863,final_half,Fisher,66,0.6000417492954807,0.75,0.0027116167414674847,0.07534965034965034
864,final_half,Semantic,80,0.7811298640412565,0.6,0.010489920300046886,0.026666666666666665
864,final_half,Temperature,80,0.8651195499296767,0.6,-0.0009692920768870156,0.059047619047619036
864,final_half,Fisher,80,0.8304031879981247,0.6,-0.028518518518518516,0.06285714285714285
867,final_half,Semantic,98,0.7790358880196876,0.5384615384615384,-0.016308041492135748,0.0547299621603027
867,final_half,Temperature,98,0.8726035868893011,0.42857142857142855,-0.04314213032917009,0.023976608187134502
867,final_half,Fisher,98,0.8630147466671766,0.6666666666666666,0.005996212918156951,0.06301169590643275
874,final_half,Semantic,75,0.8480796586059743,0.3333333333333333,-0.008219061166429583,0.06952380952380952
874,final_half,Temperature,75,0.7617069701280227,0.3333333333333333,-0.01754623044096728,0.06904761904761904
874,final_half,Fisher,75,0.8551635846372687,0.45454545454545453,0.013304409672830725,0.06095238095238096
876,final_half,Semantic,95,0.8777995520716686,0.6666666666666666,-0.016786114221724525,0.06676986584107328
876,final_half,Temperature,95,0.8264977603583428,0.5384615384615384,0.02366461366181411,0.052390780873753005
876,final_half,Fisher,95,0.8755879059350504,0.5384615384615384,0.00955557110862262,0.06786635706914344
883,final_half,Semantic,75,0.8428733997155049,0.45454545454545453,0.004789473684210526,0.05582417582417583
883,final_half,Temperature,75,0.8570697012802275,0.45454545454545453,-0.010984352773826459,0.054761904761904755
883,final_half,Fisher,75,0.8761024182076813,0.6,0.03586344238975818,0.0663003663003663
885,final_half,Semantic,79,0.5185248296007791,0.14285714285714285,-0.014042112950340802,0.04095238095238095
885,final_half,Temperature,79,0.5769474196689387,0.14285714285714285,0.04887293086660176,0.08106227106227105
885,final_half,Fisher,79,0.7440116845180136,0.45454545454545453,0.025944498539435246,0.05249084249084248
917,final_half,Semantic,74,0.9441392077008515,0.3333333333333333,-0.013796371714179929,0.054761904761904755
917,final_half,Temperature,74,0.8567345427619398,0.6,-0.029535727508330244,0.06391941391941391
917,final_half,Fisher,74,0.9253905960755274,0.3333333333333333,0.013355053683820808,0.08926739926739927
918,final_half,Semantic,73,0.6978896704924104,0.6,0.04249814883376527,0.08318681318681317
918,final_half,Temperature,73,0.724669875354807,0.3333333333333333,0.01491577193631988,0.06010989010989011
918,final_half,Fisher,73,0.6590768851042824,0.45454545454545453,-0.017655497963717143,0.04095238095238095
919,final_half,Semantic,74,0.94843391336542,0.45454545454545453,0.003539429840799702,0.052490842490842494
919,final_half,Temperature,74,0.9052795261014438,0.6,0.0693209922251018,0.07296703296703297
919,final_half,Fisher,74,0.9191410588670861,0.45454545454545453,-0.013469085523880037,0.05047619047619047
921,final_half,Semantic,74,0.7268567197334319,0.45454545454545453,0.020653091447611988,0.08820512820512819
921,final_half,Temperature,74,0.6938319141058865,0.3333333333333333,-0.013991854868567188,0.0419047619047619
921,final_half,Fisher,74,0.5925657164013328,0.3333333333333333,-0.034809329877823016,0.05201465201465202
927,final_half,Semantic,86,0.8580876456436624,0.2,0.030268408887211655,0.08147058823529411
927,final_half,Temperature,86,0.7375159205622905,0.058823529411764705,0.011670361809519315,0.05154411764705883
927,final_half,Fisher,86,0.7796499834897872,0.2,-0.0384508703240719,0.07649159663865546
928,final_half,Semantic,97,0.837457921312855,0.17647058823529413,0.006201346517988637,0.04069487444100447
928,final_half,Temperature,97,0.8132889753839679,0.5384615384615384,-0.02350949400378708,0.0654970760233918
928,final_half,Fisher,97,0.7580212497370081,0.25,0.02544905848937513,0.06454678362573099
929,final_half,Semantic,74,0.7878711588300629,0.6,-0.0201584598296927,0.0757142857142857
929,final_half,Temperature,74,0.8868567197334318,0.6,-0.02665827471306923,0.0606959706959707
929,final_half,Fisher,74,0.822998889300259,0.6,0.017507589781562378,0.05963369963369963
930,final_half,Semantic,73,0.7589164506972728,0.14285714285714285,-0.0007898309268172269,0.07820512820512819
930,final_half,Temperature,73,0.6663272861903,0.14285714285714285,-0.025112612612612613,0.06963369963369963
930,final_half,Fisher,73,0.5231704307046774,0.06666666666666667,0.011142478094532893,0.027142857142857142
931,final_half,Semantic,105,0.8335268505079826,0.5714285714285714,-0.02218950860460294,0.0724561403508772
931,final_half,Temperature,105,0.8382541986315571,0.375,0.007677793904209003,0.06372180451127821
931,final_half,Fisher,105,0.7198424217292141,0.5714285714285714,0.0034947128343354754,0.06296992481203009
936,final_half,Semantic,66,0.8737918797620291,0.5555555555555556,-0.021413213652019626,0.05961538461538461
936,final_half,Temperature,66,0.8970044880492644,0.4,0.06277215321991442,0.08012820512820512
936,final_half,Fisher,66,0.8546707024318967,0.4,-0.044945204049681664,0.044230769230769226
937,final_half,Semantic,70,0.8206281165252384,0.2727272727272727,-0.0077368559181174,0.04358974358974359
937,final_half,Temperature,70,0.8321056775435219,0.4,0.01597235587437669,0.059324009324009316
937,final_half,Fisher,70,0.863668970343802,0.2727272727272727,0.009596710698976472,0.06876456876456875
946,final_half,Semantic,80,0.6885841537740273,0.3333333333333333,0.013312236286919832,0.04523809523809523
946,final_half,Temperature,80,0.8703469292076886,0.6,-0.008543131739334266,0.027619047619047616
946,final_half,Fisher,80,0.6282466010314112,0.45454545454545453,-0.001732301922175341,0.04095238095238095
947,final_half,Semantic,92,0.8297242729220288,0.5384615384615384,0.028297859223525422,0.08019865841073272
947,final_half,Temperature,92,0.8952884422730145,0.5384615384615384,0.015255151580537269,0.05209838321293429
947,final_half,Fisher,92,0.8579751244547879,0.5384615384615384,-0.006185749734136823,0.05146198830409356
958,final_half,Semantic,79,0.7326679649464459,0.06666666666666667,0.06389727361246349,0.06344322344322344
958,final_half,Temperature,79,0.659858812074002,0.0,-0.004651898734177213,0.05523809523809523
958,final_half,Fisher,79,0.794985394352483,0.0,0.013376338851022393,0.05095238095238095
964,final_half,Semantic,78,0.6186598211914667,0.45454545454545453,0.04361334867663981,0.048095238095238094
964,final_half,Temperature,78,0.8211408844320237,0.45454545454545453,-0.0054843890286928225,0.048095238095238094
964,final_half,Fisher,78,0.9008586350358502,0.6,-0.004137634517381356,0.054285714285714284
970,final_half,Semantic,75,0.7213655761024181,0.06666666666666667,-0.027426742532005687,0.0563003663003663
970,final_half,Temperature,75,0.760597439544808,0.23076923076923078,0.006135135135135137,0.06523809523809523
970,final_half,Fisher,75,0.6579516358463726,0.06666666666666667,0.020684210526315784,0.054285714285714284
978,final_half,Semantic,97,0.7888175888912267,0.6666666666666666,0.009496633705028401,0.04157206742346061
978,final_half,Temperature,97,0.8442694087944455,0.6666666666666666,0.006896959814853774,0.03187134502923976
978,final_half,Fisher,97,0.8043341047759309,0.42857142857142855,-0.0033058068588260048,0.048830409356725134
981,final_half,Semantic,84,0.9040194391009417,0.5,-0.01476966690290574,0.05485294117647059
981,final_half,Temperature,84,0.9180722891566265,0.5,-0.004325199959501874,0.06441176470588236
981,final_half,Fisher,84,0.9184975194897236,0.6363636363636364,0.027714893186190137,0.04860294117647059
985,final_half,Semantic,76,0.8507177033492822,0.45454545454545453,0.020709501025290494,0.04476190476190476
985,final_half,Temperature,76,0.7682296650717703,0.3333333333333333,0.008732740943267253,0.05857142857142857
985,final_half,Fisher,76,0.8270403280929597,0.45454545454545453,-0.013264524948735482,0.06952380952380952
993,final_half,Semantic,82,0.8385738074248212,0.6363636363636364,-0.023799262089006436,0.04602941176470589
993,final_half,Temperature,82,0.9153687922421394,0.6363636363636364,0.010419999782327142,0.06845588235294117
993,final_half,Fisher,82,0.8280166737410347,0.38461538461538464,0.010334019002840634,0.07147058823529412
996,final_half,Semantic,76,0.8017771701982228,0.7777777777777778,-0.024762816131237184,0.041428571428571426
996,final_half,Temperature,76,0.4310594668489405,0.23076923076923078,-0.009857826384142173,0.0519047619047619
996,final_half,Fisher,76,0.7851264524948737,0.6,0.01075051264524949,0.07106227106227106
997,final_half,Semantic,86,0.7643473748761733,0.2857142857142857,-0.03180810415585641,0.056838235294117655
997,final_half,Temperature,86,0.7615170526911648,0.2,0.01922732204349261,0.07691176470588236
997,final_half,Fisher,86,0.7151752441152884,0.2857142857142857,-0.0009141940657578188,0.0636029411764706
998,final_half,Semantic,85,0.5912644127418408,0.2,0.024704905217901113,0.07477941176470589
998,final_half,Temperature,85,0.5621067031463748,0.2857142857142857,-0.01949677545436779,0.07906512605042018
998,final_half,Fisher,85,0.4473324213406293,0.125,-0.019219269102990034,0.05735294117647059
1,all_blocks,Semantic,107,-0.15032622112502206,0.15789473684210525,0.05713620956523444,0.04642857142857143
1,all_blocks,Temperature,107,-0.17471933227531888,0.2222222222222222,-0.05422862908756049,0.03694235588972431
1,all_blocks,Fisher,107,-0.07920413801210839,0.1,-0.006155586904132135,0.07007518796992482
2,all_blocks,Semantic,103,0.35086543952906035,0.15789473684210525,-0.01206398541492773,0.06511278195488722
2,all_blocks,Temperature,103,0.27457936124412424,0.15789473684210525,-0.01793865044150595,0.04456140350877193
2,all_blocks,Fisher,103,0.3228265167157229,0.15789473684210525,-0.03420957255194834,0.06305346700083544
19,all_blocks,Semantic,75,0.3662588904694168,0.14285714285714285,0.0220981507823613,0.08879120879120879
19,all_blocks,Temperature,75,0.4593741109530583,0.23076923076923078,0.027317211948790894,0.07344322344322343
19,all_blocks,Fisher,75,0.31143669985775246,0.23076923076923078,-0.016489331436699863,0.06677655677655678
23,all_blocks,Semantic,67,-0.029052597972703334,0.07692307692307693,-0.025267379679144397,0.03974358974358974
23,all_blocks,Temperature,67,0.03467954345917472,0.07692307692307693,0.0006205603001037627,0.05576923076923076
23,all_blocks,Fisher,67,0.08835501636204007,0.07692307692307693,0.0012710511613057674,0.05128205128205128
30,all_blocks,Semantic,65,0.20738636363636362,0.07692307692307693,0.026293706293706292,0.0862004662004662
30,all_blocks,Temperature,65,0.30625,0.2727272727272727,-0.01628715034965035,0.07837995337995338
30,all_blocks,Fisher,65,0.23050699300699298,0.07692307692307693,-0.007473776223776231,0.06171328671328671
43,all_blocks,Semantic,78,-0.24121448172081084,0.06666666666666667,0.009981158082423901,0.055824175824175815
43,all_blocks,Temperature,78,-0.16513865880954487,0.06666666666666667,-0.021564511437929167,0.05095238095238095
43,all_blocks,Fisher,78,-0.25201380897583425,0.06666666666666667,0.05336941539473185,0.06725274725274726
54,all_blocks,Semantic,83,0.1492590571344612,0.2857142857142857,-0.016293396582847067,0.06227941176470588
54,all_blocks,Temperature,83,-0.11611603207254104,0.125,-0.0035798245245791498,0.08031512605042017
54,all_blocks,Fisher,83,0.13616137021955416,0.2857142857142857,0.007821879853910413,0.06227941176470588
57,all_blocks,Semantic,82,0.37325453575820905,0.2,0.00817470423700221,0.061102941176470596
57,all_blocks,Temperature,82,0.3238210293749524,0.2857142857142857,-0.02163885895887071,0.042279411764705885
57,all_blocks,Fisher,82,0.49859056823499964,0.38461538461538464,0.01482461009349049,0.07752100840336135
59,all_blocks,Semantic,80,0.39915611814345997,0.3333333333333333,0.02104430379746835,0.05153846153846155
59,all_blocks,Temperature,80,0.17048757618377874,0.23076923076923078,-7.149554617908935e-05,0.0482051282051282
59,all_blocks,Fisher,80,-0.0032817627754336614,0.06666666666666667,-0.030131270511017348,0.04249084249084249
62,all_blocks,Semantic,73,0.45745402937183766,0.23076923076923078,0.030823460446748125,0.05963369963369963
62,all_blocks,Temperature,73,0.4584413180303592,0.14285714285714285,-0.04049734666173023,0.04380952380952381
62,all_blocks,Fisher,73,0.3959953103788721,0.14285714285714285,-0.033086511168702946,0.06190476190476189
65,all_blocks,Semantic,78,0.2247499336106931,0.14285714285714285,0.024880183108031206,0.06344322344322342
65,all_blocks,Temperature,78,0.1389875946837972,0.14285714285714285,-0.01572983978047269,0.054761904761904755
65,all_blocks,Fisher,78,0.17854297601133043,0.14285714285714285,-0.004491710820824746,0.03809523809523809
67,all_blocks,Semantic,79,0.40384615384615385,0.23076923076923078,-0.005356621226874395,0.03
67,all_blocks,Temperature,79,0.11577409931840311,0.06666666666666667,0.0009335443037974657,0.05809523809523809
67,all_blocks,Fisher,79,0.2349561830574489,0.14285714285714285,-0.032352726387536515,0.06238095238095237
72,all_blocks,Semantic,81,0.31998644986449865,0.058823529411764705,0.047102529358626924,0.07022058823529412
72,all_blocks,Temperature,81,0.22757452574525744,0.2,-0.029251355013550133,0.06485294117647059
72,all_blocks,Fisher,81,0.26892502258355916,0.058823529411764705,-0.005260840108401087,0.04558823529411765
73,all_blocks,Semantic,65,0.22255244755244755,0.0,0.01484702797202797,0.08076923076923076
73,all_blocks,Temperature,65,0.13929195804195804,0.16666666666666666,0.011647727272727271,0.09294871794871797
73,all_blocks,Fisher,65,0.07552447552447553,0.0,-0.012294580419580415,0.0808974358974359
78,all_blocks,Semantic,98,0.0686711423088448,0.17647058823529413,-0.02030870455023621,0.05209838321293429
78,all_blocks,Temperature,98,0.15641158056474697,0.3333333333333333,-0.0018495495667807838,0.04717922256621947
78,all_blocks,Fisher,98,0.12747929537325706,0.05263157894736842,-0.0002894503630880674,0.054385964912280704
94,all_blocks,Semantic,62,0.3700486011432601,0.2727272727272727,-0.051111782629498136,0.05448717948717948
94,all_blocks,Temperature,62,0.14733952809045353,0.4,0.0010425322958374256,0.05273892773892774
94,all_blocks,Fisher,62,0.15449119891214022,0.2727272727272727,0.03202387247865831,0.07196969696969698
101,all_blocks,Semantic,62,0.08836342575105136,0.16666666666666666,-0.05027826043161845,0.04807692307692307
101,all_blocks,Temperature,62,-0.09062980030721966,0.16666666666666666,0.02962403364307119,0.08876456876456876
101,all_blocks,Fisher,62,0.19019918914154768,0.16666666666666666,0.022323789378257915,0.04038461538461538
103,all_blocks,Semantic,84,0.31240255138199857,0.058823529411764705,0.010777564037663261,0.07147058823529412
103,all_blocks,Temperature,84,0.2952110964867875,0.058823529411764705,-0.02144375822618204,0.04852941176470589
103,all_blocks,Fisher,84,0.26791535891465024,0.058823529411764705,0.013573959704363675,0.05816176470588236
105,all_blocks,Semantic,106,0.24396301987555735,0.15789473684210525,-0.006593949164924301,0.06781537176274019
105,all_blocks,Temperature,106,0.23857218429604254,0.15789473684210525,-0.001250976144293017,0.04694235588972432
105,all_blocks,Fisher,106,0.2966420636320125,0.1,0.001534624782729177,0.0488095238095238
106,all_blocks,Semantic,67,0.4403783222922819,0.16666666666666666,0.0007063612419187515,0.05961538461538461
106,all_blocks,Temperature,67,0.45510415835262197,0.16666666666666666,-0.025337217655040312,0.05064102564102564
106,all_blocks,Fisher,67,0.43558943251656157,0.16666666666666666,0.031099848351823785,0.06858974358974358
108,all_blocks,Semantic,74,0.22233246945575708,0.3333333333333333,0.020610144390966298,0.05523809523809523
108,all_blocks,Temperature,74,0.16371714179933355,0.3333333333333333,0.0648767123287671,0.07677655677655677
108,all_blocks,Fisher,74,0.2323139577934098,0.23076923076923078,0.0082428730099963,0.05047619047619047
109,all_blocks,Semantic,90,-0.09730419393340742,0.0,0.01796765032720089,0.05404411764705883
109,all_blocks,Temperature,90,0.41377124747911265,0.2,0.030047330946207346,0.03970588235294118
109,all_blocks,Fisher,90,-0.17105815532781823,0.058823529411764705,-0.026607400090546164,0.045588235294117645
110,all_blocks,Semantic,76,0.06058783321941216,0.06666666666666667,0.008143540669856458,0.048095238095238094
110,all_blocks,Temperature,76,-0.022884483937115514,0.06666666666666667,-0.010537252221462748,0.06391941391941391
110,all_blocks,Fisher,76,-0.0136431989063568,0.06666666666666667,-0.022965140123034862,0.07619047619047618
111,all_blocks,Semantic,64,0.1107142857142857,0.16666666666666666,-0.011952838827838826,0.05641025641025641
111,all_blocks,Temperature,64,0.12889194139194135,0.2727272727272727,0.042026098901098895,0.08846153846153845
111,all_blocks,Fisher,64,0.16771978021978018,0.16666666666666666,0.026098901098901096,0.05897435897435897
114,all_blocks,Semantic,85,-0.17404729333593902,0.058823529411764705,0.03744870041039672,0.0672794117647059
114,all_blocks,Temperature,85,-0.19663865546218487,0.058823529411764705,0.021055305843267542,0.0720063025210084
114,all_blocks,Fisher,85,-0.13404338479577876,0.125,-0.01893687707641196,0.05031512605042017
115,all_blocks,Semantic,100,0.028166816681668164,0.1111111111111111,0.03745274527452745,0.08326023391812865
115,all_blocks,Temperature,100,0.17525352535253522,0.1111111111111111,0.028310231023102306,0.05701754385964911
115,all_blocks,Fisher,100,-0.05444944494449444,0.05263157894736842,-0.00016681668166816508,0.05073959408324733
120,all_blocks,Semantic,80,0.011228316924519456,0.0,-0.005687998124706982,0.07725274725274725
120,all_blocks,Temperature,80,0.24193624003750586,0.14285714285714285,-0.024660103141115795,0.04095238095238095
120,all_blocks,Fisher,80,-0.20853258321612755,0.0,-0.0004324894514767943,0.05428571428571429
121,all_blocks,Semantic,78,0.5685833154187584,0.23076923076923078,-0.016134498412979426,0.019999999999999997
121,all_blocks,Temperature,78,0.49336739210156927,0.23076923076923078,-0.028261611805915604,0.05761904761904761
121,all_blocks,Fisher,78,0.528117452168085,0.23076923076923078,-0.0015680522009635944,0.03761904761904762
132,all_blocks,Semantic,95,0.4916153415453527,0.17647058823529413,-0.000967945128779395,0.06564327485380116
132,all_blocks,Temperature,95,0.44344904815229563,0.1111111111111111,0.01994750839865622,0.060087719298245613
132,all_blocks,Fisher,95,0.4697928331466965,0.17647058823529413,-0.0307397816349384,0.06028551771585827
134,all_blocks,Semantic,77,0.21904411378095587,0.06666666666666667,0.004504705820495292,0.048095238095238094
134,all_blocks,Temperature,77,0.2955465587044534,0.06666666666666667,-0.0026131762973868244,0.06736263736263735
134,all_blocks,Fisher,77,0.18368473631631524,0.06666666666666667,-0.01013065881486934,0.06344322344322344
135,all_blocks,Semantic,76,0.14113465481886533,0.06666666666666667,0.008695830485304168,0.059047619047619036
135,all_blocks,Temperature,76,0.15311004784688995,0.14285714285714285,0.013253588516746411,0.07285714285714284
135,all_blocks,Fisher,76,0.13599453178400547,0.06666666666666667,0.02364593301435407,0.0701098901098901
136,all_blocks,Semantic,64,0.35462454212454214,0.0,0.04653388278388278,0.07645687645687646
136,all_blocks,Temperature,64,0.48763736263736257,0.16666666666666666,-0.06121108058608058,0.09325174825174826
136,all_blocks,Fisher,64,0.3430860805860806,0.0,-0.015934065934065926,0.05402097902097901
140,all_blocks,Semantic,70,0.46807803341789866,0.4,0.04570028868865367,0.06876456876456877
140,all_blocks,Temperature,70,0.4227626629341265,0.4,-0.015751902720671854,0.05641025641025641
140,all_blocks,Fisher,70,0.4977167351937713,0.4,-0.0044213104715248,0.044405594405594405
141,all_blocks,Semantic,79,0.3778237585199611,0.14285714285714285,0.06217137293086661,0.06439560439560439
141,all_blocks,Temperature,79,0.479479065238559,0.23076923076923078,0.018787731256085686,0.04963369963369964
141,all_blocks,Fisher,79,0.3160418695228822,0.23076923076923078,-0.01608812074001947,0.05095238095238095
169,all_blocks,Semantic,66,0.49925895000521875,0.5555555555555556,-0.04117315520300596,0.051923076923076926
169,all_blocks,Temperature,66,0.4899488571130363,0.4,-0.022148001252478865,0.03076923076923077
169,all_blocks,Fisher,66,0.5395052708485546,0.5555555555555556,0.026809310092892186,0.07820512820512822
174,all_blocks,Semantic,95,-0.015607502799552073,0.1111111111111111,-0.040615201567749164,0.05146198830409356
174,all_blocks,Temperature,95,-0.17513997760358344,0.05263157894736842,0.050680291153415456,0.07330581355349156
174,all_blocks,Fisher,95,0.04125139977603584,0.05263157894736842,-0.008773096304591263,0.06722996216030272
177,all_blocks,Semantic,77,0.28321678321678323,0.0,0.01689626163310374,0.05523809523809523
177,all_blocks,Temperature,77,0.28029864871970134,0.14285714285714285,-0.008457332141542668,0.06582417582417582
177,all_blocks,Fisher,77,0.2680740312319259,0.0,-0.02642226194857774,0.06190476190476191
178,all_blocks,Semantic,68,0.37595907928388744,0.16666666666666666,-0.04685651028743749,0.03974358974358975
178,all_blocks,Temperature,68,0.4609306409130816,0.2727272727272727,-0.015940756575180366,0.05483682983682984
178,all_blocks,Fisher,68,0.39186158590158887,0.16666666666666666,-0.01707559143864676,0.07453379953379953
189,all_blocks,Semantic,64,0.23141025641025637,0.16666666666666666,-0.021476648351648354,0.06555944055944055
189,all_blocks,Temperature,64,0.08035714285714285,0.07692307692307693,-0.0746863553113553,0.06410256410256411
189,all_blocks,Fisher,64,0.25989010989010985,0.2727272727272727,0.011227106227106222,0.06876456876456875
193,all_blocks,Semantic,73,0.17382450944094782,0.14285714285714285,0.04296711094656301,0.06783882783882784
193,all_blocks,Temperature,73,-0.19980254226829572,0.06666666666666667,-0.0076098358632605235,0.05095238095238095
193,all_blocks,Fisher,73,0.1257867456497594,0.14285714285714285,0.040529742070837954,0.06952380952380952
194,all_blocks,Semantic,72,0.5943790597466075,0.23076923076923078,-0.03800244388706668,0.048095238095238094
194,all_blocks,Temperature,72,0.5198083478037173,0.14285714285714285,-0.037846485304521206,0.0701098901098901
194,all_blocks,Fisher,72,0.4876197826226768,0.3333333333333333,0.03305839603833044,0.07879120879120878
196,all_blocks,Semantic,68,0.28755200977211126,0.16666666666666666,0.014837576821773482,0.09055944055944057
196,all_blocks,Temperature,68,0.13852731228766652,0.2727272727272727,-0.048984616559147987,0.05786713286713287
196,all_blocks,Fisher,68,0.263388937664618,0.07692307692307693,0.004010001145169302,0.04294871794871795
198,all_blocks,Semantic,70,0.32975242760913304,0.07692307692307693,0.0028029043828186524,0.06171328671328672
198,all_blocks,Temperature,70,0.3497681742629691,0.16666666666666666,0.03798442830898434,0.07243589743589743
198,all_blocks,Fisher,70,0.25409850406788553,0.0,-0.008604671507304696,0.05641025641025641
199,all_blocks,Semantic,62,0.0020397371005514845,0.0,0.033826899347787764,0.06427738927738928
199,all_blocks,Temperature,62,-0.0843846793080003,0.07692307692307693,-0.001966709475963836,0.05128205128205128
199,all_blocks,Fisher,62,0.015285437284379644,0.0,-0.006504494976203072,0.09128205128205129
204,all_blocks,Semantic,71,-0.03175720992622401,0.06666666666666667,0.009260563380281688,0.06190476190476189
204,all_blocks,Temperature,71,-0.09071093226022801,0.14285714285714285,0.03648558014755198,0.052380952380952375
204,all_blocks,Fisher,71,0.01867873910127431,0.06666666666666667,0.005080482897384306,0.07333333333333333
211,all_blocks,Semantic,74,0.19283228433913363,0.06666666666666667,0.004045908922621247,0.0563003663003663
211,all_blocks,Temperature,74,0.23702332469455753,0.14285714285714285,0.021741577193631987,0.06736263736263735
211,all_blocks,Fisher,74,0.3134098482043687,0.06666666666666667,-0.013033691225472047,0.06904761904761905
225,all_blocks,Semantic,80,0.12266760431317394,0.14285714285714285,-0.026526019690576653,0.04868131868131868
225,all_blocks,Temperature,80,0.33026254102203473,0.14285714285714285,-0.0016467416783872446,0.05534798534798535
225,all_blocks,Fisher,80,0.2974449132676981,0.23076923076923078,0.03484646038443507,0.054761904761904755
230,all_blocks,Semantic,90,0.0057867226406552235,0.125,-0.03114458575132733,0.046397058823529416
230,all_blocks,Temperature,90,0.07359756348520394,0.125,-0.026002387125982636,0.030147058823529416
230,all_blocks,Fisher,90,0.04281186977816191,0.125,0.021387002510598017,0.04272058823529412
233,all_blocks,Semantic,80,0.5141584622597282,0.14285714285714285,0.03331106422878574,0.052490842490842494
233,all_blocks,Temperature,80,0.45173464603844354,0.3333333333333333,0.02984060009376465,0.06857142857142857
233,all_blocks,Fisher,80,0.46298640412564473,0.14285714285714285,0.027570323488045008,0.04523809523809523
236,all_blocks,Semantic,69,0.0555717939349653,0.0,-0.020469492144683958,0.04358974358974358
236,all_blocks,Temperature,69,-0.0803799780781878,0.0,0.02181585677749361,0.039102564102564095
236,all_blocks,Fisher,69,0.028973328461819516,0.07692307692307693,0.00911399342345634,0.059615384615384605
238,all_blocks,Semantic,85,0.5995505178815713,0.6363636363636364,-0.03934825092827828,0.06066176470588236
238,all_blocks,Temperature,85,0.37346101231190154,0.5,0.03960914598397498,0.05889705882352941
238,all_blocks,Fisher,85,0.5979284737150674,0.5,-0.03948016415868673,0.04602941176470589
249,all_blocks,Semantic,76,0.06838004101161996,0.23076923076923078,0.03754887218045113,0.07556776556776557
249,all_blocks,Temperature,76,0.21777170198222828,0.14285714285714285,0.01733561175666439,0.0745054945054945
249,all_blocks,Fisher,76,0.054654818865345185,0.23076923076923078,0.008474367737525629,0.054761904761904755
258,all_blocks,Semantic,76,0.2826247436773753,0.06666666666666667,-0.03989473684210527,0.06344322344322344
258,all_blocks,Temperature,76,0.15461380724538618,0.14285714285714285,-0.011778537252221472,0.04476190476190476
258,all_blocks,Fisher,76,0.2577717019822283,0.06666666666666667,-0.00519890635680109,0.05523809523809523
259,all_blocks,Semantic,77,0.2690204532309795,0.0,-0.04119958988380041,0.05095238095238095
259,all_blocks,Temperature,77,0.31371260318628735,0.06666666666666667,0.013838792786161208,0.07344322344322343
259,all_blocks,Fisher,77,0.316473000683527,0.0,-0.033474420316525574,0.052967032967032965
265,all_blocks,Semantic,83,0.1932118718777549,0.2,0.01735863313882708,0.05808823529411765
265,all_blocks,Temperature,83,0.31256034591326975,0.058823529411764705,-0.02654800386213844,0.05183823529411765
265,all_blocks,Fisher,83,0.2951807228915662,0.058823529411764705,0.03152890306872087,0.07433823529411765
267,all_blocks,Semantic,74,-0.03934838948537578,0.06666666666666667,-0.03598370973713439,0.05201465201465202
267,all_blocks,Temperature,74,0.06944094779711217,0.06666666666666667,0.03798889300259163,0.05915750915750915
267,all_blocks,Fisher,74,-0.060140688633839305,0.06666666666666667,-0.04286708626434653,0.07963369963369962
272,all_blocks,Semantic,122,0.3305752079333556,0.18181818181818182,-0.017742655004114056,0.044426501035196686
272,all_blocks,Temperature,122,0.11827004735295965,0.18181818181818182,0.011046160048377347,0.0570368906455863
272,all_blocks,Fisher,122,0.3381953003922398,0.18181818181818182,-0.02061952078672663,0.05484848484848485
277,all_blocks,Semantic,100,0.42585058505850576,0.1111111111111111,0.026989498949894986,0.06196680426556587
277,all_blocks,Temperature,100,0.3538193819381938,0.25,0.03974857485748574,0.045906432748538006
277,all_blocks,Fisher,100,0.41855385538553846,0.17647058823529413,0.00954095409540954,0.043567251461988296
292,all_blocks,Semantic,72,0.5884622805325102,0.45454545454545453,0.0005257572834265866,0.06952380952380952
292,all_blocks,Temperature,72,0.665026689819281,0.3333333333333333,-0.0631214225995241,0.06296703296703296
292,all_blocks,Fisher,72,0.6247347096276289,0.3333333333333333,-0.007506913627886036,0.0519047619047619
312,all_blocks,Semantic,82,0.35534005942469066,0.2,0.02478532014235805,0.052647058823529415
312,all_blocks,Temperature,82,0.32334214908414144,0.125,0.007294217520488458,0.06477941176470589
312,all_blocks,Fisher,82,0.34937582307549986,0.125,-0.08446359965607689,0.03058823529411765
327,all_blocks,Semantic,65,0.2651223776223776,0.5555555555555556,0.004099650349650352,0.058974358974358966
327,all_blocks,Temperature,65,0.09488636363636364,0.2727272727272727,0.0402819055944056,0.09970862470862471
327,all_blocks,Fisher,65,0.16464160839160838,0.5555555555555556,0.02711975524475524,0.10094405594405595
329,all_blocks,Semantic,73,0.47837220782426265,0.3333333333333333,0.012723682586696289,0.08820512820512819
329,all_blocks,Temperature,73,0.4934283598667162,0.3333333333333333,-0.006735159817351601,0.05809523809523809
329,all_blocks,Fisher,73,0.5058620264099717,0.3333333333333333,0.018798593113661614,0.03428571428571429
340,all_blocks,Semantic,77,-0.22753562227246435,0.06666666666666667,0.0002037436247962543,0.048571428571428564
340,all_blocks,Temperature,77,-0.18510436931489563,0.14285714285714285,0.024744991850255003,0.048095238095238094
340,all_blocks,Fisher,77,-0.14217361585782637,0.14285714285714285,0.023500184026499817,0.05095238095238095
342,all_blocks,Semantic,69,0.10796492510047496,0.0,-0.016653270003653634,0.019230769230769232
342,all_blocks,Temperature,69,0.252283522104494,0.16666666666666666,-0.04133175009134089,0.03974358974358975
342,all_blocks,Fisher,69,0.10672268907563026,0.07692307692307693,0.01714103032517355,0.06025641025641025
346,all_blocks,Semantic,68,0.2501049738519678,0.16666666666666666,0.001712028094820016,0.04807692307692307
346,all_blocks,Temperature,68,0.35954498606710694,0.07692307692307693,0.026394243615681177,0.05576923076923077
346,all_blocks,Fisher,68,0.1713554987212276,0.16666666666666666,0.051250143146161775,0.05576923076923077
352,all_blocks,Semantic,79,0.18271665043816943,0.23076923076923078,-0.010909201557935733,0.05809523809523809
352,all_blocks,Temperature,79,-0.062220058422590076,0.06666666666666667,0.030065725413826683,0.041428571428571426
352,all_blocks,Fisher,79,-0.031694255111976634,0.0,-0.008143865628042845,0.05963369963369962
358,all_blocks,Semantic,74,0.005523880044427988,0.14285714285714285,0.018239170677526832,0.09424908424908425
358,all_blocks,Temperature,74,0.17991854868567192,0.14285714285714285,0.018582747130692336,0.05523809523809523
358,all_blocks,Fisher,74,-0.1224583487597186,0.06666666666666667,0.009070714550166604,0.08571428571428572
362,all_blocks,Semantic,80,0.5663384903891233,0.3333333333333333,0.024185419596812,0.05142857142857142
362,all_blocks,Temperature,80,0.5642522269104547,0.45454545454545453,0.005051570557899672,0.048571428571428564
362,all_blocks,Fisher,80,0.4406704172526957,0.23076923076923078,0.02257383966244726,0.04534798534798534
364,all_blocks,Semantic,74,0.033217326915957045,0.06666666666666667,0.004654572380599777,0.06963369963369963
364,all_blocks,Temperature,74,0.3172010366530914,0.14285714285714285,-0.0028182154757497207,0.06296703296703296
364,all_blocks,Fisher,74,0.14926323583857828,0.06666666666666667,0.022824139207700843,0.06355311355311356
371,all_blocks,Semantic,70,0.052366372145918993,0.2727272727272727,-0.01028431458315108,0.052564102564102565
371,all_blocks,Temperature,70,0.14222727670370044,0.16666666666666666,-0.045023182573703094,0.026923076923076928
371,all_blocks,Fisher,70,0.024372320881812612,0.2727272727272727,-0.0031913218441081337,0.04294871794871795
372,all_blocks,Semantic,101,0.50768782760629,0.2222222222222222,-0.017885847408270237,0.050588972431077704
372,all_blocks,Temperature,101,0.26776936517181127,0.1,-0.03258823529411765,0.05773182957393484
372,all_blocks,Fisher,101,0.41834595224228305,0.1,-0.04655212580081537,0.05035087719298246
385,all_blocks,Semantic,76,0.2967874231032126,0.06666666666666667,0.022817498291182497,0.06963369963369961
385,all_blocks,Temperature,76,0.21954887218045113,0.14285714285714285,0.040384142173615856,0.06772893772893772
385,all_blocks,Fisher,76,0.2505536568694463,0.06666666666666667,0.003712918660287082,0.05582417582417583
397,all_blocks,Semantic,76,0.14064251537935749,0.14285714285714285,0.004354066985645935,0.041428571428571426
397,all_blocks,Temperature,76,0.2959125085440875,0.14285714285714285,-0.024911825017088184,0.06344322344322344
397,all_blocks,Fisher,76,0.14745044429254955,0.23076923076923078,-0.010092959671907042,0.04047619047619048
400,all_blocks,Semantic,73,0.35968159940762684,0.23076923076923078,-0.023366345797852652,0.06736263736263735
400,all_blocks,Temperature,73,0.506571640133284,0.23076923076923078,-0.01894360113538196,0.05736263736263736
400,all_blocks,Fisher,73,0.4674194742687894,0.14285714285714285,0.02503702332469456,0.06857142857142856
402,all_blocks,Semantic,92,0.013948183653653497,0.1111111111111111,-0.010098176718092568,0.0501031991744066
402,all_blocks,Temperature,92,0.21483285298152055,0.1111111111111111,0.03291925465838509,0.051805985552115574
402,all_blocks,Fisher,92,0.09897816068924065,0.1111111111111111,-0.03379852966108225,0.06286549707602339
410,all_blocks,Semantic,82,-0.05240474091487903,0.0,0.008481622968840133,0.0706827731092437
410,all_blocks,Temperature,82,0.31733437816305876,0.2,-0.027546500364602045,0.05816176470588236
410,all_blocks,Fisher,82,-0.11056692896246231,0.0,-0.025563500614925832,0.06264705882352942
411,all_blocks,Semantic,72,0.6038652003344267,0.14285714285714285,-0.028844298668724684,0.09186813186813186
411,all_blocks,Temperature,72,0.4819280982699853,0.23076923076923078,0.010323815036336748,0.08212454212454211
411,all_blocks,Fisher,72,0.5544086436426781,0.23076923076923078,0.01016785645379124,0.07238095238095238
412,all_blocks,Semantic,69,0.3615272195834856,0.07692307692307693,-0.004663865546218484,0.04230769230769231
412,all_blocks,Temperature,69,0.2142857142857143,0.16666666666666666,-0.05014431859700404,0.058974358974358966
412,all_blocks,Fisher,69,0.3789550602849836,0.07692307692307693,-0.009669345999269276,0.07325174825174824
413,all_blocks,Semantic,68,0.055388021529182735,0.16666666666666666,-0.01610298889185784,0.03974358974358975
413,all_blocks,Temperature,68,0.15288010077489786,0.16666666666666666,0.019599572470130174,0.05576923076923076
413,all_blocks,Fisher,68,-0.0319120509982059,0.07692307692307693,-0.000652746497690574,0.06427738927738927
420,all_blocks,Semantic,97,0.1559278350515464,0.17647058823529413,0.025884309909530816,0.08294633642930857
420,all_blocks,Temperature,97,-0.0663133810225121,0.17647058823529413,0.00978132232274353,0.05146198830409356
420,all_blocks,Fisher,97,0.034793814432989685,0.1111111111111111,-0.019640227224910583,0.06219470244238047
426,all_blocks,Semantic,67,0.26530449357490626,0.4,0.03007622316226356,0.06555944055944055
426,all_blocks,Temperature,67,0.04601324926171283,0.16666666666666666,0.011760715140873184,0.06504662004662005
426,all_blocks,Fisher,67,0.1749541064729827,0.16666666666666666,0.034605714741799035,0.047435897435897434
428,all_blocks,Semantic,65,0.08933566433566432,0.07692307692307693,0.04465034965034965,0.06474358974358974
428,all_blocks,Temperature,65,0.2996066433566434,0.16666666666666666,0.06107517482517483,0.10885780885780887
428,all_blocks,Fisher,65,0.026748251748251746,0.07692307692307693,-0.006872814685314689,0.07192307692307692
432,all_blocks,Semantic,87,-0.021433258001020628,0.125,-0.007508019246190857,0.06264705882352942
432,all_blocks,Temperature,87,-0.03539403659692352,0.125,-0.014122986075672524,0.07647058823529412
432,all_blocks,Fisher,87,-0.1116497776481738,0.058823529411764705,-0.010887949260042286,0.06514705882352942
433,all_blocks,Semantic,93,0.5826295843155977,0.3333333333333333,-0.01960699471815225,0.05209838321293429
433,all_blocks,Temperature,93,0.4487630927158246,0.25,0.030461639461669306,0.04619883040935672
433,all_blocks,Fisher,93,0.4941511742412939,0.17647058823529413,0.01727417862791322,0.05571035431716546
434,all_blocks,Semantic,80,0.36788560712611346,0.3333333333333333,-0.04025902484763244,0.06391941391941391
434,all_blocks,Temperature,80,0.17229254571026725,0.06666666666666667,-0.0009657759024847667,0.05201465201465202
434,all_blocks,Fisher,80,0.2609939052977028,0.23076923076923078,-0.02384083450539147,0.05380952380952382
435,all_blocks,Semantic,65,0.044449300699300705,0.07692307692307693,-0.02914554195804196,0.03141025641025641
435,all_blocks,Temperature,65,0.2630244755244755,0.16666666666666666,-0.012991695804195808,0.03076923076923077
435,all_blocks,Fisher,65,0.13575174825174827,0.07692307692307693,-0.009385926573426578,0.05128205128205128
436,all_blocks,Semantic,68,0.3316028552887735,0.16666666666666666,-0.015851051647135166,0.05
436,all_blocks,Temperature,68,0.2103294270336298,0.07692307692307693,-0.005397564606634352,0.06410256410256408
436,all_blocks,Fisher,68,0.081765087605451,0.07692307692307693,0.0445089132343398,0.0738927738927739
437,all_blocks,Semantic,71,0.14899396378269616,0.0,0.016805835010060364,0.05963369963369963
437,all_blocks,Temperature,71,0.3923205902079141,0.14285714285714285,-0.01824111334674715,0.05582417582417583
437,all_blocks,Fisher,71,0.24899396378269614,0.06666666666666667,-0.024528839704896045,0.06963369963369963
439,all_blocks,Semantic,111,-0.14755177255177254,0.09090909090909091,-0.05334064584064583,0.05209486166007905
439,all_blocks,Temperature,111,-0.10806423306423306,0.043478260869565216,0.002251228501228502,0.052292490118577076
439,all_blocks,Fisher,111,-0.12470164970164968,0.043478260869565216,0.021202614952614957,0.06508752117447769
441,all_blocks,Semantic,108,0.48067487877142334,0.1,0.014859432011965667,0.036704260651629086
441,all_blocks,Temperature,108,0.39648651480941627,0.2222222222222222,-0.016684767593624663,0.054561403508771936
441,all_blocks,Fisher,108,0.45219926262539656,0.15789473684210525,-0.011390246458410741,0.060434419381787806
451,all_blocks,Semantic,77,0.3993112151006888,0.06666666666666667,-0.02761974867238025,0.05095238095238095
451,all_blocks,Temperature,77,0.49747620800252373,0.3333333333333333,0.007299279667700718,0.07439560439560439
451,all_blocks,Fisher,77,0.45018139754981856,0.06666666666666667,-0.013451022661548979,0.09249084249084247
461,all_blocks,Semantic,77,0.019848572480151427,0.06666666666666667,0.01855118565644881,0.09212454212454212
461,all_blocks,Temperature,77,0.0939060939060939,0.14285714285714285,-0.03632157316367843,0.02761904761904762
461,all_blocks,Fisher,77,0.032125768967874224,0.06666666666666667,-0.03135811556864187,0.06783882783882783
463,all_blocks,Semantic,72,0.13910862434883273,0.0,-0.004879735031191724,0.08355311355311355
463,all_blocks,Temperature,72,0.08257765772718503,0.06666666666666667,-0.03830471412952602,0.07582417582417582
463,all_blocks,Fisher,72,0.1753810534439514,0.06666666666666667,-0.01991446395266577,0.039157509157509165
469,all_blocks,Semantic,74,0.3848204368752313,0.45454545454545453,0.025865975564605688,0.08677655677655675
469,all_blocks,Temperature,74,0.3396815994076267,0.3333333333333333,0.07316401332839687,0.05688644688644688
469,all_blocks,Fisher,74,0.3783043317289892,0.45454545454545453,0.024096260644205843,0.07630036630036628
473,all_blocks,Semantic,72,0.10782043861341567,0.14285714285714285,-0.04148498295710335,0.05857142857142857
473,all_blocks,Temperature,72,0.3270306772139688,0.14285714285714285,0.044438549102836206,0.09032967032967032
473,all_blocks,Fisher,72,0.09801273393787384,0.06666666666666667,0.031936137372178285,0.08333333333333333
476,all_blocks,Semantic,75,0.3737980085348506,0.45454545454545453,0.022568990042674257,0.0857142857142857
476,all_blocks,Temperature,75,0.5215362731152204,0.6,0.021412517780938833,0.041428571428571426
476,all_blocks,Fisher,75,0.4029302987197724,0.6,-0.02959459459459458,0.06296703296703296
477,all_blocks,Semantic,85,0.41600547195622434,0.2,0.00186046511627907,0.06808823529411764
477,all_blocks,Temperature,85,0.5579441078757084,0.38461538461538464,-0.0021164744967754542,0.04264705882352941
477,all_blocks,Fisher,85,0.53484463552863,0.2857142857142857,0.01953976939613054,0.04897058823529412
478,all_blocks,Semantic,73,0.3118289522399112,0.23076923076923078,-0.04236085400468964,0.05963369963369963
478,all_blocks,Temperature,73,0.3250647908182155,0.23076923076923078,0.01000555349870419,0.0557142857142857
478,all_blocks,Fisher,73,0.3355855855855856,0.14285714285714285,-0.0016506232259656892,0.04523809523809523
507,all_blocks,Semantic,79,0.05584225900681597,0.23076923076923078,-0.02407010710808179,0.0563003663003663
507,all_blocks,Temperature,79,0.1541626095423564,0.23076923076923078,-0.017201801363193766,0.05523809523809523
507,all_blocks,Fisher,79,0.04836903602726388,0.3333333333333333,-0.01715676728334956,0.06952380952380952
510,all_blocks,Semantic,87,0.16200699861485748,0.058823529411764705,-0.006886527666399356,0.05191176470588236
510,all_blocks,Temperature,87,-0.09056280527812204,0.125,0.0008957862506378978,0.055955882352941175
510,all_blocks,Fisher,87,0.06169351899103301,0.058823529411764705,0.0056927535175329835,0.048161764705882355
512,all_blocks,Semantic,75,0.044011379800853484,0.0,0.0021991465149359866,0.05963369963369963
512,all_blocks,Temperature,75,0.021308677098150784,0.14285714285714285,-0.003308677098150782,0.054285714285714284
512,all_blocks,Fisher,75,0.11103840682788052,0.06666666666666667,-0.014021337126600284,0.06725274725274724
513,all_blocks,Semantic,82,0.5110414557960841,0.2857142857142857,0.004010622435541625,0.03933823529411765
513,all_blocks,Temperature,82,0.4160707872138963,0.2,0.010241508037570337,0.09102941176470589
513,all_blocks,Fisher,82,0.47856466516472396,0.2857142857142857,0.046245687356471964,0.06845588235294117
514,all_blocks,Semantic,72,0.1614573284455592,0.06666666666666667,0.003082191780821919,0.08307692307692308
514,all_blocks,Temperature,72,0.06894334040774328,0.14285714285714285,-0.05629140137629431,0.03428571428571428
514,all_blocks,Fisher,72,0.167181169207023,0.06666666666666667,0.003791240594250435,0.06630036630036629
519,all_blocks,Semantic,78,0.19285777513625613,0.06666666666666667,0.019648705724655092,0.07058608058608058
519,all_blocks,Temperature,78,0.27710264419125175,0.3333333333333333,0.011111673136989597,0.06952380952380952
519,all_blocks,Fisher,78,0.13532037582670492,0.06666666666666667,0.015761453736137278,0.05296703296703296
523,all_blocks,Semantic,86,0.2945893674229917,0.38461538461538464,-0.009548563611491107,0.07102941176470588
523,all_blocks,Temperature,86,0.24377564979480165,0.6363636363636364,-0.013433652530779754,0.038970588235294125
523,all_blocks,Fisher,86,0.17271569413651586,0.2,0.011826972970423134,0.06147058823529411
524,all_blocks,Semantic,104,0.14335858316440842,0.15789473684210525,0.00888296169849568,0.04404761904761905
524,all_blocks,Temperature,104,0.11743305238450871,0.15789473684210525,0.015343006508055052,0.04983709273182957
524,all_blocks,Fisher,104,0.09491091432839006,0.15789473684210525,-0.04760322202069774,0.06492063492063492
532,all_blocks,Semantic,78,0.48370616725047105,0.14285714285714285,0.02035180009863554,0.0519047619047619
532,all_blocks,Temperature,78,0.45942664930006694,0.14285714285714285,0.04083637881106235,0.05190476190476191
532,all_blocks,Fisher,78,0.5315317593798606,0.14285714285714285,-0.00997230617483782,0.0701098901098901
536,all_blocks,Semantic,83,0.31990680492002854,0.6363636363636364,-0.0027528231392468833,0.08514705882352941
536,all_blocks,Temperature,83,0.22387809076025356,0.125,-0.015211368120565883,0.04897058823529412
536,all_blocks,Fisher,83,0.29369044120733806,0.6363636363636364,-0.0145270979387935,0.042279411764705885
540,all_blocks,Semantic,80,0.39207688701359594,0.3333333333333333,-0.012240975152367555,0.042014652014652015
540,all_blocks,Temperature,80,0.42494139709329587,0.3333333333333333,-0.04227379278012189,0.05010989010989011
540,all_blocks,Fisher,80,0.4711204875761838,0.23076923076923078,-0.0033731833098921693,0.06523809523809523
543,all_blocks,Semantic,68,-0.032370118715883495,0.07692307692307693,0.04379318242546855,0.05961538461538461
543,all_blocks,Temperature,68,-0.041416956140016024,0.07692307692307693,0.01835897240142001,0.07179487179487179
543,all_blocks,Fisher,68,-0.19754170324846354,0.0,-0.019612932778562426,0.044230769230769226
547,all_blocks,Semantic,75,0.2930014224751067,0.23076923076923078,-0.020408250355618773,0.052490842490842494
547,all_blocks,Temperature,75,0.2793172119487909,0.14285714285714285,-0.01392460881934566,0.07391941391941391
547,all_blocks,Fisher,75,0.257325746799431,0.23076923076923078,0.038421052631578946,0.06677655677655678
548,all_blocks,Semantic,72,0.2673162261238665,0.45454545454545453,0.0240288764550775,0.0826007326007326
548,all_blocks,Temperature,72,0.32677342594379066,0.3333333333333333,-0.0070856646729693246,0.060219780219780215
548,all_blocks,Fisher,72,0.4398353591870861,0.23076923076923078,0.027728471284326973,0.0701098901098901
558,all_blocks,Semantic,69,0.25400073072707346,0.16666666666666666,-0.0432206795761783,0.06555944055944056
558,all_blocks,Temperature,69,0.3832663500182682,0.4,-0.007104493971501649,0.07534965034965034
558,all_blocks,Fisher,69,0.2238947753014249,0.0,0.025361709901351843,0.08432400932400932
559,all_blocks,Semantic,83,0.23611519247722595,0.125,-0.01351538558414844,0.02977941176470588
559,all_blocks,Temperature,83,0.18628521052852523,0.058823529411764705,-0.011995718063893199,0.07477941176470589
559,all_blocks,Fisher,83,0.30275807060996596,0.0,-0.002677259560891647,0.04301470588235294
572,all_blocks,Semantic,73,0.30621374799456996,0.14285714285714285,0.01299672960631865,0.03333333333333334
572,all_blocks,Temperature,73,0.41719116376650633,0.23076923076923078,0.03921541404418116,0.05047619047619047
572,all_blocks,Fisher,73,0.1281932617549056,0.0,0.016311859805010494,0.06831501831501831
575,all_blocks,Semantic,79,0.13215676728334957,0.06666666666666667,-0.027366114897760474,0.07748917748917748
575,all_blocks,Temperature,79,0.14836903602726387,0.23076923076923078,0.029014118792599807,0.07238095238095238
575,all_blocks,Fisher,79,0.10679162609542357,0.06666666666666667,0.006030915287244398,0.027142857142857142
580,all_blocks,Semantic,67,-0.026698060499640835,0.0,0.03289767738845878,0.03910256410256411
580,all_blocks,Temperature,67,0.05690797350147658,0.07692307692307693,-0.0005487269534679553,0.04294871794871794
580,all_blocks,Fisher,67,0.048287971905179985,0.0,0.03534799265703568,0.08158508158508157
587,all_blocks,Semantic,72,0.056370184577786364,0.23076923076923078,0.044604154608013376,0.05476190476190477
587,all_blocks,Temperature,72,0.015113512122966109,0.14285714285714285,0.025106116148948487,0.06296703296703296
587,all_blocks,Fisher,72,0.09666216476943858,0.3333333333333333,-0.06347996655733487,0.04296703296703297
591,all_blocks,Semantic,67,0.38203368185808934,0.2727272727272727,-0.01277835421821375,0.05961538461538461
591,all_blocks,Temperature,67,0.4913400909889058,0.2727272727272727,0.0012510974539069301,0.0673076923076923
591,all_blocks,Fisher,67,0.4461648974379441,0.4,0.016980604996408327,0.04038461538461539
593,all_blocks,Semantic,79,-0.03970301850048685,0.0,-0.033029454722492704,0.04380952380952381
593,all_blocks,Temperature,79,-0.23777994157740992,0.14285714285714285,0.022245618305744883,0.04915750915750915
593,all_blocks,Fisher,79,-0.05808179162609542,0.0,-0.0010491723466406991,0.03761904761904762
608,all_blocks,Semantic,81,0.1777326106594399,0.125,0.01984078590785908,0.06816176470588237
608,all_blocks,Temperature,81,0.25740740740740736,0.2,-0.012145438121047878,0.05441176470588236
608,all_blocks,Fisher,81,0.23172990063233967,0.125,0.002504516711833782,0.05183823529411765
611,all_blocks,Semantic,82,0.3296981965803594,0.125,0.008519715719245546,0.05845588235294118
611,all_blocks,Temperature,82,0.278370936319805,0.125,0.007199529826623566,0.05514705882352942
611,all_blocks,Fisher,82,0.3266507765479261,0.125,0.021440776656762556,0.06522058823529411
616,all_blocks,Semantic,70,0.2796780684104628,0.16666666666666666,-0.028728895109789165,0.04889277389277389
616,all_blocks,Temperature,70,0.35361735631178376,0.07692307692307693,-0.012175662671682267,0.06474358974358975
616,all_blocks,Fisher,70,0.29864403814189483,0.07692307692307693,0.03979704312833523,0.06107226107226107
620,all_blocks,Semantic,84,0.45578616988964266,0.38461538461538464,0.0024055887415207013,0.0672794117647059
620,all_blocks,Temperature,84,0.48678748607876887,0.125,-0.0053508150248051025,0.06612394957983193
620,all_blocks,Fisher,84,0.37701731294927615,0.38461538461538464,0.02467247139819783,0.05602941176470588
621,all_blocks,Semantic,67,0.39053396120999284,0.16666666666666666,0.020121318540984916,0.05961538461538461
621,all_blocks,Temperature,67,0.47908851464602137,0.2727272727272727,-0.005419426929523505,0.04358974358974358
621,all_blocks,Fisher,67,0.2295075425013968,0.2727272727272727,-0.0899094101684093,0.039743589743589734
624,all_blocks,Semantic,77,0.3856143856143856,0.23076923076923078,-0.06464062253535936,0.04095238095238095
624,all_blocks,Temperature,77,0.33997581366002416,0.06666666666666667,0.01582365003417634,0.062380952380952384
624,all_blocks,Fisher,77,0.2517482517482517,0.06666666666666667,0.026227719648772286,0.05238095238095238
630,all_blocks,Semantic,77,0.1924917188075083,0.14285714285714285,0.012538777012461219,0.07058608058608057
630,all_blocks,Temperature,77,0.24680582575319412,0.06666666666666667,-0.004821494295178509,0.06630036630036629
630,all_blocks,Fisher,77,0.25159051474840943,0.14285714285714285,-0.010131973289868026,0.058571428571428566
635,all_blocks,Semantic,83,0.09445447294404097,0.0,-0.028285966164308805,0.06477941176470589
635,all_blocks,Temperature,83,0.107090382435666,0.125,-0.011209646950170016,0.05227941176470589
635,all_blocks,Fisher,83,0.0854078334242895,0.0,-0.040674195037991676,0.030514705882352944
638,all_blocks,Semantic,72,0.24355264004116026,0.14285714285714285,-0.009701588526593344,0.05736263736263736
638,all_blocks,Temperature,72,0.606759277123931,0.3333333333333333,-0.011253135249855297,0.04487179487179487
638,all_blocks,Fisher,72,0.32963534632452257,0.23076923076923078,0.003929513151971186,0.05142857142857142
640,all_blocks,Semantic,80,0.16082981715893108,0.0,0.052202297233942804,0.045347985347985356
640,all_blocks,Temperature,80,0.2525082044069386,0.06666666666666667,0.0011814345991561226,0.041428571428571426
640,all_blocks,Fisher,80,0.17196436943272386,0.0,-0.003435302390998593,0.0657142857142857
647,all_blocks,Semantic,66,0.03922346310406013,0.0,-0.006869846571339114,0.057226107226107215
647,all_blocks,Temperature,66,-0.06907420937271684,0.0,-0.013309675399227644,0.05128205128205129
647,all_blocks,Fisher,66,-0.037970984239640966,0.0,0.0074146748773614435,0.05641025641025641
655,all_blocks,Semantic,69,0.05907928388746803,0.07692307692307693,0.007051516258677384,0.06794871794871796
655,all_blocks,Temperature,69,0.14936061381074173,0.16666666666666666,-0.05921812203142128,0.047435897435897434
655,all_blocks,Fisher,69,0.042784070149799056,0.0,-0.04289367921081476,0.09188034188034187
661,all_blocks,Semantic,68,0.5356720235141428,0.07692307692307693,0.007857769973661107,0.039743589743589734
661,all_blocks,Temperature,68,0.37481390998969344,0.16666666666666666,0.007624918883841661,0.07022144522144522
661,all_blocks,Fisher,68,0.49704164598999884,0.07692307692307693,0.004660839027369546,0.09586247086247086
666,all_blocks,Semantic,82,0.009914998748381058,0.058823529411764705,0.018416212274572547,0.08950630252100841
666,all_blocks,Temperature,82,-0.13527279851111765,0.0,-0.010271982237894666,0.08308823529411766
666,all_blocks,Fisher,82,0.07304012799164136,0.125,-0.014118261664544357,0.05558823529411765
669,all_blocks,Semantic,81,0.2842818428184282,0.125,0.025488934056007228,0.07801470588235294
669,all_blocks,Temperature,81,0.5893405600722674,0.2857142857142857,0.0009812556458897934,0.059506302521008414
669,all_blocks,Fisher,81,0.3136856368563685,0.2,-0.01237353206865402,0.04852941176470588
681,all_blocks,Semantic,86,0.3717439501863295,0.125,-0.031376008302278414,0.04264705882352941
681,all_blocks,Temperature,86,0.27607906033303453,0.125,-0.045209679701872736,0.05441176470588236
681,all_blocks,Fisher,86,0.20784942685975755,0.058823529411764705,-0.005118165951224117,0.06514705882352942
684,all_blocks,Semantic,85,0.01813562634356068,0.125,0.01584717607973422,0.06691176470588237
684,all_blocks,Temperature,85,0.28055501270275557,0.2,0.028635919484072698,0.033088235294117654
684,all_blocks,Fisher,85,0.016122728161031854,0.058823529411764705,-0.04064100058628102,0.06183823529411765
692,all_blocks,Semantic,88,0.1957310415272446,0.0,-0.011172554682822026,0.06980042016806723
692,all_blocks,Temperature,88,0.02166179423056603,0.058823529411764705,-0.0029102532492691333,0.04485294117647058
692,all_blocks,Fisher,88,0.056567222006974054,0.058823529411764705,0.023347187488992997,0.05897058823529412
693,all_blocks,Semantic,86,0.32091136374357276,0.058823529411764705,0.02491815651681683,0.05522058823529412
693,all_blocks,Temperature,86,-0.06559743384121892,0.058823529411764705,-0.012569460823623752,0.056932773109243696
693,all_blocks,Fisher,86,0.3260625501202887,0.058823529411764705,0.02378602764281334,0.061397058823529416
700,all_blocks,Semantic,78,0.44880436019676523,0.6,-0.03693648124027871,0.058681318681318685
700,all_blocks,Temperature,78,0.346628055488815,0.3333333333333333,-0.03379278948899202,0.05523809523809524
700,all_blocks,Fisher,78,0.42561236232122307,0.6,0.037716713666080745,0.03809523809523809
712,all_blocks,Semantic,102,0.5371810167881437,0.4666666666666667,-0.007116159931241557,0.0524561403508772
712,all_blocks,Temperature,102,0.45195673193818525,0.2222222222222222,-0.020692560403955878,0.06039682539682541
712,all_blocks,Fisher,102,0.5133530486115431,0.4666666666666667,0.008299076623824578,0.041942355889724316
717,all_blocks,Semantic,73,0.18579538442552143,0.14285714285714285,0.014476119955572015,0.03915750915750915
717,all_blocks,Temperature,73,0.026224854991978287,0.06666666666666667,0.02808373441935086,0.06677655677655678
717,all_blocks,Fisher,73,-0.03498704183635692,0.0,0.014382019005306673,0.0657142857142857
724,all_blocks,Semantic,75,0.18876244665718347,0.23076923076923078,-0.0044594594594594555,0.08106227106227105
724,all_blocks,Temperature,75,0.06159317211948791,0.14285714285714285,-0.012645803698435275,0.06058608058608058
724,all_blocks,Fisher,75,0.10520625889046942,0.23076923076923078,0.013351351351351348,0.05142857142857142
732,all_blocks,Semantic,89,0.42660878447395306,0.125,-0.01215866530473272,0.046397058823529416
732,all_blocks,Temperature,89,0.2634150493701056,0.125,0.01454885938032005,0.07286764705882354
732,all_blocks,Fisher,89,0.40405175348995576,0.125,0.00842015662240381,0.06227941176470588
739,all_blocks,Semantic,71,0.43356807511737083,0.3333333333333333,-0.0392605633802817,0.03761904761904762
739,all_blocks,Temperature,71,0.29107981220657275,0.14285714285714285,-0.035073775989268946,0.05201465201465202
739,all_blocks,Fisher,71,0.40694164989939635,0.23076923076923078,-0.015162642521797453,0.06963369963369963
741,all_blocks,Semantic,66,0.5193821104268866,0.16666666666666666,-0.025020352781546816,0.07983682983682984
741,all_blocks,Temperature,66,0.5653480847510699,0.2727272727272727,0.021179417597328047,0.0662004662004662
741,all_blocks,Fisher,66,0.5227220540653377,0.2727272727272727,0.02926208120237972,0.0423076923076923
745,all_blocks,Semantic,107,0.050245890397539135,0.15789473684210525,0.030289092654636647,0.05456140350877194
745,all_blocks,Temperature,107,0.05173494778502713,0.4666666666666667,-0.019683477340856997,0.058053467000835426
745,all_blocks,Fisher,107,-0.0037814220498050507,0.2222222222222222,-0.0001405787730950868,0.050075187969924814
746,all_blocks,Semantic,76,0.24103896103896102,0.3333333333333333,-0.020471633629528363,0.05963369963369963
746,all_blocks,Temperature,76,0.21593984962406015,0.45454545454545453,0.007917976760082024,0.03915750915750915
746,all_blocks,Fisher,76,0.3354477101845523,0.3333333333333333,-0.02691455912508544,0.03476190476190476
750,all_blocks,Semantic,78,0.21405177101379633,0.14285714285714285,-0.0409324852362827,0.04380952380952381
750,all_blocks,Temperature,78,0.3479179048799302,0.23076923076923078,-0.006454305188482409,0.041428571428571426
750,all_blocks,Fisher,78,0.19222549602296438,0.23076923076923078,-0.002324258020460547,0.07391941391941391
757,all_blocks,Semantic,73,0.2366716031099593,0.3333333333333333,0.01631494508206837,0.048571428571428564
757,all_blocks,Temperature,73,0.15099345921263732,0.06666666666666667,0.006477539183018638,0.0757142857142857
757,all_blocks,Fisher,73,0.10792299148463534,0.06666666666666667,-0.0038720227076391453,0.07415584415584416
772,all_blocks,Semantic,111,0.2959459459459459,0.2,0.019382239382239385,0.05914737436476566
772,all_blocks,Temperature,111,0.34893822393822393,0.2,-0.02685723060723061,0.043760587238848105
772,all_blocks,Fisher,111,0.2509389259389259,0.09090909090909091,-0.0015509828009828007,0.07349520045172217
773,all_blocks,Semantic,82,0.30224964900251416,0.2857142857142857,-0.04249083053079527,0.06485294117647059
773,all_blocks,Temperature,82,0.4219261871333573,0.2,-0.006977503509974854,0.04264705882352941
773,all_blocks,Fisher,82,0.4437805422230929,0.2857142857142857,0.02828005790098061,0.055955882352941175
781,all_blocks,Semantic,80,0.36300984528832636,0.23076923076923078,-0.021761603375527423,0.027142857142857142
781,all_blocks,Temperature,80,0.3452180028129396,0.23076923076923078,0.004779653070792314,0.048095238095238094
781,all_blocks,Fisher,80,0.2442569151429911,0.23076923076923078,-0.04373417721518988,0.05534798534798535
791,all_blocks,Semantic,72,0.3476750916457651,0.3333333333333333,-0.020890410958904114,0.07523809523809523
791,all_blocks,Temperature,72,0.3954916714901281,0.3333333333333333,-0.008822110746671821,0.05142857142857142
791,all_blocks,Fisher,72,0.29616052479259125,0.3333333333333333,0.049728278345874344,0.09272727272727271
794,all_blocks,Semantic,71,0.3035881958417169,0.23076923076923078,0.008251173708920187,0.04714285714285714
794,all_blocks,Temperature,71,0.2112676056338028,0.23076923076923078,0.004813883299798794,0.059157509157509156
794,all_blocks,Fisher,71,0.3013078470824949,0.14285714285714285,0.03436284372904091,0.062380952380952384
799,all_blocks,Semantic,93,-0.013353824117453969,0.1111111111111111,-0.012948733251768074,0.03801169590643274
799,all_blocks,Temperature,93,-0.055727969920324666,0.1111111111111111,0.021947271045328398,0.06549707602339182
799,all_blocks,Fisher,93,0.008907522902927395,0.1111111111111111,0.0006065172629882768,0.05239078087375302
800,all_blocks,Semantic,88,0.1504173857912719,0.125,0.02921260258532634,0.04602941176470589
800,all_blocks,Temperature,88,0.2586206896551725,0.125,0.031038005001585024,0.08477941176470588
800,all_blocks,Fisher,88,0.11619879539290623,0.125,0.05084445775069565,0.06441176470588236
801,all_blocks,Semantic,67,0.36698858647936794,0.16666666666666666,0.009136802617926414,0.07641025641025642
801,all_blocks,Temperature,67,0.2742437544895842,0.2727272727272727,-0.025051879639236968,0.04714452214452214
801,all_blocks,Fisher,67,0.38426849708675875,0.16666666666666666,-0.0123493495091388,0.055128205128205134
808,all_blocks,Semantic,89,0.21671773918964932,0.2857142857142857,0.020899727613210763,0.08781512605042018
808,all_blocks,Temperature,89,0.32116104868913864,0.2,0.010589887640449443,0.0837920168067227
808,all_blocks,Fisher,89,0.1338440585631597,0.125,0.005747361252979238,0.07943277310924371
810,all_blocks,Semantic,81,0.2085817524841915,0.2,-0.006521002710027098,0.061470588235294124
810,all_blocks,Temperature,81,0.07949412827461606,0.2857142857142857,-0.041976061427280935,0.07147058823529412
810,all_blocks,Fisher,81,0.14911924119241193,0.2,-0.016361788617886182,0.06404411764705882
815,all_blocks,Semantic,85,0.6201485245260896,0.2,0.008452218096540943,0.06477941176470589
815,all_blocks,Temperature,85,0.23904631620089897,0.125,-0.008162008989642372,0.060241596638655456
815,all_blocks,Fisher,85,0.4673636896619113,0.2,-0.02172757475083056,0.058529411764705885
822,all_blocks,Semantic,102,0.2419268197522208,0.15789473684210525,-0.016586844292653134,0.05408521303258146
822,all_blocks,Temperature,102,0.4326749636699821,0.2222222222222222,0.0006604429717671934,0.05987468671679198
822,all_blocks,Fisher,102,0.40950291488315016,0.2222222222222222,0.003488247168520392,0.05968253968253969
824,all_blocks,Semantic,66,0.5269804822043629,0.07692307692307693,-0.01249138920780712,0.05128205128205128
824,all_blocks,Temperature,66,0.5433044567372927,0.16666666666666666,-0.010113766830184742,0.05961538461538461
824,all_blocks,Fisher,66,0.11207598371777479,0.0,0.009927982465295901,0.05641025641025641
825,all_blocks,Semantic,87,0.30163301013341104,0.38461538461538464,-0.06732066049427715,0.030955882352941177
825,all_blocks,Temperature,87,0.1775351753298826,0.2857142857142857,0.05909273164686155,0.06014705882352942
825,all_blocks,Fisher,87,0.21584530145075453,0.38461538461538464,-0.011783735510680179,0.05191176470588236
828,all_blocks,Semantic,74,-0.1497371343946686,0.06666666666666667,-0.023058126619770452,0.06010989010989011
828,all_blocks,Temperature,74,-0.032121436504998144,0.06666666666666667,0.010025916327286184,0.04153846153846154
828,all_blocks,Fisher,74,-0.07530544242873008,0.14285714285714285,-0.014114772306553128,0.05963369963369963
839,all_blocks,Semantic,72,0.2313332047076983,0.06666666666666667,0.05102257379895815,0.04476190476190476
839,all_blocks,Temperature,72,0.2873496687889897,0.14285714285714285,0.01076596565695543,0.06238095238095237
839,all_blocks,Fisher,72,0.12450961476622292,0.06666666666666667,0.008079297704032411,0.06344322344322344
843,all_blocks,Semantic,70,-0.06800804828973843,0.16666666666666666,-0.01301548420960546,0.047435897435897434
843,all_blocks,Temperature,70,0.1476861167002012,0.16666666666666666,0.04216778934476423,0.06171328671328671
843,all_blocks,Fisher,70,-0.08238999212667307,0.07692307692307693,0.0271314845595311,0.046794871794871795
850,all_blocks,Semantic,91,0.05426023252110209,0.05263157894736842,0.01750358337314859,0.0632094943240454
850,all_blocks,Temperature,91,0.3092689918776875,0.1111111111111111,0.039073100812231254,0.05056329549363605
850,all_blocks,Fisher,91,0.12933588150979455,0.1111111111111111,-0.018595317725752507,0.026608187134502925
851,all_blocks,Semantic,71,-0.09436619718309858,0.06666666666666667,-0.0004057679409792127,0.06238095238095237
851,all_blocks,Temperature,71,-0.0070087189805499665,0.14285714285714285,0.0060261569416499,0.06523809523809523
851,all_blocks,Fisher,71,-0.10922199865861837,0.06666666666666667,-0.020519785378940305,0.05582417582417583
856,all_blocks,Semantic,74,0.3731506849315068,0.14285714285714285,0.0006175490559052254,0.06344322344322344
856,all_blocks,Temperature,74,0.19760088855979263,0.06666666666666667,-0.0077867456497593465,0.06190476190476189
856,all_blocks,Fisher,74,0.3684116993706034,0.06666666666666667,-0.018886338393187707,0.05095238095238095
863,all_blocks,Semantic,66,0.16463834672789898,0.16666666666666666,0.0028076401210729582,0.05786713286713287
863,all_blocks,Temperature,66,0.21941342239849707,0.16666666666666666,0.057200709738023194,0.06474358974358974
863,all_blocks,Fisher,66,-0.05613192777371883,0.07692307692307693,-0.0018119194238597244,0.06666666666666667
864,all_blocks,Semantic,80,0.3435067979371777,0.14285714285714285,0.014142053445850917,0.054761904761904755
864,all_blocks,Temperature,80,0.41547116736990164,0.3333333333333333,0.04028012189404596,0.07439560439560439
864,all_blocks,Fisher,80,0.4090014064697609,0.3333333333333333,0.006363103609939055,0.054761904761904755
867,all_blocks,Semantic,98,0.5050781324713577,0.42857142857142855,0.02178910927069984,0.04619883040935672
867,all_blocks,Temperature,98,0.4493302475629426,0.42857142857142855,0.00656682541807726,0.07665978672170622
867,all_blocks,Fisher,98,0.5368284145898283,0.42857142857142855,-0.015671760738034664,0.036360509115927066
874,all_blocks,Semantic,75,-0.10785206258890469,0.14285714285714285,-0.004227596017069705,0.05201465201465202
874,all_blocks,Temperature,75,0.017667140825035562,0.14285714285714285,0.00790469416785206,0.07296703296703297
874,all_blocks,Fisher,75,-0.17135135135135135,0.14285714285714285,-0.0059772403982930305,0.06809523809523808
876,all_blocks,Semantic,95,0.15677491601343788,0.25,-0.005035694288913778,0.053027175782593736
876,all_blocks,Temperature,95,0.14935610302351623,0.1111111111111111,0.0010568309070548708,0.06722996216030272
876,all_blocks,Fisher,95,0.10860862262038075,0.1111111111111111,0.010139277715565512,0.03771929824561403
883,all_blocks,Semantic,75,0.14554765291607397,0.06666666666666667,-0.041893314366998564,0.05809523809523809
883,all_blocks,Temperature,75,0.2193172119487909,0.14285714285714285,-0.006088193456614508,0.06999999999999998
883,all_blocks,Fisher,75,0.17143669985775248,0.06666666666666667,-0.02688904694167852,0.07333333333333333
885,all_blocks,Semantic,79,0.4287731256085687,0.06666666666666667,-0.020026777020447906,0.058681318681318685
885,all_blocks,Temperature,79,0.34936708860759497,0.06666666666666667,0.004931840311587143,0.07058608058608058
885,all_blocks,Fisher,79,0.09883154819863682,0.06666666666666667,-0.04902994157740993,0.04095238095238095
917,all_blocks,Semantic,74,0.13528322843391333,0.23076923076923078,0.00419548315438726,0.08296703296703296
917,all_blocks,Temperature,74,0.197067752684191,0.23076923076923078,-0.00110181414291003,0.05344322344322344
917,all_blocks,Fisher,74,0.16422065901517954,0.23076923076923078,0.044057756386523504,0.08164835164835164
918,all_blocks,Semantic,73,0.3234912995186968,0.3333333333333333,-0.005880538072318893,0.09106227106227105
918,all_blocks,Temperature,73,0.21948660989756885,0.45454545454545453,-0.010300197457731705,0.06952380952380952
918,all_blocks,Fisher,73,0.3163026039738369,0.3333333333333333,-0.015611501912871778,0.041428571428571426
919,all_blocks,Semantic,74,-0.13072195483154386,0.06666666666666667,-0.03113069233617179,0.05677655677655676
919,all_blocks,Temperature,74,-0.13054424287300997,0.14285714285714285,-0.01082117734172528,0.07201465201465203
919,all_blocks,Fisher,74,-0.13495742317660123,0.14285714285714285,-0.03320251758607923,0.06772893772893772
921,all_blocks,Semantic,74,0.32007404664938904,0.45454545454545453,0.00805923731951129,0.030952380952380946
921,all_blocks,Temperature,74,0.3624879674194742,0.3333333333333333,0.008284339133654197,0.06344322344322342
921,all_blocks,Fisher,74,0.3234505738615327,0.3333333333333333,0.020858941132913728,0.06523809523809523
927,all_blocks,Semantic,86,0.10607104108684372,0.058823529411764705,-0.025995565828576823,0.04264705882352941
927,all_blocks,Temperature,86,0.25556865889900465,0.125,0.012539270720316995,0.05602941176470588
927,all_blocks,Fisher,86,0.1581489692910043,0.058823529411764705,-0.02871739232982688,0.05227941176470589
928,all_blocks,Semantic,97,0.40822901325478633,0.05263157894736842,-0.013147617294340417,0.04269005847953215
928,all_blocks,Temperature,97,0.5366084578161161,0.3333333333333333,-0.0029211813591415933,0.06584107327141382
928,all_blocks,Fisher,97,0.4233641910372396,0.1111111111111111,0.014955685882600465,0.05380116959064327
929,all_blocks,Semantic,74,0.23643095149944457,0.14285714285714285,-0.010113291373565342,0.06904761904761905
929,all_blocks,Temperature,74,0.13193631988152535,0.06666666666666667,-0.010376897445390592,0.05582417582417583
929,all_blocks,Fisher,74,0.19235838578304332,0.06666666666666667,-0.019212143650499815,0.04714285714285714
930,all_blocks,Semantic,73,0.18153770208564732,0.06666666666666667,0.04051431568554857,0.08344322344322344
930,all_blocks,Temperature,73,0.15059237319511293,0.23076923076923078,0.04063001357521906,0.047619047619047616
930,all_blocks,Fisher,73,0.2218622732321363,0.0,-0.004481364926570407,0.0657142857142857
931,all_blocks,Semantic,105,0.10300642753472943,0.15789473684210525,-0.011103047895500723,0.04221804511278195
931,all_blocks,Temperature,105,0.005401202571013892,0.15789473684210525,-0.005342629069044163,0.06535087719298247
931,all_blocks,Fisher,105,0.08082106572672611,0.15789473684210525,-0.010211486626580965,0.03142857142857143
936,all_blocks,Semantic,66,0.16238388477194451,0.16666666666666666,-0.06373864941029121,0.04230769230769231
936,all_blocks,Temperature,66,0.2046759210938316,0.2727272727272727,0.03469366454441082,0.05512820512820512
936,all_blocks,Fisher,66,0.21682496607869747,0.2727272727272727,-0.007091117837386494,0.047435897435897434
937,all_blocks,Semantic,70,0.3136558481322719,0.16666666666666666,0.00758988714898084,0.046794871794871795
937,all_blocks,Temperature,70,0.3257632753039979,0.2727272727272727,0.04192634065261132,0.03846153846153846
937,all_blocks,Fisher,70,0.3870352550083107,0.16666666666666666,-0.013211442568454208,0.05641025641025641
946,all_blocks,Semantic,80,0.05750117205813409,0.06666666666666667,0.017195264885138305,0.06523809523809523
946,all_blocks,Temperature,80,0.09990623534927334,0.06666666666666667,0.0014814814814814816,0.0845054945054945
946,all_blocks,Fisher,80,0.3394045944678856,0.14285714285714285,-0.011835443037974683,0.052490842490842494
947,all_blocks,Semantic,92,0.37931353359123343,0.25,-0.010666892714578546,0.035380116959064324
947,all_blocks,Temperature,92,0.16149068322981366,0.25,-0.0012044757486552704,0.06876504987960097
947,all_blocks,Fisher,92,0.28913582910777863,0.17647058823529413,-0.014432131683183577,0.04975920192638459
958,all_blocks,Semantic,79,-0.007838364167478093,0.06666666666666667,0.00012901655306718078,0.03761904761904762
958,all_blocks,Temperature,79,0.11949853943524828,0.0,-0.05078140214216165,0.04047619047619048
958,all_blocks,Fisher,79,-0.013485881207400194,0.06666666666666667,0.00953992210321324,0.052967032967032965
964,all_blocks,Semantic,78,0.43651285423437314,0.23076923076923078,0.012005715803184155,0.05201465201465201
964,all_blocks,Temperature,78,0.13408110876465304,0.06666666666666667,0.07833305934571756,0.04868131868131868
964,all_blocks,Fisher,78,0.18903880929197384,0.14285714285714285,0.014127644507391337,0.09842490842490842
970,all_blocks,Semantic,75,0.32793741109530583,0.14285714285714285,-0.003988620199146515,0.08021978021978021
970,all_blocks,Temperature,75,0.22836415362731152,0.06666666666666667,0.03709388335704125,0.07725274725274725
970,all_blocks,Fisher,75,0.23635846372688474,0.0,-0.04032005689900427,0.0338095238095238
978,all_blocks,Semantic,97,0.4727409004839048,0.17647058823529413,-0.021616610561750467,0.045592535259717924
978,all_blocks,Temperature,97,0.521328634546602,0.17647058823529413,-0.03855459709657059,0.051805985552115574
978,all_blocks,Fisher,97,0.3750788975383968,0.1111111111111111,0.005877209131075109,0.058406432748538004
981,all_blocks,Semantic,84,0.48239343930343226,0.38461538461538464,-0.03548850865647464,0.07022058823529412
981,all_blocks,Temperature,84,0.4495089602105903,0.2857142857142857,0.00668927812088691,0.052647058823529415
981,all_blocks,Fisher,84,0.5251189632479498,0.38461538461538464,-0.012490634808140121,0.04602941176470589
985,all_blocks,Semantic,76,0.12267942583732057,0.06666666666666667,0.009593984962406014,0.05736263736263736
985,all_blocks,Temperature,76,0.2637047163362953,0.14285714285714285,-0.03696377306903622,0.06190476190476191
985,all_blocks,Fisher,76,0.1518796992481203,0.06666666666666667,0.013803144224196854,0.03761904761904762
993,all_blocks,Semantic,82,0.2263471229089801,0.2,0.015747543017598852,0.07066176470588235
993,all_blocks,Temperature,82,0.42149084141443827,0.2857142857142857,-0.05033902547860821,0.05737394957983194
993,all_blocks,Fisher,82,0.27797912517277784,0.2,0.04993959578149999,0.07772058823529412
996,all_blocks,Semantic,76,0.3225153793574846,0.45454545454545453,0.013289131920710873,0.0657142857142857
996,all_blocks,Temperature,76,0.5769241285030758,0.45454545454545453,-0.04079152426520847,0.052380952380952375
996,all_blocks,Fisher,76,0.28708133971291866,0.3333333333333333,-0.04732604237867395,0.03761904761904762
997,all_blocks,Semantic,86,0.052162837869710835,0.125,0.0024048304165290788,0.05987394957983193
997,all_blocks,Temperature,86,0.1412047738100854,0.125,-0.03364120949101372,0.04272058823529412
997,all_blocks,Fisher,86,0.016538515967734327,0.058823529411764705,0.0395367706023869,0.05522058823529412
998,all_blocks,Semantic,85,0.4386750048856752,0.2,-0.05349325776822357,0.04933823529411765
998,all_blocks,Temperature,85,0.41401211647449676,0.2,0.037817080320500296,0.07595588235294118
998,all_blocks,Fisher,85,0.43513777604064885,0.2857142857142857,-0.03452120383036936,0.03860294117647059
