index,checkpoint,method,n_tokens,spearman,top10_jaccard,random_floor_spearman,random_floor_top10_jaccard
2,final_quarter,Semantic,101,0.8976354105998834,0.375,0.009463016889924286,0.06824561403508772
2,final_quarter,Temperature,101,0.8475131042516015,0.5714285714285714,0.04495165987186954,0.06404761904761906
2,final_quarter,Fisher,101,0.8102038439138032,0.375,0.03358765288293535,0.048053467000835424
19,final_quarter,Semantic,76,0.7825017088174984,0.3333333333333333,0.02168831168831169,0.06190476190476189
19,final_quarter,Temperature,76,0.7866575529733424,0.45454545454545453,-0.004056049213943953,0.04380952380952381
19,final_quarter,Fisher,76,0.8088038277511961,0.45454545454545453,0.030848940533151063,0.05095238095238095
30,final_quarter,Semantic,72,0.7915621583381569,0.3333333333333333,-0.03868415975303878,0.06285714285714286
30,final_quarter,Temperature,72,0.5866615216412632,0.14285714285714285,0.011481445752138405,0.07344322344322343
30,final_quarter,Fisher,72,0.9113769374236287,0.3333333333333333,0.03152775098077047,0.04476190476190476
31,final_quarter,Semantic,104,0.8424410540915397,0.5714285714285714,-0.010128027312493333,0.054323308270676704
31,final_quarter,Temperature,104,0.8154059532700311,0.29411764705882354,0.013301504320921798,0.05122807017543861
31,final_quarter,Fisher,104,0.7677691240798038,0.29411764705882354,0.0076378960844980266,0.06618629908103593
36,final_quarter,Semantic,79,0.9290652385589094,0.7777777777777778,0.029942794547224937,0.05201465201465202
36,final_quarter,Temperature,79,0.9070107108081792,0.6,0.05347857838364169,0.04476190476190476
36,final_quarter,Fisher,79,0.8696445959104188,0.3333333333333333,0.017143378773125606,0.059157509157509156
41,final_quarter,Semantic,97,0.930912055543867,0.8181818181818182,0.021097859246791494,0.06613347093223254
41,final_quarter,Temperature,97,0.9382758257942351,0.8181818181818182,0.017248974332000837,0.06459838321293429
41,final_quarter,Fisher,97,0.9699137386913527,0.8181818181818182,0.002620713233747111,0.05582645338837289
46,final_quarter,Semantic,76,0.9270813397129186,0.6,-0.003544771018455238,0.06190476190476191
46,final_quarter,Temperature,76,0.6863704716336295,0.3333333333333333,-0.016229665071770333,0.04428571428571428
46,final_quarter,Fisher,76,0.7072317156527683,0.6,0.0515434039644566,0.058571428571428566
61,final_quarter,Semantic,76,0.8296103896103897,1.0,0.012745044429254953,0.06725274725274724
61,final_quarter,Temperature,76,0.8062337662337662,0.6,-0.006246069719753932,0.03761904761904762
61,final_quarter,Fisher,76,0.7163362952836637,0.45454545454545453,-0.016807928913192077,0.059047619047619036
66,final_quarter,Semantic,78,0.9141364964149773,0.7777777777777778,-0.014599324725907002,0.054285714285714284
66,final_quarter,Temperature,78,0.9397817372500916,0.7777777777777778,0.007555735403836672,0.07010989010989009
66,final_quarter,Fisher,78,0.9157804221095359,0.45454545454545453,-0.028922975758418797,0.062380952380952384
67,final_quarter,Semantic,79,0.8754138266796495,0.6,0.01977969814995132,0.052490842490842494
67,final_quarter,Temperature,79,0.7263875365141188,0.6,-0.014937925998052581,0.060109890109890096
67,final_quarter,Fisher,79,0.8564264849074976,0.6,-0.028852239532619277,0.04904761904761904
68,final_quarter,Semantic,87,0.9004155427571625,0.6363636363636364,-0.040035175329882614,0.048161764705882355
68,final_quarter,Temperature,87,0.9187140045199387,1.0,0.026298571116133262,0.06906512605042017
68,final_quarter,Fisher,87,0.9744842166654514,0.8,0.02304348618502588,0.07845588235294118
70,final_quarter,Semantic,65,0.8150349650349651,0.5555555555555556,-0.02835008741258741,0.07022144522144522
70,final_quarter,Temperature,65,0.3559003496503496,0.2727272727272727,-0.03949519230769231,0.047435897435897434
70,final_quarter,Fisher,65,0.8130681818181819,0.4,-0.009475524475524473,0.06555944055944056
71,final_quarter,Semantic,69,0.7900986481549143,0.5555555555555556,-0.019576178297405926,0.06171328671328671
71,final_quarter,Temperature,69,0.7751552795031057,0.4,0.004855681402995982,0.07884615384615384
71,final_quarter,Fisher,69,0.7529411764705883,1.0,0.016819510412860793,0.06538461538461539
72,final_quarter,Semantic,80,0.7235583684950774,0.45454545454545453,0.027776605719643695,0.05714285714285714
72,final_quarter,Temperature,80,0.7069385841537741,0.3333333333333333,0.0015166432255039873,0.051428571428571435
72,final_quarter,Fisher,80,0.8376465072667604,0.6,0.00030121894045944607,0.059157509157509156
73,final_quarter,Semantic,65,0.9641608391608392,0.5555555555555556,0.03645541958041958,0.06666666666666667
73,final_quarter,Temperature,65,0.6658216783216784,0.16666666666666666,-0.00484265734265734,0.0423076923076923
73,final_quarter,Fisher,65,0.5963286713286714,0.2727272727272727,0.0037128496503496507,0.06043123543123543
75,final_quarter,Semantic,84,0.9280145793257063,0.6363636363636364,-0.010449529209274073,0.08433823529411764
75,final_quarter,Temperature,84,0.8687253214538829,0.5,-0.0102612129189025,0.06852941176470588
75,final_quarter,Fisher,84,0.9045864128784044,0.5,-0.03623164928622051,0.033088235294117654
76,final_quarter,Semantic,76,0.8680792891319208,0.14285714285714285,0.024538619275461377,0.048095238095238094
76,final_quarter,Temperature,76,0.701572112098428,0.3333333333333333,0.011753930280246062,0.048095238095238094
76,final_quarter,Fisher,76,0.7445522898154477,0.3333333333333333,-0.04148462064251538,0.041428571428571426
77,final_quarter,Semantic,82,0.8678508070221265,0.6363636363636364,-0.024507787246547168,0.048161764705882355
77,final_quarter,Temperature,82,0.8173724709134641,0.8,0.047049988572174864,0.042279411764705885
77,final_quarter,Fisher,82,0.9023084206745682,0.5,-0.03249964628160339,0.04191176470588236
85,final_quarter,Semantic,89,0.95846101464079,0.6363636363636364,0.009118147769833164,0.036029411764705886
85,final_quarter,Temperature,89,0.9447735784814437,0.6363636363636364,-0.016247871978209063,0.05227941176470589
85,final_quarter,Fisher,89,0.9203949608443992,0.5,0.02831035069799115,0.05816176470588236
93,final_quarter,Semantic,81,0.9149051490514905,0.6363636363636364,0.009736901535682024,0.06779411764705882
93,final_quarter,Temperature,81,0.8622402890695573,0.6363636363636364,0.010898825654923212,0.05154411764705883
93,final_quarter,Fisher,81,0.8754968383017163,0.5,0.02398712737127371,0.06433823529411765
97,final_quarter,Semantic,82,0.8840456677659148,1.0,-0.0331189255667657,0.05477941176470589
97,final_quarter,Temperature,82,0.7463458168718233,1.0,0.010692090856651537,0.07281512605042018
97,final_quarter,Fisher,82,0.8697663281853703,0.6363636363636364,0.04763552856412098,0.05441176470588236
108,final_quarter,Semantic,74,0.9672121436504996,0.7777777777777778,-0.004884116993706037,0.04428571428571428
108,final_quarter,Temperature,74,0.8083080340614586,0.45454545454545453,0.008236949278045165,0.07296703296703297
108,final_quarter,Fisher,74,0.7289892632358385,0.6,0.010105886708626435,0.04095238095238095
110,final_quarter,Semantic,79,0.8199123661148978,0.3333333333333333,0.026086903602726384,0.059047619047619036
110,final_quarter,Temperature,79,0.7489776046738073,0.3333333333333333,0.0145983446932814,0.082014652014652
110,final_quarter,Fisher,79,0.8377799415774101,0.45454545454545453,0.03234298928919182,0.04714285714285714
114,final_quarter,Semantic,84,0.9199554520603423,0.38461538461538464,0.001106611319226483,0.05227941176470589
114,final_quarter,Temperature,84,0.9127265363976916,0.38461538461538464,0.003897944720056698,0.07139705882352941
114,final_quarter,Fisher,84,0.9543383618507645,0.38461538461538464,0.03770679356079782,0.06897058823529412
115,final_quarter,Semantic,102,0.924241310481705,0.4666666666666667,-0.015433896330809554,0.04428571428571429
115,final_quarter,Temperature,102,0.9396441071862756,0.5714285714285714,-0.007387574851145881,0.05959899749373434
115,final_quarter,Fisher,102,0.9619340574834182,0.6923076923076923,-0.03896500443876484,0.03428571428571429
117,final_quarter,Semantic,76,0.8789063568010936,0.7777777777777778,-0.023431305536568685,0.05201465201465201
117,final_quarter,Temperature,76,0.7969924812030076,0.6,0.05496240601503759,0.0706959706959707
117,final_quarter,Fisher,76,0.8488585099111415,0.7777777777777778,-0.003205741626794258,0.06582417582417582
119,final_quarter,Semantic,76,0.8509911141490089,0.6,-0.04060833902939166,0.04476190476190476
119,final_quarter,Temperature,76,0.7771975393028026,0.3333333333333333,0.006168147641831852,0.059047619047619036
119,final_quarter,Fisher,76,0.6300751879699249,0.45454545454545453,-0.035535201640464795,0.04380952380952381
122,final_quarter,Semantic,76,0.9414627477785371,0.7777777777777778,0.0029665071770334896,0.04095238095238095
122,final_quarter,Temperature,76,0.6120847573479152,0.3333333333333333,0.035010252904989755,0.06296703296703296
122,final_quarter,Fisher,76,0.8309774436090225,0.23076923076923078,0.0071852358168147615,0.0663003663003663
126,final_quarter,Semantic,82,0.9291257169599808,0.38461538461538464,0.01408778746422002,0.07102941176470588
126,final_quarter,Temperature,82,0.9450593702724175,0.5,0.004054157007433526,0.05816176470588234
126,final_quarter,Fisher,82,0.9261653660713314,0.5,-0.011175324604651668,0.04566176470588236
128,final_quarter,Semantic,83,0.8425758784265983,0.5,-0.01363292892825658,0.05191176470588236
128,final_quarter,Temperature,83,0.961084757147055,0.6363636363636364,0.04586184459090717,0.06970588235294119
128,final_quarter,Fisher,83,0.9378279669199445,0.5,-0.029288233071659453,0.042279411764705885
134,final_quarter,Semantic,80,0.980801687763713,0.7777777777777778,0.02545241443975621,0.08106227106227105
134,final_quarter,Temperature,80,0.8870370370370371,0.6,0.01107008907641819,0.07783882783882783
134,final_quarter,Fisher,80,0.9856774496015003,0.7777777777777778,-0.004340131270511019,0.0738095238095238
136,final_quarter,Semantic,68,0.9583158376913385,0.5555555555555556,0.05037981448257434,0.08671328671328672
136,final_quarter,Temperature,68,0.9412146428980417,0.4,-0.006538916669847694,0.039102564102564095
136,final_quarter,Fisher,68,0.8689162881245944,0.2727272727272727,0.03171737221819292,0.06794871794871794
152,final_quarter,Semantic,90,0.9641766473227148,0.8,0.020472486315182947,0.07397058823529412
152,final_quarter,Temperature,90,0.8498415442235666,0.8,-0.005273078980944145,0.05110294117647059
152,final_quarter,Fisher,90,0.8175741861135118,0.8,0.00722558340535869,0.03897058823529412
154,final_quarter,Semantic,96,0.9525908844275638,0.8181818181818182,0.03468190450352686,0.043567251461988296
154,final_quarter,Temperature,96,0.8374525230602278,0.8181818181818182,-0.04215274009766684,0.05180598555211559
154,final_quarter,Fisher,96,0.8222463374932175,0.6666666666666666,0.014681226261530114,0.05209838321293429
182,final_quarter,Semantic,76,0.9381271360218729,0.6,0.011574846206425153,0.07857142857142857
182,final_quarter,Temperature,76,0.8594395078605604,0.45454545454545453,-0.002395078605604926,0.05523809523809524
182,final_quarter,Fisher,76,0.8401913875598085,0.6,-0.004560492139439504,0.06571428571428571
189,final_quarter,Semantic,71,0.9331656606304493,0.7777777777777778,0.03901576123407109,0.08604395604395604
189,final_quarter,Temperature,71,0.9157276995305162,0.6,-0.015499664654594236,0.09296703296703296
189,final_quarter,Fisher,71,0.8346411804158281,0.45454545454545453,-0.011133467471495637,0.07058608058608057
202,final_quarter,Semantic,83,0.7402501994038873,0.5,-0.020198564292011247,0.05441176470588236
202,final_quarter,Temperature,83,0.7304899038663364,0.5,-0.05019730489903866,0.023529411764705882
202,final_quarter,Fisher,83,0.6404852860921035,0.38461538461538464,0.031047185256706262,0.07522058823529412
204,final_quarter,Semantic,80,0.8780356305672762,0.45454545454545453,0.013524378809188938,0.0706959706959707
204,final_quarter,Temperature,80,0.7266526019690576,0.23076923076923078,0.02300750117205814,0.05201465201465202
204,final_quarter,Fisher,80,0.7930379746835444,0.45454545454545453,-0.004106891701828406,0.05809523809523809
206,final_quarter,Semantic,95,0.8982082866741322,0.5384615384615384,0.0009392497200447951,0.07788097695218439
206,final_quarter,Temperature,95,0.900979843225084,0.6666666666666666,0.02342035274356103,0.0770983832129343
206,final_quarter,Fisher,95,0.8651035834266517,0.42857142857142855,0.01456746920492721,0.05536635706914343
211,final_quarter,Semantic,77,0.80274988169725,0.23076923076923078,0.02838082969661917,0.06963369963369961
211,final_quarter,Temperature,77,0.8387402071612597,0.3333333333333333,0.039000473210999524,0.04428571428571428
211,final_quarter,Fisher,77,0.978836952521163,0.7777777777777778,0.04651532677848467,0.04201465201465201
218,final_quarter,Semantic,93,0.9133866491599772,0.8181818181818182,0.017703888275491624,0.054729962160302716
218,final_quarter,Temperature,93,0.8763241920563396,0.8181818181818182,-0.010222016651248845,0.06384588923288613
218,final_quarter,Fisher,93,0.8683715794813641,0.6666666666666666,0.028709975828832324,0.06876504987960096
219,final_quarter,Semantic,72,0.9611550582031,0.6,0.003546851887581195,0.06772893772893772
219,final_quarter,Temperature,72,0.9799022445173324,1.0,0.018266448003087025,0.04523809523809523
219,final_quarter,Fisher,72,0.9459450768538171,0.7777777777777778,0.0016994662036143812,0.04380952380952381
224,final_quarter,Semantic,74,0.8718992965568306,0.6,0.003887449092928541,0.04380952380952381
224,final_quarter,Temperature,74,0.7639392817475008,0.45454545454545453,0.040509440947797105,0.0883150183150183
224,final_quarter,Fisher,74,0.7746908552388002,0.6,-0.02571788226582746,0.08619047619047618
236,final_quarter,Semantic,68,0.8810932549528571,0.5555555555555556,-0.0006680154216131592,0.05961538461538461
236,final_quarter,Temperature,68,0.9309081192502957,0.75,-0.008810169103332443,0.06043123543123543
236,final_quarter,Fisher,68,0.9313661869679734,0.5555555555555556,0.0014505477726457188,0.027564102564102567
238,final_quarter,Semantic,85,0.9171389486026968,0.8,-0.004116669923783468,0.052720588235294116
238,final_quarter,Temperature,85,0.875610709400039,0.38461538461538464,-0.007239593511823339,0.05404411764705883
238,final_quarter,Fisher,85,0.8277115497361734,0.5,0.0040570646863396535,0.05639705882352941
245,final_quarter,Semantic,74,0.9587115883006292,1.0,0.007804516845612739,0.055824175824175815
245,final_quarter,Temperature,74,0.7739207700851535,0.7777777777777778,-0.026932247315808955,0.07582417582417582
245,final_quarter,Fisher,74,0.8771714179933356,0.7777777777777778,0.0028004442798963344,0.08153846153846153
248,final_quarter,Semantic,87,0.9361558649850549,0.5,-0.03006488299190785,0.05772058823529412
248,final_quarter,Temperature,87,0.8594444849456877,0.5,-0.033770139243274766,0.058529411764705885
248,final_quarter,Fisher,87,0.9004702194357366,0.8,-0.035001275789166716,0.05656512605042017
255,final_quarter,Semantic,89,0.9058903643173308,0.5,0.009018556350017026,0.05816176470588236
255,final_quarter,Temperature,89,0.851617296561117,0.5,-0.01343462717058223,0.06816176470588235
255,final_quarter,Fisher,89,0.7609465440926116,0.5,-0.007607252298263536,0.03860294117647059
259,final_quarter,Semantic,81,0.9045844625112917,0.6363636363636364,-0.014808039747064138,0.04852941176470589
259,final_quarter,Temperature,81,0.9010388437217706,0.6363636363636364,-0.02719625112917795,0.05602941176470588
259,final_quarter,Fisher,81,0.8636856368563685,0.8,0.04033197831978319,0.06558823529411764
269,final_quarter,Semantic,74,0.836060718252499,0.7777777777777778,0.014387263976305065,0.06391941391941391
269,final_quarter,Temperature,74,0.8192965568308033,0.45454545454545453,0.0022317660125879286,0.08772893772893772
269,final_quarter,Fisher,74,0.6440429470566456,0.23076923076923078,-0.0162591632728619,0.0563003663003663
270,final_quarter,Semantic,85,0.9227086183310532,0.8,-0.027521008403361337,0.05301470588235294
270,final_quarter,Temperature,85,0.9136017197576705,0.8,-0.0073353527457494586,0.03970588235294118
270,final_quarter,Fisher,85,0.8468243111197966,0.8,0.05912937267930427,0.06889705882352941
284,final_quarter,Semantic,68,0.8497919609115547,0.4,0.024955147535977405,0.06491841491841491
284,final_quarter,Temperature,68,0.834599381608581,0.75,0.01610680612283849,0.08525641025641026
284,final_quarter,Fisher,68,0.794403939382372,0.4,-0.01161583387410772,0.05128205128205129
287,final_quarter,Semantic,92,0.9778370297304378,0.8181818181818182,0.006022378743276363,0.04981080151358789
287,final_quarter,Temperature,92,0.9453940169227687,0.6666666666666666,-0.00474546491376786,0.0632094943240454
287,final_quarter,Fisher,92,0.9534238552471372,0.3333333333333333,-0.0032558605489881763,0.05904282765737874
288,final_quarter,Semantic,62,0.958298708166503,0.4,-0.05669461861952607,0.04807692307692307
288,final_quarter,Temperature,62,0.7140338948905844,0.75,-0.020170733549898016,0.06794871794871794
288,final_quarter,Fisher,62,0.7030545692629246,0.4,-0.010536123492231372,0.08752913752913753
298,final_quarter,Semantic,79,0.9061343719571568,0.6,0.03647517039922103,0.06249084249084249
298,final_quarter,Temperature,79,0.8977604673807206,0.7777777777777778,-0.05518987341772151,0.0419047619047619
298,final_quarter,Fisher,79,0.9147273612463486,0.6,-0.0025462512171372928,0.07450549450549451
303,final_quarter,Semantic,68,0.9321678054739092,0.5555555555555556,0.01783601175707142,0.09628205128205128
303,final_quarter,Temperature,68,0.8164675344505095,0.4,0.007226018246364088,0.07919580419580419
303,final_quarter,Fisher,68,0.8603275184181394,0.5555555555555556,-0.012774363476733977,0.06358974358974359
304,final_quarter,Semantic,101,0.9361444379732091,0.8333333333333334,0.0030914385556202683,0.05305346700083543
304,final_quarter,Temperature,101,0.8359347699475829,0.29411764705882354,-0.031054164239953407,0.06618629908103593
304,final_quarter,Fisher,101,0.7645661036691903,0.4666666666666667,0.002389050669772858,0.05483709273182959
305,final_quarter,Semantic,82,0.9299311065399811,0.5,0.02002372634168109,0.044852941176470595
305,final_quarter,Temperature,82,0.910492920190246,0.6363636363636364,0.023727430045384794,0.06477941176470589
305,final_quarter,Fisher,82,0.9416419063789033,0.38461538461538464,-0.007021038081866759,0.061470588235294124
307,final_quarter,Semantic,70,0.9703263056600472,0.75,0.00936401014784358,0.06876456876456875
307,final_quarter,Temperature,70,0.792879013209693,0.4,-0.007605633802816902,0.06025641025641025
307,final_quarter,Fisher,70,0.8449479485609308,0.2727272727272727,-0.02238299361385705,0.05576923076923077
312,final_quarter,Semantic,89,0.807677902621723,0.6363636363636364,0.03006809669731018,0.07494747899159664
312,final_quarter,Temperature,89,0.8314606741573034,0.5,-0.026679434797412332,0.04264705882352941
312,final_quarter,Fisher,89,0.7729315628192035,0.5,-0.0665015321756895,0.027205882352941173
325,final_quarter,Semantic,68,0.8960186280871856,0.4,-0.012930869946940485,0.07325174825174825
325,final_quarter,Temperature,68,0.8204374546703821,0.2727272727272727,-0.006101843722563657,0.05128205128205128
325,final_quarter,Fisher,68,0.8405542619383898,0.2727272727272727,-0.0040977974577241635,0.05402097902097902
326,final_quarter,Semantic,92,0.9221675939768506,0.8181818181818182,0.02216759397685064,0.04917440660474716
326,final_quarter,Temperature,92,0.8742968111832067,0.42857142857142855,-0.03158608572353312,0.05348727210182318
326,final_quarter,Fisher,92,0.8227424749163879,0.3333333333333333,-0.0069887335665736825,0.07232542139662883
331,final_quarter,Semantic,81,0.9674345076784101,0.5,-0.04794602529358627,0.061102941176470596
331,final_quarter,Temperature,81,0.8987353206865402,0.5,-0.0007994579945799447,0.04897058823529412
331,final_quarter,Fisher,81,0.883446251129178,0.5,0.009535907859078591,0.06551470588235295
339,final_quarter,Semantic,76,0.9191797676008202,0.45454545454545453,-0.04428434723171566,0.06238095238095237
339,final_quarter,Temperature,76,0.7555707450444293,0.45454545454545453,0.023301435406698566,0.06857142857142857
339,final_quarter,Fisher,76,0.8699111414900889,0.6,-0.03585782638414218,0.060219780219780215
340,final_quarter,Semantic,75,0.8850355618776672,0.7777777777777778,0.0397724039829303,0.054285714285714284
340,final_quarter,Temperature,75,0.8132859174964439,0.3333333333333333,0.03053911806543385,0.06285714285714286
340,final_quarter,Fisher,75,0.741877667140825,0.23076923076923078,0.05491749644381223,0.07190476190476189
342,final_quarter,Semantic,70,0.884489545971481,0.5555555555555556,0.048424459802292014,0.06666666666666667
342,final_quarter,Temperature,70,0.7706937275828887,0.75,0.001579914268218002,0.035256410256410256
342,final_quarter,Fisher,70,0.8553757326568103,0.5555555555555556,-0.005110663983903423,0.06474358974358975
351,final_quarter,Semantic,86,0.9109769328741922,0.8,-0.030350488230576907,0.056985294117647065
351,final_quarter,Temperature,86,0.9234303504882305,0.6363636363636364,-0.010184442662389733,0.06869747899159664
351,final_quarter,Fisher,86,0.9300721732157177,1.0,-0.05584131326949384,0.04272058823529412
365,final_quarter,Semantic,75,0.968904694167852,0.6,-0.012557610241820769,0.09212454212454213
365,final_quarter,Temperature,75,0.8315789473684211,0.45454545454545453,0.015311522048364154,0.09186813186813186
365,final_quarter,Fisher,75,0.8693598862019916,0.14285714285714285,0.029615931721194883,0.07523809523809524
369,final_quarter,Semantic,75,0.9208250355618777,0.7777777777777778,0.010048364153627311,0.04153846153846154
369,final_quarter,Temperature,75,0.8512091038406827,1.0,0.014499288762446655,0.05047619047619047
369,final_quarter,Fisher,75,0.8863726884779515,0.6,0.009064011379800858,0.05688644688644688
377,final_quarter,Semantic,84,0.8707299787384833,0.5,-0.009468462083628632,0.06852941176470588
377,final_quarter,Temperature,84,0.8648172522020856,0.38461538461538464,0.01135769970638858,0.07139705882352941
377,final_quarter,Fisher,84,0.9531234180419157,0.6363636363636364,-0.05660018224157133,0.06869747899159664
381,final_quarter,Semantic,100,0.8892409240924091,0.6666666666666666,-0.009054905490549051,0.05114809081527348
381,final_quarter,Temperature,100,0.8896369636963696,0.3333333333333333,0.002009000900090009,0.04654282765737874
381,final_quarter,Fisher,100,0.8989378937893787,0.5384615384615384,0.024424842484248414,0.05964912280701754
383,final_quarter,Semantic,67,0.9748583286774685,0.75,0.012042062415196746,0.05658508158508159
383,final_quarter,Temperature,67,0.9039827599968075,0.4,-0.012155798547370105,0.044230769230769226
383,final_quarter,Fisher,67,0.9256923936467396,0.75,-0.001989384627663825,0.06410256410256411
384,final_quarter,Semantic,73,0.8898556090336914,0.7777777777777778,-0.044187338022954464,0.06069597069597069
384,final_quarter,Temperature,73,0.8359249660619524,0.7777777777777778,-0.055980809576699986,0.041428571428571426
384,final_quarter,Fisher,73,0.8646797482413924,0.7777777777777778,-0.01904387263976305,0.05582417582417583
392,final_quarter,Semantic,74,0.601332839689004,0.3333333333333333,0.05588004442798963,0.06725274725274724
392,final_quarter,Temperature,74,0.883924472417623,0.7777777777777778,0.026908552388004436,0.07391941391941392
392,final_quarter,Fisher,74,0.8471084783413548,0.6,-0.009201036653091441,0.08296703296703296
395,final_quarter,Semantic,71,0.956338028169014,0.6,0.01479879275653923,0.06238095238095237
395,final_quarter,Temperature,71,0.9267940979208584,0.45454545454545453,0.0027263581488933624,0.07772893772893771
395,final_quarter,Fisher,71,0.9369885982562037,1.0,-0.014956405097250162,0.048095238095238094
412,final_quarter,Semantic,70,0.8796605721284226,0.75,0.04677980929052576,0.06876456876456877
412,final_quarter,Temperature,70,0.7503280552882512,0.4,0.0455778147143732,0.046794871794871795
412,final_quarter,Fisher,70,0.8895284751990202,0.5555555555555556,0.0551570291313096,0.08076923076923079
419,final_quarter,Semantic,86,0.8459172602481247,0.2,-0.03193263833199679,0.05227941176470589
419,final_quarter,Temperature,86,0.531487334308222,0.2,0.020575498844285105,0.07022058823529412
419,final_quarter,Fisher,86,0.8541251945846502,0.6363636363636364,-0.008106042737864997,0.04779411764705882
420,final_quarter,Semantic,95,0.8539473684210527,0.42857142857142855,0.006429171332586789,0.057946336429308555
420,final_quarter,Temperature,95,0.8331886898096305,0.5384615384615384,-0.014874720044792834,0.04888200894392843
420,final_quarter,Fisher,95,0.895870660694289,0.8181818181818182,0.006586646136618139,0.08538110925881823
425,final_quarter,Semantic,87,0.9011992418167236,0.6363636363636364,0.04565411533134066,0.0544327731092437
425,final_quarter,Temperature,87,0.9498614857476124,0.6363636363636364,0.025604177298243054,0.053088235294117644
425,final_quarter,Fisher,87,0.73445359772545,0.8,0.00850404607421448,0.05808823529411765
429,final_quarter,Semantic,80,0.739170182841069,0.23076923076923078,-0.0007184716361931541,0.05963369963369963
429,final_quarter,Temperature,80,0.596179090482888,0.45454545454545453,0.026888185654008447,0.06571428571428571
429,final_quarter,Fisher,80,0.6522503516174403,0.6,-0.005198077824660099,0.04868131868131868
430,final_quarter,Semantic,89,0.8814266258086484,0.5,0.0073340143003064375,0.06832983193277312
430,final_quarter,Temperature,89,0.7713312904324141,0.2,0.03143939393939395,0.05735294117647059
430,final_quarter,Fisher,89,0.8010725229826354,0.38461538461538464,0.030736295539666343,0.06441176470588236
431,final_quarter,Semantic,88,0.8466415413335213,0.5,0.010152865344651478,0.058529411764705885
431,final_quarter,Temperature,88,0.792980169772111,0.5,-0.02210823852629355,0.06183823529411765
431,final_quarter,Fisher,88,0.7959916875066043,0.5,0.02006974041069353,0.04933823529411765
439,final_quarter,Semantic,115,0.8813619506036456,0.5,-0.019787737710092325,0.06823828345567476
439,final_quarter,Temperature,115,0.7318472342775981,0.5,-0.029389252742050037,0.061123658949745904
439,final_quarter,Fisher,115,0.6706620374023514,0.5,0.006143375680580765,0.05748729531338227
440,final_quarter,Semantic,73,0.8021720350487476,0.45454545454545453,-0.00269807478711588,0.058571428571428566
440,final_quarter,Temperature,73,0.8587560162902631,0.6,-0.0026163149450820684,0.047619047619047616
440,final_quarter,Fisher,73,0.8884672343576454,0.6,-0.03130939158336419,0.06677655677655678
444,final_quarter,Semantic,78,0.878349498602663,0.6,-0.013339824732229794,0.06999999999999999
444,final_quarter,Temperature,78,0.9187394883597414,0.6,-0.006038265531936417,0.041428571428571426
444,final_quarter,Fisher,78,0.9525790665031171,0.7777777777777778,-0.018666143982599675,0.058681318681318685
447,final_quarter,Semantic,86,0.7956130006132365,0.6363636363636364,0.02038303693570451,0.07227941176470588
447,final_quarter,Temperature,86,0.6849851408085287,0.5,-0.036594178970706166,0.06360294117647058
447,final_quarter,Fisher,86,0.8381055710175007,0.38461538461538464,0.01615642247275815,0.0444327731092437
465,final_quarter,Semantic,87,0.773839031858278,0.38461538461538464,-0.03832379529051541,0.051102941176470594
465,final_quarter,Temperature,87,0.8566924254574615,0.2857142857142857,-0.02066960705693665,0.04191176470588236
465,final_quarter,Fisher,87,0.8571116133265292,0.5,-0.0206495589414595,0.08852941176470588
471,final_quarter,Semantic,92,0.9496478276281923,0.8181818181818182,-0.013982090840435859,0.05899122807017544
471,final_quarter,Temperature,92,0.7974507960482714,0.6666666666666666,-0.008668680548063436,0.07535259717922256
471,final_quarter,Fisher,92,0.7125595302313394,0.42857142857142855,0.020054559746004348,0.07863347093223254
475,final_quarter,Semantic,97,0.8949216284451923,0.8181818181818182,0.004717415316642115,0.055366357069143446
475,final_quarter,Temperature,97,0.8817720387123921,0.8181818181818182,-0.004051388596675784,0.05736154110767113
475,final_quarter,Fisher,97,0.8451898800757416,0.5384615384615384,0.03861903008626131,0.05443756449948399
476,final_quarter,Semantic,78,0.9212433136483769,0.7777777777777778,0.0033257881359147145,0.07333333333333333
476,final_quarter,Temperature,78,0.8701551612944017,0.3333333333333333,0.036646897406391064,0.06010989010989011
476,final_quarter,Fisher,78,0.8924113860822721,0.45454545454545453,-0.001994208323322244,0.048571428571428564
481,final_quarter,Semantic,76,0.7898838004101163,0.3333333333333333,-0.016582365003417632,0.05142857142857142
481,final_quarter,Temperature,76,0.9330690362269309,0.6,-0.0016568694463431285,0.05047619047619047
481,final_quarter,Fisher,76,0.6985919343814081,0.45454545454545453,0.05353656869446344,0.052490842490842494
485,final_quarter,Semantic,86,0.8774470493891222,0.6363636363636364,0.021512335487522998,0.04406512605042017
485,final_quarter,Temperature,86,0.8086324826642766,0.2857142857142857,-0.0325968206047455,0.048161764705882355
485,final_quarter,Fisher,86,0.831992075097882,0.5,-0.024175668663616208,0.056985294117647065
490,final_quarter,Semantic,81,0.8137985546522131,0.5,0.04629855465221318,0.08183823529411764
490,final_quarter,Temperature,81,0.6925248419150857,0.38461538461538464,0.014279584462511291,0.06852941176470588
490,final_quarter,Fisher,81,0.8597109304426377,0.6363636363636364,-0.027354336043360433,0.04191176470588236
494,final_quarter,Semantic,69,0.9179393496529047,0.5555555555555556,-0.005215564486664236,0.059615384615384605
494,final_quarter,Temperature,69,0.6417245158933139,0.5555555555555556,-0.016211180124223606,0.0685897435897436
494,final_quarter,Fisher,69,0.7486298867373037,0.5555555555555556,-0.02447753014249178,0.05576923076923077
497,final_quarter,Semantic,69,0.8763609791742785,0.4,0.009335038363171356,0.07453379953379954
497,final_quarter,Temperature,69,0.8976616733649982,0.5555555555555556,0.02407197661673365,0.08141025641025641
497,final_quarter,Fisher,69,0.9173913043478262,0.5555555555555556,-0.029853854585312388,0.05594405594405595
500,final_quarter,Semantic,69,0.950456704420899,0.5555555555555556,-0.013439897698209727,0.04679487179487179
500,final_quarter,Temperature,69,0.6065034709535989,0.75,-0.02396967482645232,0.06107226107226107
500,final_quarter,Fisher,69,0.8723419802703691,0.4,-0.04090244793569602,0.06346153846153846
504,final_quarter,Semantic,69,0.8937522835221047,0.75,0.011415783704786265,0.07773892773892772
504,final_quarter,Temperature,69,0.8991962002192183,0.5555555555555556,-0.08995432955791012,0.05128205128205128
504,final_quarter,Fisher,69,0.9146145414687614,0.5555555555555556,0.005246620387285348,0.04679487179487178
507,final_quarter,Semantic,81,0.934327009936766,0.5,0.0177856820234869,0.07183823529411765
507,final_quarter,Temperature,81,0.8928184281842818,0.5,-0.02410456187895212,0.05889705882352941
507,final_quarter,Fisher,81,0.9174119241192411,0.8,-0.035895438121047875,0.06558823529411764
510,final_quarter,Semantic,95,0.9117721164613664,0.6666666666666666,-0.01460666293393057,0.07822497420020638
510,final_quarter,Temperature,95,0.8692049272116461,0.6666666666666666,-0.06626959686450169,0.04327485380116958
510,final_quarter,Fisher,95,0.875125979843225,0.8181818181818182,-0.004974104143337062,0.051805985552115574
514,final_quarter,Semantic,74,0.6529877823028506,0.23076923076923078,0.002496853017400964,0.04582417582417582
514,final_quarter,Temperature,74,0.834046649389115,0.6,-0.014022954461310628,0.059157509157509156
514,final_quarter,Fisher,74,0.8562606442058496,0.6,0.006639022584228061,0.0563003663003663
520,final_quarter,Semantic,79,0.9430136319376826,0.7777777777777778,-0.008460321324245375,0.0657142857142857
520,final_quarter,Temperature,79,0.8611733203505355,1.0,0.013247322297955208,0.06523809523809523
520,final_quarter,Fisher,79,0.866796494644596,0.6,0.01724683544303798,0.05344322344322344
522,final_quarter,Semantic,73,0.8076329754411946,0.6,-0.011887572504010856,0.04476190476190477
522,final_quarter,Temperature,73,0.7738183388868322,0.3333333333333333,0.0029819202764408198,0.047619047619047616
522,final_quarter,Fisher,73,0.7023016166851784,0.23076923076923078,-0.01322195483154387,0.07783882783882785
523,final_quarter,Semantic,86,0.8886362564271898,0.5,0.014308222085947456,0.05816176470588236
523,final_quarter,Temperature,86,0.8715788480588705,0.38461538461538464,0.014419548091891127,0.05147058823529412
523,final_quarter,Fisher,86,0.8608802301995376,0.6363636363636364,-0.003755837539506582,0.05933823529411765
524,final_quarter,Semantic,104,0.9342259682065508,0.5714285714285714,0.013763469540168573,0.05428571428571429
524,final_quarter,Temperature,104,0.8968206550730824,0.375,0.008347380774565243,0.06959899749373435
524,final_quarter,Fisher,104,0.6635015469966926,0.2222222222222222,0.03330897258081724,0.045434419381787806
526,final_quarter,Semantic,91,0.8681318681318683,0.5384615384615384,-0.029231565535913363,0.05736154110767113
526,final_quarter,Temperature,91,0.7892817327599936,0.42857142857142855,0.0008305462653288735,0.08997248022015825
526,final_quarter,Fisher,91,0.808998248128683,0.5384615384615384,0.010735785953177257,0.06682146542827658
540,final_quarter,Semantic,85,0.9729333593902679,0.8,0.011367011921047493,0.08710084033613445
540,final_quarter,Temperature,85,0.7931795974203634,0.8,0.03527066640609732,0.06948529411764706
540,final_quarter,Fisher,85,0.9593707250341997,0.5,-0.012047097908931013,0.05485294117647059
546,final_quarter,Semantic,87,0.8666982576365094,0.6363636363636364,0.0013304658453014485,0.07205882352941177
546,final_quarter,Temperature,87,0.6687686811985127,0.5,0.010110629146314786,0.10327731092436973
546,final_quarter,Fisher,87,0.7594590653933074,0.8,0.054986513085951726,0.08906512605042018
555,final_quarter,Semantic,77,0.9205794205794205,0.6,0.022727272727272735,0.055824175824175815
555,final_quarter,Temperature,77,0.7589515747410484,0.3333333333333333,-0.028092959671907038,0.05963369963369962
555,final_quarter,Fisher,77,0.8013565381986434,0.45454545454545453,-0.025648036174351956,0.06534798534798533
568,final_quarter,Semantic,80,0.8060009376465074,0.6,0.010771214252226916,0.052490842490842494
568,final_quarter,Temperature,80,0.9235349273323958,0.45454545454545453,-0.017110876699484297,0.038205128205128204
568,final_quarter,Fisher,80,0.7682372245663386,0.23076923076923078,0.053863103609939046,0.045347985347985356
570,final_quarter,Semantic,84,0.9654753467652121,0.8,0.00019034119671964972,0.05897058823529412
570,final_quarter,Temperature,84,0.9281765718335527,0.8,-0.016646755087577198,0.06066176470588236
570,final_quarter,Fisher,84,0.9467449630454591,0.5,-0.030132631365799346,0.061470588235294124
573,final_quarter,Semantic,69,0.8307636097917428,0.75,-0.03090244793569602,0.05064102564102564
573,final_quarter,Temperature,69,0.8786993058092804,0.5555555555555556,0.027314578005115088,0.059615384615384605
573,final_quarter,Fisher,69,0.8840336134453783,0.75,-0.010801972963098285,0.059615384615384605
575,final_quarter,Semantic,80,0.8647913736521332,0.45454545454545453,0.027311298640412568,0.04428571428571428
575,final_quarter,Temperature,80,0.7783872480075011,0.7777777777777778,-0.010983356774496016,0.0580952380952381
575,final_quarter,Fisher,80,0.8916315049226442,0.6,-0.023804500703234883,0.0763003663003663
581,final_quarter,Semantic,91,0.7052556139512662,0.42857142857142855,-0.027911291606943785,0.058406432748538004
581,final_quarter,Temperature,91,0.7934225195094762,0.42857142857142855,-0.01926660296225513,0.0632094943240454
581,final_quarter,Fisher,91,0.758337314859054,0.3333333333333333,0.0037147634973721914,0.05209838321293429
592,final_quarter,Semantic,77,0.8489668226510331,0.3333333333333333,-0.03479020979020978,0.03487179487179487
592,final_quarter,Temperature,77,0.7725432462274567,0.45454545454545453,0.023334560176665436,0.09545787545787546
592,final_quarter,Fisher,77,0.9201587885798411,0.45454545454545453,0.03527656553972343,0.0727106227106227
595,final_quarter,Semantic,88,0.8816878588285021,0.6363636363636364,-0.037098024021697026,0.04191176470588236
595,final_quarter,Temperature,88,0.8698883448980312,0.5,0.009702898805959637,0.07316176470588236
595,final_quarter,Fisher,88,0.8483322179563948,0.5,0.009040717128667542,0.08095588235294118
596,final_quarter,Semantic,86,0.8819000896268692,0.5,-0.0044747393744987984,0.04852941176470589
596,final_quarter,Temperature,86,0.658285768196613,0.38461538461538464,-0.02849474031793952,0.05477941176470589
596,final_quarter,Fisher,86,0.9193924241709515,0.6363636363636364,-0.05424406811642059,0.04897058823529411
601,final_quarter,Semantic,84,0.7182545307279539,0.2857142857142857,0.014615774020451552,0.054485294117647055
601,final_quarter,Temperature,84,0.6544294826364281,0.5,-0.022410651007390908,0.030147058823529416
601,final_quarter,Fisher,84,0.7710843373493975,0.5,-0.03393338058114813,0.060073529411764706
605,final_quarter,Semantic,80,0.8411157993436474,0.45454545454545453,0.04961908110642288,0.0557142857142857
605,final_quarter,Temperature,80,0.7790201593999062,0.7777777777777778,-0.01870956399437412,0.0706959706959707
605,final_quarter,Fisher,80,0.9213548992030005,0.7777777777777778,-0.0035677449601500266,0.048095238095238094
606,final_quarter,Semantic,97,0.9703871239217335,0.5384615384615384,0.02895210919419313,0.060921912624699
606,final_quarter,Temperature,97,0.8994187881338102,0.42857142857142855,-0.002476725226172942,0.054385964912280704
606,final_quarter,Fisher,97,0.8272012413212707,0.42857142857142855,0.041851199242583625,0.06477468180254557
608,final_quarter,Semantic,81,0.8913053297199638,0.5,0.009075203252032522,0.04485294117647059
608,final_quarter,Temperature,81,0.8603206865401987,0.8,0.00491192411924119,0.04933823529411765
608,final_quarter,Fisher,81,0.9164182475158085,1.0,-0.008273486901535683,0.07183823529411765
614,final_quarter,Semantic,91,0.9077082337951904,0.5384615384615384,0.048747412008281574,0.06951754385964912
614,final_quarter,Temperature,91,0.7524605828953657,0.6666666666666666,-0.0014086637999681504,0.05765393876848986
614,final_quarter,Fisher,91,0.7320910973084886,0.3333333333333333,0.0047093486223921035,0.06584107327141384
617,final_quarter,Semantic,69,0.8639386189258315,0.4,0.0480361709901352,0.0726107226107226
617,final_quarter,Temperature,69,0.8764340518816223,0.75,-0.01518450858604312,0.03141025641025641
617,final_quarter,Fisher,69,0.8322981366459629,0.5555555555555556,-0.008198757763975151,0.03461538461538462
624,final_quarter,Semantic,78,0.9038935747796506,1.0,0.029473058586982646,0.06904761904761905
624,final_quarter,Temperature,78,0.8658050809949543,0.7777777777777778,-0.0038227595189620537,0.06344322344322344
624,final_quarter,Fisher,78,0.8570543380669962,0.7777777777777778,0.006336701273410131,0.03809523809523809
631,final_quarter,Semantic,100,0.6443204320432043,0.1111111111111111,0.02281368136813682,0.07296181630546955
631,final_quarter,Temperature,100,0.7153915391539153,0.3333333333333333,0.02772697269726972,0.058114035087719285
631,final_quarter,Fisher,100,0.8057005700570056,0.3333333333333333,0.015949594959495945,0.0717406260749914
633,final_quarter,Semantic,73,0.7426878933728249,0.7777777777777778,0.02519437245464643,0.05142857142857142
633,final_quarter,Temperature,73,0.9159262001727756,1.0,-0.013919227446624705,0.045347985347985356
633,final_quarter,Fisher,73,0.9084598296927066,0.6,0.005343699864247811,0.06523809523809523
635,final_quarter,Semantic,83,0.6353847445531254,0.5,0.0016980815247050942,0.061470588235294124
635,final_quarter,Temperature,83,0.5282523823517065,0.38461538461538464,-0.031566684857898486,0.060514705882352936
635,final_quarter,Fisher,83,0.7837832164896519,0.5,-0.0012289576424163557,0.05889705882352941
636,final_quarter,Semantic,91,0.9410734193342889,0.6666666666666666,-0.02313186813186814,0.046198830409356725
636,final_quarter,Temperature,91,0.8265488135053352,0.5384615384615384,-0.012214524605828956,0.0782765737874097
636,final_quarter,Fisher,91,0.900764452938366,0.6666666666666666,0.00043398630355151875,0.07296181630546955
639,final_quarter,Semantic,64,0.8542582417582416,1.0,-0.028743131868131867,0.036713286713286705
639,final_quarter,Temperature,64,0.8107600732600732,0.75,0.035542582417582416,0.07115384615384615
639,final_quarter,Fisher,64,0.7915293040293039,1.0,-0.036158424908424906,0.07692307692307691
647,final_quarter,Semantic,72,0.8992539713164835,0.3333333333333333,-0.0014341758312431696,0.06344322344322344
647,final_quarter,Temperature,72,0.8897356743198922,1.0,-0.009801273393787384,0.06142857142857142
647,final_quarter,Fisher,72,0.8599266833879993,0.6,0.041652196282719156,0.08223443223443223
649,final_quarter,Semantic,69,0.8716477895506028,0.75,0.03376324442820608,0.07773892773892774
649,final_quarter,Temperature,69,0.8751552795031057,0.5555555555555556,0.059219948849104864,0.04889277389277388
649,final_quarter,Fisher,69,0.8965290464011694,0.75,-0.06826269638290099,0.047435897435897434
657,final_quarter,Semantic,81,0.9560975609756097,0.6363636363636364,-0.027188346883468835,0.06558823529411764
657,final_quarter,Temperature,81,0.9170280036133694,0.5,0.028757904245709127,0.046397058823529416
657,final_quarter,Fisher,81,0.862646793134598,0.5,-0.000731707317073172,0.058529411764705885
668,final_quarter,Semantic,85,0.6785225718194254,0.5,-0.036994332616767635,0.04852941176470589
668,final_quarter,Temperature,85,0.7577682235684972,0.38461538461538464,0.0037062732069572044,0.058529411764705885
668,final_quarter,Fisher,85,0.6984952120383038,0.2857142857142857,0.014980457299198752,0.0672794117647059
677,final_quarter,Semantic,93,0.8905732446062485,0.6666666666666666,-0.020305272895467154,0.0632094943240454
677,final_quarter,Temperature,93,0.8282504252335052,0.3333333333333333,0.003740562800274536,0.0696938424492604
677,final_quarter,Fisher,93,0.8741607233445733,0.5384615384615384,0.005311688699233087,0.04269005847953215
681,final_quarter,Semantic,89,0.9167688117126321,0.6363636363636364,0.006738168198842357,0.08183823529411764
681,final_quarter,Temperature,89,0.8277494041538986,0.2857142857142857,0.02739019407558734,0.06735294117647059
681,final_quarter,Fisher,89,0.8329077289751449,0.6363636363636364,0.004239019407558732,0.05522058823529412
683,final_quarter,Semantic,73,0.8584166358138963,0.45454545454545453,0.008890225842280641,0.04963369963369964
683,final_quarter,Temperature,73,0.8146365543625819,0.6,0.06655405405405404,0.07509157509157509
683,final_quarter,Fisher,73,0.7456189065778108,0.3333333333333333,0.010775330124645198,0.059157509157509156
685,final_quarter,Semantic,83,0.9193568699886653,0.2,-0.0020717014399059693,0.05845588235294118
685,final_quarter,Temperature,83,0.8706393518324168,0.5,0.022988119726291934,0.05522058823529412
685,final_quarter,Fisher,83,0.8982620376978295,0.2857142857142857,-0.022823349145711762,0.07102941176470588
691,final_quarter,Semantic,71,0.9239101274312541,0.6,-0.02754191817572098,0.06190476190476189
691,final_quarter,Temperature,71,0.8661301140174378,0.6,-0.035422535211267606,0.05523809523809523
691,final_quarter,Fisher,71,0.8081488933601608,0.45454545454545453,0.006155264922870558,0.07058608058608058
694,final_quarter,Semantic,97,0.932884494003787,0.6666666666666666,0.023600226172943405,0.038355693154454765
694,final_quarter,Temperature,97,0.8944350936250788,0.6666666666666666,-0.0024589732800336696,0.07139662882696937
694,final_quarter,Fisher,97,0.9290316642120765,0.42857142857142855,-0.044999211024616036,0.04917440660474716
698,final_quarter,Semantic,83,0.8476764199655765,0.38461538461538464,-0.03214285714285714,0.0736029411764706
698,final_quarter,Temperature,83,0.8931824860417278,0.6363636363636364,-0.019977121027664663,0.04852941176470589
698,final_quarter,Fisher,83,0.8398262037697829,0.38461538461538464,-0.015342554888543719,0.04897058823529412
705,final_quarter,Semantic,74,0.9108478341355052,0.6,0.004198445020362825,0.05142857142857142
705,final_quarter,Temperature,74,0.8936986301369861,0.3333333333333333,-0.02435838578304331,0.06963369963369963
705,final_quarter,Fisher,74,0.802413920770085,0.6,-0.027071455016660483,0.04523809523809523
706,final_quarter,Semantic,89,0.9243615934627172,0.8,0.03955141300646919,0.04308823529411765
706,final_quarter,Temperature,89,0.6541028260129385,0.2857142857142857,0.007910282601293835,0.05558823529411765
706,final_quarter,Fisher,89,0.8912665985699695,0.38461538461538464,-0.025130234933605722,0.04558823529411765
708,final_quarter,Semantic,77,0.9242862400757137,0.6,0.017181502707818493,0.07439560439560437
708,final_quarter,Temperature,77,0.8405278931594721,0.6,-0.05402755139597244,0.030952380952380946
708,final_quarter,Fisher,77,0.8553551711446449,0.45454545454545453,-0.0035714285714285704,0.04095238095238095
718,final_quarter,Semantic,76,0.9746821599453178,0.7777777777777778,0.026459330143540672,0.05296703296703296
718,final_quarter,Temperature,76,0.8963773069036227,0.45454545454545453,0.033357484620642516,0.06677655677655678
718,final_quarter,Fisher,76,0.7537115516062883,0.45454545454545453,0.03386466165413533,0.05963369963369963
728,final_quarter,Semantic,69,0.8792838874680309,0.75,0.007906466934599928,0.06491841491841491
728,final_quarter,Temperature,69,0.871940080379978,0.5555555555555556,-0.012416879795396418,0.040559440559440565
728,final_quarter,Fisher,69,0.9294483010595543,0.5555555555555556,-0.024294848374132268,0.027564102564102567
732,final_quarter,Semantic,95,0.9221584546472564,0.5384615384615384,-0.013797592385218365,0.0586343309253526
732,final_quarter,Temperature,95,0.8933230683090705,0.42857142857142855,-0.007440509518477042,0.06396198830409357
732,final_quarter,Fisher,95,0.8835806270996641,0.5384615384615384,0.036042833146696526,0.08184984520123839
739,final_quarter,Semantic,72,0.9330182005273653,0.45454545454545453,-0.010897806932921732,0.054029304029304025
739,final_quarter,Temperature,72,0.9246253778378032,0.7777777777777778,-0.007883143610521578,0.0901098901098901
739,final_quarter,Fisher,72,0.6481767316226125,0.23076923076923078,0.021326130297768347,0.07725274725274725
741,final_quarter,Semantic,75,0.943157894736842,0.6,0.023483641536273116,0.07106227106227106
741,final_quarter,Temperature,75,0.8269701280227595,0.45454545454545453,0.03642532005689901,0.07117216117216116
741,final_quarter,Fisher,75,0.8294167852062588,0.7777777777777778,-0.004716927453769559,0.07556776556776557
759,final_quarter,Semantic,84,0.8721474131821405,0.5,-0.017706793560797813,0.058109243697478996
759,final_quarter,Temperature,84,0.8487394957983193,0.38461538461538464,-0.04030576085856029,0.07470588235294118
759,final_quarter,Fisher,84,0.8811177483041409,0.38461538461538464,0.00021565252607067057,0.06220588235294118
763,final_quarter,Semantic,67,0.8988746109027059,0.5555555555555556,-0.029886662941974618,0.04825174825174825
763,final_quarter,Temperature,67,0.872655439380637,0.4,-0.007392848591268255,0.0423076923076923
763,final_quarter,Fisher,67,0.6715220688003832,0.75,-0.037500997685369956,0.05961538461538461
771,final_quarter,Semantic,82,0.8512859024172571,0.6363636363636364,0.035997649133117836,0.05147058823529412
771,final_quarter,Temperature,82,0.7458016347231746,0.2857142857142857,0.011882761397895101,0.06558823529411764
771,final_quarter,Fisher,82,0.848194947812932,0.5,0.0005920701777298896,0.08147058823529411
773,final_quarter,Semantic,82,0.9208323810145731,0.2857142857142857,0.02317345261806032,0.06558823529411764
773,final_quarter,Temperature,82,0.8113646999923815,0.2857142857142857,0.01746824697162634,0.0736029411764706
773,final_quarter,Fisher,82,0.9266224790761964,0.6363636363636364,-0.012135261914868144,0.07139705882352941
777,final_quarter,Semantic,75,0.9776671408250356,0.6,-0.06149075391180654,0.05736263736263736
777,final_quarter,Temperature,75,0.9222190611664295,0.6,0.019753911806543383,0.07106227106227106
777,final_quarter,Fisher,75,0.8949075391180653,0.6,0.03803840682788051,0.07391941391941391
779,final_quarter,Semantic,97,0.8368530401851462,0.5384615384615384,-0.025453003366294975,0.05730994152046783
779,final_quarter,Temperature,97,0.8096596886177151,0.5384615384615384,-0.026635151483273715,0.04332645338837289
779,final_quarter,Fisher,97,0.544195771091942,0.42857142857142855,0.033277666736797815,0.045906432748538006
788,final_quarter,Semantic,79,0.8839094449853944,0.3333333333333333,0.0496993670886076,0.06904761904761905
788,final_quarter,Temperature,79,0.9460564751703991,1.0,0.008518743914313537,0.06285714285714286
788,final_quarter,Fisher,79,0.9631450827653358,1.0,0.0229016553067186,0.048095238095238094
790,final_quarter,Semantic,87,0.9441568856163883,1.0,-0.018279324925275203,0.06441176470588236
790,final_quarter,Temperature,87,0.8809324196252823,0.8,0.0049363927972588826,0.05227941176470589
790,final_quarter,Fisher,87,0.5208500400962309,0.8,-0.008229751403368086,0.04014705882352941
795,final_quarter,Semantic,79,0.8565238558909446,0.7777777777777778,-0.010171616358325222,0.038205128205128204
795,final_quarter,Temperature,79,0.8826192794547224,0.45454545454545453,0.0325182570593963,0.0787912087912088
795,final_quarter,Fisher,79,0.8378773125608568,0.45454545454545453,-0.04045764362220059,0.04047619047619048
798,final_quarter,Semantic,65,0.9419143356643356,0.5555555555555556,-0.014930069930069933,0.08158508158508158
798,final_quarter,Temperature,65,0.8724213286713286,0.75,-0.07880463286713286,0.05641025641025641
798,final_quarter,Fisher,65,0.9611451048951049,0.75,0.062065122377622385,0.10525641025641026
800,final_quarter,Semantic,92,0.796048271504092,0.25,0.015752970731932863,0.06613347093223254
800,final_quarter,Temperature,92,0.6850947089376263,0.3333333333333333,0.03348642941910824,0.07203302373581011
800,final_quarter,Fisher,92,0.8853320592451026,0.8181818181818182,-0.03814558513015736,0.07312951496388029
803,final_quarter,Semantic,74,0.878741206960385,0.7777777777777778,-0.002410958904109591,0.056776556776556776
803,final_quarter,Temperature,74,0.8107663828211772,0.45454545454545453,-0.006547204738985554,0.06069597069597069
803,final_quarter,Fisher,74,0.8328619029988892,0.6,0.04403109959274344,0.07783882783882784
810,final_quarter,Semantic,81,0.9357949412827461,0.6363636363636364,-0.034385727190605245,0.07066176470588235
810,final_quarter,Temperature,81,0.7975158084914181,0.6363636363636364,-0.03940943992773262,0.04852941176470589
810,final_quarter,Fisher,81,0.8441282746160794,0.5,-0.02632678410117435,0.030514705882352944
811,final_quarter,Semantic,83,0.8666092943201376,0.38461538461538464,0.0021325721002476887,0.05698529411764706
811,final_quarter,Temperature,83,0.8634818017715461,0.6363636363636364,-0.002995256286469921,0.08281512605042017
811,final_quarter,Fisher,83,0.5267830905503547,0.2857142857142857,-0.03709646950170018,0.03897058823529412
814,final_quarter,Semantic,72,0.8425622226509746,0.6,-0.009765901344137887,0.06677655677655678
814,final_quarter,Temperature,72,0.7431024503183485,0.45454545454545453,-0.019597723326258927,0.05142857142857142
814,final_quarter,Fisher,72,0.7456428066113577,0.3333333333333333,0.028215640877226833,0.07725274725274725
816,final_quarter,Semantic,84,0.8418750632783234,0.38461538461538464,0.0172511896324795,0.04308823529411765
816,final_quarter,Temperature,84,0.7334818264655261,0.2857142857142857,0.016738888326414895,0.06639705882352942
816,final_quarter,Fisher,84,0.8641692821706998,0.8,-0.012937126657892073,0.07772058823529412
820,final_quarter,Semantic,79,0.923003894839338,0.45454545454545453,-0.026050389483933782,0.048571428571428564
820,final_quarter,Temperature,79,0.8155063291139242,0.45454545454545453,-0.015007302823758523,0.05582417582417583
820,final_quarter,Fisher,79,0.876095423563778,0.45454545454545453,0.003880233690360267,0.09699633699633699
824,final_quarter,Semantic,66,0.864815781233692,0.5555555555555556,0.013912952718922872,0.06794871794871796
824,final_quarter,Temperature,66,0.6761507149566852,0.5555555555555556,0.034278259054378465,0.07855477855477855
824,final_quarter,Fisher,66,0.9061893330550049,0.2727272727272727,0.026158021083394222,0.07004662004662005
825,final_quarter,Semantic,91,0.8029144768275204,0.6666666666666666,-0.010739767478897912,0.0717406260749914
825,final_quarter,Temperature,91,0.8463449593884378,0.6666666666666666,0.03569198917025004,0.06286549707602337
825,final_quarter,Fisher,91,0.8261984392419176,0.8181818181818182,0.0023976747889791336,0.058698830409356716
830,final_quarter,Semantic,97,0.853000736377025,0.5384615384615384,0.0006140858405217769,0.06494238046095631
830,final_quarter,Temperature,97,0.9344229960025247,0.6666666666666666,0.0289350147275405,0.06706226350189198
830,final_quarter,Fisher,97,0.7831501157163896,0.5384615384615384,-0.009683357879234172,0.05892672858617132
837,final_quarter,Semantic,86,0.9090900514175195,0.38461538461538464,-0.0032841171753384595,0.05110294117647059
837,final_quarter,Temperature,86,0.6041888768338128,0.5,-0.03407519222604839,0.061470588235294124
837,final_quarter,Fisher,86,0.832954384640785,0.5,0.018165951224114345,0.05301470588235294
842,final_quarter,Semantic,70,0.9502755664421311,0.5555555555555556,-0.03507304697751728,0.03974358974358975
842,final_quarter,Temperature,70,0.8118449829411251,1.0,0.02930977167351938,0.054487179487179495
842,final_quarter,Fisher,70,0.6928002799405125,0.5555555555555556,0.02251421572915755,0.06346153846153846
850,final_quarter,Semantic,97,0.9509651798863874,0.8181818181818182,0.014320560698506202,0.05701754385964911
850,final_quarter,Temperature,97,0.9035872080791079,0.5384615384615384,-0.008080422890805804,0.06693756449948399
850,final_quarter,Fisher,97,0.9094387755102039,0.6666666666666666,0.0028265043130654283,0.045906432748538006
864,final_quarter,Semantic,83,0.8243146803240836,0.38461538461538464,-0.009211410100331639,0.04272058823529412
864,final_quarter,Temperature,83,0.928781327400193,0.5,0.015955459468536163,0.05477941176470589
864,final_quarter,Fisher,83,0.898975693715629,0.6363636363636364,0.04276583686663027,0.08566176470588235
870,final_quarter,Semantic,81,0.8668021680216802,0.38461538461538464,-0.017179313459801268,0.04713235294117647
870,final_quarter,Temperature,81,0.7381662149954833,0.6363636363636364,0.02052393857271906,0.07727941176470589
870,final_quarter,Fisher,81,0.8657181571815717,0.38461538461538464,-0.029416214995483282,0.0695063025210084
876,final_quarter,Semantic,99,0.8993197278911563,0.6666666666666666,-9.894867037724062e-05,0.06350189198486413
876,final_quarter,Temperature,99,0.7777365491651206,0.6666666666666666,-0.008096474953617809,0.04853801169590642
876,final_quarter,Fisher,99,0.8750278293135435,1.0,-0.0019523809523809502,0.042982456140350865
879,final_quarter,Semantic,80,0.9369667135489922,0.7777777777777778,0.03524144397562119,0.0519047619047619
879,final_quarter,Temperature,80,0.9262541022034694,0.7777777777777778,-0.04547585560243787,0.03428571428571429
879,final_quarter,Fisher,80,0.9104313173933427,0.6,0.008001640881387714,0.04047619047619048
887,final_quarter,Semantic,90,0.9506111865662428,0.8,0.01709511462320451,0.0672794117647059
887,final_quarter,Temperature,90,0.6645182532822982,0.2857142857142857,-0.00990328024035889,0.058602941176470594
887,final_quarter,Fisher,90,0.875490801333498,0.8,0.00806930896818538,0.04742647058823529
892,final_quarter,Semantic,93,0.8944824087613021,0.8181818181818182,-0.010069827817731492,0.06786635706914344
892,final_quarter,Temperature,93,0.793649846319119,0.5384615384615384,-0.016561726000417776,0.06584107327141382
892,final_quarter,Fisher,93,0.7004118050789293,0.5384615384615384,-0.0027550655008803065,0.03771929824561403
896,final_quarter,Semantic,66,0.6920989458302893,0.5555555555555556,-0.04669658699509446,0.039743589743589734
896,final_quarter,Temperature,66,0.840642939150402,0.5555555555555556,0.023093622795115336,0.046794871794871795
896,final_quarter,Fisher,66,0.9445569356017119,0.4,0.030322513307587944,0.06025641025641025
899,final_quarter,Semantic,93,0.9735161588732056,0.8181818181818182,0.017492017546477272,0.04824561403508772
899,final_quarter,Temperature,93,0.8514965235295872,0.42857142857142855,-0.02149368863955119,0.045614035087719294
899,final_quarter,Fisher,93,0.9167288353078092,1.0,-0.011984870639491507,0.07359821121431029
900,final_quarter,Semantic,74,0.9671825249907439,0.7777777777777778,-0.003957052943354316,0.08164835164835163
900,final_quarter,Temperature,74,0.8259015179563122,0.23076923076923078,0.028887078859681593,0.06772893772893772
900,final_quarter,Fisher,74,0.9761569788967048,1.0,-0.019810440577563856,0.04153846153846154
907,final_quarter,Semantic,79,0.9662122687439143,0.6,0.013750000000000002,0.06999999999999998
907,final_quarter,Temperature,79,0.9484907497565727,0.6,-0.01257424537487829,0.05523809523809523
907,final_quarter,Fisher,79,0.9688412852969814,0.45454545454545453,0.039813777994157744,0.06523809523809523
914,final_quarter,Semantic,73,0.8660681229174382,0.6,-0.0013189559422436118,0.058681318681318685
914,final_quarter,Temperature,73,0.9078736270517093,0.23076923076923078,0.026207885968159955,0.03761904761904762
914,final_quarter,Fisher,73,0.8357089966679009,0.45454545454545453,-0.02045384425521412,0.05249084249084248
920,final_quarter,Semantic,73,0.6116253239540912,0.45454545454545453,-0.034963902258422816,0.062380952380952384
920,final_quarter,Temperature,73,0.7131926446994941,0.3333333333333333,0.014545538689374304,0.0801098901098901
920,final_quarter,Fisher,73,0.658675799086758,0.3333333333333333,0.028214858694310757,0.05688644688644688
921,final_quarter,Semantic,77,0.948314843051685,0.6,0.01338004101161995,0.08571428571428572
921,final_quarter,Temperature,77,0.9063042220936958,0.7777777777777778,-0.02455833640044166,0.027142857142857142
921,final_quarter,Fisher,77,0.7831116252168883,0.45454545454545453,-0.024939534150060463,0.058571428571428566
924,final_quarter,Semantic,76,0.9537388926862611,0.23076923076923078,-0.03286671223513329,0.06344322344322344
924,final_quarter,Temperature,76,0.8635953520164046,0.7777777777777778,0.025710184552289822,0.053553113553113554
924,final_quarter,Fisher,76,0.7715105946684893,0.7777777777777778,0.04514695830485304,0.07249084249084249
931,final_quarter,Semantic,115,0.6763118440779611,0.5,-0.005433993529551016,0.05959909655561829
931,final_quarter,Temperature,115,0.738578079381362,0.5,0.04221691785686105,0.06657820440429135
931,final_quarter,Fisher,115,0.5866093269154896,0.5,0.0021167048054919918,0.06609260304912477
935,final_quarter,Semantic,91,0.8537346711259756,0.5384615384615384,-0.013073737856346551,0.05209838321293429
935,final_quarter,Temperature,91,0.8290173594521422,0.6666666666666666,-0.016197642936773372,0.06133040935672514
935,final_quarter,Fisher,91,0.829909221213569,0.42857142857142855,0.040518394648829434,0.06910904712762297
940,final_quarter,Semantic,103,0.9298532706585247,0.4666666666666667,-0.030307955893335688,0.05908521303258146
940,final_quarter,Temperature,103,0.8749505776918683,0.4666666666666667,0.027001603479330494,0.06773182957393484
940,final_quarter,Fisher,103,0.7842331854325001,0.5714285714285714,0.030913104599569474,0.06416457811194652
946,final_quarter,Semantic,85,0.9711940590189564,0.8,-0.009441078757084225,0.06477941176470589
946,final_quarter,Temperature,85,0.860171975767051,0.8,-0.0005794410787570842,0.045220588235294124
946,final_quarter,Fisher,85,0.9260504201680672,0.6363636363636364,0.024418604651162794,0.058529411764705885
954,final_quarter,Semantic,123,0.8891540158130297,0.625,-0.012039377797268188,0.06563043478260869
954,final_quarter,Temperature,123,0.7627529633307968,0.5294117647058824,-0.002022416839715731,0.06289855072463768
954,final_quarter,Fisher,123,0.8486927809521353,0.4444444444444444,-0.04508519172975971,0.047166666666666676
957,final_quarter,Semantic,75,0.9323186344238974,0.3333333333333333,0.04443100995732574,0.07439560439560439
957,final_quarter,Temperature,75,0.7692460881934565,0.45454545454545453,0.003941678520625889,0.0924908424908425
957,final_quarter,Fisher,75,0.8886770981507823,0.7777777777777778,0.012129445234708396,0.06355311355311355
959,final_quarter,Semantic,92,0.5799361928394187,0.17647058823529413,-0.010714671023226425,0.04425524595803233
959,final_quarter,Temperature,92,0.635790576884546,0.42857142857142855,0.0211788912349922,0.06162280701754386
959,final_quarter,Fisher,92,0.5093630072592205,0.25,-0.004750859238937781,0.06722996216030272
960,final_quarter,Semantic,77,0.930253956569746,1.0,0.011171723013828277,0.048095238095238094
960,final_quarter,Temperature,77,0.9074346705925652,0.6,0.027394973447605026,0.05857142857142857
960,final_quarter,Fisher,77,0.8338766496661234,0.7777777777777778,-0.009005468215994539,0.0563003663003663
962,final_quarter,Semantic,66,0.839014716626657,0.75,-0.02462373447448074,0.08317016317016317
962,final_quarter,Temperature,66,0.8808475106982572,0.75,0.028765264586160116,0.09564102564102565
962,final_quarter,Fisher,66,0.8423546602651082,0.75,-0.008184949378979232,0.04423076923076923
975,final_quarter,Semantic,77,0.922077922077922,0.6,0.02479231295020768,0.06523809523809523
975,final_quarter,Temperature,77,0.7422051632577948,0.23076923076923078,0.021755875703244124,0.0563003663003663
975,final_quarter,Fisher,77,0.8568010936431988,0.45454545454545453,0.03819470003680529,0.05344322344322344
977,final_quarter,Semantic,81,0.8771680216802168,0.5,-0.018437217705510392,0.05522058823529412
977,final_quarter,Temperature,81,0.7732384823848237,0.5,0.006917344173441734,0.07301470588235294
977,final_quarter,Fisher,81,0.7903116531165311,0.5,-0.037471770551038834,0.05808823529411765
978,final_quarter,Semantic,94,0.9652349817577575,0.6666666666666666,0.004027020192898165,0.05209838321293429
978,final_quarter,Temperature,94,0.8830473575840769,0.3333333333333333,-0.05112885164180182,0.05146198830409356
978,final_quarter,Fisher,94,0.9229418776866669,0.5384615384615384,0.02722392804248095,0.07139662882696937
984,final_quarter,Semantic,93,0.9649667273432604,0.8181818181818182,0.0027438751454746174,0.0608703130374957
984,final_quarter,Temperature,93,0.8877383545701409,0.8181818181818182,0.009311121721225862,0.06986154110767114
984,final_quarter,Fisher,93,0.9029721583957505,1.0,-0.04695622332965294,0.04747162022703818
988,final_quarter,Semantic,80,0.8924519456165027,0.45454545454545453,-0.0028398968588842026,0.04428571428571428
988,final_quarter,Temperature,80,0.8484763244256915,0.6,0.002448429442100328,0.05047619047619047
988,final_quarter,Fisher,80,0.8952180028129396,0.45454545454545453,-0.010682137834036572,0.0563003663003663
995,final_quarter,Semantic,100,0.37980198019801975,0.25,0.020453645364536456,0.067406260749914
995,final_quarter,Temperature,100,0.9764296429642964,1.0,0.004955895589558956,0.05765393876848986
995,final_quarter,Fisher,100,0.9797299729972996,1.0,0.0023738373837383746,0.05214998280013759
998,final_quarter,Semantic,86,0.9721873673286475,1.0,0.01232510967498467,0.061102941176470596
998,final_quarter,Temperature,86,0.7129109863672815,0.5,0.024244539836784745,0.08156512605042017
998,final_quarter,Fisher,86,0.8539365064389829,0.5,0.022509552337374405,0.05558823529411765
2,final_half,Semantic,101,0.8014676761793826,0.2222222222222222,0.006736750145602792,0.04956140350877193
2,final_half,Temperature,101,0.8494700058241118,0.375,0.01864414676761794,0.07959482038429408
2,final_half,Fisher,101,0.7250902737332556,0.375,-0.02146651135701805,0.05619047619047619
19,final_half,Semantic,76,0.8572248803827751,0.6,-0.0639166097060834,0.0745054945054945
19,final_half,Temperature,76,0.6250170881749829,0.3333333333333333,-0.03499521531100478,0.06238095238095237
19,final_half,Fisher,76,0.6793711551606288,0.3333333333333333,0.007976760082023235,0.06190476190476189
30,final_half,Semantic,72,0.9376487233905719,0.6,-0.02277156087208181,0.06190476190476189
30,final_half,Temperature,72,0.8263875490385236,0.3333333333333333,-0.009497395330889452,0.041428571428571426
30,final_half,Fisher,72,0.7199819924110876,0.3333333333333333,0.019374236285291658,0.06058608058608058
31,final_half,Semantic,104,0.9166222127387177,0.375,0.035109890109890116,0.07221804511278197
31,final_half,Temperature,104,0.7766776912407981,0.29411764705882354,-0.040786834524698605,0.060672514619883045
31,final_half,Fisher,104,0.7724314520431026,0.4666666666666667,-0.00840499306518724,0.06884294068504596
36,final_half,Semantic,79,0.8397517039922104,0.45454545454545453,-0.01694985394352483,0.06285714285714286
36,final_half,Temperature,79,0.8370009737098346,0.45454545454545453,0.002385589094449852,0.0706959706959707
36,final_half,Fisher,79,0.8336173320350536,0.45454545454545453,-0.00900438169425511,0.04095238095238095
41,final_half,Semantic,97,0.6964811697875026,0.17647058823529413,-0.009906243425205139,0.04946680426556588
41,final_half,Temperature,97,0.580541237113402,0.1111111111111111,0.002142725646959816,0.045321637426900575
41,final_half,Fisher,97,0.667157584683358,0.05263157894736842,0.018759862192299602,0.06228070175438596
46,final_half,Semantic,76,0.7933834586466165,0.45454545454545453,-0.009744360902255639,0.04380952380952381
46,final_half,Temperature,76,0.7627887901572111,0.3333333333333333,0.007930280246069718,0.06238095238095237
46,final_half,Fisher,76,0.7317019822282981,0.45454545454545453,0.03535885167464114,0.06857142857142857
61,final_half,Semantic,76,0.5662064251537936,0.3333333333333333,-0.012470266575529732,0.048095238095238094
61,final_half,Temperature,76,0.8809569377990429,0.7777777777777778,-0.014362269309637733,0.05190476190476191
61,final_half,Fisher,76,0.3569104579630895,0.23076923076923078,-0.04667942583732058,0.05904761904761905
66,final_half,Semantic,78,0.8124660149976606,0.45454545454545453,-0.013702752943259275,0.0338095238095238
66,final_half,Temperature,78,0.9035142073116755,0.6,-0.007778297651715366,0.04582417582417582
66,final_half,Fisher,78,0.8881371792764197,0.6,0.013969574729068398,0.054761904761904755
67,final_half,Semantic,79,0.7687439143135346,0.6,-0.038375121713729324,0.03534798534798535
67,final_half,Temperature,79,0.7616601752677703,0.6,-0.022675267770204482,0.05523809523809523
67,final_half,Fisher,79,0.8406767283349562,1.0,0.03352604673807206,0.0463003663003663
68,final_half,Semantic,87,0.933950572282569,0.5,-0.06483013778522999,0.04860294117647059
68,final_half,Temperature,87,0.9535977254501712,0.6363636363636364,-0.021293832470656845,0.02977941176470588
68,final_half,Fisher,87,0.8771050521251001,0.5,-0.013681016257199096,0.05404411764705883
70,final_half,Semantic,65,0.8819493006993008,0.5555555555555556,-0.02437937062937063,0.06555944055944055
70,final_half,Temperature,65,0.888854895104895,0.5555555555555556,-0.012637674825174824,0.06107226107226107
70,final_half,Fisher,65,0.8562937062937064,0.5555555555555556,-0.006840034965034966,0.051923076923076926
71,final_half,Semantic,69,0.8598465473145781,0.5555555555555556,0.0067446108878333995,0.08927738927738928
71,final_half,Temperature,69,0.7850931677018634,0.4,-0.03509864815491415,0.08222610722610722
71,final_half,Fisher,69,0.7776032151991232,0.4,-0.015401899890390942,0.04743589743589743
72,final_half,Semantic,80,0.6789263947491796,0.3333333333333333,0.009805438349742148,0.054761904761904755
72,final_half,Temperature,80,0.6360759493670886,0.23076923076923078,0.0023710736052508265,0.03333333333333333
72,final_half,Fisher,80,0.7875527426160338,0.45454545454545453,0.015015236755743084,0.06296703296703296
73,final_half,Semantic,65,0.7807692307692308,0.2727272727272727,-0.021988636363636366,0.046794871794871795
73,final_half,Temperature,65,0.8415646853146853,0.2727272727272727,-0.016693618881118887,0.06730769230769232
73,final_half,Fisher,65,0.8254807692307692,0.2727272727272727,0.00253496503496503,0.06427738927738927
75,final_half,Semantic,84,0.7935202996861396,0.5,-0.053363369444163214,0.061470588235294124
75,final_half,Temperature,84,0.8660321960109345,0.38461538461538464,0.0029735749721575347,0.07812782805429865
75,final_half,Fisher,84,0.8943403867571126,0.6363636363636364,-0.04246734838513718,0.04566176470588236
76,final_half,Semantic,76,0.7268626110731374,0.14285714285714285,-0.009197539302802463,0.047619047619047616
76,final_half,Temperature,76,0.7211483253588516,0.23076923076923078,0.009849624060150377,0.05761904761904761
76,final_half,Fisher,76,0.7952153110047846,0.45454545454545453,0.0037429938482570015,0.05523809523809523
77,final_half,Semantic,82,0.7366376073399288,0.5,-0.00011536661551354369,0.0736029411764706
77,final_half,Temperature,82,0.5792383626647511,0.38461538461538464,0.018291050380383318,0.05772058823529412
77,final_half,Fisher,82,0.5687247635528565,0.2857142857142857,0.008650319434921264,0.05779411764705883
85,final_half,Semantic,89,0.8972080354102826,0.8,-0.030547327204630575,0.058529411764705885
85,final_half,Temperature,89,0.8889853592100784,0.5,0.00961950970377937,0.051470588235294115
85,final_half,Fisher,89,0.8889513108614233,0.6363636363636364,-0.003039666326183182,0.05735294117647059
93,final_half,Semantic,81,0.9075880758807587,0.5,0.0065503613369467,0.05073529411764706
93,final_half,Temperature,81,0.9202800361336946,0.5,0.0036291779584462476,0.05772058823529412
93,final_half,Fisher,81,0.909620596205962,0.5,0.039096657633243,0.05477941176470589
97,final_half,Semantic,82,0.830128100477792,1.0,-0.04741023715458038,0.04191176470588236
97,final_half,Temperature,82,0.8049868852102176,0.5,0.013491363829300945,0.0720063025210084
97,final_half,Fisher,82,0.8970625047615939,0.5,0.027038234237764063,0.0788970588235294
108,final_half,Semantic,74,0.8447389855609033,0.23076923076923078,0.006793039614957422,0.06523809523809523
108,final_half,Temperature,74,0.8862643465383189,1.0,0.012284339133654195,0.08307692307692308
108,final_half,Fisher,74,0.8535061088485744,0.7777777777777778,0.0026168085894113235,0.04868131868131868
110,final_half,Semantic,79,0.6923320350535541,0.23076923076923078,0.0052543816942551115,0.05963369963369963
110,final_half,Temperature,79,0.8901898734177216,0.45454545454545453,-0.016702775073028236,0.05142857142857142
110,final_half,Fisher,79,0.8380720545277507,0.45454545454545453,-0.002048442064264849,0.049157509157509154
114,final_half,Semantic,84,0.8071074212817658,0.2857142857142857,0.007582261820390806,0.05735294117647059
114,final_half,Temperature,84,0.7594613749114103,0.2,-0.0028541054976207333,0.0470063025210084
114,final_half,Fisher,84,0.9426749012858157,0.38461538461538464,0.024355573554723096,0.08029411764705882
115,final_half,Semantic,102,0.8208209170431606,0.4666666666666667,0.014200089340744465,0.05619047619047619
115,final_half,Temperature,102,0.94337606233496,0.4666666666666667,-0.04811621082153904,0.06456140350877194
115,final_half,Fisher,102,0.9512697129221774,0.5714285714285714,-0.012374824004387875,0.06035087719298247
117,final_half,Semantic,76,0.8542720437457278,0.6,0.02320437457279563,0.07285714285714286
117,final_half,Temperature,76,0.6257826384142173,0.45454545454545453,0.019650034176349963,0.04428571428571428
117,final_half,Fisher,76,0.8425427204374574,0.6,0.046593301435406694,0.06857142857142857
119,final_half,Semantic,76,0.8202597402597402,0.7777777777777778,-0.05243062200956938,0.07523809523809524
119,final_half,Temperature,76,0.7828298017771702,0.6,0.008015037593984961,0.07748917748917748
119,final_half,Fisher,76,0.7260970608339029,0.6,-0.0042214627477785375,0.061648351648351654
122,final_half,Semantic,76,0.8401367053998633,0.6,0.026381408065618582,0.05523809523809523
122,final_half,Temperature,76,0.6594395078605605,0.3333333333333333,-0.026282980177717012,0.03047619047619048
122,final_half,Fisher,76,0.727218045112782,0.14285714285714285,-0.030795625427204376,0.0519047619047619
126,final_half,Semantic,82,0.9124955104972736,0.38461538461538464,0.017793667896518324,0.06281512605042017
126,final_half,Temperature,82,0.804834514208596,0.2857142857142857,0.07317617352880357,0.08889705882352941
126,final_half,Fisher,82,0.9231614806107901,0.8,0.01543844755716634,0.08772058823529412
128,final_half,Semantic,83,0.8509718315771797,0.6363636363636364,0.015547206246589142,0.05367647058823529
128,final_half,Temperature,83,0.8820578481172074,0.5,0.0378751941564166,0.06656512605042017
128,final_half,Fisher,83,0.8782376894336928,0.6363636363636364,0.0021630074304185383,0.06772058823529412
134,final_half,Semantic,80,0.8613689639006096,0.6,-0.0435841537740272,0.044871794871794865
134,final_half,Temperature,80,0.7865916549460853,0.45454545454545453,-0.0115084388185654,0.048681318681318676
134,final_half,Fisher,80,0.9334036568213784,0.6,0.015918893577121423,0.06677655677655676
136,final_half,Semantic,68,0.6964537924189792,0.5555555555555556,-0.00986181623850059,0.06474358974358974
136,final_half,Temperature,68,0.929381226858037,0.75,0.03959422834675726,0.07534965034965035
136,final_half,Fisher,68,0.853914570370653,0.4,0.025094476466771005,0.08432400932400932
152,final_half,Semantic,90,0.8814174589455487,0.8,0.009079310202905711,0.05619747899159664
152,final_half,Temperature,90,0.895921307157262,0.8,-0.0006157138741408422,0.049779411764705885
152,final_half,Fisher,90,0.7993991027698892,0.5,-0.00932131538873112,0.04602941176470589
154,final_half,Semantic,96,0.7047205642973413,0.6666666666666666,0.02837357569180684,0.04064327485380117
154,final_half,Temperature,96,0.9085051546391752,0.6666666666666666,0.015462561041779704,0.054678362573099416
154,final_half,Fisher,96,0.8140260444926749,0.8181818181818182,0.009584237655995658,0.04035087719298245
182,final_half,Semantic,76,0.8886944634313055,0.3333333333333333,-0.023994531784005468,0.05201465201465201
182,final_half,Temperature,76,0.8635406698564594,0.6,-0.02628571428571429,0.047619047619047616
182,final_half,Fisher,76,0.8893233082706768,0.6,-0.01021326042378674,0.06190476190476191
189,final_half,Semantic,71,0.8854124748490944,0.6,0.016705231388329973,0.041428571428571426
189,final_half,Temperature,71,0.8803487592219986,0.45454545454545453,0.07245808182427901,0.10948717948717948
189,final_half,Fisher,71,0.723440643863179,0.3333333333333333,0.05335010060362173,0.07010989010989012
202,final_half,Semantic,83,0.7944460769908902,0.5,0.005045967843499433,0.05735294117647059
202,final_half,Temperature,83,0.6671004575794467,0.38461538461538464,0.029927375005247468,0.061911764705882354
202,final_half,Fisher,83,0.6342512908777967,0.38461538461538464,-0.00525901515469544,0.07110294117647059
204,final_half,Semantic,80,0.7762306610407876,0.3333333333333333,-0.0016408813877168311,0.06010989010989011
204,final_half,Temperature,80,0.76530707923113,0.3333333333333333,0.027601969057665265,0.055824175824175815
204,final_half,Fisher,80,0.7865916549460853,0.6,-0.04037271448663854,0.048095238095238094
206,final_half,Semantic,95,0.7687709966405375,0.3333333333333333,-0.04182810750279955,0.045300137598899205
206,final_half,Temperature,95,0.9146696528555431,0.5384615384615384,-0.013450447928331466,0.05502235982112143
206,final_half,Fisher,95,0.854661254199328,0.42857142857142855,0.005289753639417693,0.05268317853457172
211,final_half,Semantic,77,0.8825910931174088,0.6,0.01587622903412377,0.06428571428571428
211,final_half,Temperature,77,0.8823807771176191,0.6,-0.002876071297123928,0.05736263736263736
211,final_half,Fisher,77,0.8639255481360745,0.7777777777777778,-0.009732372890267625,0.07058608058608058
218,final_half,Semantic,93,0.6563814866760167,0.5384615384615384,-0.002804303064665334,0.07512469900240798
218,final_half,Temperature,93,0.810703947957387,0.3333333333333333,0.03793455880158753,0.06786635706914344
218,final_half,Fisher,93,0.8286234370803616,0.5384615384615384,-0.039325146966667654,0.054385964912280704
219,final_half,Semantic,72,0.8817287285355973,0.6,0.019811563444594508,0.04047619047619048
219,final_half,Temperature,72,0.8119493214997751,0.45454545454545453,0.0015049199305421548,0.07619047619047618
219,final_half,Fisher,72,0.9679400604540488,1.0,0.023589941475336045,0.046886446886446886
224,final_half,Semantic,74,0.7237171417993334,0.6,0.010975194372454644,0.05285714285714286
224,final_half,Temperature,74,0.8065901517956311,0.7777777777777778,0.010661236579044796,0.059157509157509156
224,final_half,Fisher,74,0.7900629396519805,0.45454545454545453,-0.0016275453535727527,0.03809523809523809
236,final_half,Semantic,68,0.889185784631828,0.75,-0.0151009657594381,0.06555944055944056
236,final_half,Temperature,68,0.7803183570637858,0.4,-0.01737794403939382,0.06876456876456875
236,final_half,Fisher,68,0.8389510249265182,0.5555555555555556,0.003710348513188537,0.05128205128205128
238,final_half,Semantic,85,0.7355286300566739,0.8,-0.014723470783662304,0.07066176470588235
238,final_half,Temperature,85,0.7732264999022864,0.2,0.005675200312683216,0.07102941176470588
238,final_half,Fisher,85,0.8714285714285714,0.8,-0.009133281219464532,0.05362394957983193
245,final_half,Semantic,74,0.8253980007404663,1.0,0.025310625694187332,0.07344322344322345
245,final_half,Temperature,74,0.5637467604590891,0.3333333333333333,-0.008853017400962608,0.0557142857142857
245,final_half,Fisher,74,0.7606516105146242,0.7777777777777778,-0.030844872269529793,0.08212454212454212
248,final_half,Semantic,87,0.9246373113654589,0.38461538461538464,0.006445469125902162,0.06852941176470588
248,final_half,Temperature,87,0.9353539403659691,0.8,0.0371045053583145,0.04522058823529412
248,final_half,Fisher,87,0.8543960049573521,0.38461538461538464,0.06652329226507253,0.07433823529411765
255,final_half,Semantic,89,0.779230507320395,0.38461538461538464,-0.007830268981954375,0.04852941176470589
255,final_half,Temperature,89,0.9302519577800479,0.5,-0.020629894450119174,0.07856900452488688
255,final_half,Fisher,89,0.8376064010895473,0.6363636363636364,0.023808307797071847,0.03720588235294118
259,final_half,Semantic,81,0.8712511291779584,0.6363636363636364,0.008862917795844619,0.061470588235294124
259,final_half,Temperature,81,0.8413730803974707,0.8,0.030158084914182474,0.048602941176470585
259,final_half,Fisher,81,0.9062556458897922,1.0,0.0036382113821138177,0.06889705882352941
269,final_half,Semantic,74,0.7330174009626063,0.23076923076923078,-0.025069233617178815,0.06915750915750915
269,final_half,Temperature,74,0.8221399481673454,0.23076923076923078,0.019902258422806372,0.07058608058608058
269,final_half,Fisher,74,0.7528322843391335,0.23076923076923078,-0.00790670122176972,0.06391941391941391
270,final_half,Semantic,85,0.7494234903263631,0.6363636363636364,0.03226011334766465,0.04191176470588236
270,final_half,Temperature,85,0.8190932186828219,0.5,-0.02002540551104163,0.036029411764705886
270,final_half,Fisher,85,0.8889192886456908,0.8,-0.012471174516318155,0.05220588235294118
284,final_half,Semantic,68,0.7089743100355002,0.4,0.02159789288849868,0.05128205128205128
284,final_half,Temperature,68,0.794976524029469,0.75,-0.0021166545787685564,0.07243589743589744
284,final_half,Fisher,68,0.8970111081421536,0.75,-0.04247623773714547,0.06107226107226107
287,final_half,Semantic,92,0.9404004130511844,0.42857142857142855,-0.007849513740116823,0.05906432748538011
287,final_half,Temperature,92,0.9372871168102584,0.5384615384615384,0.002856680486414004,0.060629514963880284
287,final_half,Fisher,92,0.963518949493704,0.5384615384615384,-0.029324322241573286,0.045614035087719294
288,final_half,Semantic,62,0.8560096698647731,0.4,-0.061436377829820456,0.06573426573426573
288,final_half,Temperature,62,0.825287703658936,0.75,0.009793256276598425,0.046794871794871795
288,final_half,Fisher,62,0.6110901261615169,0.5555555555555556,-0.02077761829216086,0.06346153846153846
298,final_half,Semantic,79,0.9223222979552093,0.7777777777777778,0.028157254138266797,0.06963369963369963
298,final_half,Temperature,79,0.8837877312560857,0.45454545454545453,-0.007502434274586174,0.06630036630036629
298,final_half,Fisher,79,0.9085929892891919,0.6,-0.02044668938656281,0.05915750915750915
303,final_half,Semantic,68,0.7844409665228843,0.5555555555555556,0.010489750734816965,0.05064102564102564
303,final_half,Temperature,68,0.6651524983776768,0.2727272727272727,-0.010073672557926475,0.05961538461538461
303,final_half,Fisher,68,0.8343703477497423,0.5555555555555556,0.00721647516891247,0.06812354312354311
304,final_half,Semantic,101,0.7996505532906232,0.5714285714285714,-0.011606872451951073,0.05146616541353384
304,final_half,Temperature,101,0.8712987769365171,0.375,-0.009700640652300526,0.04619047619047619
304,final_half,Fisher,101,0.8498194525334887,0.4666666666666667,0.018774606872451954,0.0759482038429407
305,final_half,Semantic,82,0.831477672206441,0.2857142857142857,-0.02150172505741122,0.05404411764705883
305,final_half,Temperature,82,0.9070536890107856,0.6363636363636364,0.03290995962168457,0.10014705882352941
305,final_half,Fisher,82,0.9184379795605185,0.38461538461538464,0.007495564915488517,0.09730042016806723
307,final_half,Semantic,70,0.9201469687691366,0.5555555555555556,-0.0033942787157728986,0.06491841491841491
307,final_half,Temperature,70,0.8820400664858717,0.4,-6.823549995626093e-05,0.05192307692307692
307,final_half,Fisher,70,0.7077421048027294,0.2727272727272727,0.019961508179511856,0.06474358974358974
312,final_half,Semantic,89,0.7425774599931904,0.6363636363636364,0.03427902621722847,0.07031512605042017
312,final_half,Temperature,89,0.8079673135852913,0.38461538461538464,0.008103506979911477,0.06649159663865548
312,final_half,Fisher,89,0.6700204290091932,0.5,0.016536431733060943,0.06029411764705883
325,final_half,Semantic,68,0.8112379280070237,0.2727272727272727,0.00967095468946826,0.0641025641025641
325,final_half,Temperature,68,0.829522464404321,0.4,-0.04682978967057296,0.05192307692307692
325,final_half,Fisher,68,0.7713860365690728,0.2727272727272727,0.027749360613810736,0.0412004662004662
326,final_half,Semantic,92,0.42514988517793567,0.17647058823529413,-0.023112371499468272,0.0586343309253526
326,final_half,Temperature,92,0.7008153137185394,0.25,-0.006849251730037145,0.05209838321293429
326,final_half,Fisher,92,0.7986991970161675,0.42857142857142855,-0.0025630750735940082,0.05027089783281733
331,final_half,Semantic,81,0.9216124661246612,0.5,-0.022826332429990957,0.06281512605042017
331,final_half,Temperature,81,0.8724706413730804,0.5,-0.010772357723577233,0.06073529411764707
331,final_half,Fisher,81,0.885207768744354,0.5,-0.019633017163504962,0.057720588235294114
339,final_half,Semantic,76,0.761120984278879,0.3333333333333333,0.0021408065618591906,0.04428571428571428
339,final_half,Temperature,76,0.5967190704032809,0.23076923076923078,-0.03236363636363637,0.05095238095238095
339,final_half,Fisher,76,0.8336021872863978,0.7777777777777778,-0.006771018455228979,0.041428571428571426
340,final_half,Semantic,75,0.6789189189189189,0.23076923076923078,0.038462304409672826,0.04428571428571428
340,final_half,Temperature,75,0.8797155049786628,0.45454545454545453,0.0020938833570412515,0.054761904761904755
340,final_half,Fisher,75,0.8968705547652916,0.45454545454545453,0.01980085348506401,0.07556776556776558
342,final_half,Semantic,70,0.8507217216341527,0.75,0.02215554194733619,0.051923076923076926
342,final_half,Temperature,70,0.7743329542472224,0.2727272727272727,0.02989064823724959,0.0770979020979021
342,final_half,Fisher,70,0.7256233050476774,0.5555555555555556,0.017403551745254126,0.06346153846153847
351,final_half,Semantic,86,0.8677484787018255,0.8,-0.016011132600594363,0.038970588235294125
351,final_half,Temperature,86,0.8756356431907165,0.6363636363636364,-0.002262370866550308,0.05639705882352941
351,final_half,Fisher,86,0.9006179536770601,1.0,0.004104910608990987,0.06433823529411765
365,final_half,Semantic,75,0.7819345661450924,0.23076923076923078,-0.0273271692745377,0.05963369963369963
365,final_half,Temperature,75,0.8053200568990041,0.3333333333333333,-0.013418207681365573,0.04428571428571428
365,final_half,Fisher,75,0.8029871977240398,0.6,-0.01580654338549075,0.04
369,final_half,Semantic,75,0.8974679943100996,0.7777777777777778,-0.0014907539118065416,0.05523809523809524
369,final_half,Temperature,75,0.8305547652916074,1.0,0.013806543385490751,0.07164835164835164
369,final_half,Fisher,75,0.9180369843527738,0.7777777777777778,-0.002052631578947369,0.07725274725274725
377,final_half,Semantic,84,0.884053862508859,0.6363636363636364,-0.0019864331274678584,0.04933823529411765
377,final_half,Temperature,84,0.8875569504910399,0.38461538461538464,0.023341095474334318,0.036397058823529414
377,final_half,Fisher,84,0.6732611116735852,0.2,0.01751139009820796,0.05183823529411765
381,final_half,Semantic,100,0.8202940294029402,0.3333333333333333,-0.03782058205820582,0.03450292397660818
381,final_half,Temperature,100,0.8964776477647763,0.42857142857142855,-0.03409720972097209,0.060921912624699
381,final_half,Fisher,100,0.8259465946594658,0.3333333333333333,0.03591599159915991,0.06366959064327485
383,final_half,Semantic,67,0.9011892409609707,0.4,0.029543459174714674,0.04294871794871795
383,final_half,Temperature,67,0.8509058983159071,0.2727272727272727,0.025945805730704773,0.04358974358974359
383,final_half,Fisher,67,0.8011413520632135,0.5555555555555556,-0.009110862798307919,0.04294871794871795
384,final_half,Semantic,73,0.7799888930025919,0.7777777777777778,0.03206374182401581,0.06190476190476189
384,final_half,Temperature,73,0.8638775762063435,0.7777777777777778,-0.00813433296310009,0.054029304029304025
384,final_half,Fisher,73,0.8414167592249785,0.7777777777777778,-0.042181907935332594,0.05380952380952381
392,final_half,Semantic,74,0.7118104405775637,0.23076923076923078,0.018439096630877446,0.059047619047619036
392,final_half,Temperature,74,0.7360681229174378,0.45454545454545453,-0.013834875971862271,0.07783882783882783
392,final_half,Fisher,74,0.588034061458719,0.14285714285714285,-0.01043169196593854,0.059047619047619036
395,final_half,Semantic,71,0.9064050972501677,0.6,-0.0011887994634473514,0.06142857142857142
395,final_half,Temperature,71,0.8771294433266263,0.3333333333333333,-0.008378604963112005,0.0705860805860806
395,final_half,Fisher,71,0.8411133467471493,0.45454545454545453,-0.018314889336016094,0.06619047619047617
412,final_half,Semantic,70,0.7343714460677107,0.5555555555555556,-0.021919342139795295,0.04358974358974359
412,final_half,Temperature,70,0.7286326655585688,0.4,-0.028503193071472317,0.06555944055944055
412,final_half,Fisher,70,0.8912081182748666,0.5555555555555556,-0.02766862041816114,0.04889277389277389
419,final_half,Semantic,86,0.6161517052691164,0.2,0.0024491721307608842,0.04816176470588236
419,final_half,Temperature,86,0.6790037265908769,0.2,-0.029480635879050893,0.06602941176470588
419,final_half,Fisher,86,0.8536157365913486,0.38461538461538464,0.03447898485777631,0.06110294117647058
420,final_half,Semantic,95,0.843868980963046,0.6666666666666666,-0.007903835386338185,0.05964912280701754
420,final_half,Temperature,95,0.9038073908174692,0.6666666666666666,0.010627799552071668,0.060629514963880284
420,final_half,Fisher,95,0.9271976483762598,0.6666666666666666,0.006089025755879059,0.04391124871001032
425,final_half,Semantic,87,0.7274732084274985,0.5,-0.01754392359845448,0.0636029411764706
425,final_half,Temperature,87,0.7516403003572208,0.2857142857142857,-0.024025843843405996,0.05772058823529412
425,final_half,Fisher,87,0.4076146387694102,0.38461538461538464,0.006821826930086749,0.03602941176470588
429,final_half,Semantic,80,0.8023909985935304,0.3333333333333333,0.029606188466947965,0.07117216117216117
429,final_half,Temperature,80,0.7233239568682608,0.6,0.04135607126113457,0.06344322344322344
429,final_half,Fisher,80,0.7356774496015002,0.3333333333333333,-0.019685888420065634,0.027142857142857146
430,final_half,Semantic,89,0.883163091590058,0.6363636363636364,-0.027734082397003746,0.06183823529411765
430,final_half,Temperature,89,0.9279877425944845,0.6363636363636364,-0.001962036091249577,0.06441176470588236
430,final_half,Fisher,89,0.8304221995233233,0.2857142857142857,0.05214759959141983,0.06985294117647059
431,final_half,Semantic,88,0.8978021203902647,0.5,0.025103906167447437,0.06207983193277311
431,final_half,Temperature,88,0.706068824627523,0.5,-0.02515938149413547,0.061470588235294124
431,final_half,Fisher,88,0.8623155225247439,0.6363636363636364,-0.0004490859779507604,0.05441176470588236
439,final_half,Semantic,115,0.7986348930797759,0.5,-0.03048488913438018,0.05794466403162055
439,final_half,Temperature,115,0.7634182908545727,0.5,0.001589994476445989,0.0442970073404856
439,final_half,Fisher,115,0.7322891185985955,0.4117647058823529,-0.009369131223861755,0.05703557312252964
440,final_half,Semantic,73,0.7418240157966186,0.6,-0.017138714056522283,0.05963369963369962
440,final_half,Temperature,73,0.8557632975441196,0.6,-0.010368073553005055,0.0645054945054945
440,final_half,Fisher,73,0.748951005800321,0.45454545454545453,0.003163951622855729,0.06725274725274724
444,final_half,Semantic,78,0.21713729308666016,0.0,-0.010043121435526495,0.052490842490842494
444,final_half,Temperature,78,0.8385159144652814,0.3333333333333333,0.01044019271867373,0.06285714285714285
444,final_half,Fisher,78,0.7310537563702119,0.23076923076923078,-0.03976023976023975,0.04047619047619047
447,final_half,Semantic,86,0.6566441813293079,0.38461538461538464,-0.003257700834945046,0.06808823529411764
447,final_half,Temperature,86,0.34089343836973435,0.2,0.01189773102504835,0.03566176470588235
447,final_half,Fisher,86,0.6258880135855465,0.2857142857142857,0.016032831737346105,0.04816176470588236
465,final_half,Semantic,87,0.767678792738937,0.2857142857142857,0.03293358606109207,0.09193277310924369
465,final_half,Temperature,87,0.8889698913756651,0.6363636363636364,0.013253626886345408,0.05191176470588236
465,final_half,Fisher,87,0.8350586863016692,0.38461538461538464,0.0382991907851571,0.04816176470588236
471,final_half,Semantic,92,0.8230507220689548,0.6666666666666666,0.008788896937564539,0.08543171654626763
471,final_half,Temperature,92,0.5747268159610375,0.3333333333333333,0.00033367754265370143,0.07249312005503955
471,final_half,Fisher,92,0.5899850500131004,0.42857142857142855,-0.000866945116594485,0.04824561403508772
475,final_half,Semantic,97,0.933936461182411,0.5384615384615384,0.03548942772985482,0.07049793601651186
475,final_half,Temperature,97,0.8265043130654323,0.42857142857142855,-0.0010210656427519476,0.03187134502923976
475,final_half,Fisher,97,0.8431122448979591,0.6666666666666666,-0.03447164948453608,0.045906432748538006
476,final_half,Semantic,78,0.9039694482732457,0.7777777777777778,-0.0021206641459806004,0.03809523809523809
476,final_half,Temperature,78,0.8987341772151898,0.3333333333333333,-0.027889831687300037,0.048571428571428564
476,final_half,Fisher,78,0.8866955828981146,0.6,-0.00715487044600969,0.04047619047619047
481,final_half,Semantic,76,0.8186192754613807,0.45454545454545453,0.0030909090909090895,0.058571428571428566
481,final_half,Temperature,76,0.86066985645933,0.6,0.03502939166097061,0.06238095238095237
481,final_half,Fisher,76,0.5928913192071087,0.23076923076923078,0.015107313738892686,0.09378954378954378
485,final_half,Semantic,86,0.7940468890041982,0.5,-0.005192697768762676,0.05227941176470589
485,final_half,Temperature,86,0.8593329874050661,0.5,-0.001076465871031654,0.05191176470588236
485,final_half,Fisher,86,0.8331996792301524,0.38461538461538464,0.0029105146469173074,0.06066176470588236
490,final_half,Semantic,81,0.7852981029810299,0.5,-0.02538504968383017,0.03970588235294118
490,final_half,Temperature,81,0.7471318879855464,0.2857142857142857,0.043117660343270095,0.05735294117647059
490,final_half,Fisher,81,0.766869918699187,0.38461538461538464,-0.019137308039747062,0.1085294117647059
494,final_half,Semantic,69,0.8892948483741323,0.4,0.006419437340153456,0.06217948717948718
494,final_half,Temperature,69,0.6850200949945195,0.75,-0.03004018998903909,0.06107226107226107
494,final_half,Fisher,69,0.4247716477895507,0.2727272727272727,-0.02571063207891853,0.06794871794871794
497,final_half,Semantic,69,0.8514066496163684,0.4,-0.006565582754841067,0.0641025641025641
497,final_half,Temperature,69,0.8466569236390209,0.5555555555555556,0.0027073438070880527,0.05576923076923077
497,final_half,Fisher,69,0.674241870661308,0.5555555555555556,0.04247533796127146,0.06794871794871794
500,final_half,Semantic,69,0.6218487394957983,0.16666666666666666,0.0007014979905005488,0.04807692307692307
500,final_half,Temperature,69,0.7614541468761419,0.5555555555555556,0.05821337230544393,0.07773892773892774
500,final_half,Fisher,69,0.6373401534526855,0.5555555555555556,-0.04265984654731458,0.05512820512820512
504,final_half,Semantic,69,0.8354037267080747,0.4,-0.013397880891487034,0.04358974358974359
504,final_half,Temperature,69,0.8324442820606506,0.5555555555555556,-0.011258677383997082,0.06794871794871796
504,final_half,Fisher,69,0.8776032151991233,0.75,0.0217062477164779,0.05128205128205128
507,final_half,Semantic,81,0.8716350496838302,0.5,0.008712737127371273,0.06595588235294117
507,final_half,Temperature,81,0.8976738934056008,0.8,0.0008751129177958457,0.07772058823529412
507,final_half,Fisher,81,0.6340785907859079,0.2,0.030888663053297204,0.05808823529411765
510,final_half,Semantic,95,0.8637737961926092,0.6666666666666666,-0.045751679731243,0.05380116959064327
510,final_half,Temperature,95,0.7906634938409853,0.5384615384615384,0.00450657894736842,0.05180598555211559
510,final_half,Fisher,95,0.8861142217245241,0.6666666666666666,-0.018705207166853303,0.07266941864465085
514,final_half,Semantic,74,0.8289818585708995,0.3333333333333333,-0.016768604220659008,0.05523809523809524
514,final_half,Temperature,74,0.7117808219178081,0.45454545454545453,0.04193261754905589,0.05963369963369963
514,final_half,Fisher,74,0.8475823768974452,0.6,-0.0020614587189929654,0.06831501831501831
520,final_half,Semantic,79,0.8694011684518014,0.6,-0.0022018013631937674,0.049633699633699624
520,final_half,Temperature,79,0.8999756572541382,0.7777777777777778,-0.011981499513145082,0.05047619047619047
520,final_half,Fisher,79,0.8635345666991237,0.7777777777777778,-0.0496445959104187,0.05142857142857142
522,final_half,Semantic,73,0.6960693570282613,0.6,0.00012958163643094766,0.06153846153846154
522,final_half,Temperature,73,0.8353387634209553,0.23076923076923078,0.011589843267925462,0.05582417582417583
522,final_half,Fisher,73,0.5600703443169198,0.23076923076923078,-0.009621436504998148,0.07106227106227106
523,final_half,Semantic,86,0.8237464031322232,0.5,0.022689749516486626,0.058529411764705885
523,final_half,Temperature,86,0.940884003962451,0.6363636363636364,0.024585121939714134,0.07183823529411765
523,final_half,Fisher,86,0.7946318222557668,0.38461538461538464,-0.04672767583376575,0.04852941176470589
524,final_half,Semantic,104,0.6932678971513924,0.2222222222222222,-0.0019502827269817565,0.05320802005012533
524,final_half,Temperature,104,0.8303958177744587,0.375,-0.028820014936519783,0.051704260651629065
524,final_half,Fisher,104,0.841032753654113,0.29411764705882354,0.017542409047263417,0.04908521303258147
526,final_half,Semantic,91,0.8488931358496575,0.8181818181818182,0.01629479216435738,0.06126590987272103
526,final_half,Temperature,91,0.8778627169931519,0.6666666666666666,-0.004589106545628283,0.04035087719298245
526,final_half,Fisher,91,0.6637840420449116,0.5384615384615384,-0.00203057811753464,0.060629514963880284
540,final_half,Semantic,85,0.8627320695720149,0.5,-0.015352745749462582,0.07433823529411765
540,final_half,Temperature,85,0.8670705491498926,0.6363636363636364,-0.00182626538987688,0.04264705882352941
540,final_half,Fisher,85,0.7726011334766465,0.6363636363636364,-0.007849325776822357,0.045220588235294124
546,final_half,Semantic,87,0.7094481300575927,0.38461538461538464,0.001472625209593932,0.03860294117647059
546,final_half,Temperature,87,0.7131479186411022,0.5,-0.04041335569001968,0.044852941176470595
546,final_half,Fisher,87,0.5749617263249981,0.5,-0.037793431508347304,0.05073529411764706
555,final_half,Semantic,77,0.7687575582312424,0.23076923076923078,0.03138966296861033,0.06582417582417582
555,final_half,Temperature,77,0.7384983437615016,0.3333333333333333,-0.05401440664598559,0.0338095238095238
555,final_half,Fisher,77,0.9142436510857563,0.6,-0.002116304747883694,0.06296703296703296
568,final_half,Semantic,80,0.8170417252695734,0.45454545454545453,0.04999648382559775,0.054761904761904755
568,final_half,Temperature,80,0.9021565869667136,0.23076923076923078,0.00896741678387248,0.0657142857142857
568,final_half,Fisher,80,0.7122362869198312,0.14285714285714285,-0.03753516174402251,0.06857142857142857
570,final_half,Semantic,84,0.836367318011542,0.5,0.0007563025210084024,0.05808823529411765
570,final_half,Temperature,84,0.927710843373494,0.6363636363636364,0.03800344234079175,0.09058823529411765
570,final_half,Fisher,84,0.7881340488002431,0.5,-0.031118760757314966,0.07397058823529412
573,final_half,Semantic,69,0.7955791012056997,0.75,-0.03487029594446475,0.06794871794871796
573,final_half,Temperature,69,0.9413956887102667,1.0,0.0032188527584947014,0.04825174825174825
573,final_half,Fisher,69,0.9039093898428937,1.0,-0.000630252100840327,0.07086247086247086
575,final_half,Semantic,80,0.8292076887013596,0.45454545454545453,0.019484294421003284,0.04915750915750915
575,final_half,Temperature,80,0.8926629160806375,0.45454545454545453,0.03610173464603845,0.048095238095238094
575,final_half,Fisher,80,0.8927097984060011,0.6,0.0331868260665729,0.06904761904761905
581,final_half,Semantic,91,0.5670648192387323,0.42857142857142855,0.011941391941391936,0.066937564499484
581,final_half,Temperature,91,0.7369326325848065,0.42857142857142855,-0.024945851250199078,0.043567251461988296
581,final_half,Fisher,91,0.5874661570313744,0.42857142857142855,0.008622392100652972,0.07131062951496389
592,final_half,Semantic,77,0.7361585782638412,0.6,0.012912087912087911,0.04095238095238095
592,final_half,Temperature,77,0.7540354382459645,0.45454545454545453,0.01864714233135286,0.0519047619047619
592,final_half,Fisher,77,0.6693043798306956,0.14285714285714285,0.0019454229980545759,0.052967032967032965
595,final_half,Semantic,88,0.8677573879046179,0.6363636363636364,0.012642210559684407,0.039411764705882354
595,final_half,Temperature,88,0.8833080905920891,0.5,-0.03533249973583178,0.04301470588235294
595,final_half,Fisher,88,0.7106829629107818,0.38461538461538464,-0.0012759325138248043,0.05558823529411765
596,final_half,Semantic,86,0.8306712580782112,0.6363636363636364,-0.03131374121420821,0.06906512605042017
596,final_half,Temperature,86,0.8500495306382376,0.2857142857142857,0.03894145950280674,0.048161764705882355
596,final_half,Fisher,86,0.8164630407094674,0.2857142857142857,-0.004677579131091085,0.05183823529411765
601,final_half,Semantic,84,0.6789713475751746,0.38461538461538464,-0.0004282676926192167,0.08316176470588235
601,final_half,Temperature,84,0.6037460767439505,0.38461538461538464,0.006248860990179206,0.053256302521008415
601,final_half,Fisher,84,0.8458843778475246,0.5,0.00733724815227296,0.05661764705882353
605,final_half,Semantic,80,0.4691983122362869,0.14285714285714285,-0.006277543366150963,0.037142857142857144
605,final_half,Temperature,80,0.745897796530708,0.45454545454545453,-0.006448663853727143,0.06952380952380952
605,final_half,Fisher,80,0.5405063291139242,0.3333333333333333,0.029968354430379745,0.07498168498168498
606,final_half,Semantic,97,0.8793262150220912,0.42857142857142855,-0.02202161792552072,0.04654282765737874
606,final_half,Temperature,97,0.8870713233747105,0.17647058823529413,-0.013931990321901955,0.06028551771585827
606,final_half,Fisher,97,0.7972333263202188,0.5384615384615384,-0.02380272985482853,0.06584107327141384
608,final_half,Semantic,81,0.8591689250225836,0.2857142857142857,-0.013740966576332425,0.08147058823529413
608,final_half,Temperature,81,0.8007904245709122,0.8,-0.00535117434507678,0.06227941176470588
608,final_half,Fisher,81,0.9219286359530262,0.8,0.045448283649503166,0.07029411764705883
614,final_half,Semantic,91,0.778913839783405,0.17647058823529413,0.014980888676540852,0.07076023391812865
614,final_half,Temperature,91,0.7614906832298137,0.25,-0.004617773530817009,0.08378052975576196
614,final_half,Fisher,91,0.5804905239687849,0.17647058823529413,0.017448638318203535,0.04683522531819745
617,final_half,Semantic,69,0.9128607964925102,1.0,-0.028544026306174648,0.035256410256410256
617,final_half,Temperature,69,0.7180124223602485,0.2727272727272727,0.0011344537815126058,0.05064102564102563
617,final_half,Fisher,69,0.842455242966752,0.4,0.011419437340153453,0.032051282051282055
624,final_half,Semantic,78,0.9102163659125683,0.7777777777777778,0.005586818245046093,0.0657142857142857
624,final_half,Temperature,78,0.8529065870838022,0.7777777777777778,0.002010647580267832,0.05523809523809523
624,final_half,Fisher,78,0.9395794079338382,0.7777777777777778,0.012492570720418822,0.04534798534798534
631,final_half,Semantic,100,0.8752595259525953,0.42857142857142855,0.018382838283828383,0.06847265221878225
631,final_half,Temperature,100,0.7945034503450344,0.3333333333333333,-0.01232103210321032,0.06350189198486413
631,final_half,Fisher,100,0.7123432343234323,0.3333333333333333,-0.001076507650765074,0.05765393876848984
633,final_half,Semantic,73,0.6197704553868939,0.45454545454545453,-0.06163303714673578,0.04047619047619048
633,final_half,Temperature,73,0.8962421325435026,1.0,-0.017964025669505123,0.05736263736263736
633,final_half,Fisher,73,0.9144761199555721,0.7777777777777778,0.018363569048500564,0.062380952380952384
635,final_half,Semantic,83,0.7381302212333655,0.6363636363636364,0.03189202804248352,0.0820063025210084
635,final_half,Temperature,83,0.6282481843751311,0.38461538461538464,0.004060492842449937,0.08647058823529412
635,final_half,Fisher,83,0.7459594475462826,0.5,-0.010902145166029971,0.058529411764705885
636,final_half,Semantic,91,0.9205287466157033,0.5384615384615384,0.025507246376811593,0.058341933264533886
636,final_half,Temperature,91,0.858639910813824,0.5384615384615384,0.0447093486223921,0.05472996216030272
636,final_half,Fisher,91,0.9058767319636886,0.5384615384615384,-0.0315934065934066,0.06028551771585826
639,final_half,Semantic,64,0.8092490842490843,1.0,0.0036584249084249077,0.0564102564102564
639,final_half,Temperature,64,0.8698717948717948,0.75,-0.030604395604395603,0.06346153846153844
639,final_half,Fisher,64,0.7877289377289376,1.0,0.01801968864468865,0.07855477855477856
647,final_half,Semantic,72,0.7085021544793879,0.3333333333333333,0.024794198983857485,0.06725274725274724
647,final_half,Temperature,72,0.6191716509100265,0.14285714285714285,0.009158145218342021,0.06402930402930403
647,final_half,Fisher,72,0.8068042960962121,0.3333333333333333,-0.014107016528394106,0.05380952380952381
649,final_half,Semantic,69,0.8881256850566314,0.75,-0.0468597004018999,0.039102564102564095
649,final_half,Temperature,69,0.7459992692729267,0.4,0.01940445743514798,0.07948717948717948
649,final_half,Fisher,69,0.8394592619656559,0.75,0.00016624040920715723,0.05192307692307692
657,final_half,Semantic,81,0.9276422764227642,0.8,0.05186088527551941,0.05227941176470589
657,final_half,Temperature,81,0.8700316169828364,0.6363636363636364,0.00363143631436314,0.07772058823529412
657,final_half,Fisher,81,0.9163279132791328,0.38461538461538464,0.0021205962059620614,0.06774159663865546
668,final_half,Semantic,85,0.7581199921829197,0.5,-0.024107875708422898,0.03566176470588236
668,final_half,Temperature,85,0.8948798123900723,0.2857142857142857,0.005199335548172759,0.05808823529411765
668,final_half,Fisher,85,0.7076216533124877,0.2,-0.04254739104944302,0.05522058823529412
677,final_half,Semantic,93,0.8267434573722059,0.5384615384615384,-0.0024021962937542897,0.060629514963880284
677,final_half,Temperature,93,0.8738324729193397,0.25,-0.03778908418131359,0.0694014447884417
677,final_half,Fisher,93,0.7688221777923665,0.3333333333333333,4.550744531646167e-05,0.03771929824561403
681,final_half,Semantic,89,0.8215526046986722,0.38461538461538464,0.031772216547497456,0.08352941176470588
681,final_half,Temperature,89,0.8134150493701058,0.2857142857142857,0.007207184201566222,0.033529411764705884
681,final_half,Fisher,89,0.8199012597889003,0.5,0.006446203609124962,0.048161764705882355
683,final_half,Semantic,73,0.9047883499938296,0.45454545454545453,-0.030633715907688513,0.06190476190476189
683,final_half,Temperature,73,0.7366407503393806,0.23076923076923078,0.03250185116623473,0.06952380952380952
683,final_half,Fisher,73,0.9113908428976925,0.6,0.00644360113538196,0.04095238095238095
685,final_half,Semantic,83,0.8653708912304269,0.2857142857142857,0.0003620754796188258,0.07845588235294118
685,final_half,Temperature,83,0.8407917383820996,0.38461538461538464,0.0026300323244196322,0.05522058823529412
685,final_half,Fisher,83,0.7777801099869862,0.6363636363636364,0.040044498551698074,0.049705882352941176
691,final_half,Semantic,71,0.8949698189134808,0.6,0.020082159624413145,0.06794871794871796
691,final_half,Temperature,71,0.9208920187793427,0.6,-0.010503018108651905,0.09985347985347984
691,final_half,Fisher,71,0.8508383635144198,0.7777777777777778,-0.043554661301140184,0.06238095238095237
694,final_half,Semantic,97,0.8693719755943614,0.5384615384615384,0.03821994003787082,0.06384588923288613
694,final_half,Temperature,97,0.8447690932042919,0.5384615384615384,0.034672838207447924,0.04853801169590642
694,final_half,Fisher,97,0.658518304228908,0.25,-0.0226784399326741,0.07067423460612314
698,final_half,Semantic,83,0.8595776835565256,0.38461538461538464,-0.006289618403929309,0.05558823529411765
698,final_half,Temperature,83,0.8426598379581041,0.5,0.010225221443264343,0.06066176470588236
698,final_half,Fisher,83,0.8645732756811216,0.2,0.005024977960622984,0.07281512605042018
705,final_half,Semantic,74,0.7686190299888929,0.3333333333333333,-0.005212884116993709,0.054761904761904755
705,final_half,Temperature,74,0.9105812661977043,0.6,0.0002784154017030707,0.05582417582417583
705,final_half,Fisher,74,0.746345797852647,0.6,0.002194742687893373,0.0557142857142857
706,final_half,Semantic,89,0.8342185903983659,0.2857142857142857,0.015106401089547158,0.06441176470588236
706,final_half,Temperature,89,0.6059584610146409,0.2,0.0051378958120531166,0.06514705882352942
706,final_half,Fisher,89,0.796152536601975,0.5,-0.00818352059925094,0.06227941176470588
708,final_half,Semantic,77,0.8522530101477469,0.6,-0.015258425784741575,0.05904761904761905
708,final_half,Temperature,77,0.905646984594353,0.23076923076923078,0.047835059677164934,0.07058608058608058
708,final_half,Fisher,77,0.8970240286029758,0.45454545454545453,0.034106682790893315,0.07999999999999999
718,final_half,Semantic,76,0.7555707450444293,0.23076923076923078,-0.0325604921394395,0.06142857142857143
718,final_half,Temperature,76,0.6216814764183185,0.14285714285714285,-0.011203007518796989,0.06999999999999998
718,final_half,Fisher,76,0.6993028024606972,0.45454545454545453,0.0253028024606972,0.07058608058608058
728,final_half,Semantic,69,0.8819145049324078,0.5555555555555556,-0.033231640482279876,0.05064102564102564
728,final_half,Temperature,69,0.7946656923639023,0.75,0.01529594446474242,0.05897435897435897
728,final_half,Fisher,69,0.9010595542564853,1.0,-0.004020825721592986,0.023076923076923078
732,final_half,Semantic,95,0.7871500559910414,0.42857142857142855,-0.02018057110862262,0.0802201582387341
732,final_half,Temperature,95,0.9239501679731242,0.5384615384615384,0.0035820268756998853,0.06366959064327485
732,final_half,Fisher,95,0.8765537513997761,0.42857142857142855,-0.01980613101903695,0.04946680426556588
739,final_half,Semantic,72,0.8575792655476236,0.3333333333333333,0.05146954788089266,0.07569430569430569
739,final_half,Temperature,72,0.9080969837288573,0.45454545454545453,0.07964660106759279,0.06857142857142857
739,final_half,Fisher,72,0.7389542735867259,0.3333333333333333,0.009794842112032926,0.057252747252747246
741,final_half,Semantic,75,0.8683641536273113,0.6,-0.03284352773826458,0.06010989010989011
741,final_half,Temperature,75,0.8325746799431009,0.7777777777777778,0.02509388335704125,0.07212454212454213
741,final_half,Fisher,75,0.8387197724039829,0.7777777777777778,0.0013029871977240383,0.07619047619047618
759,final_half,Semantic,84,0.8617596436164828,0.5,0.013220613546623466,0.06772058823529412
759,final_half,Temperature,84,0.8639667915358914,0.38461538461538464,-0.05953528399311532,0.04602941176470589
759,final_half,Fisher,84,0.899625392325605,0.6363636363636364,0.02727953832135264,0.07191176470588236
763,final_half,Semantic,67,0.8561736770691996,0.5555555555555556,-0.004042621119003912,0.06923076923076923
763,final_half,Temperature,67,0.8307925612578818,0.2727272727272727,-0.024321573948439625,0.06107226107226107
763,final_half,Fisher,67,0.6652566046771492,0.2727272727272727,-0.048058504270093394,0.05961538461538461
771,final_half,Semantic,82,0.6198996528117892,0.2857142857142857,0.03896453020755107,0.06558823529411764
771,final_half,Temperature,82,0.6829812474831577,0.38461538461538464,-0.014372938910111996,0.061470588235294124
771,final_half,Fisher,82,0.777277130201021,0.2857142857142857,-0.024562205461412044,0.05147058823529412
773,final_half,Semantic,82,0.895168750884296,0.6363636363636364,-0.0277456710310075,0.07379201680672269
773,final_half,Temperature,82,0.8969101337599722,0.6363636363636364,-0.026634451083466654,0.044873949579831936
773,final_half,Fisher,82,0.8443639054864445,0.5,-0.001778387261784261,0.07702488687782806
777,final_half,Semantic,75,0.7676813655761023,0.3333333333333333,-0.0016500711237553353,0.06238095238095237
777,final_half,Temperature,75,0.8473684210526314,0.6,-0.0008762446657183467,0.048095238095238094
777,final_half,Fisher,75,0.7576102418207682,0.45454545454545453,-0.034591749644381206,0.07714285714285714
779,final_half,Semantic,97,0.8682542604670733,0.42857142857142855,0.015036555859457188,0.04883040935672515
779,final_half,Temperature,97,0.8043735535451293,0.42857142857142855,-0.009204055333473595,0.05736154110767113
779,final_half,Fisher,97,0.4212076583210603,0.5384615384615384,0.01810567010309278,0.04946680426556588
788,final_half,Semantic,79,0.885856864654333,0.6,-0.007871226874391431,0.06142857142857142
788,final_half,Temperature,79,0.9262171372930865,0.45454545454545453,0.0014544790652385592,0.04476190476190476
788,final_half,Fisher,79,0.8879990262901656,0.6,-0.013048928919182084,0.043333333333333335
790,final_half,Semantic,87,0.4964824670117372,0.6363636363636364,-0.029954618356783546,0.02720588235294118
790,final_half,Temperature,87,0.9371764963184368,1.0,0.034160166217102855,0.06281512605042017
790,final_half,Fisher,87,0.7207115258438432,0.5,0.001145476416125974,0.057352941176470586
795,final_half,Semantic,79,0.8567672833495619,0.45454545454545453,-0.030765579357351514,0.037142857142857144
795,final_half,Temperature,79,0.7485150925024344,0.6,0.008960564751703991,0.04714285714285714
795,final_half,Fisher,79,0.896445959104187,0.6,-0.028616114897760475,0.05201465201465202
798,final_half,Semantic,65,0.9243444055944057,0.75,0.05086538461538461,0.08158508158508158
798,final_half,Temperature,65,0.8115821678321677,0.4,0.010183566433566438,0.047435897435897434
798,final_half,Fisher,65,0.7548951048951049,0.75,-0.02081730769230769,0.05512820512820512
800,final_half,Semantic,92,0.8108749595425612,0.42857142857142855,0.02577100319035803,0.04035087719298245
800,final_half,Temperature,92,0.6995360880353867,0.25,-0.0017677974199713383,0.04654282765737874
800,final_half,Fisher,92,0.8539062620409044,0.6666666666666666,0.04638117842886426,0.060921912624699
803,final_half,Semantic,74,0.8334246575342464,0.7777777777777778,-0.017085523880044428,0.0519047619047619
803,final_half,Temperature,74,0.8060570159200294,0.3333333333333333,-0.018819696408737506,0.07117216117216117
803,final_half,Fisher,74,0.8306701221769713,0.6,0.027263976305072192,0.07772893772893773
810,final_half,Semantic,81,0.7732610659439927,0.2857142857142857,-0.01329268292682927,0.05522058823529412
810,final_half,Temperature,81,0.7472448057813911,0.38461538461538464,0.02921409214092141,0.07656512605042018
810,final_half,Fisher,81,0.7560072267389341,0.38461538461538464,-0.004084236675700089,0.06441176470588236
811,final_half,Semantic,83,0.8546660509634355,0.5,0.03390810629276688,0.04264705882352941
811,final_half,Temperature,83,0.8672180009235548,0.38461538461538464,-0.009542000755635782,0.04852941176470589
811,final_half,Fisher,83,0.7022375215146299,0.38461538461538464,-0.04421203979681793,0.03933823529411765
814,final_half,Semantic,72,0.7489870731236736,0.45454545454545453,-0.005050163997684735,0.06619047619047619
814,final_half,Temperature,72,0.9144961090745386,0.45454545454545453,-0.00943147469290629,0.054761904761904755
814,final_half,Fisher,72,0.8380281690140847,0.45454545454545453,-0.02769149141423886,0.0657142857142857
816,final_half,Semantic,84,0.8399311531841652,0.38461538461538464,-0.009021970233876686,0.045220588235294124
816,final_half,Temperature,84,0.7765718335526982,0.38461538461538464,-0.017875873240862615,0.03933823529411765
816,final_half,Fisher,84,0.9223043434241166,0.2857142857142857,0.014428470183254027,0.03897058823529412
820,final_half,Semantic,79,0.8232960077896788,0.45454545454545453,0.028435978578383637,0.06571428571428571
820,final_half,Temperature,79,0.5465676728334956,0.23076923076923078,-0.01987463485881208,0.03333333333333333
820,final_half,Fisher,79,0.7873904576436223,0.3333333333333333,-0.021658958130477125,0.05344322344322344
824,final_half,Semantic,66,0.7680409143095711,0.2727272727272727,-0.02526458616010855,0.06089743589743589
824,final_half,Temperature,66,0.6783216783216784,0.2727272727272727,-0.024183279407160006,0.07243589743589743
824,final_half,Fisher,66,0.8947500260933098,0.4,0.02032981943429705,0.07179487179487179
825,final_half,Semantic,91,0.5479375696767002,0.6666666666666666,-0.034207676381589426,0.06618507051943585
825,final_half,Temperature,91,0.6658225832138877,0.42857142857142855,0.01803471890428412,0.04853801169590642
825,final_half,Fisher,91,0.7583054626532889,0.5384615384615384,-0.04796464405160057,0.0585827313381493
830,final_half,Semantic,97,0.7132994950557542,0.5384615384615384,-0.012789290974121603,0.0733703130374957
830,final_half,Temperature,97,0.6857642541552703,0.5384615384615384,0.004824584472964444,0.05765393876848984
830,final_half,Fisher,97,0.8218099095308226,0.5384615384615384,-0.02041539553965916,0.05794633642930856
837,final_half,Semantic,86,0.812783621868956,0.2,0.0032926081418934877,0.07068277310924369
837,final_half,Temperature,86,0.7752912873248737,0.058823529411764705,-0.009948582480305673,0.04264705882352941
837,final_half,Fisher,86,0.836916835699797,0.2857142857142857,0.02876267748478702,0.048161764705882355
842,final_half,Semantic,70,0.5803691715510454,0.4,-0.06967019508354474,0.05448717948717948
842,final_half,Temperature,70,0.7601259732306883,0.5555555555555556,-0.011640276441256231,0.05786713286713287
842,final_half,Fisher,70,0.6111626279415624,0.2727272727272727,-0.015818388592424116,0.05337995337995337
850,final_half,Semantic,97,0.8473858615611192,0.5384615384615384,-0.024472701451714703,0.06384588923288613
850,final_half,Temperature,97,0.920957816116137,0.5384615384615384,0.030328213759730695,0.04917440660474716
850,final_half,Fisher,97,0.9285714285714284,0.42857142857142855,-0.004325557542604665,0.06033711730306157
864,final_half,Semantic,83,0.8760127618487888,0.6363636363636364,-0.005941186348180173,0.05301470588235294
864,final_half,Temperature,83,0.8985768859409764,0.8,0.004085680701901689,0.05147058823529412
864,final_half,Fisher,83,0.9308803156878385,0.6363636363636364,0.002146215524117373,0.07788865546218487
870,final_half,Semantic,81,0.7185862691960253,0.2857142857142857,-0.02098803071364046,0.05735294117647059
870,final_half,Temperature,81,0.821386630532972,0.6363636363636364,0.0018078139114724452,0.05014705882352941
870,final_half,Fisher,81,0.739476061427281,0.5,0.015299232158988253,0.05558823529411765
876,final_half,Semantic,99,0.8221273964131106,0.5384615384615384,-0.02068769325912183,0.04098727210182318
876,final_half,Temperature,99,0.8254545454545454,0.5384615384615384,0.02410698824984539,0.07266941864465085
876,final_half,Fisher,99,0.7643661100803958,0.6666666666666666,0.025844155844155843,0.05999312005503955
879,final_half,Semantic,80,0.8580403187998126,0.7777777777777778,0.011685419596812,0.05344322344322343
879,final_half,Temperature,80,0.8883731833098922,0.6,-0.008037974683544304,0.08630036630036628
879,final_half,Fisher,80,0.9256915142991093,0.7777777777777778,-0.04727262072198782,0.053553113553113554
887,final_half,Semantic,90,0.7980326789315553,0.6363636363636364,-0.004111618718360286,0.06619747899159664
887,final_half,Temperature,90,0.7200806683952751,0.2857142857142857,0.026958883812816397,0.045220588235294124
887,final_half,Fisher,90,0.8644606329999587,0.6363636363636364,-0.01409639050088488,0.038970588235294125
892,final_half,Semantic,93,0.9076870281400137,0.42857142857142855,-0.029697711199307687,0.049466804265565864
892,final_half,Temperature,93,0.8133299513592551,0.5384615384615384,0.024841096953239224,0.07902906776745786
892,final_half,Fisher,93,0.7590791083524813,0.6666666666666666,-0.0053840529975232015,0.07214912280701755
896,final_half,Semantic,66,0.9623421354764641,0.75,0.06519778728733953,0.06812354312354313
896,final_half,Temperature,66,0.8122951675190483,0.4,-0.011109487527397977,0.05658508158508159
896,final_half,Fisher,66,0.897171485231187,0.5555555555555556,0.029537626552551932,0.06538461538461539
899,final_half,Semantic,93,0.8394109396914445,0.42857142857142855,-0.0627547670914028,0.04654282765737874
899,final_half,Temperature,93,0.8644773358001848,0.3333333333333333,0.020347050222315054,0.06945304437564498
899,final_half,Fisher,93,0.840455372862642,0.6666666666666666,-0.015435230222911878,0.04649122807017543
900,final_half,Semantic,74,0.8464568678267307,0.45454545454545453,-0.058821177341725275,0.06904761904761905
900,final_half,Temperature,74,0.8468122917437984,0.45454545454545453,-0.03946834505738614,0.03428571428571429
900,final_half,Fisher,74,0.5408811551277304,0.23076923076923078,-0.06212365790447981,0.03428571428571429
907,final_half,Semantic,79,0.9199123661148978,0.7777777777777778,0.017417234664070108,0.06736263736263735
907,final_half,Temperature,79,0.8688169425511199,0.3333333333333333,0.0017818889970788697,0.04904761904761904
907,final_half,Fisher,79,0.9503407984420643,0.6,-0.034089581304771174,0.03333333333333333
914,final_half,Semantic,73,0.8090522028878194,0.7777777777777778,-0.012754535357275087,0.03476190476190476
914,final_half,Temperature,73,0.8723929408860919,0.7777777777777778,0.014269406392694074,0.04476190476190476
914,final_half,Fisher,73,0.723590028384549,0.45454545454545453,-0.010511538936196475,0.06783882783882783
920,final_half,Semantic,73,0.822257188695545,0.6,-0.012506170554115764,0.0642857142857143
920,final_half,Temperature,73,0.7533012464519315,0.45454545454545453,0.0041419844502036274,0.07344322344322343
920,final_half,Fisher,73,0.6726212513883747,0.3333333333333333,0.059835863260520816,0.08117216117216117
921,final_half,Semantic,77,0.8656080761343917,0.6,-0.00951417004048584,0.06190476190476189
921,final_half,Temperature,77,0.6862348178137652,0.3333333333333333,-0.03117803249382196,0.06677655677655676
921,final_half,Fisher,77,0.7442557442557443,0.45454545454545453,0.014637993585362002,0.048095238095238094
924,final_half,Semantic,76,0.7680656185919343,0.3333333333333333,0.0011305536568694458,0.0663003663003663
924,final_half,Temperature,76,0.8704306220095694,0.6,-0.0045112781954887195,0.06619047619047619
924,final_half,Fisher,76,0.6239781271360219,0.7777777777777778,0.01100205058099795,0.0663003663003663
931,final_half,Semantic,115,0.5722480864830743,0.4117647058823529,-0.026425076935216608,0.05400903444381705
931,final_half,Temperature,115,0.8565059575475421,0.6,-0.0016661406139035786,0.061744776962168256
931,final_half,Fisher,115,0.6011047108024935,0.7142857142857143,-0.014138720113627398,0.052913608130999434
935,final_half,Semantic,91,0.8639592291766206,0.5384615384615384,-0.00044354196528109734,0.06613347093223253
935,final_half,Temperature,91,0.7882624621755057,0.42857142857142855,0.005745341614906835,0.06647746818025455
935,final_half,Fisher,91,0.6154960981047939,0.25,-0.028545150501672244,0.04590643274853802
940,final_half,Semantic,103,0.7855950445899047,0.2222222222222222,-0.00012355577032904173,0.04380952380952381
940,final_half,Temperature,103,0.8891732196986338,0.4666666666666667,0.016050169134121158,0.08670008354218882
940,final_half,Fisher,103,0.8399376180644027,0.5714285714285714,-0.013586192505381543,0.05697994987468672
946,final_half,Semantic,85,0.8515927301153019,0.5,-0.012032440883330076,0.07147058823529412
946,final_half,Temperature,85,0.8988274379519249,0.6363636363636364,0.03878346687512214,0.06227941176470588
946,final_half,Fisher,85,0.9317373461012312,0.6363636363636364,0.02460914598397498,0.06558823529411766
954,final_half,Semantic,123,0.834485560614464,0.7333333333333333,-0.0141920651094401,0.058043478260869565
954,final_half,Temperature,123,0.7577872076975662,0.4444444444444444,-0.0013559092492035451,0.05171014492753624
954,final_half,Fisher,123,0.8937457275154456,0.8571428571428571,-0.01927132372857309,0.06313438735177865
957,final_half,Semantic,75,0.847823613086771,0.45454545454545453,-0.01726458036984353,0.041428571428571426
957,final_half,Temperature,75,0.8367283072546231,0.7777777777777778,-0.015051209103840685,0.052490842490842494
957,final_half,Fisher,75,0.8081934566145093,0.45454545454545453,-0.01916358463726885,0.06677655677655676
959,final_half,Semantic,92,0.5990321039409399,0.17647058823529413,0.01629933880985774,0.06459838321293429
959,final_half,Temperature,92,0.5901545859470122,0.3333333333333333,0.0019296271750689708,0.054093567251461985
959,final_half,Fisher,92,0.9154015689780066,0.8181818181818182,0.01968158069139836,0.052098383212934286
960,final_half,Semantic,77,0.7888164467111834,0.3333333333333333,-0.03968531468531468,0.05963369963369963
960,final_half,Temperature,77,0.8199432146800566,0.3333333333333333,-0.0005980861244019135,0.03380952380952381
960,final_half,Fisher,77,0.8378463641621536,0.7777777777777778,0.03883484936116515,0.05963369963369962
962,final_half,Semantic,66,0.8769648262185579,0.75,0.0026803047698570085,0.05273892773892774
962,final_half,Temperature,66,0.5520718087882268,0.2727272727272727,0.027028493894165534,0.09004662004662004
962,final_half,Fisher,66,0.5660578227742408,0.07692307692307693,-0.039849702536269696,0.07325174825174825
975,final_half,Semantic,77,0.8604290446395709,0.45454545454545453,-0.028773857721226138,0.06725274725274726
975,final_half,Temperature,77,0.8660812871339186,0.45454545454545453,0.008349545191650454,0.06523809523809523
975,final_half,Fisher,77,0.9050686155949312,0.45454545454545453,-0.041281087333718915,0.07677655677655676
977,final_half,Semantic,81,0.7657859078590786,0.5,0.007726964769647696,0.07691176470588236
977,final_half,Temperature,81,0.7840108401084012,0.38461538461538464,0.018210252935862693,0.06514705882352942
977,final_half,Fisher,81,0.8224028906955737,0.38461538461538464,-0.0003443992773261088,0.061397058823529416
978,final_half,Semantic,94,0.8550735108189141,0.3333333333333333,-0.003306000072246503,0.061674406604747156
978,final_half,Temperature,94,0.8885236426687859,0.5384615384615384,0.0563732254452191,0.05273477812177502
978,final_half,Fisher,94,0.8043564642560416,0.3333333333333333,-0.004358631651193874,0.04912280701754386
984,final_half,Semantic,93,0.9402435021336275,0.42857142857142855,-0.0075937751782996585,0.043567251461988296
984,final_half,Temperature,93,0.6767180925666197,0.42857142857142855,-0.011838649995523861,0.051461988304093556
984,final_half,Fisher,93,0.8836053833069736,0.42857142857142855,-0.012204947629136698,0.0649122807017544
988,final_half,Semantic,80,0.8532583216127521,0.45454545454545453,0.047910220346929204,0.08545787545787545
988,final_half,Temperature,80,0.8996249413970934,0.45454545454545453,-0.0010267229254571047,0.05142857142857142
988,final_half,Fisher,80,0.9149320206282232,0.45454545454545453,0.008737693389592124,0.04761904761904762
995,final_half,Semantic,100,0.7089228922892289,0.42857142857142855,-0.04088328832883288,0.05507395940832473
995,final_half,Temperature,100,0.6784638463846383,0.17647058823529413,0.01387338733873387,0.06291709666322669
995,final_half,Fisher,100,0.8286228622862285,0.6666666666666666,-0.0033201320132013193,0.07371431028551771
998,final_half,Semantic,86,0.8725034199726402,0.5,0.004690787301287798,0.07691176470588236
998,final_half,Temperature,86,0.8742393509127789,0.38461538461538464,-0.019007500353790268,0.042279411764705885
998,final_half,Fisher,86,0.9095995094108212,0.6363636363636364,0.001349120241520827,0.061397058823529416
2,all_blocks,Semantic,101,0.2146068724519511,0.1,-0.046002329644729174,0.04670426065162908
2,all_blocks,Temperature,101,0.27737914967967386,0.2222222222222222,-0.03356493884682586,0.056704260651629076
2,all_blocks,Fisher,101,0.11288293535235876,0.1,-0.010681421083284803,0.060112781954887215
19,all_blocks,Semantic,76,0.20844839371155158,0.14285714285714285,0.02710868079289131,0.06117216117216116
19,all_blocks,Temperature,76,0.46321257689678735,0.23076923076923078,0.03913602187286398,0.06249084249084248
19,all_blocks,Fisher,76,0.13140123034859874,0.23076923076923078,0.025432672590567324,0.048095238095238094
30,all_blocks,Semantic,72,0.4373914721203936,0.3333333333333333,0.007969965914206702,0.0657142857142857
30,all_blocks,Temperature,72,0.46993375779792923,0.06666666666666667,-0.05470609042382148,0.06677655677655678
30,all_blocks,Fisher,72,0.44321178210817425,0.3333333333333333,0.04993729500289408,0.06904761904761905
31,all_blocks,Semantic,104,0.0414061666488851,0.047619047619047616,-0.03341886269070736,0.04459899749373434
31,all_blocks,Temperature,104,0.31538461538461543,0.1,0.014430278459404677,0.047180451127819545
31,all_blocks,Fisher,104,0.15911661154379603,0.1,-0.013316974287848074,0.056942355889724315
36,all_blocks,Semantic,79,0.2512901655306719,0.14285714285714285,0.01880720545277507,0.0680952380952381
36,all_blocks,Temperature,79,0.24469328140214217,0.3333333333333333,0.016951071080817916,0.06677655677655678
36,all_blocks,Fisher,79,0.14547224926971764,0.14285714285714285,-0.02643013631937683,0.04915750915750915
41,all_blocks,Semantic,97,0.4733063328424153,0.25,-0.05877932358510414,0.05438596491228069
41,all_blocks,Temperature,97,0.42646749421418045,0.25,-0.007019250999368813,0.062194702442380456
41,all_blocks,Fisher,97,0.4124105827898169,0.25,-0.04542788764990532,0.0693498452012384
46,all_blocks,Semantic,76,0.23983595352016407,0.3333333333333333,-0.022488038277511967,0.07142857142857142
46,all_blocks,Temperature,76,0.23026657552973342,0.14285714285714285,0.002764183185235812,0.06190476190476189
46,all_blocks,Fisher,76,0.13082706766917293,0.3333333333333333,-0.03857826384142173,0.04915750915750915
61,all_blocks,Semantic,76,0.20442925495557077,0.3333333333333333,-0.017540669856459336,0.06725274725274724
61,all_blocks,Temperature,76,0.46791524265208473,0.23076923076923078,-0.036116199589883796,0.07498168498168498
61,all_blocks,Fisher,76,0.3249760765550239,0.3333333333333333,-0.011898838004101162,0.054761904761904755
66,all_blocks,Semantic,78,0.5604901427686237,0.6,0.015325181147965961,0.07344322344322345
66,all_blocks,Temperature,78,0.5127910064618925,0.3333333333333333,-0.06344162166946976,0.04095238095238095
66,all_blocks,Fisher,78,0.42017476194691383,0.14285714285714285,-0.002668217858091272,0.04534798534798535
67,all_blocks,Semantic,79,-0.015920155793573518,0.14285714285714285,0.006314508276533589,0.054285714285714284
67,all_blocks,Temperature,79,0.41100292112950343,0.23076923076923078,0.004011684518013631,0.037142857142857144
67,all_blocks,Fisher,79,0.10148490749756572,0.23076923076923078,-0.008701314508276537,0.06249084249084249
68,all_blocks,Semantic,87,0.37697747320842745,0.2857142857142857,-0.02005996209083618,0.030147058823529416
68,all_blocks,Temperature,87,0.44862214769993436,0.38461538461538464,-0.03476160968141721,0.044191176470588234
68,all_blocks,Fisher,87,0.27070423562003354,0.2857142857142857,0.021222752788510605,0.06957983193277312
70,all_blocks,Semantic,65,0.18623251748251748,0.0,0.04672858391608391,0.0791958041958042
70,all_blocks,Temperature,65,0.5487762237762238,0.16666666666666666,0.005954982517482518,0.06794871794871796
70,all_blocks,Fisher,65,0.2173513986013986,0.07692307692307693,0.02486669580419581,0.06282051282051282
71,all_blocks,Semantic,69,0.5094263792473511,0.16666666666666666,-0.012610522469857508,0.05786713286713285
71,all_blocks,Temperature,69,0.43310193642674466,0.16666666666666666,0.005617464377055174,0.07307692307692308
71,all_blocks,Fisher,69,0.4490317866276946,0.0,0.06720679576178298,0.06171328671328672
72,all_blocks,Semantic,80,-0.08769338959212378,0.14285714285714285,-0.0029629629629629693,0.054285714285714284
72,all_blocks,Temperature,80,-0.04034224097515237,0.14285714285714285,0.015922409751523682,0.047619047619047616
72,all_blocks,Fisher,80,0.20384435067979376,0.14285714285714285,-0.0805602437880919,0.02868131868131868
73,all_blocks,Semantic,65,0.34396853146853146,0.16666666666666666,-0.018916083916083914,0.057051282051282036
73,all_blocks,Temperature,65,0.16569055944055944,0.16666666666666666,-0.006035839160839161,0.05961538461538461
73,all_blocks,Fisher,65,0.283479020979021,0.16666666666666666,0.04039335664335665,0.07961538461538462
75,all_blocks,Semantic,84,0.377685532044143,0.2857142857142857,-0.00020147818163409847,0.038970588235294125
75,all_blocks,Temperature,84,0.4770071884175357,0.2857142857142857,0.012698187708818465,0.05558823529411765
75,all_blocks,Fisher,84,0.4040093145692012,0.38461538461538464,0.018033815936012956,0.05676470588235294
76,all_blocks,Semantic,76,0.5286671223513328,0.45454545454545453,-0.003595352016404647,0.0701098901098901
76,all_blocks,Temperature,76,0.5362679425837321,0.3333333333333333,-0.010146274777853726,0.05047619047619047
76,all_blocks,Fisher,76,0.5092822966507177,0.23076923076923078,-0.04512235133287765,0.0519047619047619
77,all_blocks,Semantic,82,0.07097223582677593,0.058823529411764705,-0.004731119600352629,0.06654411764705884
77,all_blocks,Temperature,82,-0.030593920397035297,0.058823529411764705,-0.025197810211033837,0.0532563025210084
77,all_blocks,Fisher,82,0.19424037613870113,0.2,-0.008615491777407735,0.06656512605042017
85,all_blocks,Semantic,89,0.19368403132448078,0.2857142857142857,-0.05531920326864147,0.038970588235294125
85,all_blocks,Temperature,89,0.2821927136533879,0.125,-0.02087163772557031,0.07110294117647059
85,all_blocks,Fisher,89,0.3390704800817161,0.38461538461538464,-0.011703268641470883,0.04933823529411765
93,all_blocks,Semantic,81,0.3077687443541102,0.38461538461538464,0.06441734417344172,0.09102941176470589
93,all_blocks,Temperature,81,0.16727642276422763,0.2857142857142857,0.025107271906052397,0.0595063025210084
93,all_blocks,Fisher,81,0.1646341463414634,0.2,0.040150180668473354,0.07022058823529412
97,all_blocks,Semantic,82,0.26500582274899054,0.5,-0.010277424059381157,0.06654411764705884
97,all_blocks,Temperature,82,0.2909306603106192,0.5,0.004536302391136361,0.052647058823529415
97,all_blocks,Fisher,82,0.4967403489295937,0.38461538461538464,0.008003831042326486,0.061911764705882354
108,all_blocks,Semantic,74,0.3647982228804146,0.23076923076923078,0.016342095520177707,0.06582417582417581
108,all_blocks,Temperature,74,0.383931877082562,0.3333333333333333,0.030875971862273227,0.07498168498168498
108,all_blocks,Fisher,74,0.3758459829692706,0.6,-0.009563865235098107,0.03380952380952381
110,all_blocks,Semantic,79,0.5364897760467381,0.3333333333333333,0.030226387536514132,0.06915750915750915
110,all_blocks,Temperature,79,0.3429649464459591,0.3333333333333333,-0.01876095423563778,0.03809523809523809
110,all_blocks,Fisher,79,0.3048928919182084,0.23076923076923078,0.022568159688412852,0.0563003663003663
114,all_blocks,Semantic,84,0.1251392123114306,0.2857142857142857,0.00926698390199453,0.04308823529411765
114,all_blocks,Temperature,84,0.23885795281968208,0.125,-0.06355168573453478,0.05889705882352941
114,all_blocks,Fisher,84,0.17754378859977726,0.125,-0.007299787384833454,0.05110294117647059
115,all_blocks,Semantic,102,0.5582156730807291,0.2222222222222222,-0.023998167949290643,0.07884294068504596
115,all_blocks,Temperature,102,0.5660980147129505,0.375,-0.027976092869138425,0.041942355889724316
115,all_blocks,Fisher,102,0.524922109572465,0.29411764705882354,-0.012898994068453105,0.0643609022556391
117,all_blocks,Semantic,76,-0.13632262474367737,0.06666666666666667,-0.030498974709501026,0.07238095238095238
117,all_blocks,Temperature,76,0.17501025290498975,0.23076923076923078,0.009742993848257005,0.06963369963369963
117,all_blocks,Fisher,76,-0.002734107997265892,0.14285714285714285,-0.02009159261790841,0.0645054945054945
119,all_blocks,Semantic,76,0.3366780587833219,0.23076923076923078,-0.04559671907040328,0.05534798534798534
119,all_blocks,Temperature,76,0.6492686261107313,0.14285714285714285,-0.03367600820232399,0.052490842490842494
119,all_blocks,Fisher,76,0.4114559125085441,0.14285714285714285,-0.016597402597402597,0.04476190476190476
122,all_blocks,Semantic,76,-0.17648667122351336,0.06666666666666667,0.03362952836637047,0.06238095238095237
122,all_blocks,Temperature,76,0.12027341079972657,0.14285714285714285,0.015907040328092956,0.054761904761904755
122,all_blocks,Fisher,76,-0.18567327409432674,0.06666666666666667,0.012649350649350646,0.04095238095238095
126,all_blocks,Semantic,82,0.35451290255874446,0.2857142857142857,0.02739304099868308,0.06514705882352942
126,all_blocks,Temperature,82,0.1457646303370664,0.2857142857142857,-0.014421915303490384,0.06948529411764706
126,all_blocks,Fisher,82,0.11994862920516755,0.125,-0.006083956421893538,0.06514705882352942
128,all_blocks,Semantic,83,0.5309390873598925,0.6363636363636364,0.02379308173460392,0.07558823529411765
128,all_blocks,Temperature,83,0.4632886948490827,0.38461538461538464,0.01257608832542714,0.06522058823529411
128,all_blocks,Fisher,83,0.45990932370597365,0.2,-0.02420973090970152,0.06441176470588236
134,all_blocks,Semantic,80,0.35135958743553686,0.06666666666666667,0.012450773558368499,0.05904761904761905
134,all_blocks,Temperature,80,0.24186591654946088,0.06666666666666667,-0.02152015939990624,0.05809523809523809
134,all_blocks,Fisher,80,0.286896390060947,0.06666666666666667,0.01905297702766057,0.07652014652014652
136,all_blocks,Semantic,68,0.13329770584418063,0.07692307692307693,-0.0012940413024392131,0.0899184149184149
136,all_blocks,Temperature,68,0.3011031797534069,0.07692307692307693,0.04568843760735962,0.07773892773892774
136,all_blocks,Fisher,68,0.37420315303278995,0.07692307692307693,0.009987784860861933,0.039102564102564095
152,all_blocks,Semantic,90,0.26135736922253777,0.5,9.054615796188752e-05,0.05441176470588236
152,all_blocks,Temperature,90,0.3434415771494423,0.2,-0.005161131003827631,0.03933823529411765
152,all_blocks,Fisher,90,0.375774787010742,0.2,0.01593200806683952,0.04602941176470589
154,all_blocks,Semantic,96,0.3355534454693435,0.17647058823529413,-0.006913998914812802,0.08516941864465084
154,all_blocks,Temperature,96,0.48457677699403146,0.3333333333333333,-0.015189907759088444,0.04327485380116959
154,all_blocks,Fisher,96,0.11403960933260987,0.25,0.033252170374389586,0.056002751977984176
182,all_blocks,Semantic,76,0.37790840738209164,0.23076923076923078,-0.016317156527682845,0.0657142857142857
182,all_blocks,Temperature,76,0.28194121667805877,0.23076923076923078,-0.02969788106630213,0.06010989010989011
182,all_blocks,Fisher,76,0.3781818181818182,0.6,0.0009938482570061558,0.06619047619047617
189,all_blocks,Semantic,71,0.11378269617706237,0.23076923076923078,0.011775653923541247,0.06238095238095237
189,all_blocks,Temperature,71,0.1176056338028169,0.14285714285714285,-0.07465124077800135,0.047619047619047616
189,all_blocks,Fisher,71,0.05244802146210596,0.3333333333333333,-0.005732729711602951,0.05582417582417583
202,all_blocks,Semantic,83,0.07069392552789555,0.125,-0.0022385710087737725,0.03566176470588235
202,all_blocks,Temperature,83,0.20876537508920698,0.2,-0.038439822005793205,0.06220588235294118
202,all_blocks,Fisher,83,0.17633600604508623,0.125,-0.011944292850845896,0.05051470588235294
204,all_blocks,Semantic,80,0.025738396624472575,0.0,-0.003273558368495075,0.05688644688644688
204,all_blocks,Temperature,80,0.15616502578527897,0.14285714285714285,-0.011522503516174402,0.04428571428571428
204,all_blocks,Fisher,80,0.09221753398968591,0.06666666666666667,0.006015002344116271,0.06142857142857143
206,all_blocks,Semantic,95,0.5755879059350504,0.42857142857142855,-0.016490761478163495,0.05829033367733059
206,all_blocks,Temperature,95,0.36804311310190363,0.25,-0.015266657334826425,0.04654282765737874
206,all_blocks,Fisher,95,0.40382138857782757,0.25,0.05189459686450169,0.0805641554867561
211,all_blocks,Semantic,77,0.3044061201955939,0.45454545454545453,0.005134339344865657,0.046300366300366304
211,all_blocks,Temperature,77,0.38619275461380725,0.23076923076923078,-0.006889163468110836,0.06725274725274724
211,all_blocks,Fisher,77,0.458041958041958,0.23076923076923078,0.021055260528944734,0.06190476190476191
218,all_blocks,Semantic,93,0.1984572230014025,0.42857142857142855,-0.0014763808898570607,0.0655486756105951
218,all_blocks,Temperature,93,0.1964727999761272,0.3333333333333333,0.015170391811643927,0.06257309941520467
218,all_blocks,Fisher,93,0.049237563785025806,0.1111111111111111,0.02182939930172182,0.05670364637082903
219,all_blocks,Semantic,72,0.5932857418483505,0.45454545454545453,0.019145925783008548,0.04714285714285714
219,all_blocks,Temperature,72,0.41857997298861666,0.23076923076923078,-0.002262203357129075,0.059157509157509156
219,all_blocks,Fisher,72,0.37127789568461,0.3333333333333333,-0.003469676506527747,0.0657142857142857
224,all_blocks,Semantic,74,0.4299296556830802,0.06666666666666667,-0.031702332469455745,0.05296703296703296
224,all_blocks,Temperature,74,0.3323361717882265,0.23076923076923078,0.007457978526471673,0.06523809523809523
224,all_blocks,Fisher,74,0.2570159200296186,0.45454545454545453,-0.005026286560533137,0.05249084249084248
236,all_blocks,Semantic,68,-0.15539947322212463,0.16666666666666666,-0.010526014429133104,0.04504662004662004
236,all_blocks,Temperature,68,0.035805626598465465,0.16666666666666666,0.030679085391457035,0.035256410256410256
236,all_blocks,Fisher,68,0.0006489292667099286,0.2727272727272727,0.013220979501469627,0.04294871794871794
238,all_blocks,Semantic,85,0.6214774281805745,0.38461538461538464,-0.008272425249169435,0.058529411764705885
238,all_blocks,Temperature,85,0.6614031659175297,0.2,0.021298612468243112,0.06227941176470588
238,all_blocks,Fisher,85,0.5920265780730897,0.2,-0.03883036935704515,0.02977941176470588
245,all_blocks,Semantic,74,0.5948759718622731,0.3333333333333333,-0.020611625323954087,0.05153846153846153
245,all_blocks,Temperature,74,0.6207034431691965,0.45454545454545453,0.026285079600148087,0.0663003663003663
245,all_blocks,Fisher,74,0.5678933728248795,0.45454545454545453,-0.02392891521658645,0.06783882783882783
248,all_blocks,Semantic,87,0.4804986513085951,0.5,-0.048820806298753364,0.04933823529411765
248,all_blocks,Temperature,87,0.3266384778012685,0.058823529411764705,0.05315484435372164,0.0773529411764706
248,all_blocks,Fisher,87,0.33629802434934747,0.125,0.0033106728876576555,0.05441176470588235
255,all_blocks,Semantic,89,0.6296561116785837,0.38461538461538464,0.058511235955056196,0.07477941176470589
255,all_blocks,Temperature,89,0.6359380320054479,0.2,0.009650153217568947,0.05816176470588236
255,all_blocks,Fisher,89,0.6114572693224379,0.38461538461538464,-0.006902451481103166,0.03345588235294118
259,all_blocks,Semantic,81,0.40679765130984646,0.058823529411764705,0.01332994579945799,0.07691176470588236
259,all_blocks,Temperature,81,0.46481481481481485,0.125,0.03425248419150858,0.04933823529411765
259,all_blocks,Fisher,81,0.5479674796747968,0.2857142857142857,-0.0015018066847335104,0.06808823529411764
269,all_blocks,Semantic,74,0.3329581636430951,0.23076923076923078,0.05940762680488706,0.06963369963369963
269,all_blocks,Temperature,74,0.29009996297667523,0.14285714285714285,0.0017238059977785964,0.0663003663003663
269,all_blocks,Fisher,74,0.39222510181414283,0.23076923076923078,-0.009362458348759716,0.05582417582417583
270,all_blocks,Semantic,85,0.16185264803595856,0.125,0.006735391831151065,0.08183823529411766
270,all_blocks,Temperature,85,0.3766855579441079,0.2857142857142857,-0.07222982216142274,0.05227941176470589
270,all_blocks,Fisher,85,0.024565174907172173,0.125,0.0058471760797342166,0.06514705882352942
284,all_blocks,Semantic,68,0.29388861319998466,0.5555555555555556,-0.01091346337366874,0.05192307692307692
284,all_blocks,Temperature,68,0.2792304462343016,0.4,0.022473947398557088,0.08525641025641026
284,all_blocks,Fisher,68,0.45795320074817725,0.2727272727272727,-0.008590678321945261,0.019230769230769232
287,all_blocks,Semantic,92,0.502627806975633,0.42857142857142855,0.042135073902254835,0.06028551771585827
287,all_blocks,Temperature,92,0.5135859932493874,0.5384615384615384,0.007342447174144224,0.07481080151358789
287,all_blocks,Fisher,92,0.5083149669404928,0.25,0.002605459057071958,0.06418988648090815
288,all_blocks,Semantic,62,0.49182846062803764,0.4,0.034317947168290903,0.08158508158508158
288,all_blocks,Temperature,62,0.1446702425020775,0.16666666666666666,0.009543955075419911,0.06555944055944056
288,all_blocks,Fisher,62,0.07688046133313188,0.2727272727272727,0.016096295736697637,0.039102564102564095
298,all_blocks,Semantic,79,0.4770447906523856,0.3333333333333333,-0.03194741966893865,0.023333333333333334
298,all_blocks,Temperature,79,0.1821080817916261,0.23076923076923078,0.014330574488802336,0.06857142857142857
298,all_blocks,Fisher,79,0.3213485881207401,0.23076923076923078,-0.0013583252190847133,0.05963369963369962
303,all_blocks,Semantic,68,0.31301294041302435,0.16666666666666666,-0.05543764553193113,0.04615384615384614
303,all_blocks,Temperature,68,0.5236095736152994,0.16666666666666666,-0.021336412566324386,0.05897435897435897
303,all_blocks,Fisher,68,0.26002977440164904,0.16666666666666666,-3.2446463335499e-05,0.04358974358974358
304,all_blocks,Semantic,101,0.39499126383226557,0.29411764705882354,-0.01648165404775771,0.05983709273182958
304,all_blocks,Temperature,101,0.4002679091438555,0.15789473684210525,-0.023099592312172394,0.05408521303258146
304,all_blocks,Fisher,101,0.11405940594059406,0.29411764705882354,0.003484566103669187,0.04531328320802005
305,all_blocks,Semantic,82,0.5274539893993319,0.125,-0.02289047790076294,0.06987394957983192
305,all_blocks,Temperature,82,0.5265615306755478,0.2,0.04260293205341691,0.04014705882352941
305,all_blocks,Fisher,82,0.5963039148463775,0.38461538461538464,-0.02571695998084479,0.04897058823529412
307,all_blocks,Semantic,70,0.5494357449042079,0.16666666666666666,-0.013909544221852855,0.06794871794871796
307,all_blocks,Temperature,70,0.5273904295337241,0.4,-0.0043425772023445,0.046794871794871795
307,all_blocks,Fisher,70,0.47066748315982854,0.2727272727272727,-0.005128160265943484,0.06025641025641025
312,all_blocks,Semantic,89,0.39177732379979574,0.2857142857142857,0.040957609805924416,0.06772058823529412
312,all_blocks,Temperature,89,0.050391556009533545,0.2857142857142857,0.00687351038474634,0.07022058823529412
312,all_blocks,Fisher,89,-0.01983316309159006,0.125,-0.015173646578140961,0.049705882352941176
325,all_blocks,Semantic,68,0.39195327709279687,0.2727272727272727,0.02338626560293163,0.06346153846153846
325,all_blocks,Temperature,68,0.39561781883421765,0.16666666666666666,-0.00498148642974387,0.05064102564102564
325,all_blocks,Fisher,68,0.3686681681108524,0.16666666666666666,0.0028190250792075426,0.04358974358974359
326,all_blocks,Semantic,92,0.12306767566234607,0.25,0.030490267096157698,0.0697454420364637
326,all_blocks,Temperature,92,0.25276266510488105,0.5384615384615384,-0.013391797543270193,0.0821938424492604
326,all_blocks,Fisher,92,0.06242004839480295,0.42857142857142855,0.0005717984680116486,0.06671826625386998
331,all_blocks,Semantic,81,0.7193089430894309,0.38461538461538464,-0.0008830171635049657,0.045220588235294124
331,all_blocks,Temperature,81,0.5364950316169828,0.38461538461538464,-0.02848690153568203,0.036397058823529414
331,all_blocks,Fisher,81,0.569873532068654,0.38461538461538464,-0.01970415537488708,0.054485294117647055
339,all_blocks,Semantic,76,0.5277922077922077,0.6,-0.04334791524265209,0.07868131868131867
339,all_blocks,Temperature,76,0.5799043062200957,0.23076923076923078,0.017279562542720436,0.06582417582417582
339,all_blocks,Fisher,76,0.09790840738209158,0.23076923076923078,-0.009596719070403284,0.05963369963369962
340,all_blocks,Semantic,75,0.3108677098150782,0.3333333333333333,-0.005881934566145093,0.027142857142857142
340,all_blocks,Temperature,75,-0.018264580369843526,0.14285714285714285,-0.04123186344238976,0.0639194139194139
340,all_blocks,Fisher,75,0.12921763869132288,0.23076923076923078,0.047376955903271685,0.0701098901098901
342,all_blocks,Semantic,70,0.45565567316945155,0.2727272727272727,0.02763887673869303,0.051923076923076926
342,all_blocks,Temperature,70,0.45240136470999914,0.07692307692307693,0.0008590674481672653,0.08735431235431236
342,all_blocks,Fisher,70,0.29745429096317033,0.4,-0.02419910768961596,0.05337995337995338
351,all_blocks,Semantic,86,0.1014293127034294,0.2,0.0036256427189961817,0.06257352941176471
351,all_blocks,Temperature,86,0.15969621208547571,0.38461538461538464,-0.025620076418698994,0.05441176470588236
351,all_blocks,Fisher,86,0.344214349733478,0.2857142857142857,-0.005907825840841547,0.044852941176470595
365,all_blocks,Semantic,75,0.3785490753911806,0.06666666666666667,-0.008264580369843526,0.06190476190476189
365,all_blocks,Temperature,75,0.1775817923186344,0.14285714285714285,-0.05012517780938834,0.027142857142857142
365,all_blocks,Fisher,75,0.390697012802276,0.14285714285714285,-0.005435277382645806,0.0706959706959707
369,all_blocks,Semantic,75,0.5168990042674253,0.23076923076923078,-0.03666145092460881,0.03333333333333334
369,all_blocks,Temperature,75,0.49903271692745377,0.23076923076923078,-0.009853485064011383,0.04380952380952381
369,all_blocks,Fisher,75,0.3162731152204836,0.14285714285714285,-0.04163726884779516,0.037142857142857144
377,all_blocks,Semantic,84,0.43492963450440414,0.2,-0.013371469069555535,0.05110294117647059
377,all_blocks,Temperature,84,0.30948668624076137,0.058823529411764705,-0.01717525564442644,0.045220588235294124
377,all_blocks,Fisher,84,0.3803381593601296,0.058823529411764705,0.012387364584387968,0.07619747899159665
381,all_blocks,Semantic,100,0.4414401440144014,0.25,-0.048054605460546046,0.04391124871001032
381,all_blocks,Temperature,100,0.5170837083708371,0.3333333333333333,-0.004541854185418542,0.04758771929824561
381,all_blocks,Fisher,100,0.532037203720372,0.17647058823529413,0.03153375337533753,0.052390780873753005
383,all_blocks,Semantic,67,0.2233618006225557,0.16666666666666666,-0.010599409370260994,0.08076923076923077
383,all_blocks,Temperature,67,0.17471466198419666,0.16666666666666666,-0.03140913081650572,0.06730769230769232
383,all_blocks,Fisher,67,-0.05471306568760476,0.07692307692307693,0.011918349429323976,0.039102564102564095
384,all_blocks,Semantic,73,0.5472664445267185,0.3333333333333333,0.01155436258175984,0.048095238095238094
384,all_blocks,Temperature,73,0.5440886091571024,0.6,-0.0008345674441564858,0.10164835164835165
384,all_blocks,Fisher,73,0.3240157966185364,0.45454545454545453,0.025546094039244727,0.055824175824175815
392,all_blocks,Semantic,74,0.2662273232136245,0.14285714285714285,0.006991484635320251,0.07117216117216116
392,all_blocks,Temperature,74,0.4319437245464642,0.14285714285714285,-0.039092188078489444,0.07190476190476189
392,all_blocks,Fisher,74,0.38396149574231764,0.23076923076923078,-0.030711588300629384,0.03666666666666667
395,all_blocks,Semantic,71,0.2502012072434608,0.3333333333333333,0.0034255533199195123,0.09487179487179485
395,all_blocks,Temperature,71,0.1466130114017438,0.14285714285714285,0.03236753856472166,0.09021978021978021
395,all_blocks,Fisher,71,0.23018108651911465,0.3333333333333333,0.02211267605633803,0.05142857142857142
412,all_blocks,Semantic,70,0.47542647187472664,0.2727272727272727,0.0167631878225877,0.057226107226107235
412,all_blocks,Temperature,70,0.47353687341439943,0.16666666666666666,-0.006449129559968505,0.06346153846153846
412,all_blocks,Fisher,70,0.545271629778672,0.4,-0.03681042778409589,0.06025641025641025
419,all_blocks,Semantic,86,0.4213123260531157,0.125,-0.004850228784376616,0.05808823529411765
419,all_blocks,Temperature,86,0.22335959243360534,0.2,-0.014641256663050148,0.05301470588235294
419,all_blocks,Fisher,86,0.263021840652861,0.058823529411764705,0.003712439266003116,0.05183823529411765
420,all_blocks,Semantic,95,0.6141377379619262,0.3333333333333333,0.024791433370660698,0.067062263501892
420,all_blocks,Temperature,95,0.5660134378499441,0.42857142857142855,-0.015918253079507273,0.05114809081527348
420,all_blocks,Fisher,95,0.4593085106382979,0.42857142857142855,-0.025271556550951847,0.03771929824561403
425,all_blocks,Semantic,87,0.21670190274841433,0.2857142857142857,0.005192461908580593,0.04566176470588235
425,all_blocks,Temperature,87,0.39259677772107604,0.2857142857142857,-0.009868229204636576,0.036029411764705886
425,all_blocks,Fisher,87,0.11020995844572427,0.2857142857142857,0.01446289276080776,0.04595588235294118
429,all_blocks,Semantic,80,0.3806375996249415,0.14285714285714285,0.013965072667604314,0.07285714285714286
429,all_blocks,Temperature,80,-0.089873417721519,0.06666666666666667,0.034903891233005156,0.06391941391941391
429,all_blocks,Fisher,80,0.19929676511954994,0.23076923076923078,-0.005379746835443037,0.03
430,all_blocks,Semantic,89,0.4730507320394961,0.38461538461538464,0.017698331630915904,0.058529411764705885
430,all_blocks,Temperature,89,0.14434797412325504,0.058823529411764705,-0.02314862104187947,0.04191176470588236
430,all_blocks,Fisher,89,0.3519067075246851,0.38461538461538464,0.0067815798433776,0.042279411764705885
431,all_blocks,Semantic,88,0.2958331865732099,0.2857142857142857,0.0173655383748371,0.07066176470588235
431,all_blocks,Temperature,88,0.10797435807121977,0.2,-0.027861822408509745,0.05147058823529412
431,all_blocks,Fisher,88,0.26864147088866197,0.125,-0.027035856433376786,0.061911764705882354
439,all_blocks,Semantic,115,-0.03256529629921882,0.14285714285714285,0.008303085299455535,0.06804065499717674
439,all_blocks,Temperature,115,0.08619900576027775,0.2631578947368421,0.009438964728162236,0.050282326369282884
439,all_blocks,Fisher,115,0.48127515189773534,0.4117647058823529,-0.005472658407638288,0.06748729531338227
440,all_blocks,Semantic,73,0.2412686659262002,0.14285714285714285,-0.041836356904850075,0.0519047619047619
440,all_blocks,Temperature,73,0.14473034678514132,0.14285714285714285,-0.0034724793286437156,0.07296703296703297
440,all_blocks,Fisher,73,0.16496976428483281,0.23076923076923078,0.029041712945822546,0.0787912087912088
444,all_blocks,Semantic,78,0.44971484211990537,0.0,0.014004982359412738,0.06391941391941391
444,all_blocks,Temperature,78,0.4440243301002795,0.06666666666666667,0.03750426788401471,0.09487179487179487
444,all_blocks,Fisher,78,0.4951883559478496,0.14285714285714285,0.042688956613007235,0.05523809523809523
447,all_blocks,Semantic,86,0.07620170762771829,0.125,0.0006047455068635341,0.05602941176470588
447,all_blocks,Temperature,86,0.33385537053634606,0.38461538461538464,-0.0265654040284919,0.08316176470588235
447,all_blocks,Fisher,86,0.052596820604745506,0.058823529411764705,0.028694749752346805,0.07691176470588236
465,all_blocks,Semantic,87,0.4590836188670992,0.125,-0.01293832470656849,0.036397058823529414
465,all_blocks,Temperature,87,0.6355252606255011,0.2857142857142857,-0.05202303710723918,0.05522058823529412
465,all_blocks,Fisher,87,0.5083290807027775,0.058823529411764705,0.050529452504191864,0.05816176470588236
471,all_blocks,Semantic,92,0.4536781591480048,0.25,0.022305534577624343,0.0652046783625731
471,all_blocks,Temperature,92,0.5026894564061464,0.3333333333333333,0.003857713114375106,0.06676986584107328
471,all_blocks,Fisher,92,0.19214586255259467,0.3333333333333333,0.024386973475332516,0.07507309941520467
475,all_blocks,Semantic,97,0.3027298548285293,0.17647058823529413,-0.04474147906585314,0.04888200894392845
475,all_blocks,Temperature,97,0.23009152114454026,0.25,-0.01731077740374501,0.03806329549363605
475,all_blocks,Fisher,97,0.3845334525562802,0.3333333333333333,0.010647222806648432,0.045614035087719294
476,all_blocks,Semantic,78,0.24301015440255946,0.45454545454545453,0.0319882648996573,0.06238095238095237
476,all_blocks,Temperature,78,0.3792283665701387,0.45454545454545453,0.014022686174584903,0.0745054945054945
476,all_blocks,Fisher,78,0.25444176077087466,0.3333333333333333,0.001728651095739709,0.05095238095238095
481,all_blocks,Semantic,76,0.19630895420369104,0.14285714285714285,-0.020915926179084075,0.04714285714285714
481,all_blocks,Temperature,76,-0.0007928913192071087,0.14285714285714285,0.042622009569378,0.06748917748917749
481,all_blocks,Fisher,76,-0.022173615857826384,0.45454545454545453,0.02061244019138756,0.06355311355311355
485,all_blocks,Semantic,86,0.19101844426623896,0.2,0.005320062267088067,0.06308823529411765
485,all_blocks,Temperature,86,0.31191093919524504,0.2857142857142857,0.023216189442898254,0.07110294117647059
485,all_blocks,Fisher,86,0.18398037643285056,0.2,0.025045521015142225,0.07987394957983193
490,all_blocks,Semantic,81,0.40286811201445344,0.2857142857142857,0.0010885275519421876,0.04308823529411765
490,all_blocks,Temperature,81,0.4246612466124661,0.2857142857142857,-0.010675248419150858,0.06224547511312217
490,all_blocks,Fisher,81,0.03647244805781391,0.2,-0.03317073170731708,0.057373949579831926
494,all_blocks,Semantic,69,-0.03069053708439898,0.2727272727272727,-0.036704420898794304,0.03974358974358974
494,all_blocks,Temperature,69,-0.007124588966021192,0.2727272727272727,0.00306357325538911,0.05722610722610723
494,all_blocks,Fisher,69,0.2309097552064304,0.4,-0.017049689440993793,0.05576923076923076
497,all_blocks,Semantic,69,0.35400073072707344,0.16666666666666666,-0.02476434051881623,0.04294871794871795
497,all_blocks,Temperature,69,0.38465473145780055,0.4,-0.014247351114358783,0.04294871794871795
497,all_blocks,Fisher,69,0.24472049689440994,0.2727272727272727,-0.020001826817683605,0.04889277389277389
500,all_blocks,Semantic,69,0.1390938984289368,0.16666666666666666,-0.014126781147241507,0.04825174825174825
500,all_blocks,Temperature,69,0.04625502374862989,0.2727272727272727,0.009139568871026672,0.045046620046620044
500,all_blocks,Fisher,69,-0.018779685787358422,0.2727272727272727,0.04111070515162587,0.0662004662004662
504,all_blocks,Semantic,69,0.3521373766898064,0.4,0.010650347095359882,0.06825174825174825
504,all_blocks,Temperature,69,0.5332846181951042,0.5555555555555556,-0.025907928388746802,0.07004662004662003
504,all_blocks,Fisher,69,0.28666423090975524,0.2727272727272727,0.01744428206065035,0.06538461538461539
507,all_blocks,Semantic,81,0.2989385727190605,0.2,0.0101490514905149,0.06933823529411764
507,all_blocks,Temperature,81,-0.007452574525745257,0.0,-0.03849706413730804,0.053088235294117644
507,all_blocks,Fisher,81,0.24243450767841007,0.125,-0.004588979223125563,0.07362394957983194
510,all_blocks,Semantic,95,0.44497480403135503,0.5384615384615384,0.02131089025755879,0.04327485380116959
510,all_blocks,Temperature,95,0.6294652855543114,0.42857142857142855,0.023388857782754756,0.06366959064327485
510,all_blocks,Fisher,95,0.5898936170212766,0.42857142857142855,0.0003037513997760352,0.05146198830409356
514,all_blocks,Semantic,74,0.568278415401703,0.3333333333333333,0.023086264346538314,0.09487179487179487
514,all_blocks,Temperature,74,0.31610514624213243,0.3333333333333333,-0.0070522028878193255,0.10901098901098902
514,all_blocks,Fisher,74,0.3377267678637541,0.3333333333333333,-0.04600518326545723,0.05296703296703296
520,all_blocks,Semantic,79,0.4800632911392405,0.45454545454545453,0.02870740019474196,0.10582417582417583
520,all_blocks,Temperature,79,0.4662852969814995,0.45454545454545453,0.030642648490749762,0.04095238095238095
520,all_blocks,Fisher,79,0.3697176241480039,0.3333333333333333,-0.015434518013631934,0.04201465201465201
522,all_blocks,Semantic,73,0.5303591262495373,0.45454545454545453,-0.015779649512526236,0.03428571428571429
522,all_blocks,Temperature,73,0.6329137356534618,0.23076923076923078,0.03111810440577565,0.0926007326007326
522,all_blocks,Fisher,73,0.576360607182525,0.6,-0.01271596939405159,0.07106227106227106
523,all_blocks,Semantic,86,0.25047407896598894,0.125,-0.03589791971319402,0.057352941176470586
523,all_blocks,Temperature,86,0.42082173687438085,0.2,-0.009886315392235483,0.07227941176470588
523,all_blocks,Fisher,86,0.36678145195528095,0.125,0.025471012783621867,0.07452731092436975
524,all_blocks,Semantic,104,0.40997546143177216,0.2222222222222222,-0.021274405206444046,0.06067251461988306
524,all_blocks,Temperature,104,0.6266296809986132,0.2222222222222222,0.027039901845727098,0.05932330827067669
524,all_blocks,Fisher,104,0.5967993171876668,0.29411764705882354,0.043583164408407135,0.04983709273182957
526,all_blocks,Semantic,91,0.08219461697722567,0.05263157894736842,-0.012613473483038706,0.07437220502235982
526,all_blocks,Temperature,91,-0.052189839146360884,0.1111111111111111,-0.008518076126771777,0.0632094943240454
526,all_blocks,Fisher,91,0.4290651377607899,0.25,0.02693820672081541,0.06717836257309942
540,all_blocks,Semantic,85,0.642173148329099,0.125,0.03843365253077976,0.06852941176470588
540,all_blocks,Temperature,85,0.5378151260504201,0.2857142857142857,-0.035187609927692,0.04308823529411765
540,all_blocks,Fisher,85,0.586984561266367,0.2,0.0011158882157514109,0.04595588235294118
546,all_blocks,Semantic,87,0.39272435663774874,0.2857142857142857,-0.0331495589414595,0.05558823529411765
546,all_blocks,Temperature,87,0.5716082233724574,0.125,-0.015088029452504193,0.057720588235294114
546,all_blocks,Fisher,87,0.25225996938105993,0.2857142857142857,0.01704272071152584,0.055955882352941175
555,all_blocks,Semantic,77,0.6128871128871128,0.3333333333333333,0.008741258741258744,0.048571428571428564
555,all_blocks,Temperature,77,0.5753457069246543,0.3333333333333333,-0.0008491508491508496,0.06010989010989011
555,all_blocks,Fisher,77,0.511435932488564,0.23076923076923078,0.005622009569377991,0.0519047619047619
568,all_blocks,Semantic,80,0.3337552742616034,0.14285714285714285,0.019054149085794652,0.06904761904761904
568,all_blocks,Temperature,80,0.572597280825129,0.14285714285714285,0.031925691514299116,0.059047619047619036
568,all_blocks,Fisher,80,0.5480543834974214,0.06666666666666667,-0.011974917955930614,0.06249084249084249
570,all_blocks,Semantic,84,0.2195200971955047,0.2,0.0553457527589349,0.05191176470588236
570,all_blocks,Temperature,84,0.41152171712058316,0.38461538461538464,0.032208160372582784,0.058529411764705885
570,all_blocks,Fisher,84,0.45615065303229724,0.2,-0.013477776652829806,0.06654411764705884
573,all_blocks,Semantic,69,0.4190719766167338,0.4,-0.018211545487760328,0.05064102564102564
573,all_blocks,Temperature,69,0.5112897332846182,0.4,0.01989769820971867,0.059615384615384605
573,all_blocks,Fisher,69,0.39908659115820244,0.16666666666666666,-0.03685787358421629,0.027564102564102567
575,all_blocks,Semantic,80,0.4223159868729489,0.14285714285714285,0.02481247069854665,0.08164835164835163
575,all_blocks,Temperature,80,0.2969292076887014,0.23076923076923078,0.006965541490857943,0.04904761904761904
575,all_blocks,Fisher,80,0.3339428035630568,0.23076923076923078,0.023922878574777314,0.07391941391941391
581,all_blocks,Semantic,91,-0.11052715400541488,0.1111111111111111,0.045445134575569354,0.06740626074991399
581,all_blocks,Temperature,91,0.19512661251791685,0.25,0.005249243510113072,0.07897746818025456
581,all_blocks,Fisher,91,0.21990762860328078,0.1111111111111111,-0.00036231884057971053,0.050511695906432744
592,all_blocks,Semantic,77,0.2276144907723855,0.06666666666666667,0.002536936747463061,0.06677655677655678
592,all_blocks,Temperature,77,0.1905988748094011,0.14285714285714285,-0.014264682685735313,0.054761904761904755
592,all_blocks,Fisher,77,0.6150954308849046,0.14285714285714285,-0.00020242914979757277,0.05428571428571429
595,all_blocks,Semantic,88,0.29192349688281505,0.125,0.011201613187277654,0.07183823529411765
595,all_blocks,Temperature,88,0.3469057095558452,0.125,-0.005041210242682542,0.06881060116354235
595,all_blocks,Fisher,88,0.4309640378993344,0.5,-0.03595505617977529,0.05558823529411765
596,all_blocks,Semantic,86,0.2026982404830416,0.2857142857142857,-0.007096561158545211,0.05183823529411765
596,all_blocks,Temperature,86,0.314722392565687,0.2,0.027004103967168264,0.05602941176470588
596,all_blocks,Fisher,86,0.10737298929194775,0.2,-0.01353177036652672,0.06477941176470589
601,all_blocks,Semantic,84,0.1750126556646755,0.125,-0.02350916270122507,0.08575630252100841
601,all_blocks,Temperature,84,0.17102359015895516,0.0,-0.028213020147818162,0.05698529411764706
601,all_blocks,Fisher,84,0.11009415814518579,0.0,-0.0012655664675508774,0.07066176470588235
605,all_blocks,Semantic,80,0.3149554617909049,0.45454545454545453,0.005924753867791843,0.05307692307692308
605,all_blocks,Temperature,80,0.4275199249882795,0.3333333333333333,-0.043989685888420074,0.0519047619047619
605,all_blocks,Fisher,80,0.5848101265822785,0.3333333333333333,-0.010165260196905765,0.05534798534798535
606,all_blocks,Semantic,97,0.515082579423522,0.25,-0.032321034083736586,0.051805985552115574
606,all_blocks,Temperature,97,0.5438407321691563,0.05263157894736842,-0.0075426046707342724,0.05285087719298245
606,all_blocks,Fisher,97,0.43832842415316636,0.17647058823529413,0.03872619924258362,0.07932146542827657
608,all_blocks,Semantic,81,0.4607723577235773,0.38461538461538464,0.0006018518518518541,0.052647058823529415
608,all_blocks,Temperature,81,0.26775067750677506,0.2,-0.025985772357723574,0.07889705882352942
608,all_blocks,Fisher,81,0.40309394760614276,0.2857142857142857,0.03578929539295393,0.07316176470588236
614,all_blocks,Semantic,91,0.5130753304666349,0.42857142857142855,-0.0030012740882306103,0.06355349157206742
614,all_blocks,Temperature,91,0.33728300684822426,0.25,-0.035324096193661406,0.05765393876848984
614,all_blocks,Fisher,91,0.5596751075011945,0.3333333333333333,-0.03667861124382864,0.04005847953216374
617,all_blocks,Semantic,69,-0.1876507124588966,0.07692307692307693,0.0066879795396419415,0.054487179487179495
617,all_blocks,Temperature,69,0.023200584581658752,0.07692307692307693,-0.016161856046766537,0.05594405594405594
617,all_blocks,Fisher,69,-0.13934965290464013,0.07692307692307693,0.015160759956156383,0.05961538461538461
624,all_blocks,Semantic,78,0.2854740196512348,0.3333333333333333,-0.05336182804537235,0.04095238095238095
624,all_blocks,Temperature,78,0.3598806257034105,0.45454545454545453,-0.011728777551562363,0.042490842490842486
624,all_blocks,Fisher,78,0.18648440167427507,0.6,-0.027396653978932456,0.06952380952380952
631,all_blocks,Semantic,100,0.04661266126612661,0.05263157894736842,0.031107110711071105,0.05438596491228069
631,all_blocks,Temperature,100,0.5014701470147014,0.1111111111111111,0.009185118511851187,0.06418988648090815
631,all_blocks,Fisher,100,0.18887488748874887,0.0,0.007671767176717671,0.05438596491228069
633,all_blocks,Semantic,73,0.19770455386893748,0.23076923076923078,-0.019218190793533263,0.06666666666666665
633,all_blocks,Temperature,73,0.09373071701838827,0.14285714285714285,-0.03228279649512526,0.06619047619047617
633,all_blocks,Fisher,73,0.09638405528816489,0.14285714285714285,0.02345273355547329,0.06952380952380952
635,all_blocks,Semantic,83,0.08763276100919357,0.2,-0.01835145459888333,0.07764705882352942
635,all_blocks,Temperature,83,0.4171319424037614,0.2857142857142857,0.023729062591830736,0.06656512605042017
635,all_blocks,Fisher,83,0.3853322698459342,0.5,-0.045788380000839596,0.05404411764705882
636,all_blocks,Semantic,91,0.42605510431597393,0.3333333333333333,-0.006329033285555034,0.05794633642930856
636,all_blocks,Temperature,91,0.6828316610925308,0.17647058823529413,-0.024202102245580507,0.038355693154454765
636,all_blocks,Fisher,91,0.5377289377289377,0.42857142857142855,0.04187052078356426,0.08582731338149294
639,all_blocks,Semantic,64,0.5967948717948718,0.4,-0.00706043956043956,0.05273892773892773
639,all_blocks,Temperature,64,0.6318223443223443,0.2727272727272727,0.005480769230769238,0.0641025641025641
639,all_blocks,Fisher,64,0.55260989010989,0.4,0.033294413919413915,0.06043123543123543
647,all_blocks,Semantic,72,-0.0019615409351083674,0.23076923076923078,0.04802559650138273,0.05142857142857142
647,all_blocks,Temperature,72,-0.02067657084056853,0.14285714285714285,0.0032719145925782997,0.059047619047619036
647,all_blocks,Fisher,72,0.06315518682873497,0.23076923076923078,0.014769438549102837,0.07117216117216116
649,all_blocks,Semantic,69,0.18282791377420538,0.16666666666666666,-0.015297771282426018,0.06282051282051282
649,all_blocks,Temperature,69,0.3122396784800877,0.16666666666666666,-0.007769455608330293,0.06876456876456877
649,all_blocks,Fisher,69,0.41607599561563763,0.2727272727272727,0.055652173913043466,0.06620046620046618
657,all_blocks,Semantic,81,0.5662375790424571,0.38461538461538464,0.06475045167118337,0.11085084033613446
657,all_blocks,Temperature,81,0.6079945799457994,0.2,-0.01629855465221319,0.05367647058823529
657,all_blocks,Fisher,81,0.6569783197831979,0.2857142857142857,0.033519647696476966,0.04602941176470589
668,all_blocks,Semantic,85,-0.07308970099667773,0.058823529411764705,0.014742036349423487,0.05441176470588236
668,all_blocks,Temperature,85,0.23924174320891148,0.2,-0.018959351182333398,0.05477941176470589
668,all_blocks,Fisher,85,0.22812194645299977,0.058823529411764705,0.02553644713699434,0.06441176470588235
677,all_blocks,Semantic,93,0.45379129241144694,0.3333333333333333,-0.025452090358389783,0.05348727210182318
677,all_blocks,Temperature,93,0.38649995523857833,0.17647058823529413,-0.00012085583838142671,0.06642586859305126
677,all_blocks,Fisher,93,0.5630539225925815,0.42857142857142855,0.02781400137268359,0.05146198830409356
681,all_blocks,Semantic,89,0.10432414027919647,0.125,-0.023173306094654417,0.07066176470588235
681,all_blocks,Temperature,89,0.12967313585291115,0.2,0.00025280898876404496,0.06029411764705883
681,all_blocks,Fisher,89,0.008597208035410284,0.058823529411764705,0.026411304051753494,0.0863655462184874
683,all_blocks,Semantic,73,0.21239047266444527,0.3333333333333333,-0.010432864371220537,0.04476190476190476
683,all_blocks,Temperature,73,0.40750339380476375,0.6,0.01518110576329755,0.0701098901098901
683,all_blocks,Fisher,73,0.08354930272738494,0.3333333333333333,-0.02081790694804394,0.044871794871794865
685,all_blocks,Semantic,83,0.28393014566978714,0.125,-0.01946286889719155,0.04852941176470589
685,all_blocks,Temperature,83,0.278598715419168,0.125,-0.0019919398849754396,0.06264705882352942
685,all_blocks,Fisher,83,0.4311741740481088,0.2,-0.03082259350992822,0.06441176470588236
691,all_blocks,Semantic,71,0.40523138832997985,0.45454545454545453,-0.032531857813547956,0.058571428571428566
691,all_blocks,Temperature,71,0.4327632461435278,0.14285714285714285,-0.0027414486921529223,0.052967032967032965
691,all_blocks,Fisher,71,0.4160630449362843,0.14285714285714285,-0.023388665325285038,0.03761904761904762
694,all_blocks,Semantic,97,0.6256443298969071,0.3333333333333333,-0.043908452556280245,0.055022359821121435
694,all_blocks,Temperature,97,0.5831448558804965,0.3333333333333333,-0.01606551125604881,0.05502235982112143
694,all_blocks,Fisher,97,0.7000578581948244,0.25,0.007060672207027142,0.05209838321293429
698,all_blocks,Semantic,83,0.40821124218126864,0.125,0.019351622517946348,0.05808823529411765
698,all_blocks,Temperature,83,0.47804458251122955,0.5,0.05063704294530037,0.06323529411764707
698,all_blocks,Fisher,83,0.5366693253851643,0.5,0.02645354938919441,0.061470588235294124
705,all_blocks,Semantic,74,0.563006293965198,0.23076923076923078,-0.024639763050721956,0.06010989010989011
705,all_blocks,Temperature,74,0.38476119955571997,0.45454545454545453,-0.005711958533876342,0.07391941391941391
705,all_blocks,Fisher,74,0.4138171047760088,0.23076923076923078,0.019734912995186964,0.059523809523809514
706,all_blocks,Semantic,89,0.23835546475995917,0.2,-0.04446629213483147,0.04897058823529412
706,all_blocks,Temperature,89,-0.013023493360572016,0.2,-0.012419986380660544,0.05191176470588236
706,all_blocks,Fisher,89,0.0223016683690841,0.2,0.005916751787538306,0.0569327731092437
708,all_blocks,Semantic,77,0.5604132709395867,0.3333333333333333,0.012742520637257476,0.06249084249084249
708,all_blocks,Temperature,77,0.4671644145328355,0.3333333333333333,-0.05124349334875648,0.04428571428571428
708,all_blocks,Fisher,77,0.44061201955938795,0.23076923076923078,-0.06081287133918713,0.04476190476190476
718,all_blocks,Semantic,76,0.397676008202324,0.3333333333333333,-0.03828571428571429,0.05201465201465201
718,all_blocks,Temperature,76,0.46928229665071775,0.23076923076923078,-0.06413533834586466,0.03380952380952381
718,all_blocks,Fisher,76,0.346930963773069,0.3333333333333333,-0.0025263157894736847,0.05201465201465201
728,all_blocks,Semantic,69,0.45217391304347837,0.4,-0.0008238947753014273,0.05512820512820512
728,all_blocks,Temperature,69,0.5709170624771649,0.07692307692307693,0.021682499086591162,0.04568764568764569
728,all_blocks,Fisher,69,0.5455608330288638,0.2727272727272727,-0.015464011691633178,0.07325174825174825
732,all_blocks,Semantic,95,0.44518477043673016,0.17647058823529413,0.027519596864501682,0.038355693154454765
732,all_blocks,Temperature,95,0.4759518477043673,0.17647058823529413,0.007082166853303475,0.05829033367733057
732,all_blocks,Fisher,95,0.45258958566629337,0.17647058823529413,0.05367091265397537,0.060921912624698996
739,all_blocks,Semantic,72,0.34783587368962643,0.3333333333333333,-0.07017653868415977,0.06344322344322344
739,all_blocks,Temperature,72,0.6403948806997236,0.3333333333333333,-0.007368641070165288,0.048095238095238094
739,all_blocks,Fisher,72,0.6554440800051451,0.3333333333333333,-0.01562962248376102,0.06296703296703296
741,all_blocks,Semantic,75,0.3779800853485064,0.3333333333333333,-0.009517780938833566,0.041428571428571426
741,all_blocks,Temperature,75,0.5177809388335703,0.3333333333333333,-0.032436699857752486,0.06142857142857143
741,all_blocks,Fisher,75,0.3864864864864865,0.3333333333333333,-0.030563300142247507,0.0580952380952381
759,all_blocks,Semantic,84,0.4596739900779589,0.2857142857142857,0.018760757314974185,0.04272058823529412
759,all_blocks,Temperature,84,0.4742938139111067,0.2857142857142857,0.03269515034929635,0.06362394957983193
759,all_blocks,Fisher,84,0.5842867267388884,0.38461538461538464,0.01688164422395464,0.07538865546218489
763,all_blocks,Semantic,67,0.2512570835661266,0.2727272727272727,-0.03763069678346238,0.046794871794871795
763,all_blocks,Temperature,67,0.26139356692473464,0.2727272727272727,0.002611940298507462,0.05448717948717948
763,all_blocks,Fisher,67,0.5658073270013568,0.4,-0.042277915236650976,0.05512820512820512
771,all_blocks,Semantic,82,0.650243249420446,0.2,-0.027054559702223528,0.04345588235294118
771,all_blocks,Temperature,82,0.1689685571554511,0.125,-0.023274670497708993,0.0481827731092437
771,all_blocks,Fisher,82,0.20192422807762214,0.2,-0.0011275454120002987,0.06029411764705883
773,all_blocks,Semantic,82,0.13923444455328088,0.38461538461538464,-0.06381188711485508,0.05441176470588236
773,all_blocks,Temperature,82,0.45553487663390696,0.38461538461538464,-0.008087635093218406,0.06183823529411765
773,all_blocks,Fisher,82,0.41459061176957157,0.38461538461538464,-0.001844777483919416,0.06441176470588236
777,all_blocks,Semantic,75,0.38216216216216214,0.14285714285714285,0.021890469416785206,0.04714285714285714
777,all_blocks,Temperature,75,0.5642389758179233,0.23076923076923078,0.01220910384068279,0.05904761904761905
777,all_blocks,Fisher,75,0.34708392603129445,0.14285714285714285,0.03215078236130867,0.05142857142857142
779,all_blocks,Semantic,97,0.2397564695981485,0.1111111111111111,-0.01340666421207658,0.03543171654626762
779,all_blocks,Temperature,97,0.09187618346307595,0.17647058823529413,-0.03901023038081211,0.04064327485380117
779,all_blocks,Fisher,97,-0.03459657058699769,0.25,-0.03787410582789817,0.05704764361885105
788,all_blocks,Semantic,79,0.512682570593963,0.3333333333333333,0.004244157740993189,0.04047619047619048
788,all_blocks,Temperature,79,0.4431110029211295,0.14285714285714285,0.0025742453748782874,0.04047619047619048
788,all_blocks,Fisher,79,0.5507546251217137,0.45454545454545453,0.0671531158714703,0.04047619047619048
790,all_blocks,Semantic,87,0.7348910111540423,0.2857142857142857,-0.010022235182620106,0.09494747899159664
790,all_blocks,Temperature,87,0.6053801851716847,0.2,0.013899722971495226,0.06558823529411764
790,all_blocks,Fisher,87,0.17841000218706712,0.2,-0.05122566887803455,0.046397058823529416
795,all_blocks,Semantic,79,0.4537974683544304,0.45454545454545453,-0.010307935735150925,0.048095238095238094
795,all_blocks,Temperature,79,0.4641674780915287,0.23076923076923078,0.049718841285296994,0.05963369963369963
795,all_blocks,Fisher,79,0.4673807205452775,0.3333333333333333,-0.006963242453748781,0.05523809523809523
798,all_blocks,Semantic,65,0.5831730769230768,0.16666666666666666,-0.0457145979020979,0.06089743589743589
798,all_blocks,Temperature,65,0.47989510489510484,0.2727272727272727,0.017058566433566433,0.08304195804195803
798,all_blocks,Fisher,65,0.6310314685314685,0.16666666666666666,-0.051289335664335654,0.07534965034965033
800,all_blocks,Semantic,92,0.45682228010418746,0.17647058823529413,0.016183746127645143,0.06613347093223254
800,all_blocks,Temperature,92,0.5574958001325462,0.17647058823529413,-0.004134364933803923,0.07139662882696937
800,all_blocks,Fisher,92,0.19601436431730962,0.25,0.0064184763343248605,0.06618507051943584
803,all_blocks,Semantic,74,0.3295520177711958,0.3333333333333333,-0.036664938911514254,0.060219780219780215
803,all_blocks,Temperature,74,0.2718844872269529,0.23076923076923078,0.013492780451684564,0.07677655677655677
803,all_blocks,Fisher,74,0.294305812661977,0.3333333333333333,-0.020841169937060346,0.05534798534798534
810,all_blocks,Semantic,81,0.49211833785004516,0.38461538461538464,0.0067773261065943976,0.08494747899159663
810,all_blocks,Temperature,81,0.47883920505871724,0.5,-0.03528116531165312,0.05147058823529412
810,all_blocks,Fisher,81,0.4228319783197832,0.38461538461538464,-0.024948057813911472,0.06441176470588236
811,all_blocks,Semantic,83,0.40195625708408544,0.5,-0.030227530330380753,0.06897058823529412
811,all_blocks,Temperature,83,0.32332815582889046,0.2,-0.007496536669325385,0.07496848739495797
811,all_blocks,Fisher,83,0.4515553503211452,0.2857142857142857,-0.00797090802233324,0.05735294117647059
814,all_blocks,Semantic,72,0.24644671683066438,0.14285714285714285,0.04455591999485499,0.052490842490842494
814,all_blocks,Temperature,72,0.6709434690333784,0.45454545454545453,-0.014033056788217892,0.058681318681318685
814,all_blocks,Fisher,72,0.491124831178854,0.23076923076923078,0.00018650717087915084,0.0719047619047619
816,all_blocks,Semantic,84,0.3610408018629138,0.125,0.02039688164422395,0.07102941176470588
816,all_blocks,Temperature,84,0.4275994735243495,0.125,0.03671965171610812,0.06869747899159664
816,all_blocks,Fisher,84,0.3312544294826364,0.2857142857142857,0.022855117950794777,0.06654411764705884
820,all_blocks,Semantic,79,0.5186952288218112,0.23076923076923078,0.05139362220058422,0.07820512820512819
820,all_blocks,Temperature,79,0.18965433300876341,0.23076923076923078,-0.001408227848101265,0.06523809523809523
820,all_blocks,Fisher,79,0.18962999026290164,0.23076923076923078,-0.008603943524829604,0.0871062271062271
824,all_blocks,Semantic,66,0.3970149253731344,0.2727272727272727,0.019974950422711628,0.06474358974358975
824,all_blocks,Temperature,66,0.3249138920780712,0.16666666666666666,-0.007468948961486274,0.04679487179487178
824,all_blocks,Fisher,66,0.44694708276797834,0.4,-0.0013255401315102819,0.046794871794871795
825,all_blocks,Semantic,91,0.37612677177894566,0.17647058823529413,-0.02076763815894251,0.04981080151358789
825,all_blocks,Temperature,91,-0.06663481446090141,0.1111111111111111,-0.007154005414874982,0.07753697970416236
825,all_blocks,Fisher,91,-0.08585762064022934,0.1111111111111111,-0.03285475394171046,0.05706914344685241
830,all_blocks,Semantic,97,0.2795208289501367,0.3333333333333333,-0.0031217126025668016,0.03280013759889921
830,all_blocks,Temperature,97,0.5649458236903009,0.3333333333333333,-0.014951083526193986,0.06850275197798418
830,all_blocks,Fisher,97,0.4460472333263202,0.42857142857142855,0.040310067325899424,0.04454764361885105
837,all_blocks,Semantic,86,0.3494598801830275,0.38461538461538464,0.005023821878390494,0.05926470588235294
837,all_blocks,Temperature,86,0.3772725128543799,0.38461538461538464,-0.0013500636822491642,0.0736029411764706
837,all_blocks,Fisher,86,0.4188971177885749,0.2,-0.0004377564979480164,0.06558823529411764
842,all_blocks,Semantic,70,-0.28951097891698013,0.07692307692307693,0.09495757151605283,0.07179487179487179
842,all_blocks,Temperature,70,0.09761175750153091,0.07692307692307693,0.008104277840958797,0.03141025641025641
842,all_blocks,Fisher,70,-0.08207505904995188,0.07692307692307693,-0.00428658909981629,0.040559440559440565
850,all_blocks,Semantic,97,0.4569087944456132,0.17647058823529413,0.025158452556280235,0.058926728586171304
850,all_blocks,Temperature,97,0.5403823900694298,0.17647058823529413,0.004951478013885968,0.051169590643274844
850,all_blocks,Fisher,97,0.6217389017462654,0.17647058823529413,-0.028121712602566795,0.04269005847953215
864,all_blocks,Semantic,83,0.18068091180051216,0.125,0.008400151127156714,0.05558823529411765
864,all_blocks,Temperature,83,0.2843079635615633,0.2,-0.02302800050375719,0.06220588235294118
864,all_blocks,Fisher,83,0.3100835397338483,0.2,-0.022042525502707692,0.051911764705882345
870,all_blocks,Semantic,81,0.6038166214995484,0.38461538461538464,0.001461156278229448,0.05147058823529412
870,all_blocks,Temperature,81,0.5718608852755195,0.2857142857142857,-0.03188911472448057,0.04264705882352941
870,all_blocks,Fisher,81,0.5580397470641373,0.2,0.010591689250225831,0.0813970588235294
876,all_blocks,Semantic,99,0.37056277056277054,0.42857142857142855,-0.012584415584415587,0.0347953216374269
876,all_blocks,Temperature,99,-0.046444032158317876,0.42857142857142855,0.007936920222634506,0.07249312005503955
876,all_blocks,Fisher,99,0.0025355596784168216,0.3333333333333333,0.000687074829931969,0.07530099759201926
879,all_blocks,Semantic,80,0.12358180965775903,0.14285714285714285,-0.014258087201125178,0.04428571428571428
879,all_blocks,Temperature,80,0.1418893577121425,0.14285714285714285,-0.02996601031411158,0.04047619047619048
879,all_blocks,Fisher,80,0.30714955461790905,0.14285714285714285,-0.014226441631504924,0.04714285714285714
887,all_blocks,Semantic,90,0.3979503642424991,0.38461538461538464,-0.004952051693624727,0.05522058823529412
887,all_blocks,Temperature,90,0.5167963123019302,0.125,-6.749804502613477e-05,0.05220588235294118
887,all_blocks,Fisher,90,0.3407416553483969,0.38461538461538464,0.034130962670288506,0.05808823529411765
892,all_blocks,Semantic,93,0.012577959475992955,0.25,-0.056463549282325186,0.049174406604747166
892,all_blocks,Temperature,93,0.004103130315418817,0.25,-0.00159425263346364,0.04795321637426899
892,all_blocks,Fisher,93,0.20066545313479156,0.25,0.04101862075139506,0.07067423460612315
896,all_blocks,Semantic,66,0.6135267717357271,0.2727272727272727,-0.00535225968061789,0.07325174825174825
896,all_blocks,Temperature,66,0.45917962634380555,0.2727272727272727,0.03140382006053648,0.06794871794871796
896,all_blocks,Fisher,66,0.476004592422503,0.4,-0.05333055004696796,0.027564102564102567
899,all_blocks,Semantic,93,0.5929993136582017,0.3333333333333333,0.01987332517680761,0.09147746818025457
899,all_blocks,Temperature,93,0.40425531914893614,0.3333333333333333,0.010595028498105098,0.04619883040935672
899,all_blocks,Fisher,93,0.4969114619080301,0.25,0.01484288741010414,0.04946680426556588
900,all_blocks,Semantic,74,0.6043243243243243,0.45454545454545453,0.007035912624953719,0.04095238095238095
900,all_blocks,Temperature,74,0.40271010736764146,0.3333333333333333,0.00366382821177342,0.056776556776556776
900,all_blocks,Fisher,74,0.6590003702332468,0.45454545454545453,0.01694779711218067,0.07619047619047618
907,all_blocks,Semantic,79,0.5474683544303798,0.23076923076923078,0.020953018500486857,0.04868131868131868
907,all_blocks,Temperature,79,0.535126582278481,0.3333333333333333,-0.011867088607594941,0.052967032967032965
907,all_blocks,Fisher,79,0.4399707887049659,0.06666666666666667,-0.013762171372930865,0.0657142857142857
914,all_blocks,Semantic,73,0.3585708996667901,0.23076923076923078,-0.009278970751573495,0.06523809523809523
914,all_blocks,Temperature,73,0.4417499691472295,0.06666666666666667,0.01637202270763915,0.05476190476190477
914,all_blocks,Fisher,73,0.5617980994693325,0.23076923076923078,-0.028057509564358884,0.05963369963369963
920,all_blocks,Semantic,73,0.37165247439220045,0.14285714285714285,0.007509564358879434,0.06677655677655678
920,all_blocks,Temperature,73,0.05883623349376775,0.06666666666666667,0.01148494384795755,0.054761904761904755
920,all_blocks,Fisher,73,0.12572504010860178,0.06666666666666667,0.037533938047636675,0.047619047619047616
921,all_blocks,Semantic,77,0.2146274777853725,0.3333333333333333,-0.021002681528997317,0.06677655677655678
921,all_blocks,Temperature,77,0.49789684000210316,0.14285714285714285,0.03192596876807403,0.07619047619047618
921,all_blocks,Fisher,77,0.28963142121036856,0.14285714285714285,-0.0004482359745517627,0.05582417582417583
924,all_blocks,Semantic,76,-0.08125768967874232,0.06666666666666667,0.023259056732740948,0.048095238095238094
924,all_blocks,Temperature,76,0.029747095010252907,0.3333333333333333,0.05431442241968558,0.07820512820512819
924,all_blocks,Fisher,76,0.09285030758714968,0.45454545454545453,0.03994258373205741,0.05201465201465201
931,all_blocks,Semantic,115,0.5166258975775271,0.2,0.012154580604434629,0.0758738744093435
931,all_blocks,Temperature,115,0.5659749072832005,0.2631578947368421,-0.00149135958336621,0.0546301524562394
931,all_blocks,Fisher,115,0.44554564822851733,0.2,-0.007414582182592916,0.05294184076792772
935,all_blocks,Semantic,91,0.3938047459786591,0.3333333333333333,-0.027916865742952702,0.05765393876848984
935,all_blocks,Temperature,91,0.541535276317885,0.3333333333333333,0.008114349418697247,0.06613347093223254
935,all_blocks,Fisher,91,0.1676381589425068,0.17647058823529413,-0.012414397197005893,0.055366357069143446
940,all_blocks,Semantic,103,0.4098646927030708,0.375,0.004366735491806877,0.062218045112781964
940,all_blocks,Temperature,103,0.3491191846417432,0.2222222222222222,0.010558801563941487,0.07799744459187184
940,all_blocks,Fisher,103,0.2798181259060757,0.2222222222222222,0.00019274700171330593,0.07011278195488722
946,all_blocks,Semantic,85,0.48446355286300563,0.2857142857142857,-0.012081297635333204,0.04897058823529412
946,all_blocks,Temperature,85,0.5355481727574751,0.2857142857142857,0.0028424858315419196,0.05522058823529412
946,all_blocks,Fisher,85,0.5531366034786007,0.125,-0.03943326167676373,0.05558823529411765
954,all_blocks,Semantic,123,0.1826753169699862,0.23809523809523808,-0.002270704621377251,0.0547536231884058
954,all_blocks,Temperature,123,0.21378545356051126,0.23809523809523808,0.0006497401039584135,0.052967720685111984
954,all_blocks,Fisher,123,0.23219099456991396,0.3684210526315789,-0.005739639628019761,0.039
957,all_blocks,Semantic,75,0.5584352773826458,0.23076923076923078,0.011194879089615927,0.08498168498168497
957,all_blocks,Temperature,75,0.5709530583214794,0.45454545454545453,-0.012570412517780937,0.09164835164835164
957,all_blocks,Fisher,75,0.7446941678520625,0.3333333333333333,-0.009964438122332858,0.06402930402930403
959,all_blocks,Semantic,92,0.42088066211488373,0.42857142857142855,-0.060809457022640755,0.06379428964568283
959,all_blocks,Temperature,92,0.26422945918037083,0.1111111111111111,0.015580352326495387,0.05701754385964912
959,all_blocks,Fisher,92,0.5511767335049242,0.25,-0.04277545736171262,0.04824561403508772
960,all_blocks,Semantic,77,0.60641989589358,0.45454545454545453,-0.04705163257794836,0.05249084249084248
960,all_blocks,Temperature,77,0.6327882643672118,0.6,0.05706398864293601,0.048571428571428564
960,all_blocks,Fisher,77,0.505179031494821,0.45454545454545453,-0.004964772070035231,0.07238095238095237
962,all_blocks,Semantic,66,0.48539818390564665,0.5555555555555556,-0.032545663291931946,0.075990675990676
962,all_blocks,Temperature,66,0.23469366454441087,0.2727272727272727,-0.011645965974324185,0.07179487179487179
962,all_blocks,Fisher,66,0.19582507045193617,0.2727272727272727,-0.03208433357687089,0.03461538461538462
975,all_blocks,Semantic,77,0.14490772385509226,0.14285714285714285,-0.00988748094011252,0.05523809523809524
975,all_blocks,Temperature,77,0.4032283505967716,0.23076923076923078,0.0018376360481623638,0.06142857142857142
975,all_blocks,Fisher,77,0.23408170776591827,0.14285714285714285,-0.01800042063199958,0.05095238095238095
977,all_blocks,Semantic,81,-0.03608852755194219,0.125,0.023553523035230357,0.040756302521008404
977,all_blocks,Temperature,81,0.1971544715447154,0.0,-0.0006967028003613346,0.061102941176470596
977,all_blocks,Fisher,81,0.0746386630532972,0.125,-0.010385049683830177,0.07073529411764706
978,all_blocks,Semantic,94,0.4559260195788029,0.1111111111111111,0.008439114257847775,0.061988304093567245
978,all_blocks,Temperature,94,0.21118375898565905,0.05263157894736842,-0.01974207997688112,0.043567251461988296
978,all_blocks,Fisher,94,0.33906007296897017,0.1111111111111111,0.006187913159700901,0.05869883040935673
984,all_blocks,Semantic,93,0.6430873444540598,0.3333333333333333,0.040684402136611855,0.05507395940832473
984,all_blocks,Temperature,93,0.5663215063710422,0.42857142857142855,-0.017889648175226043,0.10010319917440662
984,all_blocks,Fisher,93,0.581629912566023,0.3333333333333333,-0.02598624332308793,0.03479532163742689
988,all_blocks,Semantic,80,0.49029535864978907,0.06666666666666667,-0.00403891233005157,0.04523809523809523
988,all_blocks,Temperature,80,0.5764650726676043,0.14285714285714285,-0.001155649320206289,0.05534798534798535
988,all_blocks,Fisher,80,0.47681669010782934,0.14285714285714285,-0.02076066572902016,0.048095238095238094
995,all_blocks,Semantic,100,0.15263126312631262,0.1111111111111111,-0.02398919891989199,0.052098383212934286
995,all_blocks,Temperature,100,0.6633903390339033,0.17647058823529413,-0.031707770777077704,0.021052631578947368
995,all_blocks,Fisher,100,0.6393879387938795,0.17647058823529413,-0.0052817281728172825,0.061558307533539726
998,all_blocks,Semantic,86,0.20286805981414216,0.125,-0.034707297514033675,0.05073529411764706
998,all_blocks,Temperature,86,0.23405821029293836,0.125,-0.03288928723052974,0.08899159663865545
998,all_blocks,Fisher,86,0.231888296617765,0.2,0.011492994952592104,0.03897058823529412
