index,checkpoint,method,n_tokens,spearman,top10_jaccard,random_floor_spearman,random_floor_top10_jaccard
0,final_quarter,Semantic,70,0.8267168226751814,0.2727272727272727,-0.011776747441168748,0.05064102564102564
0,final_quarter,Temperature,70,0.7971131134633891,0.16666666666666666,0.0009185548071034881,0.06876456876456877
0,final_quarter,Fisher,70,0.769748928352725,0.2727272727272727,0.0051264106377394755,0.06876456876456875
1,final_quarter,Semantic,80,0.3153070792311299,0.06666666666666667,-0.00639592123769339,0.05809523809523809
1,final_quarter,Temperature,80,0.36047819971870604,0.06666666666666667,0.005146507266760432,0.03476190476190476
1,final_quarter,Fisher,80,0.14695264885138304,0.06666666666666667,-0.005771214252226911,0.038681318681318674
17,final_quarter,Semantic,56,0.6057416267942585,0.09090909090909091,-0.025126452494873552,0.05848484848484849
17,final_quarter,Temperature,56,0.5100478468899522,0.09090909090909091,0.014654818865345181,0.042727272727272725
17,final_quarter,Fisher,56,0.5650717703349284,0.09090909090909091,0.04435064935064935,0.05636363636363636
22,final_quarter,Semantic,74,0.6619326175490557,0.3333333333333333,0.03675971862273231,0.06190476190476191
22,final_quarter,Temperature,74,0.6346538319141057,0.06666666666666667,0.03816956682710106,0.07619047619047618
22,final_quarter,Fisher,74,0.5940466493891151,0.14285714285714285,0.04486782673084042,0.06904761904761905
26,final_quarter,Semantic,90,0.39327488990410336,0.125,0.0009754290653167103,0.053455882352941186
26,final_quarter,Temperature,90,0.43392188336008564,0.125,-0.016584763551055686,0.04889705882352942
26,final_quarter,Fisher,90,0.4133596740338312,0.125,0.007249454665185004,0.045220588235294124
43,final_quarter,Semantic,95,0.5362961926091826,0.25,0.018430851063829783,0.08129514963880288
43,final_quarter,Temperature,95,0.6572508398656215,0.3333333333333333,-0.024833426651735727,0.054093567251461985
43,final_quarter,Fisher,95,0.6563269876819708,0.1111111111111111,0.013108202687569986,0.052098383212934286
53,final_quarter,Semantic,77,0.47478836952521164,0.06666666666666667,-0.028608233871391765,0.06523809523809523
53,final_quarter,Temperature,77,0.42912350807087646,0.06666666666666667,-0.0023989168726010882,0.05714285714285714
53,final_quarter,Fisher,77,0.6716178558283821,0.06666666666666667,0.04580288132919711,0.054285714285714284
57,final_quarter,Semantic,94,0.6748762778600585,0.3333333333333333,-0.02389119676335657,0.0567251461988304
57,final_quarter,Temperature,94,0.5671133908897157,0.17647058823529413,-0.010823248925333241,0.05443756449948399
57,final_quarter,Fisher,94,0.6113715998988549,0.1111111111111111,0.009709207817071849,0.05180598555211559
60,final_quarter,Semantic,75,0.7668563300142247,0.45454545454545453,-0.019586059743954477,0.054285714285714284
60,final_quarter,Temperature,75,0.7483641536273115,0.7777777777777778,-0.01096443812233286,0.05142857142857142
60,final_quarter,Fisher,75,0.5989473684210526,0.23076923076923078,0.029113798008534846,0.06619047619047617
62,final_quarter,Semantic,104,0.756332017497066,0.15789473684210525,-0.004721007148191609,0.06805346700083544
62,final_quarter,Temperature,104,0.6574842633095062,0.2222222222222222,-0.04824709271311213,0.04507518796992481
62,final_quarter,Fisher,104,0.7696361890536649,0.29411764705882354,0.02523951776378961,0.044561403508771934
65,final_quarter,Semantic,101,0.5601747233546883,0.047619047619047616,-0.023539312754804885,0.06796992481203008
65,final_quarter,Temperature,101,0.5959813628421666,0.2222222222222222,0.005491555037856722,0.0902297410192147
65,final_quarter,Fisher,101,0.20311007571345369,0.0,0.009083867210250434,0.06721804511278197
68,final_quarter,Semantic,81,0.6643405600722674,0.2857142857142857,-0.0868970189701897,0.05448529411764706
68,final_quarter,Temperature,81,0.7044715447154472,0.2857142857142857,0.010512646793134602,0.04602941176470589
68,final_quarter,Fisher,81,0.6553974706413731,0.125,-3.7262872628724546e-05,0.050735294117647066
73,final_quarter,Semantic,77,0.6678321678321678,0.06666666666666667,-0.04453178400546819,0.027142857142857142
73,final_quarter,Temperature,77,0.7601083127398917,0.06666666666666667,-0.03543824596456176,0.054761904761904755
73,final_quarter,Fisher,77,0.7538514117461484,0.06666666666666667,0.011233503338766495,0.06952380952380952
74,final_quarter,Semantic,73,0.5011724052819944,0.45454545454545453,-9.56435887942678e-05,0.07498168498168498
74,final_quarter,Temperature,73,0.7608293224731583,0.23076923076923078,0.027226027397260284,0.0719047619047619
74,final_quarter,Fisher,73,0.6346106380352957,0.23076923076923078,0.03078952239911144,0.07058608058608058
78,final_quarter,Semantic,80,0.38701359587435535,0.14285714285714285,0.001904594467885609,0.05380952380952381
78,final_quarter,Temperature,80,0.7658696671354899,0.14285714285714285,-0.014015471167369902,0.06355311355311355
78,final_quarter,Fisher,80,0.4079699953117675,0.14285714285714285,-0.010564932020628226,0.059157509157509156
91,final_quarter,Semantic,56,0.6367053998632946,0.09090909090909091,-0.03274777853725221,0.05545454545454546
91,final_quarter,Temperature,56,0.370745044429255,0.09090909090909091,-0.05577922077922078,0.02909090909090909
91,final_quarter,Fisher,56,0.27047163362952836,0.09090909090909091,0.029391660970608337,0.0709090909090909
96,final_quarter,Semantic,185,0.5639835487661575,0.26666666666666666,0.015098461013608283,0.05772352184116889
96,final_quarter,Temperature,185,0.39195822751222475,0.1875,0.03125971343012016,0.05234461352108412
96,final_quarter,Fisher,185,0.47781926386414464,0.3103448275862069,0.005034115461885447,0.0596397658162364
99,final_quarter,Semantic,115,0.3092085536179279,0.2,-0.015041426655093509,0.058949745906267635
99,final_quarter,Temperature,115,0.16319734869407404,0.2631578947368421,0.020557089876114577,0.05223037831733485
99,final_quarter,Fisher,115,0.30718851100765404,0.2631578947368421,-0.017738104631894576,0.05537549407114624
102,final_quarter,Semantic,99,0.7465306122448979,0.25,0.011243042671614103,0.06028551771585826
102,final_quarter,Temperature,99,0.47222016079158935,0.05263157894736842,0.006293135435992578,0.04035087719298245
102,final_quarter,Fisher,99,0.7534817563388992,0.25,-0.02492207792207791,0.08314413484692121
103,final_quarter,Semantic,193,0.4683243416484162,0.2903225806451613,0.02066888454142407,0.055393334340702746
103,final_quarter,Temperature,193,0.6712131429944981,0.42857142857142855,0.0036213510229154413,0.049386633597159904
103,final_quarter,Fisher,193,0.5760526280647401,0.2903225806451613,-0.012337331739757491,0.04112047269942007
106,final_quarter,Semantic,103,0.48154900496419634,0.15789473684210525,0.006430940561437426,0.056428571428571425
106,final_quarter,Temperature,103,0.4758269999560691,0.1,0.03518429029565523,0.059799498746867165
106,final_quarter,Fisher,103,0.5430523217502087,0.047619047619047616,0.018797500329482054,0.04904761904761904
107,final_quarter,Semantic,128,0.7875846914484527,0.4444444444444444,-0.016550883537813584,0.05221014492753623
107,final_quarter,Temperature,128,0.707751556491485,0.3,-0.01217353735579564,0.0723445322793149
107,final_quarter,Fisher,128,0.5622482146127082,0.5294117647058824,0.0033796465848745633,0.05675362318840579
108,final_quarter,Semantic,190,0.5659130373927839,0.22580645161290322,-0.00986838824810718,0.05184041184041184
108,final_quarter,Temperature,190,0.60317897711119,0.3103448275862069,0.009918513561390388,0.05738788062317475
108,final_quarter,Fisher,190,0.3430627178767162,0.15151515151515152,-0.0383116604775464,0.03668243874126227
110,final_quarter,Semantic,85,0.6055696697283565,0.058823529411764705,0.012696892710572599,0.07288865546218488
110,final_quarter,Temperature,85,0.5960523744381473,0.2857142857142857,0.024011139339456707,0.05522058823529412
110,final_quarter,Fisher,85,0.699140121164745,0.2857142857142857,-0.00609145983974985,0.04860294117647059
111,final_quarter,Semantic,51,0.7769230769230769,0.2,0.0037556561085972827,0.06848484848484848
111,final_quarter,Temperature,51,0.8029864253393665,0.2,-0.03521719457013574,0.03363636363636364
111,final_quarter,Fisher,51,0.8020814479638009,0.2,-0.028945701357466068,0.04181818181818182
112,final_quarter,Semantic,117,0.7814743215093887,0.2631578947368421,-0.017188928351990887,0.06154714850367023
112,final_quarter,Temperature,117,0.8132970672421286,0.4117647058823529,0.02887088072652071,0.06804065499717674
112,final_quarter,Fisher,117,0.5443660177733818,0.2,0.004002757421810607,0.05635234330886505
115,final_quarter,Semantic,86,0.5518467852257182,0.2,-0.008938157460257558,0.08156512605042017
115,final_quarter,Temperature,86,0.6056983819991508,0.2,-0.037946129534411996,0.04933823529411765
115,final_quarter,Fisher,86,0.4294259163168074,0.058823529411764705,-0.03116279069767442,0.06362394957983193
116,final_quarter,Semantic,85,0.3346492085206175,0.058823529411764705,0.034667774086378736,0.07176470588235294
116,final_quarter,Temperature,85,0.4404143052569865,0.2,0.022729138166894668,0.06764705882352942
116,final_quarter,Fisher,85,0.44188000781708026,0.058823529411764705,0.0048016415868673045,0.05441176470588236
125,final_quarter,Semantic,75,0.5064011379800853,0.3333333333333333,-0.056423897581792316,0.03761904761904762
125,final_quarter,Temperature,75,0.39382645803698435,0.3333333333333333,-0.0152275960170697,0.07523809523809523
125,final_quarter,Fisher,75,0.36529160739687055,0.23076923076923078,0.023691322901849218,0.0826007326007326
126,final_quarter,Semantic,72,0.6511029648208889,0.23076923076923078,0.0020226381117756736,0.05963369963369962
126,final_quarter,Temperature,72,0.6849636632580873,0.45454545454545453,-0.020962762878641718,0.05534798534798535
126,final_quarter,Fisher,72,0.5081998842369285,0.23076923076923078,0.005297768345231205,0.06842490842490842
128,final_quarter,Semantic,66,0.7907107817555581,0.4,0.004193716731030162,0.07022144522144522
128,final_quarter,Temperature,66,0.64901367289427,0.2727272727272727,0.015971192986118356,0.023076923076923078
128,final_quarter,Fisher,66,0.8225654942072854,0.4,-0.03937167310301638,0.05064102564102564
129,final_quarter,Semantic,122,0.7197088106905998,0.08333333333333333,0.02258468513421078,0.053688405797101456
129,final_quarter,Temperature,122,0.7878997161465991,0.3,0.004567759672990307,0.06127536231884058
129,final_quarter,Fisher,122,0.6947336767772231,0.04,-0.01131679559581126,0.05444598155467721
132,final_quarter,Semantic,85,0.39147938245065467,0.058823529411764705,-0.02206761774477232,0.05889705882352941
132,final_quarter,Temperature,85,0.5282001172562049,0.38461538461538464,0.025262849325776826,0.07183823529411765
132,final_quarter,Fisher,85,0.44793824506546803,0.38461538461538464,0.02915770959546609,0.06264705882352942
133,final_quarter,Semantic,59,0.7032144944476915,0.09090909090909091,-0.030312682641729982,0.04090909090909091
133,final_quarter,Temperature,59,0.5983050847457628,0.09090909090909091,-0.03978959672706021,0.04272727272727273
133,final_quarter,Fisher,59,0.5049094097019287,0.09090909090909091,-0.05284921098772648,0.048181818181818194
171,final_quarter,Semantic,61,0.2320994182971972,0.07692307692307693,0.030074034902168163,0.06346153846153844
171,final_quarter,Temperature,61,0.4417768376520359,0.07692307692307693,0.011528291909042832,0.05576923076923077
171,final_quarter,Fisher,61,0.4299841353781067,0.07692307692307693,-0.013900052882072977,0.04358974358974359
176,final_quarter,Semantic,160,0.5551974686511192,0.23076923076923078,0.016751142622758702,0.06826344380293212
176,final_quarter,Temperature,160,0.5675231454353685,0.391304347826087,0.02523262627446384,0.04729646697388633
176,final_quarter,Fisher,160,0.7530323450134772,0.28,0.03952756943630611,0.05489404181284048
179,final_quarter,Semantic,61,0.6543627710206239,0.16666666666666666,-0.03911951348492861,0.047435897435897434
179,final_quarter,Temperature,61,0.7323638286620835,0.16666666666666666,0.03627710206240083,0.07773892773892774
179,final_quarter,Fisher,61,0.7503966155473294,0.16666666666666666,0.011694870438921205,0.051923076923076926
180,final_quarter,Semantic,113,0.7024668973318251,0.4117647058823529,-0.005836216647814227,0.05612648221343873
180,final_quarter,Temperature,113,0.7401523720806441,0.4117647058823529,-0.01852293898462972,0.049661208356860526
180,final_quarter,Fisher,113,0.7578930733914433,0.3333333333333333,0.005109288708496904,0.04817052512704687
192,final_quarter,Semantic,84,0.5783537511390098,0.38461538461538464,-0.009607168168472211,0.05183823529411765
192,final_quarter,Temperature,84,0.5524956970740104,0.2857142857142857,-0.0031031689784347507,0.058529411764705885
192,final_quarter,Fisher,84,0.49966589045256665,0.125,-0.022235496608281863,0.058529411764705885
195,final_quarter,Semantic,54,0.8682675814751285,0.3333333333333333,0.07895559367257479,0.1087878787878788
195,final_quarter,Temperature,54,0.862854964741757,0.5,0.015410710882408992,0.08151515151515151
195,final_quarter,Fisher,54,0.8822946445587952,0.2,-0.03159900895749952,0.045454545454545456
196,final_quarter,Semantic,95,0.5420492721164614,0.17647058823529413,0.03349314109742442,0.059941520467836254
196,final_quarter,Temperature,95,0.7876539753639419,0.3333333333333333,-0.025277155655095185,0.05209838321293429
196,final_quarter,Fisher,95,0.6117021276595744,0.25,-0.0037157054871220603,0.04561403508771929
200,final_quarter,Semantic,73,0.536807355300506,0.14285714285714285,-0.0009749475502900217,0.06677655677655678
200,final_quarter,Temperature,73,0.5868196964087375,0.14285714285714285,-0.04174225595458474,0.06428571428571428
200,final_quarter,Fisher,73,0.585369616191534,0.14285714285714285,-0.018741515488090835,0.07593406593406593
202,final_quarter,Semantic,132,0.5432317782659284,0.2727272727272727,-0.016890160863644185,0.05319435154217762
202,final_quarter,Temperature,132,0.7593202297902979,0.2727272727272727,0.00845434196177466,0.05653276353276352
202,final_quarter,Fisher,132,0.566262985708546,0.16666666666666666,0.0006224791680798109,0.046045584045584044
204,final_quarter,Semantic,159,0.6046930976833056,0.28,-0.008864491282541197,0.04635520949202818
204,final_quarter,Temperature,159,0.49959398137091,0.23076923076923078,0.0353661631239551,0.047283754436145985
204,final_quarter,Fisher,159,0.536819321710055,0.14285714285714285,0.014510837114879388,0.055897028444303186
209,final_quarter,Semantic,133,0.7344140541312576,0.16666666666666666,0.02457381581497842,0.05087179487179486
209,final_quarter,Temperature,133,0.6172350822782873,0.16666666666666666,0.04417420756776609,0.04650712250712251
209,final_quarter,Fisher,133,0.7993542200140786,0.47368421052631576,0.008233694820497647,0.07302279202279202
216,final_quarter,Semantic,88,0.5752351097178685,0.38461538461538464,0.01052093973442289,0.049779411764705885
216,final_quarter,Temperature,88,0.3072452537776056,0.125,-0.02235655665527808,0.04852941176470589
216,final_quarter,Fisher,88,0.408703462364834,0.2,0.007735726110387096,0.06029411764705883
234,final_quarter,Semantic,74,0.779992595335061,0.3333333333333333,0.0001155127730470204,0.062380952380952384
234,final_quarter,Temperature,74,0.708522769344687,0.23076923076923078,-0.005510551647537949,0.04380952380952381
234,final_quarter,Fisher,74,0.8005183265457235,0.14285714285714285,0.004983339503887453,0.05809523809523809
235,final_quarter,Semantic,67,0.814829595338814,0.2727272727272727,0.03867427568042143,0.06474358974358974
235,final_quarter,Temperature,67,0.6719211429483599,0.2727272727272727,0.0035218293558943225,0.05128205128205129
235,final_quarter,Fisher,67,0.8298746907175354,0.4,-0.014336738766062737,0.0673076923076923
237,final_quarter,Semantic,62,0.869658281080809,0.2727272727272727,-0.031875299035531726,0.0685897435897436
237,final_quarter,Temperature,62,0.8492105461962681,0.2727272727272727,0.004092065170859457,0.04807692307692307
237,final_quarter,Fisher,62,0.8321875550854928,0.5555555555555556,-0.01508649996222709,0.075
240,final_quarter,Semantic,55,0.7658008658008659,0.3333333333333333,0.003488455988455999,0.06848484848484848
240,final_quarter,Temperature,55,0.6435786435786437,0.09090909090909091,0.008571428571428574,0.044848484848484846
240,final_quarter,Fisher,55,0.721933621933622,0.2,-0.012027417027417029,0.04636363636363637
245,final_quarter,Semantic,128,0.6137554934993591,0.18181818181818182,0.01765873924189709,0.07046997929606626
245,final_quarter,Temperature,128,0.479542437282549,0.3,-8.955548434352798e-05,0.06330105401844532
245,final_quarter,Fisher,128,0.6514088536898004,0.23809523809523808,0.012181834828785942,0.05823188405797101
255,final_quarter,Semantic,65,0.6847027972027973,0.5555555555555556,-0.016654283216783215,0.04825174825174825
255,final_quarter,Temperature,65,0.7744755244755245,0.2727272727272727,0.012434440559440561,0.06346153846153847
255,final_quarter,Fisher,65,0.49493006993006994,0.07692307692307693,0.0035336538461538474,0.08030303030303029
261,final_quarter,Semantic,113,0.7213470623461308,0.2631578947368421,-0.0011315623128618055,0.051609260304912474
261,final_quarter,Temperature,113,0.7072493179852286,0.2,-0.013649028544813365,0.05469226425748164
261,final_quarter,Fisher,113,0.7117739037860138,0.2631578947368421,-0.004624392840508354,0.040344438170525125
263,final_quarter,Semantic,92,0.5140483639782377,0.1111111111111111,-0.005089931106761403,0.06786635706914343
263,final_quarter,Temperature,92,0.6565047855370435,0.25,-0.019609913228426548,0.07174062607499139
263,final_quarter,Fisher,92,0.5770540819629179,0.3333333333333333,0.008287224696761863,0.07079033367733058
270,final_quarter,Semantic,68,0.42260564186738936,0.16666666666666666,-0.01466389281215406,0.06474358974358975
270,final_quarter,Temperature,68,0.612703744703592,0.16666666666666666,-0.013967248158186046,0.07576923076923076
270,final_quarter,Fisher,68,0.30522578921250526,0.07692307692307693,0.003483223269840058,0.07919580419580417
271,final_quarter,Semantic,69,0.676909024479357,0.16666666666666666,0.004943368651808548,0.047435897435897434
271,final_quarter,Temperature,69,0.842053343076361,0.4,-0.018688344903178666,0.07594405594405594
271,final_quarter,Fisher,69,0.4541834124954331,0.07692307692307693,-0.0302685421994885,0.035897435897435895
278,final_quarter,Semantic,55,0.7046897546897548,0.2,-0.014715007215007217,0.06772727272727272
278,final_quarter,Temperature,55,0.7498556998557001,0.2,0.01056637806637807,0.07863636363636363
278,final_quarter,Fisher,55,0.7888888888888891,0.2,0.02672799422799424,0.04818181818181819
281,final_quarter,Semantic,80,0.509704641350211,0.23076923076923078,0.020902484763244262,0.058571428571428566
281,final_quarter,Temperature,80,0.7218471636193156,0.3333333333333333,-0.014498359118612284,0.05963369963369963
281,final_quarter,Fisher,80,0.4185654008438819,0.14285714285714285,-0.03168424753867793,0.05201465201465202
292,final_quarter,Semantic,56,0.8153793574846208,0.3333333333333333,0.007375256322624746,0.06454545454545454
292,final_quarter,Temperature,56,0.8695146958304854,0.5,0.0008099794941900214,0.041818181818181824
292,final_quarter,Fisher,56,0.8114149008885851,0.3333333333333333,0.01859193438140807,0.06484848484848485
313,final_quarter,Semantic,91,0.5039655996177735,0.25,0.01779582736104475,0.054145166838665285
313,final_quarter,Temperature,91,0.7473801560758082,0.25,0.020626692148431283,0.048589611283109735
313,final_quarter,Fisher,91,0.34983277591973244,0.17647058823529413,-0.012045707915273129,0.06618507051943584
322,final_quarter,Semantic,66,0.8431061475837597,0.5555555555555556,-0.0031645965974324113,0.09312354312354314
322,final_quarter,Temperature,66,0.6180774449431167,0.2727272727272727,0.010493685419058558,0.058974358974358966
322,final_quarter,Fisher,66,0.3935497338482414,0.2727272727272727,0.002939150401836979,0.05641025641025641
323,final_quarter,Semantic,96,0.6779164405860011,0.1111111111111111,0.006954693434617472,0.05736154110767113
323,final_quarter,Temperature,96,0.6040694519804667,0.25,-0.007182582745523601,0.06262469900240797
323,final_quarter,Fisher,96,0.4263022246337493,0.25,-0.02068638090070537,0.052098383212934286
333,final_quarter,Semantic,60,0.4888024451236455,0.3333333333333333,0.029096971380939158,0.05181818181818182
333,final_quarter,Temperature,60,0.5880522367324258,0.3333333333333333,0.029583217560433455,0.042727272727272725
333,final_quarter,Fisher,60,0.19027507641011396,0.09090909090909091,0.02781050291747708,0.052727272727272734
338,final_quarter,Semantic,73,0.626311242749599,0.14285714285714285,-0.020572627421942494,0.05201465201465202
338,final_quarter,Temperature,73,0.6344563741824016,0.14285714285714285,-0.0024065161051462446,0.06915750915750915
338,final_quarter,Fisher,73,0.6741330371467359,0.14285714285714285,-0.017695606565469573,0.05142857142857142
345,final_quarter,Semantic,98,0.5705678710096971,0.17647058823529413,0.013516184355654163,0.05380116959064326
345,final_quarter,Temperature,98,0.5017755930863441,0.1111111111111111,0.015608005151451396,0.059386824905400745
345,final_quarter,Fisher,98,0.7060229902645219,0.3333333333333333,-0.009034166618849973,0.07593739250085998
351,final_quarter,Semantic,92,0.4307445709970254,0.17647058823529413,0.02958941479278085,0.06589267285861712
351,final_quarter,Temperature,92,0.36373164002897523,0.25,-0.009289027942604378,0.04654282765737874
351,final_quarter,Fisher,92,0.5295994328252392,0.17647058823529413,0.017396698672996008,0.07605349157206742
355,final_quarter,Semantic,100,0.3648964896489648,0.17647058823529413,0.015589558955895585,0.06257309941520468
355,final_quarter,Temperature,100,0.43642364236423636,0.1111111111111111,-0.0026036603660365997,0.04912280701754386
355,final_quarter,Fisher,100,0.36823282328232815,0.05263157894736842,0.01572637263726372,0.061674406604747156
359,final_quarter,Semantic,64,0.7151556776556776,0.2727272727272727,0.024652014652014654,0.05658508158508159
359,final_quarter,Temperature,64,0.4070970695970696,0.07692307692307693,-0.0709065934065934,0.035897435897435895
359,final_quarter,Fisher,64,0.5103937728937729,0.16666666666666666,-0.016668956043956042,0.05576923076923076
361,final_quarter,Semantic,110,0.34766359353515314,0.29411764705882354,0.0008353808353808348,0.05483709273182959
361,final_quarter,Temperature,110,0.3815296530892861,0.15789473684210525,-0.030110677817099835,0.060672514619883045
361,final_quarter,Fisher,110,0.2619705610531298,0.2222222222222222,-0.0062241056736469565,0.06603174603174604
367,final_quarter,Semantic,57,0.5663728286232824,0.2,-0.024442571947109155,0.05393939393939394
367,final_quarter,Temperature,57,0.7299066632097485,0.2,0.016320974850920402,0.057272727272727274
367,final_quarter,Fisher,57,0.4231915996888774,0.0,-0.026801918589577395,0.0609090909090909
368,final_quarter,Semantic,72,0.23606019679722173,0.0,0.026202649688082842,0.05582417582417583
368,final_quarter,Temperature,72,0.357257701459901,0.14285714285714285,0.031268891890153715,0.1008058608058608
368,final_quarter,Fisher,72,0.24811885008682236,0.06666666666666667,-0.0018634638883529482,0.0757142857142857
384,final_quarter,Semantic,122,0.7986458309238288,0.23809523809523808,0.016465149477399122,0.08108036890645584
384,final_quarter,Temperature,122,0.8242818575049319,0.23809523809523808,-0.017577101390848622,0.045876811594202906
384,final_quarter,Fisher,122,0.8139653229617244,0.23809523809523808,0.004588577792023684,0.05316666666666666
395,final_quarter,Semantic,172,0.8397799175988094,0.44,0.01073408753770432,0.047242169595110774
395,final_quarter,Temperature,172,0.7969992193819675,0.2857142857142857,-0.005334616282607312,0.06408533354690849
395,final_quarter,Fisher,172,0.7675975123990915,0.2413793103448276,0.017029854512608984,0.059526510017496724
401,final_quarter,Semantic,53,0.7355265279793582,0.3333333333333333,0.04404531527173037,0.08681818181818182
401,final_quarter,Temperature,53,0.5595871633607483,0.3333333333333333,0.009978229317851962,0.06
401,final_quarter,Fisher,53,0.43436542493146263,0.09090909090909091,0.0167553620383809,0.06090909090909091
406,final_quarter,Semantic,59,0.7224430157802456,0.2,-0.061762127410870823,0.06181818181818181
406,final_quarter,Temperature,59,0.893687901811806,0.5,0.04616014026884863,0.0609090909090909
406,final_quarter,Fisher,59,0.7007597895967271,0.3333333333333333,0.007375803623611926,0.03272727272727273
412,final_quarter,Semantic,59,0.6053185271770894,0.09090909090909091,-0.03884570426651082,0.06757575757575757
412,final_quarter,Temperature,59,0.3972530683810638,0.0,0.022355347749853892,0.07636363636363636
412,final_quarter,Fisher,59,0.6315604909409702,0.2,0.020917592051431906,0.0709090909090909
415,final_quarter,Semantic,47,0.5108695652173914,0.25,0.011551803885291392,0.06944444444444445
415,final_quarter,Temperature,47,0.5290240518038853,0.42857142857142855,0.008048103607770585,0.04722222222222222
415,final_quarter,Fisher,47,0.4842738205365403,0.1111111111111111,-0.015072849213691028,0.04444444444444444
416,final_quarter,Semantic,73,0.40151795631247694,0.06666666666666667,0.0006062569418733808,0.06296703296703296
416,final_quarter,Temperature,73,0.4482290509687771,0.14285714285714285,-0.020018820190053067,0.06190476190476191
416,final_quarter,Fisher,73,0.5280760212267063,0.06666666666666667,-0.011651548809083053,0.04428571428571428
417,final_quarter,Semantic,89,0.4794007490636705,0.125,-0.04917858358869596,0.05147058823529412
417,final_quarter,Temperature,89,0.7000680966973103,0.2857142857142857,0.02453694245829078,0.04485294117647059
417,final_quarter,Fisher,89,0.4190330268981955,0.125,-0.00661644535240041,0.05779411764705883
421,final_quarter,Semantic,180,0.7438665802442461,0.2857142857142857,-0.012288445116618826,0.04744938884644768
421,final_quarter,Temperature,180,0.7561653137442513,0.2857142857142857,-0.010435815920244451,0.05551390497547991
421,final_quarter,Fisher,180,0.7163945389260985,0.16129032258064516,0.016422729096577056,0.05395912910618793
426,final_quarter,Semantic,75,0.5359032716927453,0.14285714285714285,0.009704125177809386,0.0645054945054945
426,final_quarter,Temperature,75,0.637126600284495,0.23076923076923078,-0.006681365576102419,0.06344322344322344
426,final_quarter,Fisher,75,0.5410526315789473,0.14285714285714285,0.02051920341394026,0.047619047619047616
430,final_quarter,Semantic,99,0.7731230674087817,0.17647058823529413,0.020019171304885588,0.06257309941520467
430,final_quarter,Temperature,99,0.7551515151515151,0.3333333333333333,0.009732220160791592,0.04064327485380117
430,final_quarter,Fisher,99,0.820717377860235,0.17647058823529413,0.017160173160173157,0.05209838321293429
436,final_quarter,Semantic,83,0.6062927668863607,0.058823529411764705,0.06508857730573864,0.04602941176470589
436,final_quarter,Temperature,83,0.522585113975064,0.125,0.03472461273666093,0.06477941176470589
436,final_quarter,Fisher,83,0.3398052138869065,0.058823529411764705,-0.014530246421224968,0.06244747899159664
437,final_quarter,Semantic,93,0.8180299006296439,0.25,0.0108218197009937,0.06296869625043
437,final_quarter,Temperature,93,0.6328369789024498,0.17647058823529413,-0.006923099877652118,0.043618851049191595
437,final_quarter,Fisher,93,0.8484229059114916,0.42857142857142855,-0.03277505893587179,0.026900584795321637
438,final_quarter,Semantic,96,0.7354313619099295,0.3333333333333333,0.007902875746066197,0.06396198830409355
438,final_quarter,Temperature,96,0.6486299511665763,0.25,-0.017555615843733042,0.045614035087719294
438,final_quarter,Fisher,96,0.7346852957135107,0.3333333333333333,0.022647178513293537,0.04824561403508772
440,final_quarter,Semantic,76,0.690745044429255,0.3333333333333333,0.01678605604921394,0.06296703296703296
440,final_quarter,Temperature,76,0.7758031442241969,0.3333333333333333,-0.00600546821599453,0.047619047619047616
440,final_quarter,Fisher,76,0.7673820915926179,0.23076923076923078,0.03667805878332195,0.07238095238095238
441,final_quarter,Semantic,60,0.8871353153653795,0.3333333333333333,-0.017682689636010003,0.05727272727272727
441,final_quarter,Temperature,60,0.792664629063629,0.09090909090909091,0.019847179772158937,0.042727272727272725
441,final_quarter,Fisher,60,0.8272297860516812,0.09090909090909091,-0.02475687691025285,0.07848484848484846
442,final_quarter,Semantic,115,0.3136352876193482,0.3333333333333333,-0.022512822536100364,0.07772593539183928
442,final_quarter,Temperature,115,0.5856624319419239,0.2631578947368421,-0.0058068334253925675,0.04966120835686053
442,final_quarter,Fisher,115,0.4229622031089718,0.2,0.012151818827428393,0.05635234330886504
444,final_quarter,Semantic,84,0.7838007492153489,0.8,-0.039420876784448736,0.049705882352941176
444,final_quarter,Temperature,84,0.5656575883365395,0.38461538461538464,0.014057912321555127,0.0756827731092437
444,final_quarter,Fisher,84,0.6139718538017617,0.6363636363636364,0.025539131315176673,0.05110294117647059
446,final_quarter,Semantic,124,0.6773878835562548,0.3,-0.028866404405979533,0.04733333333333334
446,final_quarter,Temperature,124,0.6039276160503539,0.23809523809523808,0.0024711250983477594,0.055876811594202894
446,final_quarter,Fisher,124,0.646804091266719,0.3,-0.009033202202989771,0.05978157349896479
460,final_quarter,Semantic,60,0.47996665740483474,0.2,0.02931647679911087,0.0609090909090909
460,final_quarter,Temperature,60,0.5543206446235066,0.09090909090909091,-0.014729091414281744,0.08606060606060605
460,final_quarter,Fisher,60,0.6115031953320368,0.09090909090909091,-0.028580161155876638,0.053030303030303025
466,final_quarter,Semantic,76,0.7660697197539303,0.14285714285714285,0.02162542720437457,0.048571428571428564
466,final_quarter,Temperature,76,0.7666438824333561,0.45454545454545453,0.005593984962406017,0.06963369963369963
466,final_quarter,Fisher,76,0.7615857826384141,0.23076923076923078,-0.014225563909774433,0.026666666666666665
469,final_quarter,Semantic,63,0.5282258064516129,0.16666666666666666,0.005959581413210445,0.06794871794871794
469,final_quarter,Temperature,63,0.27500960061443935,0.2727272727272727,-0.021721390168970817,0.06730769230769232
469,final_quarter,Fisher,63,0.5501632104454686,0.16666666666666666,-0.016037826420890938,0.07179487179487179
474,final_quarter,Semantic,49,0.4563265306122448,0.0,0.0705969387755102,0.08055555555555556
474,final_quarter,Temperature,49,0.4470408163265306,0.0,0.048586734693877545,0.06587301587301587
474,final_quarter,Fisher,49,0.6616326530612243,0.0,0.03882653061224489,0.09027777777777778
480,final_quarter,Semantic,78,0.6141832850693609,0.23076923076923078,-0.02623578952692877,0.05047619047619047
480,final_quarter,Temperature,78,0.5136509060559693,0.14285714285714285,0.017152467785379176,0.04915750915750915
480,final_quarter,Fisher,78,0.6573553029249232,0.23076923076923078,0.04591484464902187,0.054761904761904755
486,final_quarter,Semantic,162,0.5567297663856747,0.4782608695652174,-0.011591662538581718,0.05432083628273839
486,final_quarter,Temperature,162,0.5609354734454761,0.4782608695652174,-0.02825233113309934,0.040548631476050825
486,final_quarter,Fisher,162,0.5931782866965581,0.21428571428571427,-0.020622218835075593,0.045387341153470186
487,final_quarter,Semantic,66,0.762279511533243,0.16666666666666666,-0.021110531259784997,0.0673076923076923
487,final_quarter,Temperature,66,0.7023275232230457,0.16666666666666666,0.014841874543367082,0.07022144522144522
487,final_quarter,Fisher,66,0.47253940089760993,0.07692307692307693,-0.011589604425425329,0.07179487179487179
488,final_quarter,Semantic,79,0.6031402142161636,0.23076923076923078,-0.009329357351509249,0.048095238095238094
488,final_quarter,Temperature,79,0.321445959104187,0.14285714285714285,-0.030043816942551115,0.04534798534798534
488,final_quarter,Fisher,79,0.49430379746835446,0.14285714285714285,0.043378773125608575,0.08820512820512819
514,final_quarter,Semantic,217,0.38960526501219017,0.2571428571428571,0.006752373436303595,0.05576925154633607
514,final_quarter,Temperature,217,0.7887571226576849,0.2222222222222222,0.0028843534059574323,0.05593901088512546
514,final_quarter,Fisher,217,0.6430168595010265,0.2571428571428571,-0.02647297500434523,0.052544956461575865
518,final_quarter,Semantic,99,0.6132962275819418,0.17647058823529413,-0.004095856524427954,0.06647746818025455
518,final_quarter,Temperature,99,0.5906369820655535,0.05263157894736842,-0.006343228200371057,0.05799793601651186
518,final_quarter,Fisher,99,0.6260977118119976,0.17647058823529413,-0.03663141620284477,0.060921912624699
521,final_quarter,Semantic,63,0.6477054531490015,0.07692307692307693,-0.03212605606758833,0.05961538461538461
521,final_quarter,Temperature,63,0.7691532258064516,0.07692307692307693,-0.004939516129032257,0.051923076923076926
521,final_quarter,Fisher,63,0.6899481566820277,0.16666666666666666,-0.01018865207373272,0.03846153846153846
525,final_quarter,Semantic,106,0.43313600523969065,0.2222222222222222,-0.010785701690304052,0.07194235588972432
525,final_quarter,Temperature,106,0.5475325591354511,0.2222222222222222,-0.017231528830894023,0.06456140350877194
525,final_quarter,Fisher,106,0.3183867798574199,0.1,0.0078026047308360855,0.03619047619047619
527,final_quarter,Semantic,96,0.730385241454151,0.3333333333333333,0.014085051546391758,0.06379428964568283
527,final_quarter,Temperature,96,0.7247693977211069,0.25,0.0071357840477482394,0.054678362573099416
527,final_quarter,Fisher,96,0.5997829625610418,0.1111111111111111,-0.03011123168746609,0.05701754385964911
530,final_quarter,Semantic,68,0.692674733748139,0.4,0.005531167690956982,0.04743589743589743
530,final_quarter,Temperature,68,0.5840363400389358,0.16666666666666666,0.02662327747451998,0.04889277389277389
530,final_quarter,Fisher,68,0.6172844218803679,0.16666666666666666,-0.03476733977172959,0.026923076923076928
536,final_quarter,Semantic,126,0.5552875890513685,0.23809523809523808,-0.042009748781402324,0.03883333333333334
536,final_quarter,Temperature,126,0.4829306336707912,0.23809523809523808,0.014773153355830524,0.04752173913043478
536,final_quarter,Fisher,126,0.4763194600674916,0.23809523809523808,0.0010468691413573295,0.05696772068511198
537,final_quarter,Semantic,246,0.8865671280855582,0.42857142857142855,0.02227949933799924,0.05464940447347609
537,final_quarter,Temperature,246,0.7694625198751367,0.25,-0.02072011978485479,0.05345399877496482
537,final_quarter,Fisher,246,0.828323153098506,0.35135135135135137,0.012672084929557875,0.05516803792847876
549,final_quarter,Semantic,181,0.585252868678283,0.4074074074074074,0.018484305749499115,0.05241968859615918
549,final_quarter,Temperature,181,0.637860482059377,0.3103448275862069,-0.0160889846801449,0.05394288100170454
549,final_quarter,Fisher,181,0.5801246635500779,0.26666666666666666,0.0034740857669034466,0.06688560313560313
550,final_quarter,Semantic,148,0.5700292814386774,0.30434782608695654,0.030182648063760243,0.059688013136289006
550,final_quarter,Temperature,148,0.6770860711416801,0.25,-0.003988716836271965,0.05396351732558628
550,final_quarter,Fisher,148,0.3818951124799639,0.15384615384615385,0.01488059762268775,0.0599932634415393
554,final_quarter,Semantic,52,0.25586954665755995,0.09090909090909091,-0.010458464953470503,0.04727272727272727
554,final_quarter,Temperature,52,0.4874071544437804,0.09090909090909091,-0.004115085802100228,0.08636363636363636
554,final_quarter,Fisher,52,0.16272517715359003,0.09090909090909091,0.023298898659608984,0.07727272727272727
555,final_quarter,Semantic,152,0.6107374982059747,0.14285714285714285,0.015466719974849465,0.04853911753800518
555,final_quarter,Temperature,152,0.7843547317846622,0.3333333333333333,0.014057128602573826,0.07285791701809499
555,final_quarter,Fisher,152,0.702639438487141,0.10344827586206896,0.001157231801748232,0.07416206131445285
561,final_quarter,Semantic,161,0.23579480101219233,0.13333333333333333,0.0070591787439613545,0.06440575808136986
561,final_quarter,Temperature,161,0.48975730388773864,0.21428571428571427,0.012058172302737521,0.05011302541544478
561,final_quarter,Fisher,161,0.6089458247066943,0.3076923076923077,0.02844605475040259,0.06519597860323667
562,final_quarter,Semantic,57,0.7183043816437648,0.2,-0.008273917552501944,0.08272727272727272
562,final_quarter,Temperature,57,0.7557039149598134,0.3333333333333333,0.05143570132227121,0.07393939393939394
562,final_quarter,Fisher,57,0.7315270935960592,0.2,-0.02982240082966036,0.041818181818181824
565,final_quarter,Semantic,136,0.6302848146557893,0.21739130434782608,-0.03477505844186823,0.054039886039886034
565,final_quarter,Temperature,136,0.38665140021945515,0.12,-0.004488096941939789,0.042660968660968655
565,final_quarter,Fisher,136,0.5870282906349887,0.21739130434782608,0.014722341491341055,0.05505698005698005
566,final_quarter,Semantic,62,0.7139331671325325,0.16666666666666666,0.010113066908413284,0.0641025641025641
566,final_quarter,Temperature,62,0.3939210798015663,0.16666666666666666,0.0035808717987459437,0.07179487179487179
566,final_quarter,Fisher,62,0.7129762534310392,0.16666666666666666,0.005963083276673964,0.0685897435897436
580,final_quarter,Semantic,82,0.6078405763977319,0.2857142857142857,0.02147125085708688,0.04897058823529412
580,final_quarter,Temperature,82,0.4514861614479599,0.125,0.00024270523829736482,0.06345588235294118
580,final_quarter,Fisher,82,0.39974532275443236,0.125,-0.011193826797705728,0.051491596638655455
584,final_quarter,Semantic,214,0.37154384686733744,0.2222222222222222,0.005213318598834909,0.056181664510768614
584,final_quarter,Temperature,214,0.6341175066045042,0.5172413793103449,0.0009433344251555846,0.04877248861934057
584,final_quarter,Fisher,214,0.4029638382347989,0.29411764705882354,-0.012890828999207155,0.049014635392967784
588,final_quarter,Semantic,73,0.6452856966555597,0.23076923076923078,-0.0010798469702579263,0.0557142857142857
588,final_quarter,Temperature,73,0.7787856349500186,0.3333333333333333,0.012976675305442432,0.06344322344322344
588,final_quarter,Fisher,73,0.5842280636801186,0.14285714285714285,0.024046649389115153,0.06296703296703296
597,final_quarter,Semantic,96,0.48414270211611504,0.3333333333333333,-0.009766006511123169,0.06652906776745784
597,final_quarter,Temperature,96,0.5756375474769397,0.3333333333333333,-0.008551275094953877,0.055710354317165464
597,final_quarter,Fisher,96,0.2581931633206728,0.25,0.015508003255561582,0.054781561747506015
603,final_quarter,Semantic,109,0.3760726531368733,0.15789473684210525,0.0019071448429246554,0.06852965747702591
603,final_quarter,Temperature,109,0.5117968677601705,0.29411764705882354,-0.0014702066536928927,0.0655889724310777
603,final_quarter,Fisher,109,0.3294041330738579,0.29411764705882354,-0.0024029283662311217,0.057180451127819554
605,final_quarter,Semantic,94,0.5023516237402016,0.17647058823529413,-0.01979265253043384,0.06062951496388029
605,final_quarter,Temperature,94,0.640125708918831,0.3333333333333333,-0.03316837048007803,0.054678362573099416
605,final_quarter,Fisher,94,0.5498464761767149,0.17647058823529413,0.029160134378499437,0.07232542139662881
622,final_quarter,Semantic,75,0.3479089615931721,0.14285714285714285,-0.027766714082503557,0.05142857142857142
622,final_quarter,Temperature,75,0.37106685633001424,0.23076923076923078,-0.007894736842105262,0.07619047619047618
622,final_quarter,Fisher,75,0.3052631578947368,0.06666666666666667,0.022169274537695592,0.0663003663003663
623,final_quarter,Semantic,138,0.6624527099995662,0.16666666666666666,-0.010294550776389359,0.04203988603988603
623,final_quarter,Temperature,138,0.6432239165823798,0.4,0.010658030224503354,0.05402279202279202
623,final_quarter,Fisher,138,0.7021477708344273,0.16666666666666666,0.007205888732365419,0.05988034188034187
629,final_quarter,Semantic,57,0.5424552761213378,0.09090909090909091,-0.026137542131190055,0.038181818181818185
629,final_quarter,Temperature,57,0.4713507907700286,0.09090909090909091,-0.011038371791547836,0.0709090909090909
629,final_quarter,Fisher,57,0.4681099299974073,0.09090909090909091,-0.019205340938553275,0.08454545454545452
631,final_quarter,Semantic,60,0.628007779938872,0.2,0.03451236454570715,0.06999999999999999
631,final_quarter,Temperature,60,0.528813559322034,0.2,-0.03724090025006947,0.06545454545454545
631,final_quarter,Fisher,60,0.7357599333148098,0.3333333333333333,-0.04525701583773272,0.06999999999999998
632,final_quarter,Semantic,79,0.44077409931840317,0.6,0.0005890944498539531,0.05630036630036629
632,final_quarter,Temperature,79,0.5638023369036027,0.45454545454545453,0.023444498539435255,0.058571428571428566
632,final_quarter,Fisher,79,0.28624634858812076,0.45454545454545453,-0.003459104186952287,0.08926739926739925
633,final_quarter,Semantic,86,0.6829661776498892,0.058823529411764705,-0.0013632718524458677,0.08220588235294117
633,final_quarter,Temperature,86,0.6775696966838058,0.2,-0.008340959479220719,0.03308823529411765
633,final_quarter,Fisher,86,0.8042549176847964,0.2857142857142857,0.01666399358460305,0.05639705882352941
637,final_quarter,Semantic,140,0.8991931075200631,0.6470588235294118,0.003452581399925652,0.05256410256410256
637,final_quarter,Temperature,140,0.818814370995605,0.47368421052631576,0.005207845881349633,0.045886039886039884
637,final_quarter,Fisher,140,0.779060156130415,0.21739130434782608,0.007546740722923181,0.05663817663817663
642,final_quarter,Semantic,67,0.5009178705403465,0.16666666666666666,0.024307606353260437,0.06043123543123542
642,final_quarter,Temperature,67,0.7782744033841489,0.2727272727272727,0.07748024582967515,0.07837995337995338
642,final_quarter,Fisher,67,0.20711948279990425,0.0,0.04067962327400431,0.04038461538461539
645,final_quarter,Semantic,102,0.6902590316141838,0.2222222222222222,0.017532838378069675,0.0438095238095238
645,final_quarter,Temperature,102,0.7161113027350707,0.15789473684210525,0.038323786690490864,0.04146616541353384
645,final_quarter,Fisher,102,0.5397820764372269,0.047619047619047616,-0.022170640821934852,0.04170426065162907
647,final_quarter,Semantic,76,0.852740943267259,0.23076923076923078,-0.008113465481886534,0.06725274725274724
647,final_quarter,Temperature,76,0.8482843472317155,0.14285714285714285,0.024410116199589885,0.05963369963369963
647,final_quarter,Fisher,76,0.7545864661654136,0.14285714285714285,-0.0030389610389610403,0.05201465201465202
651,final_quarter,Semantic,112,0.3691358868350019,0.2631578947368421,-0.010604520449653196,0.047882552230378315
651,final_quarter,Temperature,112,0.37186079885194934,0.4117647058823529,-0.00293504629787816,0.055115753811405974
651,final_quarter,Fisher,112,0.41271739501828,0.2,-0.006688847507431579,0.06889704498400148
658,final_quarter,Semantic,57,0.41826549131449314,0.3333333333333333,-0.015714933886440238,0.06636363636363636
658,final_quarter,Temperature,57,0.48865698729582585,0.2,0.0017046927663987548,0.07303030303030303
658,final_quarter,Fisher,57,0.4934534612393052,0.2,-0.04592299714804252,0.03181818181818182
663,final_quarter,Semantic,158,0.4884408671669514,0.391304347826087,-0.013216674602462276,0.06048572487949573
663,final_quarter,Temperature,158,0.31892314549584017,0.23076923076923078,-0.00549045498730526,0.04325917686318131
663,final_quarter,Fisher,158,0.015250418720972863,0.14285714285714285,-0.004835409570721627,0.06650458181047725
666,final_quarter,Semantic,91,0.6022455805064502,0.17647058823529413,0.011109253065774805,0.04883040935672515
666,final_quarter,Temperature,91,0.5772256728778468,0.3333333333333333,0.028619206880076447,0.06028551771585827
666,final_quarter,Fisher,91,0.5095556617295748,0.17647058823529413,0.010294632903328552,0.08253783969728243
670,final_quarter,Semantic,111,0.5882941382941382,0.2,-0.012739996489996495,0.054404291360813095
670,final_quarter,Temperature,111,0.40550193050193045,0.14285714285714285,-0.027102053352053353,0.0611236589497459
670,final_quarter,Fisher,111,0.5103808353808355,0.2631578947368421,0.011612407862407862,0.052518351214003375
677,final_quarter,Semantic,64,0.5170787545787545,0.2727272727272727,-0.007891483516483517,0.07243589743589743
677,final_quarter,Temperature,64,0.625595238095238,0.2727272727272727,0.019771062271062265,0.06410256410256411
677,final_quarter,Fisher,64,0.14514652014652013,0.16666666666666666,0.007552655677655676,0.05483682983682984
682,final_quarter,Semantic,64,0.40329670329670325,0.4,0.034750457875457864,0.06794871794871794
682,final_quarter,Temperature,64,0.5312271062271062,0.2727272727272727,0.027504578754578745,0.05337995337995338
682,final_quarter,Fisher,64,0.32651098901098896,0.07692307692307693,0.03307234432234431,0.046794871794871795
692,final_quarter,Semantic,115,0.8297167205870749,0.6,0.00845498303479839,0.06132128740824392
692,final_quarter,Temperature,115,0.6864436202951156,0.2631578947368421,0.011641284620847469,0.05748729531338226
692,final_quarter,Fisher,115,0.3309397932612641,0.09090909090909091,-0.002310818275072987,0.0730095990965556
693,final_quarter,Semantic,53,0.8881631994839542,0.7142857142857143,0.04475084663763909,0.06636363636363636
693,final_quarter,Temperature,53,0.8367198838896951,0.2,-0.009111433639735525,0.05636363636363636
693,final_quarter,Fisher,53,0.7683438155136267,0.5,0.01644089662957587,0.07636363636363636
700,final_quarter,Semantic,148,0.691445451752259,0.25,0.03581886228099076,0.07127531472359058
700,final_quarter,Temperature,148,0.4256432847036874,0.1111111111111111,-0.0019188411805861464,0.055596606458675424
700,final_quarter,Fisher,148,0.7113205521642724,0.25,0.020783343266564745,0.07014378341964549
713,final_quarter,Semantic,58,0.4293887846442524,0.2,0.0019010120274385496,0.057272727272727274
713,final_quarter,Temperature,58,0.679411855178566,0.2,0.03575625211479898,0.09757575757575757
713,final_quarter,Fisher,58,0.5884831892706636,0.09090909090909091,-0.013482420252853058,0.05181818181818182
719,final_quarter,Semantic,75,0.5862588904694167,0.23076923076923078,0.030691322901849217,0.07021978021978022
719,final_quarter,Temperature,75,0.5589758179231863,0.06666666666666667,0.0035320056899004262,0.10139194139194138
719,final_quarter,Fisher,75,0.48924608819345655,0.23076923076923078,0.006951635846372687,0.07725274725274725
727,final_quarter,Semantic,65,0.41612762237762235,0.16666666666666666,-0.009195804195804192,0.058974358974358966
727,final_quarter,Temperature,65,0.5383741258741259,0.16666666666666666,-0.0027578671328671346,0.06025641025641025
727,final_quarter,Fisher,65,0.2893356643356643,0.2727272727272727,-0.016309003496503494,0.05658508158508159
736,final_quarter,Semantic,126,0.2709771278590176,0.18181818181818182,-0.025020172478440194,0.03685507246376812
736,final_quarter,Temperature,126,0.30490888638920133,0.23809523809523808,-0.035996400449943754,0.056565217391304344
736,final_quarter,Fisher,126,0.17098762654668168,0.18181818181818182,-0.03672050993625797,0.038833333333333345
742,final_quarter,Semantic,71,0.7185110663983902,0.23076923076923078,-0.007048960429242116,0.06666666666666667
742,final_quarter,Temperature,71,0.7084507042253521,0.23076923076923078,0.0006874580818242796,0.06190476190476191
742,final_quarter,Fisher,71,0.5929912810194499,0.06666666666666667,0.009793762575452714,0.06619047619047619
745,final_quarter,Semantic,63,0.8189804147465439,0.16666666666666666,0.05546034946236559,0.0841025641025641
745,final_quarter,Temperature,63,0.7644009216589861,0.16666666666666666,-0.041604262672811074,0.05
745,final_quarter,Fisher,63,0.8397177419354839,0.2727272727272727,0.0318140360983103,0.08543123543123542
748,final_quarter,Semantic,86,0.5905655927166376,0.058823529411764705,0.02343129392895892,0.0722794117647059
748,final_quarter,Temperature,86,0.6966838058398981,0.058823529411764705,0.013147789990093871,0.06933823529411764
748,final_quarter,Fisher,86,0.44769092881739697,0.058823529411764705,0.04905514411057125,0.06735294117647059
749,final_quarter,Semantic,130,0.6330743284764233,0.23809523809523808,0.0005069030029086808,0.0603768115942029
749,final_quarter,Temperature,130,0.6234825001024185,0.3684210526315789,0.023323000450641142,0.0653227931488801
749,final_quarter,Fisher,130,0.5870543090851985,0.18181818181818182,-0.010563574540141204,0.05025757575757576
755,final_quarter,Semantic,54,0.37541452258433383,0.2,0.0005336382694873278,0.0609090909090909
755,final_quarter,Temperature,54,0.4269487326091099,0.3333333333333333,-0.027364208118925093,0.05181818181818182
755,final_quarter,Fisher,54,0.7031446540880502,0.2,0.025473603964169998,0.10454545454545454
765,final_quarter,Semantic,65,0.2934440559440559,0.4,-0.015802010489510486,0.06025641025641025
765,final_quarter,Temperature,65,0.31700174825174826,0.16666666666666666,0.05213286713286713,0.07243589743589743
765,final_quarter,Fisher,65,0.2520541958041958,0.16666666666666666,0.008444055944055943,0.0617132867132867
778,final_quarter,Semantic,132,0.5981696086155708,0.16666666666666666,-0.02018883085576537,0.0570575994054255
778,final_quarter,Temperature,132,0.7304451273916921,0.16666666666666666,0.017991630707580884,0.052045584045584035
778,final_quarter,Fisher,132,0.5893046286778708,0.12,0.011580564875060654,0.06402849002849002
779,final_quarter,Semantic,82,0.5834394488523199,0.058823529411764705,0.012114582993219488,0.05698529411764706
779,final_quarter,Temperature,82,0.40013713390145955,0.2,-0.01309628758938192,0.06816176470588235
779,final_quarter,Fisher,82,0.5663521293847478,0.125,0.01361979081638206,0.07272058823529412
787,final_quarter,Semantic,55,0.31082251082251083,0.0,-0.027178932178932184,0.061818181818181814
787,final_quarter,Temperature,55,0.36659451659451664,0.2,0.034617604617604616,0.07393939393939394
787,final_quarter,Fisher,55,0.3401154401154402,0.2,-0.0038816738816738776,0.0609090909090909
797,final_quarter,Semantic,99,0.7001731601731601,0.25,0.009105132962275825,0.05502235982112143
797,final_quarter,Temperature,99,0.8537909709338279,0.25,-0.009352504638218927,0.049466804265565864
797,final_quarter,Fisher,99,0.5989610389610389,0.1111111111111111,0.03710946196660483,0.061214310285517715
798,final_quarter,Semantic,143,0.7708189697626316,0.30434782608695654,0.015347270100791227,0.04657909140667761
798,final_quarter,Temperature,143,0.7487483174102891,0.15384615384615385,0.041408327587905046,0.05625552608311228
798,final_quarter,Fisher,143,0.7288937588233363,0.1111111111111111,-0.013542590039068908,0.04473180076628352
799,final_quarter,Semantic,65,0.6261800699300699,0.16666666666666666,-0.010340909090909088,0.07192307692307692
799,final_quarter,Temperature,65,0.4368881118881119,0.07692307692307693,0.010723339160839156,0.06794871794871794
799,final_quarter,Fisher,65,0.4405157342657343,0.16666666666666666,0.005898164335664338,0.08846153846153845
800,final_quarter,Semantic,72,0.4428902180204516,0.23076923076923078,-0.025450189722811756,0.08487179487179486
800,final_quarter,Temperature,72,0.4960769181297834,0.23076923076923078,-0.031429673934015065,0.047619047619047616
800,final_quarter,Fisher,72,0.25689754968165157,0.23076923076923078,0.016002636825519327,0.06630036630036629
806,final_quarter,Semantic,64,0.7555860805860805,0.4,0.034558150183150185,0.051923076923076926
806,final_quarter,Temperature,64,0.7481227106227105,0.2727272727272727,-0.01998855311355311,0.06346153846153846
806,final_quarter,Fisher,64,0.5945970695970696,0.2727272727272727,-0.05988553113553112,0.046794871794871795
807,final_quarter,Semantic,66,0.9038096232126084,0.4,0.029412378666110007,0.0803030303030303
807,final_quarter,Temperature,66,0.8816824966078699,0.2727272727272727,0.017002400584490145,0.06491841491841491
807,final_quarter,Fisher,66,0.8701596910552135,0.07692307692307693,0.003488153637407375,0.03910256410256411
812,final_quarter,Semantic,109,0.7309980539338338,0.4666666666666667,0.028406079140024097,0.05194235588972431
812,final_quarter,Temperature,109,0.7543971828375499,0.2222222222222222,0.012593364841071267,0.04245614035087719
812,final_quarter,Fisher,109,0.6111296450745992,0.375,-0.009477805578723008,0.05194235588972431
815,final_quarter,Semantic,61,0.4999471179270227,0.07692307692307693,0.04173717609730301,0.08846153846153847
815,final_quarter,Temperature,61,0.5074034902168164,0.16666666666666666,0.03083553675304072,0.06107226107226107
815,final_quarter,Fisher,61,0.5913273400317292,0.16666666666666666,-0.012890005288207298,0.09137529137529138
817,final_quarter,Semantic,63,0.7201900921658986,0.2727272727272727,-0.01920122887864823,0.044230769230769226
817,final_quarter,Temperature,63,0.7105414746543779,0.16666666666666666,-0.047151017665130565,0.05512820512820512
817,final_quarter,Fisher,63,0.5931739631336406,0.07692307692307693,0.02831941244239632,0.05658508158508159
834,final_quarter,Semantic,101,0.7198718695398951,0.29411764705882354,0.0016027955736750144,0.06626984126984127
834,final_quarter,Temperature,101,0.46534653465346526,0.2222222222222222,0.023309842748980777,0.06809106098579784
834,final_quarter,Fisher,101,0.6277344205008736,0.29411764705882354,0.02348223645894001,0.07058897243107772
835,final_quarter,Semantic,75,0.6631009957325746,0.14285714285714285,0.03296159317211949,0.06296703296703296
835,final_quarter,Temperature,75,0.672375533428165,0.06666666666666667,-0.026974395448079662,0.04428571428571428
835,final_quarter,Fisher,75,0.8133712660028448,0.23076923076923078,-0.017933143669985777,0.058571428571428566
836,final_quarter,Semantic,62,0.4889577195235577,0.2727272727272727,-0.05527435723099393,0.06474358974358975
836,final_quarter,Temperature,62,0.5788068797058749,0.07692307692307693,0.021802523230339203,0.08012820512820515
836,final_quarter,Fisher,62,0.553272393039712,0.07692307692307693,-0.06458663846289442,0.026923076923076928
842,final_quarter,Semantic,95,0.6298852183650616,0.1111111111111111,-0.013629619260918251,0.03216374269005847
842,final_quarter,Temperature,95,0.7020856662933931,0.17647058823529413,0.004405795072788353,0.054678362573099416
842,final_quarter,Fisher,95,0.4900615901455767,0.0,0.017835946248600222,0.05109649122807018
854,final_quarter,Semantic,97,0.5852487902377445,0.1111111111111111,0.012236350725857353,0.060745614035087714
854,final_quarter,Temperature,97,0.4719124763307384,0.1111111111111111,0.0020572533136966136,0.05964912280701754
854,final_quarter,Fisher,97,0.44791447506837784,0.1111111111111111,0.0019796707342730896,0.04654282765737874
855,final_quarter,Semantic,87,0.7902420354304877,0.38461538461538464,0.022732740395130128,0.07477941176470589
855,final_quarter,Temperature,87,0.7311729970110081,0.2857142857142857,0.005748341474083249,0.06816176470588235
855,final_quarter,Fisher,87,0.716483196034118,0.5,0.009260406794488588,0.06068277310924371
862,final_quarter,Semantic,132,0.5268897434425758,0.21739130434782608,-0.03059748608161625,0.05621367521367521
862,final_quarter,Temperature,132,0.47344941117540545,0.21739130434782608,-0.02859203873667513,0.052045584045584035
862,final_quarter,Fisher,132,0.45826571981654335,0.16666666666666666,0.0101636812364012,0.056854700854700846
863,final_quarter,Semantic,113,0.6854165280457782,0.2,0.013602036063610356,0.07657820440429136
863,final_quarter,Temperature,113,0.5583621664781423,0.09090909090909091,0.005280624126688402,0.060926030491247875
863,final_quarter,Fisher,113,0.699248120300752,0.09090909090909091,-0.016363780025284453,0.047549407114624506
867,final_quarter,Semantic,54,0.5109586430341146,0.2,0.03040975795692776,0.047272727272727265
867,final_quarter,Temperature,54,0.5817038307604344,0.2,0.0021383647798742106,0.0709090909090909
867,final_quarter,Fisher,54,0.5672193634457784,0.09090909090909091,-0.011187345149609298,0.04181818181818182
873,final_quarter,Semantic,96,0.6876559956592512,0.3333333333333333,-0.03861163863266413,0.06286549707602339
873,final_quarter,Temperature,96,0.5316603364080303,0.25,0.004863673358654368,0.051461988304093556
873,final_quarter,Fisher,96,0.4411285946825828,0.3333333333333333,0.022534590341833964,0.04712762297901617
878,final_quarter,Semantic,68,0.6282017024850173,0.16666666666666666,-0.001379928999503759,0.06812354312354311
878,final_quarter,Temperature,68,0.44520364927281747,0.16666666666666666,-0.026453410695881207,0.05128205128205129
878,final_quarter,Fisher,68,0.4891399778600603,0.2727272727272727,-0.002836202618620455,0.07389277389277389
880,final_quarter,Semantic,230,0.5978794700647747,0.21052631578947367,-0.024796046937683537,0.05070304372629954
880,final_quarter,Temperature,230,0.4694009996079485,0.1794871794871795,-0.025346891574345533,0.05646336867267099
880,final_quarter,Fisher,230,0.4361836378923904,0.15,-0.02214977352247145,0.0423987382126917
884,final_quarter,Semantic,71,0.8893024815560027,0.3333333333333333,0.03687793427230047,0.0701098901098901
884,final_quarter,Temperature,71,0.8566733735747819,0.45454545454545453,-0.027263581488933597,0.06582417582417582
884,final_quarter,Fisher,71,0.8722669349429912,0.23076923076923078,-0.0049798792756539255,0.0663003663003663
887,final_quarter,Semantic,71,0.7483903420523138,0.23076923076923078,0.015434272300469482,0.06879120879120879
887,final_quarter,Temperature,71,0.857813547954393,0.45454545454545453,-0.015814889336016096,0.06666666666666665
887,final_quarter,Fisher,71,0.7610663983903421,0.06666666666666667,0.010997652582159623,0.06952380952380952
891,final_quarter,Semantic,82,0.6802385694539677,0.2,0.02454914508984447,0.11094537815126052
891,final_quarter,Temperature,82,0.4079515895560562,0.058823529411764705,0.019552464600951232,0.07477941176470589
891,final_quarter,Fisher,82,0.766437021799937,0.125,0.017377912734950644,0.06029411764705883
893,final_quarter,Semantic,94,0.29598670664306614,0.1111111111111111,0.022577032836036553,0.05736154110767113
893,final_quarter,Temperature,94,0.5739912581728859,0.3333333333333333,-0.030990860817107967,0.05730994152046783
893,final_quarter,Fisher,94,0.3720478271863598,0.25,-0.020521619766643788,0.049174406604747166
917,final_quarter,Semantic,67,0.3143107989464443,0.16666666666666666,0.03235693191795037,0.06730769230769232
917,final_quarter,Temperature,67,0.7782344959693513,0.4,0.017493415276558386,0.10501165501165503
917,final_quarter,Fisher,67,0.44121637800303304,0.07692307692307693,0.041322132652246796,0.055128205128205134
919,final_quarter,Semantic,107,0.5417817747212916,0.15789473684210525,-0.05636963890358353,0.06641014300457025
919,final_quarter,Temperature,107,0.5601108955896471,0.1,-0.02934863535727581,0.04642857142857143
919,final_quarter,Fisher,107,0.39408099688473525,0.1,0.0056951546856325525,0.04979949874686717
920,final_quarter,Semantic,58,0.684025962041281,0.09090909090909091,-0.02048355839921253,0.059999999999999984
920,final_quarter,Temperature,58,0.5547694484604264,0.2,0.012331969608416125,0.07181818181818181
920,final_quarter,Fisher,58,0.5948198960287921,0.3333333333333333,0.002829985542465166,0.08999999999999998
921,final_quarter,Semantic,154,0.7221945669763508,0.23076923076923078,-0.006187765428752149,0.060735738121722546
921,final_quarter,Temperature,154,0.7019969278033795,0.18518518518518517,-0.00010908762331912416,0.059982764732486635
921,final_quarter,Fisher,154,0.7514510789653105,0.28,-0.023543540583388787,0.06796228613803697
927,final_quarter,Semantic,67,0.44820017559262515,0.2727272727272727,0.00896120999281667,0.07564102564102565
927,final_quarter,Temperature,67,0.6888817942373695,0.16666666666666666,-0.021396360443770458,0.0685897435897436
927,final_quarter,Fisher,67,0.5775800143666694,0.16666666666666666,0.056041982600367156,0.07645687645687645
929,final_quarter,Semantic,69,0.6999634636463282,0.4,-0.02930580928023383,0.05722610722610723
929,final_quarter,Temperature,69,0.4974424552429669,0.2727272727272727,-0.04123127511874315,0.04358974358974359
929,final_quarter,Fisher,69,0.793606138107417,0.16666666666666666,0.012142857142857146,0.07243589743589744
934,final_quarter,Semantic,89,0.7100612870275793,0.058823529411764705,-0.01958971739870617,0.06477941176470589
934,final_quarter,Temperature,89,0.7456418113721486,0.2,0.02046220633299285,0.06362394957983195
934,final_quarter,Fisher,89,0.6817671092951992,0.125,-0.026403643173306103,0.06183823529411765
938,final_quarter,Semantic,69,0.7669345999269274,0.16666666666666666,0.016887102667153812,0.05128205128205129
938,final_quarter,Temperature,69,0.4383631713554988,0.16666666666666666,0.025907928388746802,0.07534965034965035
938,final_quarter,Fisher,69,0.7925465838509318,0.07692307692307693,0.014842893679210812,0.04807692307692307
939,final_quarter,Semantic,59,0.7583284628872006,0.5,-0.010964348334307424,0.04727272727272728
939,final_quarter,Temperature,59,0.5763296317942724,0.5,0.018842781998831097,0.07909090909090907
939,final_quarter,Fisher,59,0.7900058445353595,0.5,0.027261835184102867,0.07999999999999999
943,final_quarter,Semantic,93,0.7469338426188415,0.1111111111111111,0.00651278684611023,0.06413828689370485
943,final_quarter,Temperature,93,0.8108979141177524,0.17647058823529413,0.029696219151920267,0.0805125558995528
943,final_quarter,Fisher,93,0.7915012980812269,0.1111111111111111,-0.007589299036137387,0.04781561747506019
960,final_quarter,Semantic,71,0.4858819584171696,0.06666666666666667,-0.018061703554661298,0.027142857142857146
960,final_quarter,Temperature,71,0.5573775989268945,0.06666666666666667,-0.012419517102615695,0.07439560439560439
960,final_quarter,Fisher,71,0.47857142857142854,0.3333333333333333,-0.053775989268947014,0.048095238095238094
965,final_quarter,Semantic,151,0.6763576158940396,0.10344827586206896,-0.00018386197281282718,0.06420043434503946
965,final_quarter,Temperature,151,0.7349076333217148,0.28,0.01947263855001742,0.050700778642936595
965,final_quarter,Fisher,151,0.633774834437086,0.14285714285714285,0.0017722202858138762,0.05228691219792443
969,final_quarter,Semantic,123,0.5259380118920174,0.18181818181818182,-0.004968012794882046,0.03685507246376812
969,final_quarter,Temperature,123,0.5355341734274033,0.13043478260869565,0.028448943003443788,0.06125983436853001
969,final_quarter,Fisher,123,0.5400291496304704,0.18181818181818182,-0.014155305619687605,0.07415217391304348
973,final_quarter,Semantic,96,0.6174443841562669,0.05263157894736842,-0.01403757460661964,0.07044633642930856
973,final_quarter,Temperature,96,0.7895279435702659,0.3333333333333333,0.009984400434074878,0.05706914344685243
973,final_quarter,Fisher,96,0.6663727618014107,0.25,0.037217173087357565,0.05519005847953216
976,final_quarter,Semantic,97,0.6791105617504734,0.6666666666666666,-0.012453318956448557,0.04975920192638459
976,final_quarter,Temperature,97,0.6666973490427097,0.3333333333333333,0.011347438459920048,0.06722996216030272
976,final_quarter,Fisher,97,0.7922364822217546,0.5384615384615384,0.04863901746265516,0.05285087719298246
977,final_quarter,Semantic,53,0.7295597484276729,0.2,-0.01297371391711014,0.07454545454545454
977,final_quarter,Temperature,53,0.6402193194646025,0.2,-0.0008063215610385422,0.04090909090909091
977,final_quarter,Fisher,53,0.8508305112078697,0.5,-4.8379293662315255e-05,0.031818181818181815
979,final_quarter,Semantic,75,0.7617069701280227,0.14285714285714285,-0.009641536273115217,0.06842490842490842
979,final_quarter,Temperature,75,0.655448079658606,0.14285714285714285,-0.01136557610241821,0.06736263736263735
979,final_quarter,Fisher,75,0.7912660028449501,0.06666666666666667,0.020719772403982928,0.052490842490842494
980,final_quarter,Semantic,85,0.6918311510650772,0.5,-0.005687903068204029,0.0663235294117647
980,final_quarter,Temperature,85,0.4732460426030878,0.2857142857142857,0.021106116865350792,0.07477941176470589
980,final_quarter,Fisher,85,0.47383232362712524,0.2857142857142857,-0.0002237639241743236,0.06691176470588237
983,final_quarter,Semantic,73,0.42802048623966443,0.06666666666666667,0.0009332963100086341,0.054761904761904755
983,final_quarter,Temperature,73,0.5304208317906949,0.06666666666666667,0.023631679624830315,0.07058608058608058
983,final_quarter,Fisher,73,0.7028878193261756,0.3333333333333333,-0.02836295199308898,0.04201465201465201
993,final_quarter,Semantic,173,0.5494087544210151,0.125,0.0005341142441281057,0.05258896227112546
993,final_quarter,Temperature,173,0.5452647046553347,0.09090909090909091,-0.010606148397773156,0.05207123758594347
993,final_quarter,Fisher,173,0.6101927863867502,0.125,-0.016781663275097232,0.07346272086547227
997,final_quarter,Semantic,72,0.6700752459965272,0.14285714285714285,-0.034328574184835044,0.051428571428571435
997,final_quarter,Temperature,72,0.6963148755546982,0.3333333333333333,-0.03123673548138144,0.06
997,final_quarter,Fisher,72,0.7628786417132936,0.3333333333333333,-0.02573316612000772,0.04201465201465202
998,final_quarter,Semantic,65,0.7721153846153846,0.16666666666666666,0.031929632867132865,0.05594405594405595
998,final_quarter,Temperature,65,0.8273601398601399,0.07692307692307693,0.029099650349650348,0.07389277389277389
998,final_quarter,Fisher,65,0.8432255244755245,0.2727272727272727,0.08745410839160839,0.07645687645687646
0,final_half,Semantic,70,0.7128510191584289,0.16666666666666666,0.011850231825737027,0.04038461538461538
0,final_half,Temperature,70,0.7355611932464351,0.0,-0.0005091418073659347,0.04358974358974359
0,final_half,Fisher,70,0.6311783745953985,0.07692307692307693,0.01780246697576765,0.03974358974358974
1,final_half,Semantic,80,0.19739803094233477,0.0,0.01242264416315049,0.06391941391941391
1,final_half,Temperature,80,0.4295827473042663,0.06666666666666667,0.025938818565400847,0.08677655677655678
1,final_half,Fisher,80,0.12358180965775903,0.0,0.0246952648851383,0.0563003663003663
17,final_half,Semantic,56,0.4728639781271361,0.09090909090909091,0.008431305536568696,0.03727272727272728
17,final_half,Temperature,56,0.3509911141490089,0.09090909090909091,-0.05256664388243335,0.02818181818181818
17,final_half,Fisher,56,0.3688311688311689,0.2,-0.03933697881066302,0.0609090909090909
22,final_half,Semantic,74,0.6144835246205108,0.23076923076923078,0.05193928174750091,0.062380952380952384
22,final_half,Temperature,74,0.47823768974453895,0.06666666666666667,-0.04137578674564975,0.05523809523809523
22,final_half,Fisher,74,0.43600148093298774,0.23076923076923078,-0.016783413550536832,0.06831501831501831
26,final_half,Semantic,90,0.3253817343704984,0.125,-0.03662345145491212,0.0672794117647059
26,final_half,Temperature,90,0.27151500185208044,0.125,0.016993867555665305,0.0657563025210084
26,final_half,Fisher,90,0.32126599991768523,0.125,0.03702020825616331,0.052647058823529415
43,final_half,Semantic,95,0.419036954087346,0.25,-0.012493701007838741,0.06002321981424148
43,final_half,Temperature,95,0.5193449048152295,0.17647058823529413,-0.03210876259798433,0.04888200894392845
43,final_half,Fisher,95,0.48006718924972,0.05263157894736842,-0.024343505039193733,0.05146198830409356
53,final_half,Semantic,77,0.40088858509911135,0.06666666666666667,0.015827593459172402,0.0663003663003663
53,final_half,Temperature,77,0.38243335611756657,0.06666666666666667,0.001640464798359539,0.06296703296703296
53,final_half,Fisher,77,0.5411693569588306,0.0,0.004169514695830484,0.07117216117216116
57,final_half,Semantic,94,0.49321966549868146,0.1111111111111111,0.007075100242025792,0.054729962160302716
57,final_half,Temperature,94,0.42240364122385576,0.05263157894736842,-0.008880540403857965,0.060577915376676984
57,final_half,Fisher,94,0.4783368854531662,0.05263157894736842,-0.04498645378029838,0.03508771929824561
60,final_half,Semantic,75,0.518918918918919,0.14285714285714285,0.03566571834992888,0.07164835164835164
60,final_half,Temperature,75,0.6178378378378377,0.14285714285714285,0.010682788051209102,0.0663003663003663
60,final_half,Fisher,75,0.4516927453769559,0.06666666666666667,0.04280796586059744,0.05476190476190477
62,final_half,Semantic,104,0.5326362957430919,0.15789473684210525,-0.006081830790568657,0.07543441938178781
62,final_half,Temperature,104,0.5946441907606956,0.15789473684210525,0.011101568334578043,0.05979949874686717
62,final_half,Fisher,104,0.6073829083537821,0.1,-0.00627973967779793,0.044323308270676695
65,final_half,Semantic,101,0.18274898078043098,0.0,-0.014824694234129293,0.05384711779448621
65,final_half,Temperature,101,0.5145835760046592,0.2222222222222222,0.009779266161910306,0.0646825396825397
65,final_half,Fisher,101,-0.06051252184041934,0.0,-0.04067501456027957,0.05468253968253969
68,final_half,Semantic,81,0.4619241192411924,0.125,-0.009668021680216809,0.08102941176470588
68,final_half,Temperature,81,0.4955058717253839,0.125,0.03709010840108401,0.0657563025210084
68,final_half,Fisher,81,0.4426829268292683,0.125,0.006179990966576328,0.04933823529411765
73,final_half,Semantic,77,0.689415847310584,0.23076923076923078,-0.0022148903727851076,0.0482051282051282
73,final_half,Temperature,77,0.6935695883064303,0.0,0.005406435669593565,0.06190476190476191
73,final_half,Fisher,77,0.7123665807876334,0.14285714285714285,-0.015844681634155318,0.05047619047619047
74,final_half,Semantic,73,0.3301554979637172,0.14285714285714285,-0.08176601258793041,0.04476190476190476
74,final_half,Temperature,73,0.6279155868196965,0.14285714285714285,0.026659879057139336,0.08153846153846153
74,final_half,Fisher,73,0.5739232383068,0.14285714285714285,0.03782086881401951,0.07058608058608057
78,final_half,Semantic,80,0.22545710267229255,0.06666666666666667,-0.02059657759024848,0.03428571428571429
78,final_half,Temperature,80,0.7149554617909049,0.14285714285714285,-0.01834505391467417,0.05142857142857142
78,final_half,Fisher,80,0.3481012658227848,0.06666666666666667,0.06615330520393811,0.051428571428571435
91,final_half,Semantic,56,0.5480519480519481,0.09090909090909091,-0.009278879015721121,0.05090909090909092
91,final_half,Temperature,56,0.3902255639097745,0.09090909090909091,0.042323991797676,0.07484848484848484
91,final_half,Fisher,56,0.25338345864661654,0.09090909090909091,0.00802118933697881,0.03636363636363636
96,final_half,Semantic,185,0.33262954398999284,0.22580645161290322,-0.03374919449603882,0.04511090922855629
96,final_half,Temperature,185,0.3235245062734544,0.11764705882352941,0.018792312649255148,0.0661447773212479
96,final_half,Fisher,185,0.32504453963079494,0.15151515151515152,0.004074049505325801,0.06885818065965124
99,final_half,Semantic,115,0.12869880849049162,0.09090909090909091,0.030785133748915016,0.06674195369847544
99,final_half,Temperature,115,0.02561350903495621,0.0,-0.035147163260475026,0.051609260304912474
99,final_half,Fisher,115,0.12208632525842343,0.0,-0.015017754280754358,0.07911349520045172
102,final_half,Semantic,99,0.5032776747062461,0.1111111111111111,-0.013755102040816322,0.06711386308909528
102,final_half,Temperature,99,0.321830550401979,0.05263157894736842,-0.056823129251700674,0.05209838321293429
102,final_half,Fisher,99,0.6321583178726036,0.1111111111111111,-0.00972170686456401,0.042982456140350865
103,final_half,Semantic,193,0.26323714011003685,0.05263157894736842,-0.027658611986539176,0.06882609994065102
103,final_half,Temperature,193,0.504231544789274,0.3793103448275862,-0.004326274638106938,0.06132769553822185
103,final_half,Fisher,193,0.39594739864323486,0.17647058823529413,-0.019553409273008915,0.04803710593184278
106,final_half,Semantic,103,0.3414312700434916,0.1,0.004362891534507761,0.06483709273182958
106,final_half,Temperature,103,0.3990466985898168,0.0,-0.004244277994991876,0.07047201336675021
106,final_half,Fisher,103,0.33609366076527697,0.0,0.017133615955717614,0.05697994987468672
107,final_half,Semantic,128,0.6785616187511444,0.23809523809523808,0.027283807910639068,0.056467720685112
107,final_half,Temperature,128,0.5922278428859183,0.18181818181818182,-0.007940967771470426,0.0315909090909091
107,final_half,Fisher,128,0.446346822926204,0.3,0.005622253250320451,0.04171014492753623
108,final_half,Semantic,190,0.35701557558818514,0.11764705882352941,-0.010885678419434275,0.05117153823036177
108,final_half,Temperature,190,0.3719744387145876,0.15151515151515152,0.00011678410686401866,0.05225591137355843
108,final_half,Fisher,190,0.32674093610990834,0.1875,-0.029729821937041562,0.052547194348664936
110,final_half,Semantic,85,0.645280437756498,0.125,-0.045899941371897596,0.05147058823529412
110,final_half,Temperature,85,0.5882548368184484,0.125,0.02059996091459839,0.05522058823529412
110,final_half,Fisher,85,0.6292945085010748,0.125,0.005646863396521396,0.05933823529411765
111,final_half,Semantic,51,0.6638914027149321,0.09090909090909091,0.013520361990950228,0.06484848484848485
111,final_half,Temperature,51,0.7215384615384615,0.09090909090909091,0.028814479638009045,0.06818181818181818
111,final_half,Fisher,51,0.6556561085972851,0.09090909090909091,0.007701357466063347,0.050909090909090904
112,final_half,Semantic,117,0.5757316908690374,0.09090909090909091,0.002259512355947191,0.055313382269903996
112,final_half,Temperature,117,0.7105306538386609,0.2631578947368421,-0.01292091894079036,0.05417843026538679
112,final_half,Fisher,117,0.4190906502420237,0.14285714285714285,-0.05437366062731345,0.04271597967250142
115,final_half,Semantic,86,0.5019765083258644,0.125,0.041641586867305055,0.051102941176470594
115,final_half,Temperature,86,0.4905231378838624,0.058823529411764705,0.018233878956554553,0.05154411764705883
115,final_half,Fisher,86,0.4014245954997877,0.125,-0.016075286570121233,0.04191176470588236
116,final_half,Semantic,85,0.33937854211452023,0.058823529411764705,-0.023710181747117448,0.06477941176470589
116,final_half,Temperature,85,0.34100058628102403,0.125,0.05575825679108852,0.06477941176470589
116,final_half,Fisher,85,0.3227867891342584,0.0,0.025298026187219075,0.0748529411764706
125,final_half,Semantic,75,0.42062588904694165,0.14285714285714285,-0.033130867709815076,0.04476190476190476
125,final_half,Temperature,75,0.39874822190611664,0.06666666666666667,0.033916073968705544,0.060952380952380945
125,final_half,Fisher,75,0.2524039829302987,0.06666666666666667,-0.0035476529160739694,0.06190476190476189
126,final_half,Semantic,72,0.5952472827834588,0.3333333333333333,-0.048479001865071716,0.03476190476190476
126,final_half,Temperature,72,0.6851244453019487,0.6,-0.02485690398096341,0.054285714285714284
126,final_half,Fisher,72,0.5431217441636119,0.23076923076923078,-0.021081741591099108,0.06190476190476189
128,final_half,Semantic,66,0.7091744076818706,0.5555555555555556,0.011873499634693672,0.07179487179487179
128,final_half,Temperature,66,0.5980795324078907,0.4,0.007283164596597433,0.04294871794871795
128,final_half,Fisher,66,0.7659117002400585,0.2727272727272727,-0.009514664440037578,0.06794871794871796
129,final_half,Semantic,122,0.6618674844111941,0.08333333333333333,-0.009023498038801012,0.04285507246376812
129,final_half,Temperature,122,0.6997828967586519,0.13043478260869565,-0.01395507912537464,0.04789855072463768
129,final_half,Fisher,122,0.6129746448528027,0.04,-0.0025543501607621423,0.05918181818181818
132,final_half,Semantic,85,0.2863201094391245,0.2,-0.009251514559312099,0.05147058823529412
132,final_half,Temperature,85,0.4587844440101622,0.2,-0.001550713308579242,0.06522058823529411
132,final_half,Fisher,85,0.3151065077193668,0.058823529411764705,0.01928864569083448,0.061397058823529416
133,final_half,Semantic,59,0.6067796610169492,0.09090909090909091,0.003340151957919342,0.05818181818181818
133,final_half,Temperature,59,0.5810052600818236,0.09090909090909091,0.0009059029807130248,0.11575757575757575
133,final_half,Fisher,59,0.4901811805961427,0.09090909090909091,0.06103156049094098,0.06848484848484847
171,final_half,Semantic,61,0.12474881015335798,0.07692307692307693,0.041795346377577994,0.07756410256410257
171,final_half,Temperature,61,0.43733474352194607,0.0,-0.03823373876255949,0.0681235431235431
171,final_half,Fisher,61,0.5248016922263352,0.16666666666666666,0.002316234796404022,0.06953379953379954
176,final_half,Semantic,160,0.30362709480839095,0.06666666666666667,0.0036382280557834303,0.0555522008580963
176,final_half,Temperature,160,0.4306750263682175,0.28,-0.0065401968826907285,0.05222999099528576
176,final_half,Fisher,160,0.5615375600609399,0.14285714285714285,-0.009503838040548461,0.05048572487949573
179,final_half,Semantic,61,0.575462718138551,0.07692307692307693,-0.07712057112638813,0.039102564102564095
179,final_half,Temperature,61,0.7531464833421468,0.07692307692307693,0.03524325753569539,0.08923076923076922
179,final_half,Fisher,61,0.7029085140137492,0.16666666666666666,-0.04657588577472237,0.045046620046620044
180,final_half,Semantic,113,0.4885055559252113,0.2631578947368421,-0.02094367556058287,0.04664031620553359
180,final_half,Temperature,113,0.468702175793466,0.14285714285714285,0.01778519861600906,0.06914737436476566
180,final_half,Fisher,113,0.6076834786080246,0.14285714285714285,-0.036341406613879836,0.04985883681535855
192,final_half,Semantic,84,0.4967500253113294,0.125,-0.0030302723499038143,0.058529411764705885
192,final_half,Temperature,84,0.5130910195403463,0.2,-0.03133238837703757,0.07058823529411765
192,final_half,Fisher,84,0.4935911714083224,0.058823529411764705,-0.008787081097499242,0.06772058823529412
195,final_half,Semantic,54,0.7964551172098341,0.5,-0.002187916904898038,0.05181818181818182
195,final_half,Temperature,54,0.6702877834953306,0.09090909090909091,0.016298837430912896,0.08636363636363636
195,final_half,Fisher,54,0.7778540118162759,0.2,-0.025656565656565655,0.05181818181818182
196,final_half,Semantic,95,0.4081746920492721,0.1111111111111111,-0.03903485442329228,0.07541709666322668
196,final_half,Temperature,95,0.6351763717805151,0.25,-0.01985652295632699,0.061558307533539726
196,final_half,Fisher,95,0.4347144456886898,0.17647058823529413,0.02508258678611423,0.0623108015135879
200,final_half,Semantic,73,0.5479452054794521,0.14285714285714285,-0.014110514624213252,0.059523809523809514
200,final_half,Temperature,73,0.5114772306553129,0.0,-0.027293903492533626,0.05142857142857142
200,final_half,Fisher,73,0.5068493150684932,0.0,0.0023155004319387884,0.08212454212454211
202,final_half,Semantic,132,0.5270045342363542,0.21739130434782608,0.00798787391796633,0.05206552706552706
202,final_half,Temperature,132,0.5270201875264148,0.21739130434782608,-0.005609095605077923,0.06670085470085471
202,final_half,Fisher,132,0.5332867213140414,0.12,-0.009022034614642087,0.05188603988603988
204,final_half,Semantic,159,0.5070724862670171,0.18518518518518517,0.002176379269166467,0.04474230626622172
204,final_half,Temperature,159,0.4980923095294962,0.3333333333333333,-5.8215906376911375e-06,0.050259547645532074
204,final_half,Fisher,159,0.522614640554096,0.14285714285714285,0.008032750179125865,0.06848962103689578
209,final_half,Semantic,133,0.5485967292722987,0.12,0.027872343681456014,0.0627122507122507
209,final_half,Temperature,133,0.47650503463543525,0.07692307692307693,0.01962028544903643,0.06720574755357364
209,final_half,Fisher,133,0.37252731557523383,0.07692307692307693,0.012064251537935746,0.05190313390313389
216,final_half,Semantic,88,0.35113240111302885,0.2,0.0027464689514282723,0.05147058823529412
216,final_half,Temperature,88,0.15881793526117433,0.125,-0.036672713183755416,0.02977941176470588
216,final_half,Fisher,88,0.30349406502060516,0.0,0.010883730759747813,0.05742647058823529
234,final_half,Semantic,74,0.6365790447982228,0.06666666666666667,-0.00041169937060347994,0.059047619047619036
234,final_half,Temperature,74,0.6262421325435023,0.06666666666666667,0.014228804146612362,0.06677655677655678
234,final_half,Fisher,74,0.7271529063309884,0.06666666666666667,-0.015164753794890781,0.06249084249084249
235,final_half,Semantic,67,0.6356453028972785,0.2727272727272727,-0.03261233937265544,0.06474358974358974
235,final_half,Temperature,67,0.3845079415755448,0.07692307692307693,-0.00393287572831032,0.06025641025641025
235,final_half,Fisher,67,0.5454146380397479,0.07692307692307693,0.0217535318062096,0.06410256410256411
237,final_half,Semantic,62,0.8337488353352975,0.16666666666666666,-0.027760570119110577,0.044230769230769226
237,final_half,Temperature,62,0.8536425675505527,0.16666666666666666,-0.04090806073883811,0.047435897435897434
237,final_half,Fisher,62,0.8921709350054142,0.4,0.018385334038427646,0.0673076923076923
240,final_half,Semantic,55,0.5546897546897548,0.09090909090909091,0.0014754689754689833,0.042727272727272725
240,final_half,Temperature,55,0.5908369408369409,0.09090909090909091,-0.004693362193362199,0.06636363636363636
240,final_half,Fisher,55,0.5424242424242426,0.09090909090909091,0.003773448773448771,0.06
245,final_half,Semantic,128,0.5546717634132942,0.08333333333333333,0.03974661234206189,0.06359316770186334
245,final_half,Temperature,128,0.4220895898187146,0.13043478260869565,-0.007706349569675887,0.04737681159420291
245,final_half,Fisher,128,0.5631008514924007,0.08333333333333333,-0.00477676936458524,0.06560869565217389
255,final_half,Semantic,65,0.451791958041958,0.16666666666666666,-0.007753496503496504,0.09988344988344987
255,final_half,Temperature,65,0.6505681818181819,0.07692307692307693,-0.003122814685314682,0.1091025641025641
255,final_half,Fisher,65,0.2230769230769231,0.0,-0.03277316433566434,0.07115384615384615
261,final_half,Semantic,113,0.558819615410207,0.2,0.03724673963670238,0.06657820440429135
261,final_half,Temperature,113,0.598160223567769,0.043478260869565216,0.04226245924545878,0.08490267169901036
261,final_half,Fisher,113,0.6235028944041521,0.2,-0.0314213354181915,0.04616184730601206
263,final_half,Semantic,92,0.4110475779479987,0.0,-0.013484271689040275,0.06523477812177503
263,final_half,Temperature,92,0.6228287841191066,0.3333333333333333,0.001365534885871491,0.0561188510491916
263,final_half,Fisher,92,0.39540403495522713,0.17647058823529413,-0.059480911795077286,0.07495700034399724
270,final_half,Semantic,68,0.32809100278657854,0.07692307692307693,0.005452914455853719,0.04807692307692309
270,final_half,Temperature,68,0.4691376875214719,0.07692307692307693,0.013919532770927969,0.05641025641025641
270,final_half,Fisher,68,0.26877123334732983,0.07692307692307693,-0.041527655838454774,0.026923076923076928
271,final_half,Semantic,69,0.4287541103397881,0.07692307692307693,-0.015875045670442095,0.04230769230769231
271,final_half,Temperature,69,0.7885275849470224,0.4,-0.029424552429667523,0.036713286713286705
271,final_half,Fisher,69,0.42053343076360983,0.07692307692307693,0.031158202411399348,0.03974358974358974
278,final_half,Semantic,55,0.5714285714285715,0.0,0.012900432900432907,0.057272727272727274
278,final_half,Temperature,55,0.7145021645021646,0.09090909090909091,0.03841991341991343,0.05636363636363636
278,final_half,Fisher,55,0.7831890331890333,0.09090909090909091,-0.005519480519480523,0.055454545454545444
281,final_half,Semantic,80,0.4354430379746836,0.14285714285714285,-0.0057208157524613204,0.054761904761904755
281,final_half,Temperature,80,0.6178621659634319,0.3333333333333333,-0.03636075949367089,0.042014652014652015
281,final_half,Fisher,80,0.31162681669010783,0.06666666666666667,-0.005188701359587432,0.03380952380952381
292,final_half,Semantic,56,0.6759398496240602,0.2,-0.01280929596719071,0.04818181818181819
292,final_half,Temperature,56,0.6241968557758032,0.09090909090909091,0.04028708133971292,0.0709090909090909
292,final_half,Fisher,56,0.6126452494873548,0.09090909090909091,-0.052211209842788785,0.03181818181818182
313,final_half,Semantic,91,0.30001592610288264,0.1111111111111111,-0.0052572065615543884,0.07278551771585827
313,final_half,Temperature,91,0.6862716993151776,0.25,0.020875935658544353,0.06910904712762297
313,final_half,Fisher,91,0.25062908106386367,0.05263157894736842,0.016418219461697726,0.07535259717922257
322,final_half,Semantic,66,0.7047489823609228,0.4,-0.06332533138503288,0.06107226107226107
322,final_half,Temperature,66,0.5795428452144871,0.16666666666666666,0.005961799394635217,0.05192307692307692
322,final_half,Fisher,66,0.39592944369063776,0.16666666666666666,-0.014862749191107402,0.06620046620046618
323,final_half,Semantic,96,0.45397449810092244,0.1111111111111111,-0.000940043407487793,0.05380116959064326
323,final_half,Temperature,96,0.4921595225176343,0.17647058823529413,0.0016569451980466623,0.07244152046783625
323,final_half,Fisher,96,0.4288252848616386,0.17647058823529413,0.015749457406402607,0.054437564499484004
333,final_half,Semantic,60,0.444734648513476,0.3333333333333333,-0.07685468185607114,0.019090909090909092
333,final_half,Temperature,60,0.4583495415393165,0.09090909090909091,-0.0023951097527090863,0.03727272727272728
333,final_half,Fisher,60,0.1665462628507919,0.0,-0.0042428452347874415,0.0609090909090909
338,final_half,Semantic,73,0.6206034801925214,0.14285714285714285,0.01697519437245465,0.07058608058608058
338,final_half,Temperature,73,0.5354189806244603,0.0,-0.02582531161298285,0.06296703296703296
338,final_half,Fisher,73,0.5609342218931261,0.06666666666666667,-0.009970072812538564,0.07164835164835164
345,final_half,Semantic,98,0.47275405007363763,0.1111111111111111,-0.0105923531549452,0.04561403508771929
345,final_half,Temperature,98,0.2939451319421864,0.1111111111111111,-0.021649484536082474,0.07724458204334365
345,final_half,Fisher,98,0.5478198777167849,0.25,0.024232860904436746,0.07084193326453389
351,final_half,Semantic,92,0.39515743723317354,0.1111111111111111,0.014576237227008612,0.053027175782593736
351,final_half,Temperature,92,0.26430652096851254,0.05263157894736842,-0.019704699227840884,0.05765393876848984
351,final_half,Fisher,92,0.4835164835164835,0.05263157894736842,0.029935422221537222,0.06584107327141382
355,final_half,Semantic,100,0.2643504350435043,0.05263157894736842,0.02851245124512451,0.054093567251461985
355,final_half,Temperature,100,0.34636663666366635,0.0,-0.033651965196519654,0.05209838321293429
355,final_half,Fisher,100,0.32165616561656163,0.17647058823529413,0.0303048304830483,0.06910904712762297
359,final_half,Semantic,64,0.5898351648351647,0.16666666666666666,-0.04993589743589742,0.06743589743589742
359,final_half,Temperature,64,0.3438644688644688,0.0,-0.05106913919413919,0.047435897435897434
359,final_half,Fisher,64,0.3612179487179487,0.07692307692307693,0.054677197802197805,0.07179487179487179
361,final_half,Semantic,110,0.21804206207875934,0.15789473684210525,-0.004621418749859111,0.07356725146198831
361,final_half,Temperature,110,0.4172801659040191,0.29411764705882354,0.03821608096837455,0.05987468671679199
361,final_half,Fisher,110,0.18973018055586863,0.1,0.020155535017920338,0.056704260651629076
367,final_half,Semantic,57,0.3319937775473166,0.09090909090909091,0.03512768991444128,0.07545454545454545
367,final_half,Temperature,57,0.44166450609281827,0.0,0.0555580762250454,0.06212121212121211
367,final_half,Fisher,57,0.22005444646098005,0.0,-0.016991833030853,0.07181818181818181
368,final_half,Semantic,72,0.11724226638369029,0.0,-0.03339764615087788,0.041428571428571426
368,final_half,Temperature,72,0.3091517139365876,0.06666666666666667,-0.044956267284069734,0.06523809523809523
368,final_half,Fisher,72,0.15525114155251143,0.0,0.021919416039616696,0.056776556776556776
384,final_half,Semantic,122,0.730421880834443,0.13043478260869565,0.004139170777969807,0.06270581592320722
384,final_half,Temperature,122,0.6265956427346416,0.04,0.01727606478069929,0.047521739130434795
384,final_half,Fisher,122,0.6926188202404988,0.08333333333333333,-0.021221263560691428,0.04952173913043479
395,final_half,Semantic,172,0.6665487485348672,0.2,0.012749190492025197,0.06119667808472362
395,final_half,Temperature,172,0.6665345983590513,0.09090909090909091,0.016355480716847903,0.05889912269893294
395,final_half,Fisher,172,0.6474861033481674,0.2413793103448276,-0.013141975789049179,0.042903934300993124
401,final_half,Semantic,53,0.6131269150137074,0.2,-0.027660861151427192,0.05181818181818182
401,final_half,Temperature,53,0.4685534591194968,0.09090909090909091,0.0274875020158039,0.07939393939393938
401,final_half,Fisher,53,0.2238348653442993,0.0,-0.008172069021125626,0.07181818181818181
406,final_half,Semantic,59,0.6659848042080655,0.09090909090909091,0.008123904149620104,0.05
406,final_half,Temperature,59,0.751198129748685,0.09090909090909091,-0.01585622443015781,0.0593939393939394
406,final_half,Fisher,59,0.6067796610169492,0.09090909090909091,0.024511981297486857,0.08545454545454545
412,final_half,Semantic,59,0.44529514903565176,0.0,-0.02964932787843367,0.05090909090909092
412,final_half,Temperature,59,0.3867913500876681,0.0,0.011075394506136765,0.048181818181818194
412,final_half,Fisher,59,0.48030391583869086,0.09090909090909091,-0.013714202220923444,0.04393939393939394
415,final_half,Semantic,47,0.48404255319148937,0.25,-0.013026133209990751,0.08531746031746032
415,final_half,Temperature,47,0.47745143385753935,0.42857142857142855,0.0497109158186864,0.06666666666666668
415,final_half,Fisher,47,0.49468085106382986,0.1111111111111111,0.0321808510638298,0.0763888888888889
416,final_half,Semantic,73,0.3483894853757868,0.0,-0.006904850055534986,0.0801098901098901
416,final_half,Temperature,73,0.3872639763050722,0.06666666666666667,0.016285634950018512,0.0657142857142857
416,final_half,Fisher,73,0.2975441194619277,0.0,-0.004820745402937182,0.05963369963369963
417,final_half,Semantic,89,0.32478719782090576,0.0,0.008003915560095342,0.051470588235294115
417,final_half,Temperature,89,0.5968335035750767,0.058823529411764705,0.0037827715355805243,0.06477941176470589
417,final_half,Fisher,89,0.4378277153558053,0.058823529411764705,-0.02173561457269323,0.04014705882352941
421,final_half,Semantic,180,0.6602734652304083,0.125,0.002273424076874801,0.05092627960275019
421,final_half,Temperature,180,0.6899554512999372,0.16129032258064516,-0.0019224873195674782,0.05369938884644766
421,final_half,Fisher,180,0.6312478780209265,0.058823529411764705,-0.01432235562826013,0.05623105547204218
426,final_half,Semantic,75,0.3454338549075391,0.06666666666666667,-0.024301564722617356,0.06333333333333332
426,final_half,Temperature,75,0.5745661450924608,0.14285714285714285,-0.007284495021337123,0.05476190476190477
426,final_half,Fisher,75,0.25948790896159313,0.06666666666666667,-0.00486628733997155,0.04
430,final_half,Semantic,99,0.6384291898577612,0.05263157894736842,0.01629560915275201,0.03859649122807017
430,final_half,Temperature,99,0.6873593073593074,0.17647058823529413,0.034908472479901045,0.07208462332301341
430,final_half,Fisher,99,0.7032529375386518,0.05263157894736842,0.01755720470006184,0.08745700034399724
436,final_half,Semantic,83,0.34736157172242976,0.058823529411764705,-0.003035137063935183,0.05147058823529412
436,final_half,Temperature,83,0.3341799252760169,0.2,0.028715209269132274,0.0813970588235294
436,final_half,Fisher,83,0.26606775534192517,0.058823529411764705,0.042799420679232605,0.0798529411764706
437,final_half,Semantic,93,0.6653039300528184,0.05263157894736842,-0.029764107308048106,0.04561403508771929
437,final_half,Temperature,93,0.5615320342574079,0.1111111111111111,0.008393512577959474,0.04327485380116959
437,final_half,Fisher,93,0.6577989316940706,0.1111111111111111,0.011441019366775083,0.0632094943240454
438,final_half,Semantic,96,0.6392566467715681,0.17647058823529413,-0.017736028214867063,0.04888200894392843
438,final_half,Temperature,96,0.5461747151383614,0.1111111111111111,-0.0011014650027129703,0.06876504987960096
438,final_half,Fisher,96,0.5851058057514922,0.1111111111111111,-0.013096852957135108,0.05736154110767113
440,final_half,Semantic,76,0.6041558441558441,0.23076923076923078,0.02854682159945319,0.09725274725274724
440,final_half,Temperature,76,0.7215857826384142,0.3333333333333333,0.003491455912508549,0.07058608058608057
440,final_half,Fisher,76,0.6818865345181134,0.14285714285714285,-0.0009254955570745002,0.03428571428571429
441,final_half,Semantic,60,0.7125868296749098,0.09090909090909091,0.020953042511808843,0.08181818181818182
441,final_half,Temperature,60,0.6370658516254516,0.09090909090909091,-0.029297026951931093,0.06484848484848485
441,final_half,Fisher,60,0.7896082245068076,0.2,0.0007001944984717956,0.06848484848484848
442,final_half,Semantic,115,0.10953207606722956,0.043478260869565216,-0.029981851179673325,0.0711236589497459
442,final_half,Temperature,115,0.3469738814803125,0.043478260869565216,0.0047995738972618955,0.06414455110107284
442,final_half,Fisher,115,0.309003393040322,0.09090909090909091,-0.004169099660695971,0.048368153585544894
444,final_half,Semantic,84,0.058357800951705986,0.0,-0.00988356788498532,0.08441176470588235
444,final_half,Temperature,84,0.44108534980257164,0.058823529411764705,-0.043156828996658896,0.06433823529411765
444,final_half,Fisher,84,0.04610711754581351,0.0,0.013186190138706083,0.06441176470588236
446,final_half,Semantic,124,0.6575798583792288,0.3,-0.017513768686073954,0.049855072463768114
446,final_half,Temperature,124,0.5245066876475216,0.23809523809523808,-0.007348544453186469,0.05439855072463767
446,final_half,Fisher,124,0.5096459480723838,0.3,0.003787883556254916,0.05223188405797101
460,final_half,Semantic,60,0.5641567101972771,0.09090909090909091,0.027821617115865525,0.07636363636363637
460,final_half,Temperature,60,0.601611558766324,0.09090909090909091,0.09316198944151156,0.08272727272727272
460,final_half,Fisher,60,0.6111141983884413,0.09090909090909091,-0.04662128368991387,0.031818181818181815
466,final_half,Semantic,76,0.7526999316473001,0.23076923076923078,-0.056177717019822285,0.037142857142857144
466,final_half,Temperature,76,0.6725358851674641,0.14285714285714285,-0.013007518796992478,0.0727106227106227
466,final_half,Fisher,76,0.7099931647300068,0.14285714285714285,-0.028894053315105944,0.05095238095238095
469,final_half,Semantic,63,0.4825268817204301,0.07692307692307693,0.007452476958525346,0.07004662004662005
469,final_half,Temperature,63,0.31173195084485406,0.16666666666666666,-0.01783794162826421,0.05576923076923077
469,final_half,Fisher,63,0.5411386328725039,0.16666666666666666,0.010354262672811063,0.07564102564102562
474,final_half,Semantic,49,0.30275510204081635,0.0,0.016270408163265308,0.06805555555555556
474,final_half,Temperature,49,0.2916326530612245,0.0,0.0224234693877551,0.0625
474,final_half,Fisher,49,0.5088775510204081,0.0,-0.04177551020408162,0.09305555555555554
480,final_half,Semantic,78,0.46511716131969294,0.3333333333333333,0.03039745065061521,0.07666666666666666
480,final_half,Temperature,78,0.42659871773795827,0.23076923076923078,0.009452572743711982,0.0701098901098901
480,final_half,Fisher,78,0.407175103377635,0.3333333333333333,-0.014109940692219169,0.07285714285714284
486,final_half,Semantic,162,0.43735825144200713,0.1724137931034483,-0.016639781190328003,0.0640707478005865
486,final_half,Temperature,162,0.3862320957546351,0.21428571428571427,-0.022475552563576036,0.07356918040246738
486,final_half,Fisher,162,0.4589005039791916,0.0967741935483871,-0.0007163815112601467,0.054395982910304376
487,final_half,Semantic,66,0.5374178060745226,0.07692307692307693,-0.001281703371255618,0.051923076923076926
487,final_half,Temperature,66,0.6928504331489407,0.16666666666666666,-0.020711825487944896,0.044230769230769226
487,final_half,Fisher,66,0.3608600354869012,0.07692307692307693,0.04087882266986745,0.035256410256410256
488,final_half,Semantic,79,0.5106621226874392,0.14285714285714285,0.027732473222979552,0.08820512820512819
488,final_half,Temperature,79,0.25674294060370006,0.06666666666666667,-0.0033617332035053515,0.04725274725274725
488,final_half,Fisher,79,0.30856864654333005,0.06666666666666667,-0.07295277507302825,0.05630036630036629
514,final_half,Semantic,217,0.2103538663171691,0.1,0.002335327442607703,0.04632274324276594
514,final_half,Temperature,217,0.6859677184477422,0.1,0.005411575698642878,0.05785813797113317
514,final_half,Fisher,217,0.44868398182988306,0.15789473684210525,-0.009272490687110394,0.05501431542554628
518,final_half,Semantic,99,0.5593320964749535,0.1111111111111111,0.014967841682127395,0.06257309941520467
518,final_half,Temperature,99,0.5613358070500928,0.1111111111111111,0.028410636982065546,0.06584107327141382
518,final_half,Fisher,99,0.5477056277056277,0.25,-0.022427334570191713,0.07879011253624256
521,final_half,Semantic,63,0.5501632104454686,0.07692307692307693,-0.019033218125960066,0.039102564102564095
521,final_half,Temperature,63,0.691916282642089,0.07692307692307693,-0.015627400153609826,0.07086247086247086
521,final_half,Fisher,63,0.5314900153609831,0.07692307692307693,-0.0043178763440860175,0.04294871794871794
525,final_half,Semantic,106,0.28843993248860117,0.15789473684210525,0.0006332972264906644,0.04666666666666667
525,final_half,Temperature,106,0.4428193566264453,0.15789473684210525,0.036200720457465294,0.07827313381492948
525,final_half,Fisher,106,0.21311937929818375,0.047619047619047616,-0.03970123686928483,0.04694235588972432
527,final_half,Semantic,96,0.49727346717308735,0.1111111111111111,-0.024460797612588174,0.054093567251461985
527,final_half,Temperature,96,0.49354313619099294,0.1111111111111111,-0.008895822029300057,0.05875042999656003
527,final_half,Fisher,96,0.47044221378187734,0.0,0.040671459576776994,0.04883040935672515
530,final_half,Semantic,68,0.3947398557086689,0.2727272727272727,0.04769820971867007,0.05192307692307692
530,final_half,Temperature,68,0.4609306409130816,0.07692307692307693,-0.06476123220216054,0.06025641025641025
530,final_half,Fisher,68,0.3817612703744703,0.16666666666666666,-0.011073787074855897,0.05064102564102564
536,final_half,Semantic,126,0.35481064866891643,0.13043478260869565,-0.005954555680539933,0.05280105401844533
536,final_half,Temperature,126,0.036262467191601054,0.18181818181818182,-0.006615373078365206,0.05404347826086957
536,final_half,Fisher,126,-0.10151631046119237,0.18181818181818182,-0.031749831271091114,0.06394824016563147
537,final_half,Semantic,246,0.730644488465871,0.19047619047619047,-0.028758521874237986,0.051847336101929174
537,final_half,Temperature,246,0.6823371750201017,0.13636363636363635,0.0021381515971649833,0.048079602639699105
537,final_half,Fisher,246,0.7310354417268042,0.25,-0.010219477936331045,0.044516682713788565
549,final_half,Semantic,181,0.40255803128731305,0.22580645161290322,-0.010829943537125856,0.0656188847365318
549,final_half,Temperature,181,0.5377491753182361,0.22580645161290322,-0.009716572561876427,0.041992706992706984
549,final_half,Fisher,181,0.3290773683038876,0.05555555555555555,5.879019691174408e-05,0.06418602330367035
550,final_half,Semantic,148,0.4898847621762291,0.2,0.001379115041627028,0.05045366510883752
550,final_half,Temperature,148,0.5977707607621319,0.25,-0.024165145833410468,0.044638120500189456
550,final_half,Fisher,148,0.3603986125558513,0.2,0.010994051166630265,0.0595511767925561
554,final_half,Semantic,52,0.2136941859472381,0.2,-0.013053871766413382,0.061818181818181814
554,final_half,Temperature,52,0.4959446768547767,0.2,-0.08482455391445402,0.06636363636363636
554,final_half,Fisher,52,0.13651498335183126,0.09090909090909091,0.029095876376675482,0.04636363636363637
555,final_half,Semantic,152,0.5528161072724663,0.06666666666666667,0.004544693443776953,0.07391204807222604
555,final_half,Temperature,152,0.7216048496777588,0.23076923076923078,0.018831115576240946,0.046818687430478304
555,final_half,Fisher,152,0.6728586171310629,0.10344827586206896,0.01678883125226389,0.06662323216272048
561,final_half,Semantic,161,0.09664711295146078,0.13333333333333333,0.010427162410858068,0.056581133919843596
561,final_half,Temperature,161,0.2454681389463998,0.0625,-8.741660915574274e-05,0.06041483382209188
561,final_half,Fisher,161,0.4051443524269612,0.0967741935483871,-0.0017326604554865426,0.04621151026392961
562,final_half,Semantic,57,0.7924552761213379,0.2,-0.0750583354939072,0.022727272727272728
562,final_half,Temperature,57,0.4775084262380088,0.2,0.06759787399533318,0.06090909090909091
562,final_half,Fisher,57,0.6851179673321235,0.2,0.02114985740212601,0.07393939393939394
565,final_half,Semantic,136,0.4650112112971709,0.07692307692307693,-0.009638137493440193,0.06634188034188034
565,final_half,Temperature,136,0.3597061208911788,0.07692307692307693,0.0015271217976241605,0.057923076923076924
565,final_half,Fisher,136,0.4268116979151757,0.12,-0.01957564047516817,0.07485470085470083
566,final_half,Semantic,62,0.5028077862556973,0.07692307692307693,0.09071038251366122,0.06363636363636363
566,final_half,Temperature,62,0.23290775855556392,0.07692307692307693,0.047223691168693814,0.03461538461538462
566,final_half,Fisher,62,0.4767192969202488,0.16666666666666666,0.02025383395029085,0.08525641025641026
580,final_half,Semantic,82,0.40703736354632625,0.2,-0.0037461499112983075,0.06397058823529413
580,final_half,Temperature,82,0.28659897040737475,0.125,-0.017602115780193946,0.04897058823529412
580,final_half,Fisher,82,0.38846986863442934,0.125,-0.021731369924141007,0.07264705882352941
584,final_half,Semantic,214,0.151869618056087,0.15789473684210525,0.01819206479914042,0.0551966842801843
584,final_half,Temperature,214,0.4365768617355075,0.375,0.004428492275102473,0.054917400617911116
584,final_half,Fisher,214,0.17123344282167685,0.1891891891891892,0.014820538094902821,0.05756467174743439
588,final_half,Semantic,73,0.35153646797482424,0.0,0.01858725163519684,0.07117216117216117
588,final_half,Temperature,73,0.5948414167592251,0.06666666666666667,0.011819696408737512,0.055824175824175815
588,final_half,Fisher,73,0.47454646427249175,0.0,0.02123133407379983,0.08058608058608058
597,final_half,Semantic,96,0.3450488334237656,0.25,-0.02473209441128595,0.05829033367733057
597,final_half,Temperature,96,0.3704557786218123,0.05263157894736842,-0.005442892023874119,0.07198142414860681
597,final_half,Fisher,96,0.10134291915355398,0.17647058823529413,0.019123033098209445,0.06910904712762297
603,final_half,Semantic,109,0.22278750810860906,0.047619047619047616,-0.05063849504216478,0.044323308270676695
603,final_half,Temperature,109,0.41647669354091377,0.1,-0.026880733944954133,0.06954297508477077
603,final_half,Fisher,109,-0.0005838198498748958,0.0,0.004735427671207487,0.049561403508771924
605,final_half,Semantic,94,0.4670808799624318,0.17647058823529413,0.03398981324278438,0.08008255933952528
605,final_half,Temperature,94,0.42913701549687533,0.1111111111111111,0.009211429397102918,0.060577915376676984
605,final_half,Fisher,94,0.5410757504605714,0.25,-0.030834808366145293,0.054385964912280704
622,final_half,Semantic,75,0.17658605974395447,0.14285714285714285,-0.015352773826458038,0.05809523809523809
622,final_half,Temperature,75,0.16056899004267425,0.06666666666666667,0.027957325746799423,0.06238095238095237
622,final_half,Fisher,75,0.18475106685632997,0.0,-0.04726173541963016,0.07402930402930402
623,final_half,Semantic,138,0.4982020096395114,0.07692307692307693,-0.006934649043697444,0.07312535612535613
623,final_half,Temperature,138,0.5737701175143668,0.16666666666666666,0.018020087262465494,0.04853846153846154
623,final_half,Fisher,138,0.650804015625963,0.07692307692307693,-0.01821643922564265,0.06696581196581194
629,final_half,Semantic,57,0.42578428830697435,0.09090909090909091,-0.04904718693284937,0.041818181818181824
629,final_half,Temperature,57,0.49494425719471097,0.09090909090909091,-0.03482304900181489,0.038181818181818185
629,final_half,Fisher,57,0.4240990407052113,0.09090909090909091,0.007246564687581017,0.04727272727272728
631,final_half,Semantic,60,0.560878021672687,0.09090909090909091,0.05601833842734094,0.061818181818181814
631,final_half,Temperature,60,0.4529035843289804,0.2,-0.03908030008335649,0.057272727272727274
631,final_half,Fisher,60,0.6943595443178662,0.3333333333333333,-0.02576271186440678,0.046363636363636364
632,final_half,Semantic,79,0.26056475170399224,0.14285714285714285,-0.04390579357351509,0.07333333333333333
632,final_half,Temperature,79,0.5085686465433301,0.23076923076923078,0.023326436222005843,0.04428571428571428
632,final_half,Fisher,79,0.25338364167478095,0.45454545454545453,0.017687439143135343,0.05857142857142857
633,final_half,Semantic,86,0.522298221614227,0.2857142857142857,0.0003000141516109257,0.05485294117647059
633,final_half,Temperature,86,0.539865087975848,0.2857142857142857,0.00044719090523137747,0.055514705882352945
633,final_half,Fisher,86,0.7491391103353932,0.2,0.016265861597245156,0.036397058823529414
637,final_half,Semantic,140,0.6484135487962215,0.12,0.012974350003280056,0.05863247863247863
637,final_half,Temperature,140,0.7333843563447116,0.2727272727272727,-0.023500251470556083,0.047737891737891724
637,final_half,Fisher,140,0.6117819422273731,0.037037037037037035,0.0036314534998141343,0.04789743589743589
642,final_half,Semantic,67,0.5068640753451992,0.16666666666666666,0.029924574986032414,0.06346153846153846
642,final_half,Temperature,67,0.6283821534041026,0.16666666666666666,-0.0032823848671083094,0.0685897435897436
642,final_half,Fisher,67,0.27576023625189566,0.0,-0.010567483438422863,0.05273892773892774
645,final_half,Semantic,102,0.5156826933407219,0.1,-0.04798106880933667,0.06535087719298247
645,final_half,Temperature,102,0.5360161944235543,0.1,-0.006809687250849583,0.07431913116123642
645,final_half,Fisher,102,0.4004896777513274,0.0,0.0037127299251912644,0.08122389306599834
647,final_half,Semantic,76,0.7161449077238551,0.06666666666666667,0.0022460697197539334,0.058571428571428566
647,final_half,Temperature,76,0.7891455912508545,0.14285714285714285,0.04515926179084074,0.047619047619047616
647,final_half,Fisher,76,0.6437457279562543,0.06666666666666667,0.0039043062200956975,0.06476190476190477
651,final_half,Semantic,112,0.19140157856972018,0.2631578947368421,-0.03273225817473605,0.0466403162055336
651,final_half,Temperature,112,0.3851095090033143,0.3333333333333333,-0.002484880582225714,0.055731225296442685
651,final_half,Fisher,112,0.3105203813168415,0.14285714285714285,0.02457674172275942,0.0736928289102202
658,final_half,Semantic,57,0.25200933367902517,0.2,0.002826030593725695,0.03727272727272728
658,final_half,Temperature,57,0.3305677988073633,0.09090909090909091,0.006540057039149598,0.07545454545454544
658,final_half,Fisher,57,0.27333419756287275,0.2,-0.014826938034742032,0.06
663,final_half,Semantic,158,0.25283749062536603,0.18518518518518517,0.0028180948309827654,0.0741382253061897
663,final_half,Temperature,158,0.11398490018391776,0.18518518518518517,-0.0014392440051782945,0.05445391999340832
663,final_half,Fisher,158,-0.01987802707500772,0.10344827586206896,0.003933314977052111,0.041635150166852056
666,final_half,Semantic,91,0.5513776078993471,0.3333333333333333,0.04093406593406594,0.054729962160302716
666,final_half,Temperature,91,0.35980251632425553,0.1111111111111111,0.012243191591017676,0.05600275197798417
666,final_half,Fisher,91,0.3388596910336041,0.1111111111111111,0.014036470775601212,0.07495700034399724
670,final_half,Semantic,111,0.41510179010179005,0.4117647058823529,-0.007782555282555284,0.05313946922642574
670,final_half,Temperature,111,0.18400315900315897,0.043478260869565216,-0.01850780975780976,0.07603049124788254
670,final_half,Fisher,111,0.3735872235872235,0.2631578947368421,-0.01655975780975781,0.08320722755505364
677,final_half,Semantic,64,0.3596611721611721,0.0,-0.011073717948717953,0.06346153846153847
677,final_half,Temperature,64,0.51771978021978,0.0,0.018303571428571423,0.04889277389277389
677,final_half,Fisher,64,0.12715201465201464,0.0,-0.015535714285714278,0.07499999999999998
682,final_half,Semantic,64,0.19688644688644688,0.07692307692307693,-0.03314102564102564,0.05192307692307692
682,final_half,Temperature,64,0.5029761904761905,0.16666666666666666,0.0004876373626373651,0.05961538461538461
682,final_half,Fisher,64,0.05151098901098901,0.0,0.0010141941391941412,0.06794871794871796
692,final_half,Semantic,115,0.5943580841158369,0.3333333333333333,-0.006076698492858832,0.05657820440429136
692,final_half,Temperature,115,0.5535232383808095,0.2631578947368421,-0.006697309240116779,0.05183512140033879
692,final_half,Fisher,115,0.14816539098871617,0.043478260869565216,0.0019320602856466515,0.0518068887634105
693,final_half,Semantic,53,0.6066763425253991,0.3333333333333333,-0.021948072891469116,0.07090909090909091
693,final_half,Temperature,53,0.6854539590388646,0.09090909090909091,-0.0008788905015320065,0.07303030303030303
693,final_half,Fisher,53,0.5886953717142396,0.2,-0.07342767295597483,0.061818181818181814
700,final_half,Semantic,148,0.5430873963951626,0.15384615384615385,-0.043005400963214965,0.06082312323691634
700,final_half,Temperature,148,0.2961904515116404,0.034482758620689655,0.016504588412546227,0.044941265630920796
700,final_half,Fisher,148,0.5045106742134547,0.15384615384615385,-0.030187275345472858,0.0673803208285967
713,final_half,Semantic,58,0.36694453843551017,0.09090909090909091,0.01860407887046664,0.06757575757575755
713,final_half,Temperature,58,0.6002337814143777,0.2,0.03748500415269619,0.05727272727272727
713,final_half,Fisher,58,0.6286566796887016,0.09090909090909091,0.03623611922852134,0.050909090909090904
719,final_half,Semantic,75,0.612574679943101,0.3333333333333333,0.02839971550497867,0.042490842490842486
719,final_half,Temperature,75,0.5316073968705547,0.14285714285714285,0.03724039829302987,0.07725274725274725
719,final_half,Fisher,75,0.4994879089615932,0.45454545454545453,0.04618776671408249,0.07857142857142856
727,final_half,Semantic,65,0.27722902097902097,0.07692307692307693,-0.008479020979020976,0.03141025641025641
727,final_half,Temperature,65,0.39440559440559436,0.16666666666666666,0.012718531468531469,0.046794871794871795
727,final_half,Fisher,65,0.27250874125874125,0.07692307692307693,0.02644012237762238,0.06876456876456877
736,final_half,Semantic,126,0.1752230971128609,0.13043478260869565,0.01144476940382452,0.05023188405797101
736,final_half,Temperature,126,0.17025571803524558,0.23809523809523808,0.023381477315335582,0.05913438735177866
736,final_half,Fisher,126,0.06783652043494565,0.18181818181818182,-0.020318560179977505,0.07011490683229812
742,final_half,Semantic,71,0.600804828973843,0.23076923076923078,-0.006463782696177059,0.07450549450549451
742,final_half,Temperature,71,0.5855466130114017,0.06666666666666667,0.0023440643863179038,0.06677655677655678
742,final_half,Fisher,71,0.5083165660630449,0.06666666666666667,-0.0030382293762575355,0.047619047619047616
745,final_half,Semantic,63,0.7153897849462366,0.07692307692307693,0.018075556835637475,0.06107226107226108
745,final_half,Temperature,63,0.7956029185867896,0.2727272727272727,-0.004917914746543774,0.046794871794871795
745,final_half,Fisher,63,0.7244623655913979,0.16666666666666666,0.009821428571428573,0.07243589743589743
748,final_half,Semantic,86,0.26236143214302565,0.0,-0.004544553988395677,0.08029411764705882
748,final_half,Temperature,86,0.5678286711637341,0.058823529411764705,0.01322326524836077,0.051470588235294115
748,final_half,Fisher,86,0.2858342374640313,0.0,0.0494806358790509,0.06227941176470588
749,final_half,Semantic,130,0.47032459817831734,0.04,-0.03486514905297082,0.06258695652173912
749,final_half,Temperature,130,0.36865449480397106,0.04,0.0034510917805787287,0.07085074345943912
749,final_half,Fisher,130,0.47374400852121423,0.0,-0.0014674514195195936,0.042833333333333334
755,final_half,Semantic,54,0.3273870783304745,0.2,-0.05301315037164093,0.08272727272727273
755,final_half,Temperature,54,0.288965122927387,0.09090909090909091,0.0023518200876691438,0.046363636363636364
755,final_half,Fisher,54,0.5722508099866589,0.3333333333333333,0.014556889651229274,0.04636363636363637
765,final_half,Semantic,65,0.2749125874125874,0.07692307692307693,0.00989291958041958,0.08991841491841492
765,final_half,Temperature,65,0.25817307692307695,0.16666666666666666,-0.009925699300699295,0.07983682983682984
765,final_half,Fisher,65,0.12469405594405596,0.16666666666666666,0.0033806818181818183,0.05979020979020978
778,final_half,Semantic,132,0.5057786729140685,0.21739130434782608,0.027016795980235108,0.06092084726867334
778,final_half,Temperature,132,0.6255054708248761,0.07692307692307693,0.009492155092797917,0.0496672860151121
778,final_half,Fisher,132,0.4983172713184765,0.21739130434782608,-0.02476846175118573,0.06700284900284899
779,final_half,Semantic,82,0.39245328196253854,0.058823529411764705,0.020787758078383994,0.05073529411764706
779,final_half,Temperature,82,0.4087787464220024,0.2857142857142857,0.026297058151304405,0.060661764705882346
779,final_half,Fisher,82,0.46846464448580233,0.125,-0.04698577507863432,0.061397058823529416
787,final_half,Semantic,55,0.2533189033189034,0.0,0.00044372294372294096,0.05636363636363636
787,final_half,Temperature,55,0.2983405483405484,0.0,-0.03448773448773449,0.059999999999999984
787,final_half,Fisher,55,0.1851370851370852,0.0,-0.019112554112554116,0.07545454545454544
797,final_half,Semantic,99,0.6368954854669141,0.17647058823529413,0.016970933828076684,0.04683522531819745
797,final_half,Temperature,99,0.8465553494124922,0.17647058823529413,-0.03350463821892393,0.04127966976264189
797,final_half,Fisher,99,0.5044032158317873,0.17647058823529413,0.002584415584415583,0.07680598555211557
798,final_half,Semantic,143,0.5823401950162513,0.034482758620689655,0.007684510325355392,0.04872952717780304
798,final_half,Temperature,143,0.6475508060015102,0.07142857142857142,0.007045947010735745,0.04503494589701486
798,final_half,Fisher,143,0.4637627630585377,0.0,-0.016336509734397056,0.05213464696223317
799,final_half,Semantic,65,0.4751748251748252,0.16666666666666666,-0.041215034965034966,0.06555944055944056
799,final_half,Temperature,65,0.37128496503496505,0.0,0.010410839160839168,0.06923076923076923
799,final_half,Fisher,65,0.29982517482517484,0.0,-0.03361451048951049,0.05128205128205128
800,final_half,Semantic,72,0.2639076467940061,0.14285714285714285,0.0011302977683452329,0.0663003663003663
800,final_half,Temperature,72,0.39809634060068183,0.3333333333333333,0.010007074409929899,0.1002197802197802
800,final_half,Fisher,72,0.09849508006945787,0.14285714285714285,-0.050815164962377014,0.06296703296703296
806,final_half,Semantic,64,0.6473443223443223,0.2727272727272727,0.05998397435897436,0.08304195804195805
806,final_half,Temperature,64,0.6852106227106227,0.2727272727272727,0.02022893772893773,0.07564102564102565
806,final_half,Fisher,64,0.5442307692307692,0.16666666666666666,0.02027472527472528,0.061888111888111885
807,final_half,Semantic,66,0.7914205197787288,0.4,0.029466652750234846,0.06555944055944055
807,final_half,Temperature,66,0.8316668406220645,0.2727272727272727,0.00028180774449430845,0.08414918414918414
807,final_half,Fisher,66,0.7421981004070557,0.07692307692307693,0.022676129840308944,0.0738927738927739
812,final_half,Semantic,109,0.43135946622185156,0.047619047619047616,0.02767676767676768,0.057456140350877205
812,final_half,Temperature,109,0.5610323417662868,0.0,0.02385877119822074,0.06773182957393484
812,final_half,Fisher,109,0.36712074877212497,0.0,0.007823649337410804,0.0543233082706767
815,final_half,Semantic,61,0.4125330512956107,0.0,-0.04934426229508195,0.05705128205128205
815,final_half,Temperature,61,0.4161290322580645,0.0,0.01765732416710735,0.10940559440559441
815,final_half,Fisher,61,0.4601797990481227,0.0,0.013707033315705974,0.0726107226107226
817,final_half,Semantic,63,0.4651977726574501,0.07692307692307693,-0.0013872887864823332,0.05128205128205128
817,final_half,Temperature,63,0.6574500768049155,0.16666666666666666,-0.02308707757296467,0.08094405594405593
817,final_half,Fisher,63,0.5462269585253456,0.0,0.052169738863287254,0.060256410256410264
834,final_half,Semantic,101,0.5559813628421665,0.15789473684210525,-0.02534595224228305,0.0524561403508772
834,final_half,Temperature,101,0.3803610949330227,0.1,-0.012047175305765873,0.05852965747702591
834,final_half,Fisher,101,0.441316249271986,0.15789473684210525,0.043589400116482234,0.0918170426065163
835,final_half,Semantic,75,0.39524893314366993,0.0,-0.007583214793741112,0.052490842490842494
835,final_half,Temperature,75,0.5755334281650071,0.06666666666666667,-0.014985775248933145,0.06428571428571428
835,final_half,Fisher,75,0.6004551920341394,0.06666666666666667,0.041176386913229016,0.08783882783882785
836,final_half,Semantic,62,0.2514416660371182,0.07692307692307693,0.018277051698521833,0.07179487179487179
836,final_half,Temperature,62,0.45727883961622723,0.0,0.02727204049255873,0.05722610722610723
836,final_half,Fisher,62,0.3662713102163129,0.0,-0.004580594797411295,0.05128205128205128
842,final_half,Semantic,95,0.47245240761478163,0.05263157894736842,0.005234462486002242,0.06711386308909528
842,final_half,Temperature,95,0.5909154535274356,0.25,0.004503079507278838,0.07530099759201928
842,final_half,Fisher,95,0.4664893617021277,0.1111111111111111,-0.012755459126539758,0.061214310285517715
854,final_half,Semantic,97,0.5185935198821797,0.05263157894736842,0.03325399747527877,0.07337031303749571
854,final_half,Temperature,97,0.3838891226593729,0.1111111111111111,-0.015519803282137595,0.05706914344685242
854,final_half,Fisher,97,0.42742741426467495,0.1111111111111111,-0.050531900904691764,0.052442380460956305
855,final_half,Semantic,87,0.6900196836042867,0.125,0.02638058613399431,0.051911764705882345
855,final_half,Temperature,87,0.5403878399066852,0.2,-0.006909309615805205,0.04852941176470589
855,final_half,Fisher,87,0.6535867901144564,0.125,-0.022999744842166648,0.05558823529411765
862,final_half,Semantic,132,0.4282479272435078,0.07692307692307693,0.001228261493428228,0.052544159544159544
862,final_half,Temperature,132,0.36429380181891224,0.07692307692307693,0.04856041909075255,0.06568194768194767
862,final_half,Fisher,132,0.42443374223205477,0.07692307692307693,0.0070103259536767,0.0439088319088319
863,final_half,Semantic,113,0.5933195821411937,0.2631578947368421,-0.018053014172599642,0.04488989271597967
863,final_half,Temperature,113,0.5056141459844301,0.09090909090909091,-0.015710875640428508,0.07414455110107282
863,final_half,Fisher,113,0.6427906048306608,0.2631578947368421,-0.0024872746024352937,0.04726143421795596
867,final_half,Semantic,54,0.4875547932151705,0.09090909090909091,0.04661711454164284,0.041818181818181824
867,final_half,Temperature,54,0.5959595959595959,0.09090909090909091,0.04843910806174957,0.06727272727272726
867,final_half,Fisher,54,0.48275204878978456,0.09090909090909091,-0.004520678482942635,0.08454545454545453
873,final_half,Semantic,96,0.6740911557243625,0.3333333333333333,-0.037037438958220294,0.043567251461988296
873,final_half,Temperature,96,0.4196961475854585,0.25,0.021859739555073247,0.0412796697626419
873,final_half,Fisher,96,0.36374118285404233,0.1111111111111111,-0.02872219207813348,0.04098727210182318
878,final_half,Semantic,68,0.4976142306370958,0.0,0.013906172462495711,0.05128205128205128
878,final_half,Temperature,68,0.20422185746459517,0.07692307692307693,-0.014373783257624912,0.06940559440559442
878,final_half,Fisher,68,0.41443676756880554,0.07692307692307693,0.02936023208764361,0.05641025641025641
880,final_half,Semantic,230,0.4408941732275698,0.15,-0.01658806733422264,0.04710275512601094
880,final_half,Temperature,230,0.32646939162982447,0.15,0.005596473016256571,0.05016032212572202
880,final_half,Fisher,230,0.30807699989397347,0.15,0.02861605832936761,0.04882466591201702
884,final_half,Semantic,71,0.6440643863179074,0.14285714285714285,-0.006797451374916166,0.04571428571428571
884,final_half,Temperature,71,0.6691146881287726,0.14285714285714285,-0.030395707578806157,0.052857142857142846
884,final_half,Fisher,71,0.5980549966465459,0.0,-0.018821260898725684,0.0657142857142857
887,final_half,Semantic,71,0.6765593561368209,0.14285714285714285,-0.007634138162307173,0.06344322344322344
887,final_half,Temperature,71,0.6727028839704895,0.14285714285714285,-0.039384641180415826,0.058571428571428566
887,final_half,Fisher,71,0.6538229376257545,0.0,-0.03765928906773976,0.048095238095238094
891,final_half,Semantic,82,0.6368563685636857,0.2,-0.017611911058869625,0.05441176470588236
891,final_half,Temperature,82,0.5154166802712205,0.058823529411764705,0.03144828637041391,0.07183823529411766
891,final_half,Fisher,82,0.6372481797107128,0.125,0.012850317258192662,0.08933823529411765
893,final_half,Semantic,94,0.24021240472492145,0.1111111111111111,0.016162988115449917,0.05799793601651186
893,final_half,Temperature,94,0.49366759383014847,0.17647058823529413,-0.06060470324748039,0.04064327485380117
893,final_half,Fisher,94,0.3038471263952606,0.1111111111111111,0.013770183867355418,0.06384588923288613
917,final_half,Semantic,67,0.0863596456221566,0.16666666666666666,0.01105634926969431,0.06573426573426573
917,final_half,Temperature,67,0.5953388139516324,0.2727272727272727,0.02374092106313353,0.08543123543123542
917,final_half,Fisher,67,0.3643546971027218,0.16666666666666666,0.0014346715619762153,0.06294871794871795
919,final_half,Semantic,107,0.4524285350418308,0.2222222222222222,-0.030020180646172533,0.06007518796992482
919,final_half,Temperature,107,0.5233938752718509,0.29411764705882354,-0.0031064480103450273,0.07384294068504596
919,final_half,Fisher,107,0.19921040772742415,0.047619047619047616,0.006607202335468953,0.06324561403508773
920,final_half,Semantic,58,0.6024485527084807,0.09090909090909091,0.014011504506444372,0.05848484848484847
920,final_half,Temperature,58,0.5408040850226091,0.2,-0.021917007597895968,0.07303030303030303
920,final_half,Fisher,58,0.3726045095204405,0.2,-0.041028638223261256,0.042727272727272725
921,final_half,Semantic,154,0.5468066405447811,0.10344827586206896,-0.00979948577671538,0.05187245087133853
921,final_half,Temperature,154,0.6276497695852535,0.10344827586206896,0.024615030763038358,0.07408708088352137
921,final_half,Fisher,154,0.665833723518733,0.18518518518518517,-0.008663923047224756,0.05728375443614599
927,final_half,Semantic,67,0.44552637880118134,0.0,0.057765982919626466,0.0867132867132867
927,final_half,Temperature,67,0.6681299385425814,0.16666666666666666,-0.012022108707797916,0.05337995337995338
927,final_half,Fisher,67,0.46875249421342496,0.07692307692307693,-0.01993973980365552,0.04825174825174825
929,final_half,Semantic,69,0.5891121666057729,0.16666666666666666,0.0156430398246255,0.044230769230769226
929,final_half,Temperature,69,0.2780051150895141,0.07692307692307693,-0.00862075264888564,0.03974358974358975
929,final_half,Fisher,69,0.6316404822798686,0.07692307692307693,0.05774753379612716,0.06491841491841491
934,final_half,Semantic,89,0.538100102145046,0.0,-0.04029536942458291,0.05191176470588236
934,final_half,Temperature,89,0.5534388832141642,0.125,-0.0038627851549199884,0.04272058823529412
934,final_half,Fisher,89,0.46091249574395654,0.058823529411764705,-0.04060861423220975,0.029779411764705888
938,final_half,Semantic,69,0.6690537084398979,0.07692307692307693,-0.005306905370843993,0.05961538461538461
938,final_half,Temperature,69,0.24998173182316405,0.07692307692307693,0.007760321519912308,0.05658508158508159
938,final_half,Fisher,69,0.6858604311289734,0.0,0.012097186700767268,0.04294871794871795
939,final_half,Semantic,59,0.6732904734073643,0.09090909090909091,-0.02956165984804208,0.046363636363636364
939,final_half,Temperature,59,0.5544126241963765,0.2,-0.03624780829924022,0.05090909090909092
939,final_half,Fisher,59,0.7495616598480422,0.09090909090909091,-0.003310929281122152,0.05181818181818182
943,final_half,Semantic,93,0.5696786129927486,0.1111111111111111,0.005607114081943243,0.04064327485380116
943,final_half,Temperature,93,0.6899376324192056,0.17647058823529413,-0.048348303542120497,0.05765393876848984
943,final_half,Fisher,93,0.5715436722270298,0.1111111111111111,-0.023499746351944135,0.03216374269005847
960,final_half,Semantic,71,0.2492622401073105,0.0,-0.017337357478202548,0.05582417582417583
960,final_half,Temperature,71,0.4694164989939637,0.0,0.004711602951039569,0.06296703296703296
960,final_half,Fisher,71,0.22226693494299124,0.14285714285714285,-0.020581824279007375,0.04857142857142857
965,final_half,Semantic,151,0.44369466713140465,0.03225806451612903,-0.016305507145346808,0.07184679037849226
965,final_half,Temperature,151,0.5350888811432554,0.23076923076923078,-0.022374520738933427,0.050593251761216165
965,final_half,Fisher,151,0.45476472638550014,0.06666666666666667,-0.02072185430463576,0.07052993354439406
969,final_half,Semantic,123,0.5289303633385355,0.18181818181818182,0.01686164243979827,0.06770355731225297
969,final_half,Temperature,123,0.61087178032013,0.18181818181818182,0.007604055152132696,0.06944202898550725
969,final_half,Fisher,123,0.464091782641782,0.08333333333333333,0.007111349008783585,0.0781304347826087
973,final_half,Semantic,96,0.41593868692349434,0.05263157894736842,0.017288388497015736,0.07049793601651186
973,final_half,Temperature,96,0.46338849701573526,0.1111111111111111,0.03330778621812264,0.05502235982112143
973,final_half,Fisher,96,0.41916711882799784,0.0,0.0320360824742268,0.04917440660474716
976,final_half,Semantic,97,0.5619477172312224,0.25,-0.013600620660635384,0.04391124871001032
976,final_half,Temperature,97,0.6070376604249946,0.25,-0.037630838417841365,0.04361885104919161
976,final_half,Fisher,97,0.6026325478645066,0.25,0.0008534083736587416,0.04888200894392845
977,final_half,Semantic,53,0.667553620383809,0.3333333333333333,0.04405337848734075,0.059999999999999984
977,final_half,Temperature,53,0.6402999516207063,0.2,0.0020319303338171254,0.09545454545454544
977,final_half,Fisher,53,0.6343331720690212,0.2,-0.02200451540074182,0.061818181818181814
979,final_half,Semantic,75,0.5528876244665717,0.0,-0.018165007112375536,0.048095238095238094
979,final_half,Temperature,75,0.44492176386913224,0.0,-0.023806543385490753,0.052490842490842494
979,final_half,Fisher,75,0.6010526315789473,0.06666666666666667,-0.010061166429587484,0.05249084249084248
980,final_half,Semantic,85,0.555266757865937,0.2857142857142857,0.015183701387531756,0.0985294117647059
980,final_half,Temperature,85,0.4223373070158296,0.2857142857142857,-0.06971467656830174,0.04933823529411765
980,final_half,Fisher,85,0.3245456322063709,0.2,0.03583838186437366,0.05477941176470589
983,final_half,Semantic,73,0.3436073059360731,0.0,0.0026194002221399445,0.04523809523809523
983,final_half,Temperature,73,0.43851042823645575,0.06666666666666667,-0.0027196717265210355,0.044871794871794865
983,final_half,Fisher,73,0.5105516475379489,0.14285714285714285,-0.004874737751450079,0.05095238095238096
993,final_half,Semantic,173,0.47471156208426246,0.125,-0.022940374818639885,0.03736535523300229
993,final_half,Temperature,173,0.5904598782743324,0.2,-0.016373747861920633,0.049664820473644004
993,final_half,Fisher,173,0.5717792065118134,0.09090909090909091,-0.021026533043466168,0.051987203972498085
997,final_half,Semantic,72,0.6807190173001479,0.14285714285714285,0.02078268698951701,0.0519047619047619
997,final_half,Temperature,72,0.5176217120072031,0.14285714285714285,0.02497266705254358,0.058571428571428566
997,final_half,Fisher,72,0.6615537976718762,0.23076923076923078,-0.02288410830278475,0.09153846153846153
998,final_half,Semantic,65,0.7590034965034965,0.16666666666666666,-0.0401770104895105,0.05209790209790209
998,final_half,Temperature,65,0.6852272727272727,0.0,0.04364510489510489,0.07628205128205129
998,final_half,Fisher,65,0.7317744755244755,0.07692307692307693,-0.04869318181818182,0.035897435897435895
0,all_blocks,Semantic,70,0.19219665821013032,0.16666666666666666,0.06944974192983991,0.06171328671328671
0,all_blocks,Temperature,70,0.18796255795643424,0.07692307692307693,-0.04352550083107339,0.06620046620046618
0,all_blocks,Fisher,70,0.06779809290525762,0.07692307692307693,-0.03059224914705625,0.039102564102564095
1,all_blocks,Semantic,80,-0.010853258321612753,0.0,0.03798406000937647,0.07333333333333332
1,all_blocks,Temperature,80,0.19978902953586497,0.0,-0.027449601500234407,0.05095238095238095
1,all_blocks,Fisher,80,-0.1824894514767933,0.0,-0.019528832630098455,0.03761904761904762
17,all_blocks,Semantic,56,0.033151059466848945,0.09090909090909091,0.018079289131920716,0.07090909090909091
17,all_blocks,Temperature,56,-0.1522898154477102,0.2,-0.0023786739576213286,0.059999999999999984
17,all_blocks,Fisher,56,-0.1913192071086808,0.09090909090909091,-0.049907723855092276,0.04727272727272727
22,all_blocks,Semantic,74,0.24919659385412807,0.23076923076923078,-0.020978896704924095,0.041428571428571426
22,all_blocks,Temperature,74,0.08730099962976673,0.14285714285714285,0.04987486116253238,0.0783150183150183
22,all_blocks,Fisher,74,0.07462421325435023,0.14285714285714285,-0.0001643835616438341,0.07344322344322343
26,all_blocks,Semantic,90,0.11773469975717166,0.2,-0.01655595340988599,0.05558823529411765
26,all_blocks,Temperature,90,0.1367164670535457,0.125,-0.030986541548339304,0.05110294117647059
26,all_blocks,Fisher,90,0.1079227888216652,0.125,0.05964604683705808,0.06772058823529412
43,all_blocks,Semantic,95,-0.08335666293393057,0.1111111111111111,-0.05350013997760359,0.05443756449948399
43,all_blocks,Temperature,95,-0.010680291153415455,0.1111111111111111,-0.030767077267637173,0.05409356725146199
43,all_blocks,Fisher,95,-0.027659574468085108,0.05263157894736842,-0.014436590145576706,0.04093567251461988
53,all_blocks,Semantic,77,0.0029970029970029966,0.06666666666666667,0.026385456648614542,0.0706959706959707
53,all_blocks,Temperature,77,-0.080367001419633,0.06666666666666667,-0.01596561333403439,0.048095238095238094
53,all_blocks,Fisher,77,0.05825753194174246,0.06666666666666667,0.02654450812345549,0.060109890109890096
57,all_blocks,Semantic,94,0.03062529350142687,0.1111111111111111,0.027759274645089045,0.060629514963880284
57,all_blocks,Temperature,94,0.03225806451612903,0.05263157894736842,0.04015894231116569,0.05730994152046783
57,all_blocks,Fisher,94,0.03155004876639093,0.1111111111111111,-0.0018458982046743462,0.06584107327141384
60,all_blocks,Semantic,75,-0.06034139402560455,0.06666666666666667,0.06656472261735419,0.08047619047619047
60,all_blocks,Temperature,75,0.07516358463726884,0.14285714285714285,-0.0031337126600284523,0.05142857142857142
60,all_blocks,Fisher,75,-0.04005689900426743,0.06666666666666667,0.03663015647226174,0.06619047619047619
62,all_blocks,Semantic,104,0.2425050677477862,0.1,0.04523631708097728,0.06348370927318295
62,all_blocks,Temperature,104,0.16177317827803267,0.15789473684210525,0.031192254347594157,0.08971595655806183
62,all_blocks,Fisher,104,0.2717593086525125,0.15789473684210525,-0.028983249759948787,0.06511278195488722
65,all_blocks,Semantic,101,-0.07852067559697146,0.1,0.019590564938846828,0.048571428571428564
65,all_blocks,Temperature,101,0.18999417588817705,0.1,-0.00832731508444962,0.04483709273182958
65,all_blocks,Fisher,101,-0.22040768782760628,0.047619047619047616,0.0014472917880023297,0.07654553049289893
68,all_blocks,Semantic,81,-0.14579945799457994,0.125,-0.035683152664859975,0.05014705882352941
68,all_blocks,Temperature,81,-0.06858626919602528,0.125,0.015241644083107495,0.07237394957983193
68,all_blocks,Fisher,81,-0.17621951219512194,0.058823529411764705,-0.006935411020776871,0.06595588235294118
73,all_blocks,Semantic,77,0.0886481939113518,0.14285714285714285,-0.011127030863872973,0.04047619047619048
73,all_blocks,Temperature,77,0.1920710868079289,0.06666666666666667,-0.017519322782480667,0.054285714285714284
73,all_blocks,Fisher,77,0.15266312634733686,0.14285714285714285,-0.02872916557127083,0.04095238095238095
74,all_blocks,Semantic,73,-0.01820313464149081,0.14285714285714285,0.00446902381833889,0.03428571428571428
74,all_blocks,Temperature,73,0.2552141182278169,0.14285714285714285,-0.0013544366284092353,0.060952380952380945
74,all_blocks,Fisher,73,0.14571763544366287,0.14285714285714285,-0.022980686165617676,0.08106227106227105
78,all_blocks,Semantic,80,-0.10417252695733709,0.06666666666666667,0.002729723394280352,0.08032967032967034
78,all_blocks,Temperature,80,0.15815752461322083,0.14285714285714285,-0.01789732770745429,0.07736263736263735
78,all_blocks,Fisher,80,0.008368495077355837,0.23076923076923078,0.007751992498827941,0.030952380952380946
91,all_blocks,Semantic,56,0.21298701298701297,0.09090909090909091,0.002440191387559815,0.05636363636363636
91,all_blocks,Temperature,56,0.022761449077238555,0.09090909090909091,0.07448735475051263,0.06363636363636363
91,all_blocks,Fisher,56,0.04866712235133288,0.09090909090909091,0.02103212576896787,0.03727272727272728
96,all_blocks,Semantic,185,-0.006925438762745917,0.08571428571428572,-0.023125450134566544,0.052427752427752425
96,all_blocks,Temperature,185,0.01245214358818847,0.05555555555555555,-0.023464330389295327,0.05059782471547177
96,all_blocks,Fisher,185,-0.010655395928888216,0.08571428571428572,-0.0065471361965050625,0.05261159172923878
99,all_blocks,Semantic,115,-0.2898287698256135,0.043478260869565216,-0.028057681685473058,0.04209486166007905
99,all_blocks,Temperature,115,-0.3104789710407954,0.043478260869565216,-0.023318472342775988,0.040344438170525125
99,all_blocks,Fisher,115,-0.28367395249743554,0.043478260869565216,-0.04189694626371025,0.05985883681535855
102,all_blocks,Semantic,99,0.32131106988249847,0.1111111111111111,-0.001811997526283239,0.04298245614035088
102,all_blocks,Temperature,99,0.12714904143475572,0.05263157894736842,0.01589672232529375,0.04788011695906432
102,all_blocks,Fisher,99,0.3214842300556587,0.1111111111111111,0.011823747680890537,0.06647746818025455
103,all_blocks,Semantic,193,-0.09918173441589657,0.05263157894736842,-0.02199493550024037,0.04547300336774021
103,all_blocks,Temperature,193,0.06792171892527107,0.1111111111111111,-0.04693818105336254,0.041762946561708175
103,all_blocks,Fisher,193,-0.05609342449655467,0.08108108108108109,0.011246060573687305,0.044961155487471274
106,all_blocks,Semantic,103,0.017166015024381674,0.1,-0.02855840618547643,0.06511278195488722
106,all_blocks,Temperature,103,0.09315555946052806,0.047619047619047616,-0.011101348679875238,0.036190476190476197
106,all_blocks,Fisher,103,0.05311250713877785,0.047619047619047616,-0.03209319949040109,0.04194235588972431
107,all_blocks,Semantic,128,0.16321415491668192,0.13043478260869565,0.002820568577183667,0.05404347826086957
107,all_blocks,Temperature,128,0.10953236586705731,0.18181818181818182,-0.017815532869437833,0.04752173913043479
107,all_blocks,Fisher,128,0.048628914118293357,0.23809523809523808,0.040133446255264604,0.052021739130434785
108,all_blocks,Semantic,190,0.007737493821814573,0.08571428571428572,0.03253071596967987,0.07600335629747393
108,all_blocks,Temperature,190,0.06348768955547683,0.08571428571428572,0.004759105442489293,0.05192911398793752
108,all_blocks,Fisher,190,-0.14976971223871197,0.05555555555555555,-0.004046416215057715,0.04933222613369672
110,all_blocks,Semantic,85,0.1442642173148329,0.058823529411764705,-0.03831541919093218,0.026838235294117645
110,all_blocks,Temperature,85,0.09462575727965604,0.058823529411764705,-0.004627711549736173,0.08489253393665158
110,all_blocks,Fisher,85,0.17529802618721904,0.058823529411764705,-0.010922415477819039,0.05522058823529412
111,all_blocks,Semantic,51,0.2410859728506787,0.09090909090909091,-0.020203619909502268,0.05090909090909092
111,all_blocks,Temperature,51,0.194841628959276,0.09090909090909091,0.0021266968325791896,0.05909090909090908
111,all_blocks,Fisher,51,0.2643438914027149,0.09090909090909091,-0.01802262443438914,0.07999999999999999
112,all_blocks,Semantic,117,0.1521527371907267,0.043478260869565216,0.04200347674923945,0.05739695087521174
112,all_blocks,Temperature,117,0.1647634461778237,0.09090909090909091,0.019046441577125383,0.05005646527385658
112,all_blocks,Fisher,117,0.03588394850814488,0.043478260869565216,0.029723583449474743,0.05096555618294749
115,all_blocks,Semantic,86,0.34204443605830465,0.2,-0.01774989386291806,0.05514705882352942
115,all_blocks,Temperature,86,0.3164960611349592,0.125,0.010536346054059148,0.04558823529411765
115,all_blocks,Fisher,86,0.11939242417095144,0.125,0.03885843671871315,0.07202731092436974
116,all_blocks,Semantic,85,-0.11577095954660935,0.125,0.04869845612663669,0.05227941176470587
116,all_blocks,Temperature,85,-0.022239593511823336,0.125,0.022713504006253656,0.08119747899159666
116,all_blocks,Fisher,85,-0.05202266953292945,0.058823529411764705,0.03469611100254056,0.046397058823529416
125,all_blocks,Semantic,75,-0.018463726884779513,0.14285714285714285,-0.017293029871977235,0.047619047619047616
125,all_blocks,Temperature,75,-0.14196301564722616,0.06666666666666667,-0.027236130867709818,0.059047619047619036
125,all_blocks,Fisher,75,-0.09061166429587482,0.06666666666666667,-0.0006458036984352767,0.056776556776556776
126,all_blocks,Semantic,72,0.1423885780436041,0.14285714285714285,-0.03213389928612773,0.05904761904761905
126,all_blocks,Temperature,72,0.1639012155122516,0.23076923076923078,-0.010286835166248636,0.047619047619047616
126,all_blocks,Fisher,72,0.14547559328574186,0.14285714285714285,-0.03515499389028233,0.048095238095238094
128,all_blocks,Semantic,66,0.5574992172007098,0.16666666666666666,-0.014896148627491912,0.06043123543123543
128,all_blocks,Temperature,66,0.41601085481682504,0.2727272727272727,0.02352155307379188,0.04358974358974359
128,all_blocks,Fisher,66,0.37597328045089246,0.07692307692307693,-0.03365619455171694,0.04358974358974359
129,all_blocks,Semantic,122,0.2923690028120983,0.08333333333333333,-0.012907233800694598,0.06077931488801054
129,all_blocks,Temperature,122,0.25066006655189166,0.13043478260869565,0.003491165517264171,0.03902173913043479
129,all_blocks,Fisher,122,0.2714583588052382,0.04,0.0006684929334051483,0.06018840579710144
132,all_blocks,Semantic,85,0.06961110025405512,0.058823529411764705,0.01711158882157514,0.06514705882352942
132,all_blocks,Temperature,85,0.07897205393785421,0.058823529411764705,-0.016798905608755126,0.06369747899159664
132,all_blocks,Fisher,85,0.11258549931600546,0.058823529411764705,0.03173148329099082,0.07102941176470588
133,all_blocks,Semantic,59,0.1713033313851549,0.2,0.006580946814728228,0.07181818181818181
133,all_blocks,Temperature,59,0.25108123904149626,0.2,0.02303915838690825,0.031818181818181815
133,all_blocks,Fisher,59,0.17387492694330803,0.2,-0.02075394506136763,0.04393939393939394
171,all_blocks,Semantic,61,-0.03744050766790058,0.16666666666666666,-0.007226335272342672,0.06346153846153846
171,all_blocks,Temperature,61,-0.02194606028556319,0.07692307692307693,-0.00666314119513485,0.08286713286713286
171,all_blocks,Fisher,61,0.0106292966684294,0.07692307692307693,-0.029333685880486515,0.05192307692307692
176,all_blocks,Semantic,160,-0.17155455291222313,0.0,0.04168771241064104,0.07757908552124347
176,all_blocks,Temperature,160,-0.08685104886909645,0.06666666666666667,-0.010766289698816359,0.04015360983102918
176,all_blocks,Fisher,160,0.04292745810383218,0.06666666666666667,-0.00559372436423298,0.05519466073414906
179,all_blocks,Semantic,61,0.09476467477525118,0.07692307692307693,-0.03993125330512955,0.06410256410256411
179,all_blocks,Temperature,61,0.2718667371760973,0.07692307692307693,-0.03279746166049709,0.06025641025641025
179,all_blocks,Fisher,61,0.11597038603913272,0.07692307692307693,0.006988365943945004,0.07086247086247086
180,all_blocks,Semantic,113,0.27176625191296827,0.09090909090909091,-0.01320197617938652,0.042490118577075096
180,all_blocks,Temperature,113,0.21891842437953293,0.09090909090909091,-0.030943925078182187,0.035601355166572556
180,all_blocks,Fisher,113,0.3442760662718744,0.09090909090909091,-0.009407229356577288,0.049661208356860526
192,all_blocks,Semantic,84,0.2404576288346664,0.2,-0.0307411157233978,0.05735294117647059
192,all_blocks,Temperature,84,0.1922041105598866,0.125,-0.014973169990887918,0.07095588235294117
192,all_blocks,Fisher,84,0.2498531942897641,0.125,0.014026526273159864,0.06772058823529412
195,all_blocks,Semantic,54,0.3222793977510958,0.2,0.024051839146178765,0.055454545454545444
195,all_blocks,Temperature,54,0.333638269487326,0.09090909090909091,0.06064036592338479,0.0609090909090909
195,all_blocks,Fisher,54,0.3372975033352391,0.0,-0.0005946255002858738,0.09666666666666665
196,all_blocks,Semantic,95,-0.18052911534154537,0.05263157894736842,0.04899636058230684,0.06430598555211559
196,all_blocks,Temperature,95,0.03496640537513998,0.05263157894736842,-0.008547032474804034,0.07237702098383211
196,all_blocks,Fisher,95,-0.1394316909294513,0.17647058823529413,-0.03634098544232922,0.04332645338837289
200,all_blocks,Semantic,73,0.32028261137850184,0.06666666666666667,-0.01632420091324201,0.03582417582417582
200,all_blocks,Temperature,73,0.25431938788103176,0.06666666666666667,-0.06314328026656794,0.043333333333333335
200,all_blocks,Fisher,73,0.208009379242256,0.06666666666666667,0.0029032457114648883,0.06391941391941391
202,all_blocks,Semantic,132,0.19271287170041687,0.12,0.03407695157393831,0.04757834757834757
202,all_blocks,Temperature,132,0.15607895519506607,0.07692307692307693,-0.03331959322316895,0.039903133903133894
202,all_blocks,Fisher,132,0.1483514476684424,0.07692307692307693,0.04663115109077342,0.06516809116809116
204,all_blocks,Semantic,159,0.03476833054693098,0.10344827586206896,0.012115028660138525,0.059146670904179244
204,all_blocks,Temperature,159,0.05039109147360879,0.10344827586206896,0.030052543587294,0.06048572487949574
204,all_blocks,Fisher,159,0.03787616431812754,0.06666666666666667,0.011307618820157626,0.06120080512739022
209,all_blocks,Semantic,133,0.062277471154140444,0.037037037037037035,0.0020130890319421365,0.05847293447293447
209,all_blocks,Temperature,133,0.10535497495434651,0.037037037037037035,0.009927719570296157,0.055304843304843296
209,all_blocks,Fisher,133,0.11457238754960672,0.037037037037037035,-0.006673569949296581,0.03666096866096865
216,all_blocks,Semantic,88,-0.05869817900038746,0.125,-0.012398295234405273,0.06105042016806722
216,all_blocks,Temperature,88,-0.1271177485822972,0.125,-0.04073650100383926,0.05477941176470589
216,all_blocks,Fisher,88,-0.06060019020112008,0.058823529411764705,-0.02046863442640274,0.045220588235294124
234,all_blocks,Semantic,74,0.2105146242132543,0.14285714285714285,-0.03502554609403923,0.04476190476190476
234,all_blocks,Temperature,74,0.2029914846353202,0.06666666666666667,0.006910033320992226,0.07937728937728937
234,all_blocks,Fisher,74,0.20924102184376153,0.06666666666666667,-0.0012750833024805625,0.06571428571428571
235,all_blocks,Semantic,67,0.0212706520871578,0.16666666666666666,0.011044377045255013,0.07325174825174825
235,all_blocks,Temperature,67,-0.1287812275520792,0.16666666666666666,0.03778633570117329,0.06858974358974358
235,all_blocks,Fisher,67,0.0930241838933674,0.07692307692307693,0.028673477532125475,0.05512820512820512
237,all_blocks,Semantic,62,0.43219762786129784,0.16666666666666666,0.009863765707234781,0.05897435897435897
237,all_blocks,Temperature,62,0.5367530407191962,0.16666666666666666,0.022615899876608503,0.08158508158508158
237,all_blocks,Fisher,62,0.5448112613633502,0.2727272727272727,-0.00998967540479968,0.09512820512820512
240,all_blocks,Semantic,55,-0.0008658008658008659,0.09090909090909091,0.01787878787878789,0.07757575757575756
240,all_blocks,Temperature,55,0.0041125541125541145,0.09090909090909091,-0.03320346320346321,0.0609090909090909
240,all_blocks,Fisher,55,0.004184704184704185,0.09090909090909091,-0.06781746031746033,0.07303030303030303
245,all_blocks,Semantic,128,0.08383881157297199,0.08333333333333333,0.0024202870353415102,0.06113438735177865
245,all_blocks,Temperature,128,0.00045206921809192455,0.08333333333333333,-0.010610465116279071,0.05959316770186335
245,all_blocks,Fisher,128,0.11140931148141366,0.08333333333333333,-0.04699545641823842,0.04971014492753624
255,all_blocks,Semantic,65,0.08243006993006993,0.07692307692307693,-0.026208479020979024,0.07470862470862469
255,all_blocks,Temperature,65,0.21005244755244754,0.16666666666666666,-0.0060576923076923065,0.06346153846153846
255,all_blocks,Fisher,65,0.007167832167832168,0.0,0.017803758741258745,0.07645687645687645
261,all_blocks,Semantic,113,0.2158410406547342,0.09090909090909091,-0.005882377403686206,0.05788255223037832
261,all_blocks,Temperature,113,0.21757934659657996,0.043478260869565216,0.027302215716281858,0.05700169395821569
261,all_blocks,Fisher,113,0.20587697118903456,0.09090909090909091,-0.0073790671368687225,0.044268774703557306
263,all_blocks,Semantic,92,0.05055253302097622,0.05263157894736842,-0.025523634850423072,0.04654282765737874
263,all_blocks,Temperature,92,0.10243052879799022,0.17647058823529413,-0.033733797759043206,0.04269005847953215
263,all_blocks,Fisher,92,0.12698241449994604,0.17647058823529413,-0.0031325616879614103,0.04269005847953215
270,all_blocks,Semantic,68,-0.05355575065847234,0.16666666666666666,-0.01755353666450357,0.04038461538461538
270,all_blocks,Temperature,68,0.1820437454670382,0.16666666666666666,-0.012152154826888573,0.06171328671328671
270,all_blocks,Fisher,68,-0.018246364087490932,0.07692307692307693,0.03815322365156315,0.07564102564102564
271,all_blocks,Semantic,69,0.08542199488491051,0.07692307692307693,-0.0007617829740591911,0.07179487179487179
271,all_blocks,Temperature,69,0.3993058092802339,0.2727272727272727,0.012294483010595537,0.07517482517482518
271,all_blocks,Fisher,69,0.014979905005480455,0.16666666666666666,0.004687614176105223,0.08671328671328671
278,all_blocks,Semantic,55,0.29264069264069265,0.09090909090909091,0.0395923520923521,0.057272727272727274
278,all_blocks,Temperature,55,0.42258297258297267,0.2,0.0027886002886002904,0.061818181818181814
278,all_blocks,Fisher,55,0.4437950937950939,0.2,-0.002265512265512263,0.03727272727272728
281,all_blocks,Semantic,80,0.06711204875761838,0.23076923076923078,0.05061884669479606,0.07725274725274725
281,all_blocks,Temperature,80,0.31462728551336144,0.3333333333333333,0.02440576652601969,0.05380952380952381
281,all_blocks,Fisher,80,0.049929676511955,0.14285714285714285,-0.016487341772151904,0.04974358974358974
292,all_blocks,Semantic,56,0.27662337662337666,0.2,0.010382775119617226,0.06999999999999999
292,all_blocks,Temperature,56,0.29172932330827067,0.09090909090909091,-0.04077922077922078,0.06272727272727271
292,all_blocks,Fisher,56,0.11640464798359536,0.2,0.0026008202323991813,0.06393939393939393
313,all_blocks,Semantic,91,-0.07429526994744387,0.05263157894736842,-0.00025879917184264687,0.055482456140350876
313,all_blocks,Temperature,91,0.13406593406593406,0.1111111111111111,-0.016419812071985986,0.03806329549363605
313,all_blocks,Fisher,91,0.035547061634018155,0.05263157894736842,0.0150995381430164,0.07003783969728242
322,all_blocks,Semantic,66,0.3568938524162405,0.2727272727272727,0.01883101972654212,0.0770979020979021
322,all_blocks,Temperature,66,0.2151549942594719,0.16666666666666666,-0.004041331802525833,0.06025641025641025
322,all_blocks,Fisher,66,0.22108339421772263,0.2727272727272727,0.0011460181609435377,0.06410256410256411
323,all_blocks,Semantic,96,-0.018095496473141615,0.1111111111111111,-0.0011475854584915971,0.049759201926384576
323,all_blocks,Temperature,96,-0.020320130222463376,0.05263157894736842,-0.0020760987520347203,0.060921912624699
323,all_blocks,Fisher,96,0.03605534454693435,0.17647058823529413,0.03333762886597938,0.06413828689370485
333,all_blocks,Semantic,60,0.08124479021950543,0.2,0.014692970269519314,0.06848484848484848
333,all_blocks,Temperature,60,0.1773826062795221,0.3333333333333333,0.005595998888580158,0.06272727272727271
333,all_blocks,Fisher,60,-0.18938594053903868,0.09090909090909091,0.006193387051958878,0.05181818181818182
338,all_blocks,Semantic,73,0.3337961248920153,0.14285714285714285,0.058867086264346544,0.07117216117216116
338,all_blocks,Temperature,73,0.2696223620881156,0.06666666666666667,-0.015369307663828208,0.058571428571428566
338,all_blocks,Fisher,73,0.30513390102431204,0.14285714285714285,0.023155004319387877,0.05095238095238096
345,all_blocks,Semantic,98,0.06142850767298484,0.1111111111111111,-0.0272459499263623,0.040987272101823194
345,all_blocks,Temperature,98,0.03054530153204674,0.1111111111111111,-0.004731939636210625,0.061902304781561744
345,all_blocks,Fisher,98,0.1556975179950143,0.25,0.06438485422285127,0.07273391812865496
351,all_blocks,Semantic,92,-0.20353559483994266,0.05263157894736842,-0.02267851363223032,0.04035087719298245
351,all_blocks,Temperature,92,-0.10350939383197448,0.05263157894736842,0.0010449578472018913,0.060921912624698996
351,all_blocks,Fisher,92,-0.082533175099795,0.05263157894736842,0.03178644637270163,0.04946680426556588
355,all_blocks,Semantic,100,-0.07011101110111011,0.05263157894736842,-0.031428142814281426,0.061966804265565875
355,all_blocks,Temperature,100,-0.07809180918091808,0.05263157894736842,0.03551275127512751,0.04127966976264189
355,all_blocks,Fisher,100,-0.09402940294029402,0.05263157894736842,0.038628862886288626,0.05209838321293429
359,all_blocks,Semantic,64,0.23365384615384613,0.16666666666666666,-0.03302426739926739,0.056585081585081576
359,all_blocks,Temperature,64,0.09473443223443223,0.0,0.020597527472527462,0.035256410256410256
359,all_blocks,Fisher,64,0.18727106227106224,0.07692307692307693,0.034844322344322345,0.06491841491841491
361,all_blocks,Semantic,110,-0.1757545702499831,0.15789473684210525,-0.028380857922142327,0.03456140350877194
361,all_blocks,Temperature,110,-0.11575862768523319,0.15789473684210525,-0.014271352253003628,0.06983709273182959
361,all_blocks,Fisher,110,-0.1649347429163943,0.1,0.003976286545093882,0.05983709273182959
367,all_blocks,Semantic,57,-0.08536427275084263,0.0,0.009476276899144414,0.06727272727272726
367,all_blocks,Temperature,57,-0.0070650764843142345,0.0,-0.01909839253305678,0.041818181818181824
367,all_blocks,Fisher,57,-0.12477313974591653,0.0,0.02912885662431942,0.0693939393939394
368,all_blocks,Semantic,72,-0.1343816322593093,0.06666666666666667,0.03803781593671619,0.07047619047619047
368,all_blocks,Temperature,72,-0.009679079040452763,0.14285714285714285,-0.06299279696443502,0.0701098901098901
368,all_blocks,Fisher,72,-0.29654640169785845,0.06666666666666667,-0.0244131455399061,0.06010989010989011
384,all_blocks,Semantic,122,0.24114982106331026,0.08333333333333333,-0.01916820048839967,0.04568840579710145
384,all_blocks,Temperature,122,0.11598335872262665,0.04,-0.0313649746712885,0.05927536231884058
384,all_blocks,Fisher,122,0.18993063931452212,0.08333333333333333,0.0036894333175820594,0.05023188405797102
395,all_blocks,Semantic,172,0.21753772790626924,0.16129032258064516,-0.01709706784773467,0.05720221666379162
395,all_blocks,Temperature,172,0.2899347441058621,0.058823529411764705,0.022608207573645765,0.05812070282658517
395,all_blocks,Fisher,172,0.18215521327852496,0.125,0.0005000907969614854,0.06466291061879297
401,all_blocks,Semantic,53,0.29809708111594907,0.09090909090909091,0.05665618448637315,0.050909090909090904
401,all_blocks,Temperature,53,0.28229317851959357,0.2,-0.04429527495565231,0.07848484848484848
401,all_blocks,Fisher,53,0.03701015965166908,0.09090909090909091,0.04572246411869053,0.07303030303030303
406,all_blocks,Semantic,59,0.20321449444769143,0.09090909090909091,-0.007612507305669196,0.05181818181818182
406,all_blocks,Temperature,59,0.3345996493278785,0.09090909090909091,0.009938632378725895,0.05
406,all_blocks,Fisher,59,0.1225014611338399,0.09090909090909091,0.020511396843950907,0.07545454545454544
412,all_blocks,Semantic,59,0.13132670952659267,0.09090909090909091,0.011288720046756285,0.07090909090909091
412,all_blocks,Temperature,59,-0.03302162478082993,0.09090909090909091,0.00037405026300409703,0.07545454545454544
412,all_blocks,Fisher,59,0.1120981881940386,0.2,0.01113676212741087,0.0709090909090909
415,all_blocks,Semantic,47,0.06070767807585569,0.25,-0.02026480111008325,0.03333333333333334
415,all_blocks,Temperature,47,0.10048566142460685,0.42857142857142855,0.03052150786308973,0.058333333333333334
415,all_blocks,Fisher,47,0.03214616096207216,0.1111111111111111,0.02255434782608696,0.06587301587301587
416,all_blocks,Semantic,73,0.10980501048994201,0.06666666666666667,0.03177989633469085,0.07296703296703295
416,all_blocks,Temperature,73,0.0887942737257806,0.14285714285714285,-0.02330618289522399,0.051428571428571435
416,all_blocks,Fisher,73,0.032148586943107495,0.06666666666666667,-0.015895347402196718,0.04380952380952381
417,all_blocks,Semantic,89,-0.007643854273067758,0.058823529411764705,0.036031664964249234,0.061102941176470596
417,all_blocks,Temperature,89,0.16557711950970383,0.058823529411764705,-0.035615423901940765,0.07022058823529412
417,all_blocks,Fisher,89,0.007337419135171945,0.0,-0.015320905686074226,0.04272058823529412
421,all_blocks,Semantic,180,0.23290430774612386,0.0,-0.024350031379569325,0.04489415707632026
421,all_blocks,Temperature,180,0.22534028828050245,0.02857142857142857,0.02569462020432729,0.05832887700534759
421,all_blocks,Fisher,180,0.15472082471681223,0.058823529411764705,-0.010372748130086323,0.05376718869365928
426,all_blocks,Semantic,75,0.008620199146514936,0.14285714285714285,0.0076984352773826455,0.10355311355311354
426,all_blocks,Temperature,75,0.1260881934566145,0.14285714285714285,-0.04612944523470839,0.06249084249084249
426,all_blocks,Fisher,75,0.039459459459459466,0.14285714285714285,0.039742532005689904,0.0580952380952381
430,all_blocks,Semantic,99,0.29093382807668516,0.1111111111111111,-0.007573902288188003,0.04385964912280702
430,all_blocks,Temperature,99,0.3771181199752628,0.25,0.01919233147804576,0.03869969040247678
430,all_blocks,Fisher,99,0.4021273964131107,0.1111111111111111,0.0019511440940012336,0.06587117303061575
436,all_blocks,Semantic,83,0.04775198354393183,0.058823529411764705,0.024657864909113803,0.0856827731092437
436,all_blocks,Temperature,83,0.006569833340329961,0.0,0.016095042189664583,0.06220588235294118
436,all_blocks,Fisher,83,0.0005877167205406993,0.125,-0.050494311741740475,0.048602941176470585
437,all_blocks,Semantic,93,0.16023096893557337,0.0,-0.030370624571036377,0.05044719642242862
437,all_blocks,Temperature,93,0.1498164781713467,0.05263157894736842,0.006656023395303028,0.06028551771585827
437,all_blocks,Fisher,93,0.20430604876010858,0.0,0.010675599057026053,0.0632094943240454
438,all_blocks,Semantic,96,0.27025230602278894,0.17647058823529413,0.016300868149755836,0.05736154110767113
438,all_blocks,Temperature,96,0.172924579489962,0.1111111111111111,-0.043320672816060765,0.05765393876848984
438,all_blocks,Fisher,96,0.2241318502441671,0.17647058823529413,0.028944655453065654,0.04332645338837289
440,all_blocks,Semantic,76,0.25495557074504444,0.14285714285714285,-0.0012617908407382063,0.04047619047619048
440,all_blocks,Temperature,76,0.38244702665755304,0.14285714285714285,0.03406835269993165,0.06666666666666665
440,all_blocks,Fisher,76,0.37058099794941896,0.14285714285714285,0.05037183868762816,0.04714285714285714
441,all_blocks,Semantic,60,0.3760489024729092,0.2,0.027393720477910537,0.0818181818181818
441,all_blocks,Temperature,60,0.23545429285912758,0.09090909090909091,-0.04500138927479857,0.04090909090909091
441,all_blocks,Fisher,60,0.4606279522089469,0.2,0.03966657404834677,0.05727272727272727
442,all_blocks,Semantic,115,-0.12390120729109132,0.043478260869565216,-0.0006285015387043353,0.04466403162055336
442,all_blocks,Temperature,115,-0.01709934506430995,0.043478260869565216,0.024264183697624873,0.06846414455110106
442,all_blocks,Fisher,115,-0.016176122465083247,0.043478260869565216,-0.023489307977590156,0.05595708639186899
444,all_blocks,Semantic,84,-0.16120279437076035,0.058823529411764705,-0.004137896122304343,0.04272058823529412
444,all_blocks,Temperature,84,0.10744153082919916,0.125,-0.006774324187506331,0.07154411764705883
444,all_blocks,Fisher,84,-0.1915966386554622,0.058823529411764705,-0.03985926900880834,0.04852941176470589
446,all_blocks,Semantic,124,0.28565853658536583,0.18181818181818182,0.020237293469708893,0.05696772068511199
446,all_blocks,Temperature,124,0.11741306058221872,0.08333333333333333,-0.033211329661683706,0.045710144927536236
446,all_blocks,Fisher,124,0.13874429583005504,0.13043478260869565,-0.01941746656176239,0.04318840579710145
460,all_blocks,Semantic,60,0.14053903862183945,0.2,0.005509863851069741,0.06848484848484848
460,all_blocks,Temperature,60,0.08446790775215339,0.09090909090909091,0.038252292303417625,0.05181818181818182
460,all_blocks,Fisher,60,0.27596554598499584,0.2,0.024687413170325096,0.03727272727272727
466,all_blocks,Semantic,76,0.2550375939849624,0.14285714285714285,-0.009367053998632946,0.06190476190476191
466,all_blocks,Temperature,76,0.24123034859876963,0.14285714285714285,0.03264251537935749,0.05857142857142857
466,all_blocks,Fisher,76,0.3915789473684211,0.14285714285714285,-0.024531784005468214,0.04915750915750916
469,all_blocks,Semantic,63,-0.04017857142857143,0.16666666666666666,0.024812788018433184,0.0923076923076923
469,all_blocks,Temperature,63,-0.14184907834101382,0.16666666666666666,0.0151761712749616,0.07645687645687646
469,all_blocks,Fisher,63,-0.03513824884792627,0.07692307692307693,-0.030155529953917043,0.05961538461538461
474,all_blocks,Semantic,49,0.018877551020408164,0.1111111111111111,-0.04087244897959183,0.06944444444444445
474,all_blocks,Temperature,49,-0.02816326530612245,0.1111111111111111,0.04490306122448979,0.07638888888888888
474,all_blocks,Fisher,49,0.07622448979591837,0.1111111111111111,0.012632653061224491,0.07361111111111111
480,all_blocks,Semantic,78,-0.0364066313433402,0.06666666666666667,-0.01468278556886152,0.07238095238095238
480,all_blocks,Temperature,78,0.02365988441937809,0.06666666666666667,-0.024939617344680635,0.06249084249084248
480,all_blocks,Fisher,78,0.15537626930031992,0.06666666666666667,0.04049115441520504,0.04582417582417582
486,all_blocks,Semantic,162,0.005607138976037348,0.0625,-0.004473573905422398,0.0622232404692082
486,all_blocks,Temperature,162,-0.029331278464380627,0.0967741935483871,-0.020884581567430328,0.06737475562072336
486,all_blocks,Fisher,162,0.06283580383340319,0.0625,0.012668210641003385,0.07576551808406648
487,all_blocks,Semantic,66,0.3726333368124414,0.07692307692307693,0.002051977872873393,0.08730769230769231
487,all_blocks,Temperature,66,0.44928504331489416,0.16666666666666666,0.02454023588351947,0.05576923076923077
487,all_blocks,Fisher,66,0.24584072643774144,0.07692307692307693,-0.003991232647949072,0.06427738927738927
488,all_blocks,Semantic,79,0.1622444011684518,0.06666666666666667,0.01690725413826679,0.047619047619047616
488,all_blocks,Temperature,79,-0.08962999026290165,0.06666666666666667,0.023292356377799417,0.051428571428571435
488,all_blocks,Fisher,79,-0.005550146056475171,0.06666666666666667,-0.016890214216163584,0.07439560439560439
514,all_blocks,Semantic,217,-0.17100602695453243,0.07317073170731707,0.014327228869253136,0.06709433822787257
514,all_blocks,Temperature,217,0.31108222118876155,0.1,0.0053034146478952715,0.04728493098884477
514,all_blocks,Fisher,217,0.10726499339994458,0.07317073170731707,0.01266781991478647,0.0631977064044115
518,all_blocks,Semantic,99,0.2472974644403216,0.1111111111111111,-0.0054811379097093335,0.04035087719298245
518,all_blocks,Temperature,99,0.20708719851576993,0.1111111111111111,-0.031619666048237474,0.07507309941520468
518,all_blocks,Fisher,99,0.27980210265924554,0.17647058823529413,0.040066790352504635,0.05146198830409356
521,all_blocks,Semantic,63,0.45737327188940097,0.16666666666666666,0.04036818356374807,0.06474358974358975
521,all_blocks,Temperature,63,0.4282834101382489,0.16666666666666666,-0.016189036098310294,0.06794871794871796
521,all_blocks,Fisher,63,0.4626536098310292,0.16666666666666666,-0.049546370967741934,0.04953379953379953
525,all_blocks,Semantic,106,-0.11104617477391239,0.15789473684210525,-0.005487064513691213,0.04721804511278196
525,all_blocks,Temperature,106,0.03325692117792276,0.1,-0.039410534801118474,0.05253968253968254
525,all_blocks,Fisher,106,-0.15352797440612642,0.047619047619047616,0.0081577952993929,0.059285714285714296
527,all_blocks,Semantic,96,0.05401519262072707,0.0,0.023669289202387405,0.06430598555211559
527,all_blocks,Temperature,96,0.1767634291915355,0.1111111111111111,-0.002831660336408031,0.060577915376676984
527,all_blocks,Fisher,96,0.026044492674986434,0.05263157894736842,0.005709441128594679,0.05701754385964911
530,all_blocks,Semantic,68,-0.036340038935756,0.16666666666666666,-0.040876817956254516,0.06025641025641025
530,all_blocks,Temperature,68,0.018284536397297397,0.07692307692307693,-0.034929572088407065,0.045046620046620044
530,all_blocks,Fisher,68,-0.030041607817689043,0.07692307692307693,0.033801580333625986,0.08304195804195803
536,all_blocks,Semantic,126,-0.1350401199850019,0.04,0.01607829021372328,0.060210144927536235
536,all_blocks,Temperature,126,-0.1472665916760405,0.04,0.0023577052868391443,0.05439855072463767
536,all_blocks,Fisher,126,-0.3080464941882265,0.04,0.006747356580427448,0.046681818181818185
537,all_blocks,Semantic,246,0.31729565135030013,0.08695652173913043,-0.006659989561144886,0.05658226981819555
537,all_blocks,Temperature,246,0.2209679922131783,0.041666666666666664,0.011189646590343449,0.04804003547148121
537,all_blocks,Fisher,246,0.3828613345209713,0.13636363636363635,-0.004366423966644031,0.05058199598780487
549,all_blocks,Semantic,181,-0.12348976989860966,0.11764705882352941,-0.02866108109202032,0.04478411184293537
549,all_blocks,Temperature,181,-0.08750935988505049,0.02702702702702703,-0.016239957096310688,0.04788149494031847
549,all_blocks,Fisher,181,-0.17558334851152527,0.05555555555555555,0.013289923704288348,0.06636283342165696
550,all_blocks,Semantic,148,-0.020811662230645935,0.15384615384615385,0.025974042800504932,0.05629868216075114
550,all_blocks,Temperature,148,0.03194675294387663,0.15384615384615385,-0.0030780677952298293,0.0568527640941434
550,all_blocks,Fisher,148,-0.14230927270236954,0.07142857142857142,0.006537608694847428,0.04503494589701486
554,all_blocks,Semantic,52,0.01775804661487236,0.2,-0.011393323657474603,0.07757575757575758
554,all_blocks,Temperature,52,0.10364552206949544,0.2,-0.0162767864765645,0.08666666666666666
554,all_blocks,Fisher,52,-0.2248783403056433,0.09090909090909091,-0.03873900793989584,0.06181818181818183
555,all_blocks,Semantic,152,0.1337556981663352,0.03225806451612903,-0.042370437195442825,0.05555220085809629
555,all_blocks,Temperature,152,0.24441801816578845,0.10344827586206896,0.012336401971035884,0.06281370835319668
555,all_blocks,Fisher,152,0.24668703312625154,0.03225806451612903,-0.026240952986283393,0.06246888076698977
561,all_blocks,Semantic,161,-0.326745456636761,0.030303030303030304,-0.01392871520588912,0.05728066959921798
561,all_blocks,Temperature,161,-0.14499942489072923,0.030303030303030304,-0.025221848401196227,0.048805596285434995
561,all_blocks,Fisher,161,-0.06983551874856224,0.030303030303030304,0.004962186565447434,0.060841886608015636
562,all_blocks,Semantic,57,0.3638838475499093,0.2,-0.029187192118226603,0.07212121212121211
562,all_blocks,Temperature,57,0.19406274306455795,0.2,0.031277547316567275,0.07484848484848483
562,all_blocks,Fisher,57,0.37542131190044076,0.09090909090909091,-0.027080632616022816,0.027272727272727275
565,all_blocks,Semantic,136,-0.04846619913172081,0.0,0.029340680311053857,0.07435612535612536
565,all_blocks,Temperature,136,-0.12521826248747672,0.0,-0.011617527789704688,0.04852136752136751
565,all_blocks,Fisher,136,-0.01580077286389008,0.037037037037037035,0.026422642049520533,0.04759544159544159
566,all_blocks,Semantic,62,0.2580393341895193,0.07692307692307693,-0.005257988970310497,0.05128205128205128
566,all_blocks,Temperature,62,0.07924756364735212,0.07692307692307693,-0.007345571755936644,0.03846153846153846
566,all_blocks,Fisher,62,0.19589030747148145,0.07692307692307693,0.012047039863010249,0.047435897435897434
580,all_blocks,Semantic,82,0.022257049879735747,0.125,-0.021712867731086948,0.06558823529411764
580,all_blocks,Temperature,82,-0.08627463784678006,0.2,-0.05806097016793462,0.04852941176470589
580,all_blocks,Fisher,82,-0.09171645933326804,0.125,-0.024650362969493154,0.053623949579831943
584,all_blocks,Semantic,214,-0.13056867612980644,0.07317073170731707,-0.00022413988385868583,0.06639337282514284
584,all_blocks,Temperature,214,0.031385093871203744,0.1282051282051282,0.009177612950032294,0.05876311814485383
584,all_blocks,Fisher,214,-0.22804044436145238,0.07317073170731707,-0.009919582699413168,0.06095688958422936
588,all_blocks,Semantic,73,-0.1144329260767617,0.0,-0.09129951869677896,0.058571428571428566
588,all_blocks,Temperature,73,0.04569295322719981,0.14285714285714285,-0.025379489078119218,0.05021978021978022
588,all_blocks,Fisher,73,-0.03273478958410466,0.0,0.02220936690114773,0.07999999999999999
597,all_blocks,Semantic,96,0.09210526315789473,0.1111111111111111,0.03190043407487792,0.07593739250085998
597,all_blocks,Temperature,96,0.1142566467715681,0.1111111111111111,0.024928784590341837,0.08190144478844169
597,all_blocks,Fisher,96,-0.1877916440586001,0.1111111111111111,0.012929327183939233,0.04298245614035088
603,all_blocks,Semantic,109,-0.28824020016680574,0.0,-0.0005425817811138946,0.07824561403508773
603,all_blocks,Temperature,109,-0.17168937077193958,0.0,-0.019285515707534062,0.053884711779448626
603,all_blocks,Fisher,109,-0.41218608099342047,0.0,-0.015308127142989531,0.03956140350877192
605,all_blocks,Semantic,94,-0.16496044503847127,0.1111111111111111,-0.006174186323736587,0.05829033367733059
605,all_blocks,Temperature,94,0.016782863128996135,0.1111111111111111,0.025580320052017484,0.06262469900240797
605,all_blocks,Fisher,94,-0.1658563017014052,0.1111111111111111,0.04260520897301594,0.06775025799793602
622,all_blocks,Semantic,75,-0.21920341394025605,0.06666666666666667,0.00152773826458037,0.0774891774891775
622,all_blocks,Temperature,75,-0.2743954480796586,0.06666666666666667,-0.0017937411095305784,0.07117216117216117
622,all_blocks,Fisher,75,-0.3359886201991465,0.06666666666666667,-0.02987197724039829,0.06285714285714285
623,all_blocks,Semantic,138,0.1599104087088945,0.07692307692307693,-0.015402669930066731,0.05528774928774928
623,all_blocks,Temperature,138,0.033902677921135,0.12,0.003598492199575788,0.05409401709401708
623,all_blocks,Fisher,138,0.11811483850051029,0.07692307692307693,0.0069583939322677025,0.04745299145299144
629,all_blocks,Semantic,57,0.18654394607207675,0.2,-0.05666645060928183,0.046363636363636364
629,all_blocks,Temperature,57,0.2376847290640394,0.2,0.004731656728026963,0.05848484848484849
629,all_blocks,Fisher,57,0.2617967332123412,0.2,0.016716359865180195,0.06454545454545454
631,all_blocks,Semantic,60,0.29485968324534595,0.0,0.01373714920811337,0.06212121212121212
631,all_blocks,Temperature,60,0.13542650736315648,0.2,0.030758544040011115,0.04727272727272728
631,all_blocks,Fisher,60,0.45696026674076146,0.2,-0.036418449569324815,0.03727272727272728
632,all_blocks,Semantic,79,-0.04625121713729309,0.06666666666666667,0.03301728334956183,0.052967032967032965
632,all_blocks,Temperature,79,0.11263388510223954,0.06666666666666667,-0.027456183057448885,0.054285714285714284
632,all_blocks,Fisher,79,-0.03880233690360273,0.14285714285714285,0.01639849074975657,0.04534798534798534
633,all_blocks,Semantic,86,0.24843624699278266,0.058823529411764705,0.011621302891645834,0.0663235294117647
633,all_blocks,Temperature,86,0.1534506344638898,0.125,0.0004509646681447259,0.06477941176470589
633,all_blocks,Fisher,86,0.2497570640124534,0.058823529411764705,-0.029472144912495873,0.03176470588235294
637,all_blocks,Semantic,140,0.1753690057072883,0.037037037037037035,0.025985436574752364,0.06325418060200667
637,all_blocks,Temperature,140,0.23033828256543704,0.16666666666666666,-0.014726771774070103,0.042965811965811965
637,all_blocks,Fisher,140,0.18537972053967772,0.037037037037037035,-0.0030755942358575102,0.04606267806267807
642,all_blocks,Semantic,67,0.08743714582169368,0.07692307692307693,0.02749022268337458,0.041200466200466204
642,all_blocks,Temperature,67,0.3029770931439062,0.16666666666666666,0.008103200574666774,0.05337995337995338
642,all_blocks,Fisher,67,-0.05072232420783782,0.07692307692307693,-0.016948679064570198,0.0628205128205128
645,all_blocks,Semantic,102,0.1954357057636089,0.15789473684210525,0.008228961102849291,0.04670426065162908
645,all_blocks,Temperature,102,0.24899491662472928,0.15789473684210525,-0.0012077963935742519,0.058721804511278196
645,all_blocks,Fisher,102,0.1451787097613245,0.047619047619047616,0.01071523485872288,0.08146198830409357
647,all_blocks,Semantic,76,0.3134928229665072,0.14285714285714285,0.0005263157894736824,0.0419047619047619
647,all_blocks,Temperature,76,0.5120710868079289,0.23076923076923078,0.036626110731373895,0.038681318681318674
647,all_blocks,Fisher,76,0.3346274777853725,0.14285714285714285,-0.008205058099794936,0.08545787545787545
651,all_blocks,Semantic,112,-0.05144873065227047,0.2,0.005210219701370146,0.06154714850367023
651,all_blocks,Temperature,112,0.04102743704513616,0.2,0.029780127788977345,0.05158102766798419
651,all_blocks,Fisher,112,0.0069873919431441564,0.09090909090909091,-0.021880445553011923,0.06460191981931111
658,all_blocks,Semantic,57,0.015685766139486648,0.2,0.008922089707026177,0.031818181818181815
658,all_blocks,Temperature,57,0.044075706507648436,0.09090909090909091,0.0026056520611874557,0.08181818181818182
658,all_blocks,Fisher,57,0.13170858179932593,0.2,-0.021020222971221157,0.03363636363636364
663,all_blocks,Semantic,158,-0.20740417336645578,0.10344827586206896,0.012737028016654526,0.06416388579903597
663,all_blocks,Temperature,158,-0.2984503140597451,0.06666666666666667,-0.01837184856372241,0.054176598336776315
663,all_blocks,Fisher,158,-0.38304031739125805,0.06666666666666667,0.0026848343142788027,0.05787859526457969
666,all_blocks,Semantic,91,0.16114030896639592,0.17647058823529413,-0.01100732600732601,0.0632094943240454
666,all_blocks,Temperature,91,0.05335244465679248,0.1111111111111111,0.03391861761426979,0.061850705194358445
666,all_blocks,Fisher,91,-0.015066093326962892,0.1111111111111111,0.012522694696607745,0.06945304437564499
670,all_blocks,Semantic,111,0.022937872937872937,0.14285714285714285,0.0035284310284310278,0.07615471485036701
670,all_blocks,Temperature,111,-0.14450684450684448,0.09090909090909091,-0.0007239382239382239,0.03992094861660079
670,all_blocks,Fisher,111,0.059117234117234116,0.14285714285714285,-0.02780493155493155,0.05203274985883681
677,all_blocks,Semantic,64,0.04674908424908425,0.0,-0.012694597069597075,0.047435897435897434
677,all_blocks,Temperature,64,0.1443223443223443,0.0,0.023582875457875456,0.06346153846153846
677,all_blocks,Fisher,64,-0.189514652014652,0.0,-0.018782051282051276,0.04294871794871795
682,all_blocks,Semantic,64,-0.012728937728937727,0.16666666666666666,0.024583333333333325,0.07325174825174824
682,all_blocks,Temperature,64,0.029807692307692306,0.16666666666666666,0.00010760073260072736,0.06089743589743589
682,all_blocks,Fisher,64,-0.10714285714285712,0.07692307692307693,-0.004059065934065934,0.07663170163170163
692,all_blocks,Semantic,115,0.25556695336542257,0.2631578947368421,0.03755030379547068,0.06973609914113346
692,all_blocks,Temperature,115,0.13074252347510457,0.2631578947368421,-0.001905231594728949,0.057684923771880295
692,all_blocks,Fisher,115,-0.2857729030221731,0.043478260869565216,0.001789631500039459,0.06651609260304911
693,all_blocks,Semantic,53,0.26423157555233023,0.2,0.010248347040799868,0.06545454545454546
693,all_blocks,Temperature,53,0.17295597484276728,0.09090909090909091,0.05972826963393002,0.11545454545454545
693,all_blocks,Fisher,53,0.19948395420093532,0.3333333333333333,-0.04330349943557491,0.06636363636363635
700,all_blocks,Semantic,148,0.032453903019578956,0.15384615384615385,0.019074765766999714,0.05416193002399898
700,all_blocks,Temperature,148,-0.08518640541651089,0.034482758620689655,0.020998049138029964,0.04844006568144498
700,all_blocks,Fisher,148,0.07536546270966214,0.07142857142857142,0.024984729970348386,0.05756704980842912
713,all_blocks,Semantic,58,0.1793657141099388,0.2,-0.04576886400689042,0.04272727272727273
713,all_blocks,Temperature,58,0.2503614383709127,0.3333333333333333,0.010892368267249073,0.07757575757575756
713,all_blocks,Fisher,58,0.3250484481220585,0.2,0.014389861269186992,0.0609090909090909
719,all_blocks,Semantic,75,0.1982361308677098,0.14285714285714285,-0.037061166429587476,0.05523809523809523
719,all_blocks,Temperature,75,0.02355618776671408,0.06666666666666667,-0.03931009957325746,0.037142857142857144
719,all_blocks,Fisher,75,-0.02856330014224751,0.14285714285714285,-0.028078236130867705,0.047619047619047616
727,all_blocks,Semantic,65,-0.006118881118881119,0.16666666666666666,0.01094187062937063,0.06043123543123543
727,all_blocks,Temperature,65,-0.03225524475524476,0.16666666666666666,-0.04856206293706293,0.05576923076923077
727,all_blocks,Fisher,65,0.03273601398601399,0.16666666666666666,-0.014143356643356647,0.055128205128205134
736,all_blocks,Semantic,126,-0.09204349456317962,0.08333333333333333,0.0034081739782527167,0.06075757575757575
736,all_blocks,Temperature,126,0.02479790026246719,0.08333333333333333,0.05291788526434197,0.05040476190476191
736,all_blocks,Fisher,126,-0.15015223097112862,0.04,0.020325459317585302,0.051662337662337666
742,all_blocks,Semantic,71,0.23457411133467468,0.06666666666666667,-0.01884808853118712,0.0580952380952381
742,all_blocks,Temperature,71,0.21190476190476187,0.06666666666666667,-0.019151576123407107,0.060109890109890096
742,all_blocks,Fisher,71,0.2494634473507713,0.06666666666666667,-0.02591046277665996,0.06725274725274724
745,all_blocks,Semantic,63,0.3703437019969278,0.07692307692307693,0.04133064516129033,0.05128205128205128
745,all_blocks,Temperature,63,0.4268913210445469,0.16666666666666666,0.007594086021505372,0.05897435897435897
745,all_blocks,Fisher,63,0.4607334869431644,0.07692307692307693,-0.008280529953917048,0.0685897435897436
748,all_blocks,Semantic,86,0.06125760649087222,0.0,-0.011979810368413607,0.05772058823529412
748,all_blocks,Temperature,86,0.21526487098448038,0.058823529411764705,0.02761073635548847,0.061102941176470596
748,all_blocks,Fisher,86,0.052672295863012406,0.0,-0.013097787631492048,0.05477941176470589
749,all_blocks,Semantic,130,-0.0774529216567207,0.0,-0.003780469486132543,0.048279314888010544
749,all_blocks,Temperature,130,-0.09504158188695734,0.0,-0.0051048082043998935,0.06185507246376811
749,all_blocks,Fisher,130,0.015171585027789536,0.0,-0.02529216567206981,0.05006521739130435
755,all_blocks,Semantic,54,-0.16744806556127306,0.2,0.04729559748427672,0.06999999999999999
755,all_blocks,Temperature,54,-0.08892700590813797,0.09090909090909091,-0.027871164474938058,0.07060606060606059
755,all_blocks,Fisher,54,0.19062321326472267,0.2,0.029003239946636172,0.0709090909090909
765,all_blocks,Semantic,65,-0.06630244755244756,0.16666666666666666,-0.049781468531468524,0.05337995337995337
765,all_blocks,Temperature,65,-0.13216783216783215,0.16666666666666666,-0.03713723776223776,0.06555944055944056
765,all_blocks,Fisher,65,-0.16783216783216784,0.16666666666666666,-0.041975524475524474,0.035256410256410256
778,all_blocks,Semantic,132,0.1671145246878473,0.12,0.022521692851142423,0.08169862504645113
778,all_blocks,Temperature,132,0.3307696722722837,0.12,0.03326115427360907,0.06052136752136752
778,all_blocks,Fisher,132,0.2524458265719816,0.07692307692307693,0.014186315893828946,0.04992877492877492
779,all_blocks,Semantic,82,0.12391027524733078,0.125,-0.0034239940792982217,0.07477941176470589
779,all_blocks,Temperature,82,0.04191290908893025,0.2,-0.05718810200150194,0.05014705882352941
779,all_blocks,Fisher,82,0.125172777832196,0.2,0.016654150477247748,0.08102941176470588
787,all_blocks,Semantic,55,0.04841269841269842,0.0,0.014931457431457434,0.06303030303030302
787,all_blocks,Temperature,55,-0.08499278499278501,0.0,0.03064935064935066,0.055454545454545444
787,all_blocks,Fisher,55,0.0009379509379509382,0.09090909090909091,-0.0035966810966811006,0.06999999999999999
797,all_blocks,Semantic,99,0.2670006184291899,0.1111111111111111,-0.03806431663574521,0.05116959064327485
797,all_blocks,Temperature,99,0.42353741496598635,0.17647058823529413,0.0359474335188621,0.07559339525283797
797,all_blocks,Fisher,99,0.1654916512059369,0.05263157894736842,0.024309833024118738,0.06881664946680426
798,all_blocks,Semantic,143,0.010612626809809908,0.0,-0.013463385206342948,0.04695949644225506
798,all_blocks,Temperature,143,0.14068912308348927,0.0,0.0384051101480679,0.05577870405456613
798,all_blocks,Fisher,143,0.018003709905118355,0.0,-0.018080452411438325,0.05533661740558292
799,all_blocks,Semantic,65,0.1533216783216783,0.16666666666666666,0.0306840034965035,0.04743589743589744
799,all_blocks,Temperature,65,0.02574300699300699,0.07692307692307693,0.003109702797202793,0.07325174825174825
799,all_blocks,Fisher,65,-0.16420454545454546,0.07692307692307693,0.01977491258741259,0.03974358974358974
800,all_blocks,Semantic,72,-0.009228889317641008,0.14285714285714285,0.009561708148433986,0.05688644688644688
800,all_blocks,Temperature,72,0.09904173901858643,0.14285714285714285,0.025369798700881085,0.06285714285714286
800,all_blocks,Fisher,72,-0.1337706604926362,0.14285714285714285,-0.02616406199755611,0.07391941391941391
806,all_blocks,Semantic,64,0.16208791208791207,0.16666666666666666,-0.020130494505494513,0.05525641025641026
806,all_blocks,Temperature,64,0.31341575091575086,0.16666666666666666,-0.008756868131868132,0.07192307692307692
806,all_blocks,Fisher,64,0.1967032967032967,0.16666666666666666,0.006387362637362634,0.05961538461538461
807,all_blocks,Semantic,66,0.5678112931844276,0.2727272727272727,-0.04971923598789272,0.05128205128205128
807,all_blocks,Temperature,66,0.42548794489093006,0.2727272727272727,-0.021880805761402777,0.06089743589743589
807,all_blocks,Fisher,66,0.48781964304352365,0.07692307692307693,-0.0024966078697421976,0.04358974358974359
812,all_blocks,Semantic,109,0.1467333889352238,0.047619047619047616,-0.0010592160133444523,0.05408103592314119
812,all_blocks,Temperature,109,0.0982022055416551,0.047619047619047616,0.027417292187934393,0.04452380952380952
812,all_blocks,Fisher,109,0.04943008062274118,0.047619047619047616,-0.00194560281716245,0.06956140350877195
815,all_blocks,Semantic,61,-0.11808566895822316,0.07692307692307693,0.001948704389212058,0.05128205128205129
815,all_blocks,Temperature,61,-0.035483870967741936,0.07692307692307693,-0.011147540983606555,0.06107226107226107
815,all_blocks,Fisher,61,0.025594923320994178,0.07692307692307693,0.00775251189846642,0.06171328671328671
817,all_blocks,Semantic,63,0.19234831029185867,0.07692307692307693,0.023600710445468503,0.04294871794871794
817,all_blocks,Temperature,63,0.21020545314900155,0.16666666666666666,-0.0021505376344085974,0.06794871794871796
817,all_blocks,Fisher,63,0.10824692780337943,0.0,0.03350374423963134,0.07179487179487179
834,all_blocks,Semantic,101,0.21614443797320906,0.15789473684210525,-0.01192778101339546,0.04956140350877194
834,all_blocks,Temperature,101,0.03834595224228305,0.1,0.04670064065230052,0.06641014300457027
834,all_blocks,Fisher,101,0.10821199767035528,0.15789473684210525,-0.002475829935934769,0.049323308270676686
835,all_blocks,Semantic,75,0.08793741109530583,0.0,-0.0308022759601707,0.0519047619047619
835,all_blocks,Temperature,75,0.11263157894736842,0.0,-0.03422332859174964,0.05915750915750915
835,all_blocks,Fisher,75,0.14679943100995735,0.0,0.00888335704125178,0.03333333333333334
836,all_blocks,Semantic,62,0.029739870564830902,0.07692307692307693,-0.04299312533051296,0.05192307692307692
836,all_blocks,Temperature,62,0.11676865352169424,0.07692307692307693,0.004671249779658031,0.03846153846153846
836,all_blocks,Fisher,62,0.004054292261589988,0.0,0.05118732844803707,0.06107226107226107
842,all_blocks,Semantic,95,0.06209406494960806,0.05263157894736842,-0.03516587346024637,0.05343567251461988
842,all_blocks,Temperature,95,0.10963045912653975,0.1111111111111111,-0.019827827547592387,0.048830409356725134
842,all_blocks,Fisher,95,-0.02232642777155655,0.05263157894736842,-0.03091125419932811,0.08016855865153079
854,all_blocks,Semantic,97,0.21011729434041657,0.05263157894736842,-0.00037279086892488665,0.0632094943240454
854,all_blocks,Temperature,97,0.15584893751314957,0.1111111111111111,-0.0157466337050284,0.05765393876848986
854,all_blocks,Fisher,97,0.09753050704818009,0.1111111111111111,-0.030094151062486852,0.052390780873753005
855,all_blocks,Semantic,87,0.24179849821389512,0.058823529411764705,-0.030400233287161915,0.06481900452488688
855,all_blocks,Temperature,87,0.16596194503171247,0.058823529411764705,0.0300876649413137,0.04235294117647059
855,all_blocks,Fisher,87,0.1463147918641102,0.058823529411764705,0.022625209593934527,0.08095588235294118
862,all_blocks,Semantic,132,0.05272028092437894,0.07692307692307693,-0.0019295288881468046,0.06807122507122507
862,all_blocks,Temperature,132,-0.0177977907989961,0.07692307692307693,-0.013029798646512183,0.04974928774928774
862,all_blocks,Fisher,132,0.007137900267671258,0.07692307692307693,0.0012266961644221558,0.06853276353276352
863,all_blocks,Semantic,113,0.08387118238073059,0.14285714285714285,-0.02541711025350988,0.05375494071146245
863,all_blocks,Temperature,113,-0.03666245259165613,0.043478260869565216,0.021774153303613025,0.05914737436476566
863,all_blocks,Fisher,113,0.06785215250515671,0.043478260869565216,0.010915147381728663,0.05551101072840202
867,all_blocks,Semantic,54,0.1721745759481608,0.2,-0.018094149037545262,0.07454545454545454
867,all_blocks,Temperature,54,0.20625119115685148,0.2,-0.024623594434915175,0.05636363636363636
867,all_blocks,Fisher,54,0.15982466171145412,0.09090909090909091,0.014960930055269672,0.04636363636363637
873,all_blocks,Semantic,96,0.2698860553445469,0.1111111111111111,0.05221513836136733,0.0935328517371861
873,all_blocks,Temperature,96,0.02265328269126424,0.05263157894736842,-0.017619370591427017,0.061382008943928444
873,all_blocks,Fisher,96,-0.032175800325556156,0.05263157894736842,0.010479517091698318,0.043567251461988296
878,all_blocks,Semantic,68,-0.02462113982517082,0.0,-0.06699431232583883,0.05209790209790209
878,all_blocks,Temperature,68,-0.14482574340573345,0.07692307692307693,0.01110241630721075,0.07243589743589743
878,all_blocks,Fisher,68,-0.1001641409321678,0.0,0.004368820857350076,0.07004662004662005
880,all_blocks,Semantic,230,-0.10604868835360574,0.06976744186046512,-0.012715831728552441,0.0547524225317759
880,all_blocks,Temperature,230,-0.16056307466977676,0.045454545454545456,-0.025869824119302,0.06555047681253012
880,all_blocks,Fisher,230,-0.2035861613230134,0.045454545454545456,0.0009268195256423858,0.04395013255478372
884,all_blocks,Semantic,71,0.2526827632461435,0.23076923076923078,-0.010613682092555332,0.0338095238095238
884,all_blocks,Temperature,71,0.23122065727699528,0.23076923076923078,-0.0009138162307176442,0.05190476190476191
884,all_blocks,Fisher,71,0.12079141515761233,0.06666666666666667,-0.01174211938296445,0.08652014652014652
887,all_blocks,Semantic,71,0.24986586183769277,0.06666666666666667,-0.02609825620389001,0.08772893772893772
887,all_blocks,Temperature,71,0.2670355466130114,0.14285714285714285,-0.04700536552649228,0.04915750915750915
887,all_blocks,Fisher,71,0.21559356136820923,0.0,-0.0289486921529175,0.05296703296703296
891,all_blocks,Semantic,82,0.06938322395272145,0.2,0.013728627246111824,0.06558823529411764
891,all_blocks,Temperature,82,0.11424560028732818,0.125,-0.006488827940488241,0.046397058823529416
891,all_blocks,Fisher,82,0.10166410901056802,0.125,-0.028955932129602423,0.05036764705882353
893,all_blocks,Semantic,94,-0.31891774735397177,0.05263157894736842,0.05636816818986382,0.05765393876848986
893,all_blocks,Temperature,94,-0.11753783910703319,0.1111111111111111,0.01649532203879637,0.07237702098383211
893,all_blocks,Fisher,94,-0.36950475020770873,0.0,-0.0004739370732940805,0.049466804265565864
917,all_blocks,Semantic,67,-0.024064171122994655,0.16666666666666666,-0.014636044377045257,0.05576923076923077
917,all_blocks,Temperature,67,0.21897198499481207,0.16666666666666666,0.024189879479607317,0.046794871794871795
917,all_blocks,Fisher,67,0.07346955064250939,0.07692307692307693,-0.029353898954425733,0.046794871794871795
919,all_blocks,Semantic,107,0.08064421324869218,0.1,0.03241050961029801,0.06305346700083543
919,all_blocks,Temperature,107,0.11612688336370228,0.1,0.0460412625639217,0.0780075187969925
919,all_blocks,Fisher,107,-0.09308567957836164,0.047619047619047616,-0.03325643135641372,0.055910609857978286
920,all_blocks,Semantic,58,0.014611338398597311,0.2,0.04344643021932389,0.08303030303030302
920,all_blocks,Temperature,58,0.03805100126118921,0.2,0.014669783752191703,0.06848484848484847
920,all_blocks,Fisher,58,-0.1479897874434772,0.2,-0.006013719277738472,0.04393939393939394
921,all_blocks,Semantic,154,0.012964012584505946,0.06666666666666667,-0.006215365911760598,0.05370040786058583
921,all_blocks,Temperature,154,0.08056548132449462,0.06666666666666667,-0.013723518733006401,0.06194160472247234
921,all_blocks,Fisher,154,0.15653581080526055,0.10344827586206896,-0.023462053443078106,0.05151649981460882
927,all_blocks,Semantic,67,-0.04725037912044059,0.07692307692307693,-0.019937744432915645,0.07773892773892774
927,all_blocks,Temperature,67,0.10471705642908455,0.16666666666666666,-0.01468193790406257,0.05961538461538461
927,all_blocks,Fisher,67,0.006225556708436429,0.07692307692307693,-0.012732460691196426,0.045046620046620044
929,all_blocks,Semantic,69,0.1388746803069054,0.16666666666666666,0.017678114724150536,0.05576923076923077
929,all_blocks,Temperature,69,-0.07939349652904641,0.16666666666666666,0.012204968944099377,0.04953379953379953
929,all_blocks,Fisher,69,0.32659846547314586,0.07692307692307693,-0.026479722323712103,0.07243589743589743
934,all_blocks,Semantic,89,0.1370616275110657,0.058823529411764705,0.020225570309839975,0.08397058823529412
934,all_blocks,Temperature,89,0.21833503575076615,0.058823529411764705,0.007475314947225059,0.05147058823529412
934,all_blocks,Fisher,89,0.0674668028600613,0.058823529411764705,-0.018356315968675523,0.05477941176470589
938,all_blocks,Semantic,69,0.2575447570332481,0.0,-0.005085860431128972,0.06555944055944056
938,all_blocks,Temperature,69,0.04176105224698576,0.0,-0.047135549872122776,0.035897435897435895
938,all_blocks,Fisher,69,0.2506759225429302,0.0,-0.019430032882718308,0.05192307692307692
939,all_blocks,Semantic,59,0.3057276446522502,0.09090909090909091,-0.0360052600818235,0.06848484848484847
939,all_blocks,Temperature,59,0.3394506136762128,0.09090909090909091,-0.02094973699590883,0.03727272727272728
939,all_blocks,Fisher,59,0.3379310344827587,0.09090909090909091,-0.02056107539450613,0.04090909090909091
943,all_blocks,Semantic,93,0.05944316791501297,0.1111111111111111,0.019892721792844136,0.06945304437564499
943,all_blocks,Temperature,93,0.20924472561248544,0.17647058823529413,-0.0021761511145593957,0.07266941864465085
943,all_blocks,Fisher,93,0.10392110053415295,0.1111111111111111,0.03264002864730983,0.04683522531819745
960,all_blocks,Semantic,71,-0.0954057679409792,0.06666666666666667,-0.007714621059691474,0.07904761904761903
960,all_blocks,Temperature,71,-0.04906103286384976,0.06666666666666667,0.010439302481555997,0.08402930402930403
960,all_blocks,Fisher,71,-0.1533869885982562,0.14285714285714285,0.034431589537223334,0.06428571428571428
965,all_blocks,Semantic,151,0.1813663297316138,0.03225806451612903,0.0019951202509585196,0.04408178399279623
965,all_blocks,Temperature,151,0.2214081561519693,0.06666666666666667,-0.0013482049494597404,0.0661743501009352
965,all_blocks,Fisher,151,0.1913419309864064,0.03225806451612903,-0.01939299407459045,0.04312940304041527
969,all_blocks,Semantic,123,0.0416091627864983,0.13043478260869565,-0.005270150004514322,0.052634387351778666
969,all_blocks,Temperature,123,0.09874759773509952,0.08333333333333333,0.02173259728366718,0.0563768115942029
969,all_blocks,Fisher,123,-0.061188427854664586,0.13043478260869565,0.019031097238523944,0.06367786561264822
973,all_blocks,Semantic,96,-0.08034454693434617,0.05263157894736842,0.021586408030385244,0.054093567251461985
973,all_blocks,Temperature,96,-0.020469343461747152,0.1111111111111111,-0.01015667390124796,0.04992690058479532
973,all_blocks,Fisher,96,-0.03619099294628323,0.05263157894736842,-0.005739962018448182,0.07788097695218438
976,all_blocks,Semantic,97,0.06377551020408163,0.1111111111111111,-0.0013004944245739495,0.07203302373581011
976,all_blocks,Temperature,97,0.04188144329896907,0.1111111111111111,-0.009139622343782874,0.05699604403164774
976,all_blocks,Fisher,97,0.08242162844519249,0.1111111111111111,0.011754418262150223,0.04683522531819745
977,all_blocks,Semantic,53,0.243912272214159,0.2,-0.041122399612965654,0.0609090909090909
977,all_blocks,Temperature,53,0.21931946460248347,0.2,0.028825995807127892,0.08181818181818182
977,all_blocks,Fisher,53,0.14481535236252216,0.09090909090909091,-0.014824221899693605,0.08393939393939394
979,all_blocks,Semantic,75,0.14349928876244664,0.06666666666666667,0.03857610241820768,0.0801098901098901
979,all_blocks,Temperature,75,-0.022987197724039826,0.06666666666666667,-0.005173541963015648,0.05142857142857142
979,all_blocks,Fisher,75,0.08230440967283072,0.0,-0.03227453769559033,0.06498168498168498
980,all_blocks,Semantic,85,0.15448504983388706,0.125,0.001643541137385185,0.06889705882352941
980,all_blocks,Temperature,85,-0.001250732851280047,0.058823529411764705,0.000726988469806529,0.06735294117647059
980,all_blocks,Fisher,85,-0.03146374829001368,0.058823529411764705,0.06028434629665819,0.042279411764705885
983,all_blocks,Semantic,73,-0.16567937800814517,0.06666666666666667,-0.03760644205849686,0.06736263736263735
983,all_blocks,Temperature,73,-0.12196100209798841,0.14285714285714285,0.009922251018141431,0.07164835164835165
983,all_blocks,Fisher,73,0.05099962976675306,0.14285714285714285,-0.0007882882882882872,0.054761904761904755
993,all_blocks,Semantic,173,0.02335083970314883,0.125,0.01255730516244768,0.06816367456073337
993,all_blocks,Temperature,173,-0.026964135891457422,0.058823529411764705,0.009168825991628465,0.05092627960275019
993,all_blocks,Fisher,173,0.00613727280733877,0.058823529411764705,0.005683003369937563,0.04281990068754775
997,all_blocks,Semantic,72,0.23400218663579656,0.06666666666666667,0.013672905009968492,0.04868131868131868
997,all_blocks,Temperature,72,0.11460544086436429,0.06666666666666667,-0.027979291272750662,0.07058608058608057
997,all_blocks,Fisher,72,0.15721268248761983,0.06666666666666667,0.020790726091710076,0.04523809523809523
998,all_blocks,Semantic,65,0.604458041958042,0.07692307692307693,-0.0002229020979021005,0.0564102564102564
998,all_blocks,Temperature,65,0.561013986013986,0.0,0.00782998251748252,0.047435897435897434
998,all_blocks,Fisher,65,0.6560314685314685,0.07692307692307693,0.02316215034965035,0.05868298368298368
