QUEUE START 2026-07-27T14:58:59-04:00
VERIFIED all 1B/1.5B cells complete
START llama-3b lmbd1000 GPUs=0,1 attempt=1 2026-07-27T14:58:59-04:00
START qwen-3b lmbd1000 GPUs=2,3 attempt=1 2026-07-27T14:58:59-04:00
DONE qwen-3b lmbd1000 2026-07-27T16:19:30-04:00
START qwen-3b IWSLT2017DE_EN GPUs=2,3 attempt=1 2026-07-27T16:19:30-04:00
DONE llama-3b lmbd1000 2026-07-27T16:28:13-04:00
START llama-3b IWSLT2017DE_EN GPUs=0,1 attempt=1 2026-07-27T16:28:13-04:00
DONE qwen-3b IWSLT2017DE_EN 2026-07-27T17:42:09-04:00
DONE llama-3b IWSLT2017DE_EN 2026-07-27T17:58:15-04:00
ALL 3B CELLS COMPLETE 2026-07-27T17:58:15-04:00
START gemma-4b lmbd1000 GPUs=0,1,2,3 attempt=1 2026-07-27T17:58:15-04:00
FAILED gemma-4b lmbd1000 attempt=1; retrying in 300s
START gemma-4b lmbd1000 GPUs=0,1,2,3 attempt=2 2026-07-27T18:03:20-04:00
FAILED gemma-4b lmbd1000 attempt=2; retrying in 300s
START gemma-4b lmbd1000 GPUs=0,1,2,3 attempt=3 2026-07-27T18:08:25-04:00
FAILED gemma-4b lmbd1000 attempt=3; retrying in 300s
START gemma-4b lmbd1000 GPUs=0,1,2,3 attempt=4 2026-07-27T18:13:30-04:00
FAILED gemma-4b lmbd1000 attempt=4; retrying in 300s
START gemma-4b lmbd1000 GPUs=0,1,2,3 attempt=5 2026-07-27T18:18:36-04:00
FAILED gemma-4b lmbd1000 attempt=5; retrying in 300s
START gemma-4b lmbd1000 GPUs=0,1,2,3 attempt=6 2026-07-27T18:23:41-04:00
FAILED gemma-4b lmbd1000 attempt=6; retrying in 300s
START gemma-4b lmbd1000 GPUs=0,1,2,3 attempt=7 2026-07-27T18:28:46-04:00
FAILED gemma-4b lmbd1000 attempt=7; retrying in 300s
START gemma-4b lmbd1000 GPUs=0,1,2,3 attempt=8 2026-07-27T18:33:51-04:00
FAILED gemma-4b lmbd1000 attempt=8; retrying in 300s
START gemma-4b lmbd1000 GPUs=0,1,2,3 attempt=9 2026-07-27T18:38:56-04:00
FAILED gemma-4b lmbd1000 attempt=9; retrying in 300s
START gemma-4b lmbd1000 GPUs=0,1,2,3 attempt=10 2026-07-27T18:44:01-04:00
FAILED gemma-4b lmbd1000 attempt=10; retrying in 300s
START gemma-4b lmbd1000 GPUs=0,1,2,3 attempt=11 2026-07-27T18:49:06-04:00
FAILED gemma-4b lmbd1000 attempt=11; retrying in 300s
START gemma-4b lmbd1000 GPUs=0,1,2,3 attempt=12 2026-07-27T18:54:11-04:00
FAILED gemma-4b lmbd1000 attempt=12; retrying in 300s
START gemma-4b lmbd1000 GPUs=0,1,2,3 attempt=13 2026-07-27T18:59:16-04:00
FAILED gemma-4b lmbd1000 attempt=13; retrying in 300s
START gemma-4b lmbd1000 GPUs=0,1,2,3 attempt=14 2026-07-27T19:04:21-04:00
FAILED gemma-4b lmbd1000 attempt=14; retrying in 300s
START gemma-4b lmbd1000 GPUs=0,1,2,3 attempt=15 2026-07-27T19:09:26-04:00
FAILED gemma-4b lmbd1000 attempt=15; retrying in 300s
START gemma-4b lmbd1000 GPUs=0,1,2,3 attempt=16 2026-07-27T19:14:32-04:00
FAILED gemma-4b lmbd1000 attempt=16; retrying in 300s
START gemma-4b lmbd1000 GPUs=0,1,2,3 attempt=17 2026-07-27T19:19:37-04:00
FAILED gemma-4b lmbd1000 attempt=17; retrying in 300s
START gemma-4b lmbd1000 GPUs=0,1,2,3 attempt=18 2026-07-27T19:24:42-04:00
FAILED gemma-4b lmbd1000 attempt=18; retrying in 300s
START gemma-4b lmbd1000 GPUs=0,1,2,3 attempt=19 2026-07-27T19:29:47-04:00
FAILED gemma-4b lmbd1000 attempt=19; retrying in 300s
START gemma-4b lmbd1000 GPUs=0,1,2,3 attempt=20 2026-07-27T19:34:52-04:00
FAILED gemma-4b lmbd1000 attempt=20; retrying in 300s
START gemma-4b lmbd1000 GPUs=0,1,2,3 attempt=21 2026-07-27T19:39:57-04:00
FAILED gemma-4b lmbd1000 attempt=21; retrying in 300s
START gemma-4b lmbd1000 GPUs=0,1,2,3 attempt=22 2026-07-27T19:45:02-04:00
FAILED gemma-4b lmbd1000 attempt=22; retrying in 300s
START gemma-4b lmbd1000 GPUs=0,1,2,3 attempt=23 2026-07-27T19:50:07-04:00
FAILED gemma-4b lmbd1000 attempt=23; retrying in 300s
START gemma-4b lmbd1000 GPUs=0,1,2,3 attempt=24 2026-07-27T19:55:12-04:00
FAILED gemma-4b lmbd1000 attempt=24; retrying in 300s
START gemma-4b lmbd1000 GPUs=0,1,2,3 attempt=25 2026-07-27T20:00:17-04:00
FAILED gemma-4b lmbd1000 attempt=25; retrying in 300s
START gemma-4b lmbd1000 GPUs=0,1,2,3 attempt=26 2026-07-27T20:05:22-04:00
FAILED gemma-4b lmbd1000 attempt=26; retrying in 300s
START gemma-4b lmbd1000 GPUs=0,1,2,3 attempt=27 2026-07-27T20:10:27-04:00
FAILED gemma-4b lmbd1000 attempt=27; retrying in 300s
START gemma-4b lmbd1000 GPUs=0,1,2,3 attempt=28 2026-07-27T20:15:33-04:00
FAILED gemma-4b lmbd1000 attempt=28; retrying in 300s
START gemma-4b lmbd1000 GPUs=0,1,2,3 attempt=29 2026-07-27T20:20:38-04:00
FAILED gemma-4b lmbd1000 attempt=29; retrying in 300s
START gemma-4b lmbd1000 GPUs=0,1,2,3 attempt=30 2026-07-27T20:25:43-04:00
FAILED gemma-4b lmbd1000 attempt=30; retrying in 300s
START gemma-4b lmbd1000 GPUs=0,1,2,3 attempt=31 2026-07-27T20:30:48-04:00
FAILED gemma-4b lmbd1000 attempt=31; retrying in 300s
START gemma-4b lmbd1000 GPUs=0,1,2,3 attempt=32 2026-07-27T20:35:53-04:00
FAILED gemma-4b lmbd1000 attempt=32; retrying in 300s
START gemma-4b lmbd1000 GPUs=0,1,2,3 attempt=33 2026-07-27T20:40:58-04:00
FAILED gemma-4b lmbd1000 attempt=33; retrying in 300s
START gemma-4b lmbd1000 GPUs=0,1,2,3 attempt=34 2026-07-27T20:46:03-04:00
FAILED gemma-4b lmbd1000 attempt=34; retrying in 300s
START gemma-4b lmbd1000 GPUs=0,1,2,3 attempt=35 2026-07-27T20:51:08-04:00
FAILED gemma-4b lmbd1000 attempt=35; retrying in 300s
START gemma-4b lmbd1000 GPUs=0,1,2,3 attempt=36 2026-07-27T20:56:13-04:00
FAILED gemma-4b lmbd1000 attempt=36; retrying in 300s
START gemma-4b lmbd1000 GPUs=0,1,2,3 attempt=37 2026-07-27T21:01:18-04:00
FAILED gemma-4b lmbd1000 attempt=37; retrying in 300s
START gemma-4b lmbd1000 GPUs=0,1,2,3 attempt=38 2026-07-27T21:06:23-04:00
FAILED gemma-4b lmbd1000 attempt=38; retrying in 300s
START gemma-4b lmbd1000 GPUs=0,1,2,3 attempt=39 2026-07-27T21:11:28-04:00
FAILED gemma-4b lmbd1000 attempt=39; retrying in 300s
START gemma-4b lmbd1000 GPUs=0,1,2,3 attempt=40 2026-07-27T21:16:33-04:00
FAILED gemma-4b lmbd1000 attempt=40; retrying in 300s
START gemma-4b lmbd1000 GPUs=0,1,2,3 attempt=41 2026-07-27T21:21:39-04:00
FAILED gemma-4b lmbd1000 attempt=41; retrying in 300s
START gemma-4b lmbd1000 GPUs=0,1,2,3 attempt=42 2026-07-27T21:26:44-04:00
FAILED gemma-4b lmbd1000 attempt=42; retrying in 300s
START gemma-4b lmbd1000 GPUs=0,1,2,3 attempt=43 2026-07-27T21:31:49-04:00
FAILED gemma-4b lmbd1000 attempt=43; retrying in 300s
START gemma-4b lmbd1000 GPUs=0,1,2,3 attempt=44 2026-07-27T21:36:54-04:00
FAILED gemma-4b lmbd1000 attempt=44; retrying in 300s
START gemma-4b lmbd1000 GPUs=0,1,2,3 attempt=45 2026-07-27T21:41:59-04:00
FAILED gemma-4b lmbd1000 attempt=45; retrying in 300s
START gemma-4b lmbd1000 GPUs=0,1,2,3 attempt=46 2026-07-27T21:47:04-04:00
FAILED gemma-4b lmbd1000 attempt=46; retrying in 300s
START gemma-4b lmbd1000 GPUs=0,1,2,3 attempt=47 2026-07-27T21:52:09-04:00
FAILED gemma-4b lmbd1000 attempt=47; retrying in 300s
START gemma-4b lmbd1000 GPUs=0,1,2,3 attempt=48 2026-07-27T21:57:14-04:00
FAILED gemma-4b lmbd1000 attempt=48; retrying in 300s
START gemma-4b lmbd1000 GPUs=0,1,2,3 attempt=49 2026-07-27T22:02:19-04:00
FAILED gemma-4b lmbd1000 attempt=49; retrying in 300s
START gemma-4b lmbd1000 GPUs=0,1,2,3 attempt=50 2026-07-27T22:07:25-04:00
FAILED gemma-4b lmbd1000 attempt=50; retrying in 300s
START gemma-4b lmbd1000 GPUs=0,1,2,3 attempt=51 2026-07-27T22:12:30-04:00
FAILED gemma-4b lmbd1000 attempt=51; retrying in 300s
START gemma-4b lmbd1000 GPUs=0,1,2,3 attempt=52 2026-07-27T22:17:35-04:00
FAILED gemma-4b lmbd1000 attempt=52; retrying in 300s
START gemma-4b lmbd1000 GPUs=0,1,2,3 attempt=53 2026-07-27T22:22:40-04:00
FAILED gemma-4b lmbd1000 attempt=53; retrying in 300s
START gemma-4b lmbd1000 GPUs=0,1,2,3 attempt=54 2026-07-27T22:27:45-04:00
FAILED gemma-4b lmbd1000 attempt=54; retrying in 300s
START gemma-4b lmbd1000 GPUs=0,1,2,3 attempt=55 2026-07-27T22:32:50-04:00
FAILED gemma-4b lmbd1000 attempt=55; retrying in 300s
START gemma-4b lmbd1000 GPUs=0,1,2,3 attempt=56 2026-07-27T22:37:55-04:00
FAILED gemma-4b lmbd1000 attempt=56; retrying in 300s
START gemma-4b lmbd1000 GPUs=0,1,2,3 attempt=57 2026-07-27T22:43:00-04:00
FAILED gemma-4b lmbd1000 attempt=57; retrying in 300s
START gemma-4b lmbd1000 GPUs=0,1,2,3 attempt=58 2026-07-27T22:48:05-04:00
FAILED gemma-4b lmbd1000 attempt=58; retrying in 300s
START gemma-4b lmbd1000 GPUs=0,1,2,3 attempt=59 2026-07-27T22:53:10-04:00
FAILED gemma-4b lmbd1000 attempt=59; retrying in 300s
START gemma-4b lmbd1000 GPUs=0,1,2,3 attempt=60 2026-07-27T22:58:16-04:00
FAILED gemma-4b lmbd1000 attempt=60; retrying in 300s
START gemma-4b lmbd1000 GPUs=0,1,2,3 attempt=61 2026-07-27T23:03:21-04:00
FAILED gemma-4b lmbd1000 attempt=61; retrying in 300s
START gemma-4b lmbd1000 GPUs=0,1,2,3 attempt=62 2026-07-27T23:08:26-04:00
FAILED gemma-4b lmbd1000 attempt=62; retrying in 300s
START gemma-4b lmbd1000 GPUs=0,1,2,3 attempt=63 2026-07-27T23:13:31-04:00
FAILED gemma-4b lmbd1000 attempt=63; retrying in 300s
START gemma-4b lmbd1000 GPUs=0,1,2,3 attempt=64 2026-07-27T23:18:36-04:00
FAILED gemma-4b lmbd1000 attempt=64; retrying in 300s
START gemma-4b lmbd1000 GPUs=0,1,2,3 attempt=65 2026-07-27T23:23:41-04:00
FAILED gemma-4b lmbd1000 attempt=65; retrying in 300s
START gemma-4b lmbd1000 GPUs=0,1,2,3 attempt=66 2026-07-27T23:28:46-04:00
FAILED gemma-4b lmbd1000 attempt=66; retrying in 300s
START gemma-4b lmbd1000 GPUs=0,1,2,3 attempt=67 2026-07-27T23:33:51-04:00
FAILED gemma-4b lmbd1000 attempt=67; retrying in 300s
START gemma-4b lmbd1000 GPUs=0,1,2,3 attempt=68 2026-07-27T23:38:56-04:00
FAILED gemma-4b lmbd1000 attempt=68; retrying in 300s
START gemma-4b lmbd1000 GPUs=0,1,2,3 attempt=69 2026-07-27T23:44:01-04:00
FAILED gemma-4b lmbd1000 attempt=69; retrying in 300s
START gemma-4b lmbd1000 GPUs=0,1,2,3 attempt=70 2026-07-27T23:49:07-04:00
FAILED gemma-4b lmbd1000 attempt=70; retrying in 300s
START gemma-4b lmbd1000 GPUs=0,1,2,3 attempt=71 2026-07-27T23:54:12-04:00
FAILED gemma-4b lmbd1000 attempt=71; retrying in 300s
START gemma-4b lmbd1000 GPUs=0,1,2,3 attempt=72 2026-07-27T23:59:17-04:00
FAILED gemma-4b lmbd1000 attempt=72; retrying in 300s
START gemma-4b lmbd1000 GPUs=0,1,2,3 attempt=73 2026-07-28T00:04:22-04:00
FAILED gemma-4b lmbd1000 attempt=73; retrying in 300s
START gemma-4b lmbd1000 GPUs=0,1,2,3 attempt=74 2026-07-28T00:09:27-04:00
FAILED gemma-4b lmbd1000 attempt=74; retrying in 300s
START gemma-4b lmbd1000 GPUs=0,1,2,3 attempt=75 2026-07-28T00:14:32-04:00
FAILED gemma-4b lmbd1000 attempt=75; retrying in 300s
START gemma-4b lmbd1000 GPUs=0,1,2,3 attempt=76 2026-07-28T00:19:37-04:00
FAILED gemma-4b lmbd1000 attempt=76; retrying in 300s
START gemma-4b lmbd1000 GPUs=0,1,2,3 attempt=77 2026-07-28T00:24:42-04:00
FAILED gemma-4b lmbd1000 attempt=77; retrying in 300s
START gemma-4b lmbd1000 GPUs=0,1,2,3 attempt=78 2026-07-28T00:29:47-04:00
FAILED gemma-4b lmbd1000 attempt=78; retrying in 300s
START gemma-4b lmbd1000 GPUs=0,1,2,3 attempt=79 2026-07-28T00:34:52-04:00
FAILED gemma-4b lmbd1000 attempt=79; retrying in 300s
START gemma-4b lmbd1000 GPUs=0,1,2,3 attempt=80 2026-07-28T00:39:58-04:00
FAILED gemma-4b lmbd1000 attempt=80; retrying in 300s
START gemma-4b lmbd1000 GPUs=0,1,2,3 attempt=81 2026-07-28T00:45:03-04:00
FAILED gemma-4b lmbd1000 attempt=81; retrying in 300s
START gemma-4b lmbd1000 GPUs=0,1,2,3 attempt=82 2026-07-28T00:50:08-04:00
FAILED gemma-4b lmbd1000 attempt=82; retrying in 300s
START gemma-4b lmbd1000 GPUs=0,1,2,3 attempt=83 2026-07-28T00:55:13-04:00
FAILED gemma-4b lmbd1000 attempt=83; retrying in 300s
START gemma-4b lmbd1000 GPUs=0,1,2,3 attempt=84 2026-07-28T01:00:18-04:00
FAILED gemma-4b lmbd1000 attempt=84; retrying in 300s
START gemma-4b lmbd1000 GPUs=0,1,2,3 attempt=85 2026-07-28T01:05:23-04:00
FAILED gemma-4b lmbd1000 attempt=85; retrying in 300s
START gemma-4b lmbd1000 GPUs=0,1,2,3 attempt=86 2026-07-28T01:10:28-04:00
FAILED gemma-4b lmbd1000 attempt=86; retrying in 300s
START gemma-4b lmbd1000 GPUs=0,1,2,3 attempt=87 2026-07-28T01:15:33-04:00
FAILED gemma-4b lmbd1000 attempt=87; retrying in 300s
START gemma-4b lmbd1000 GPUs=0,1,2,3 attempt=88 2026-07-28T01:20:38-04:00
FAILED gemma-4b lmbd1000 attempt=88; retrying in 300s
START gemma-4b lmbd1000 GPUs=0,1,2,3 attempt=89 2026-07-28T01:25:44-04:00
FAILED gemma-4b lmbd1000 attempt=89; retrying in 300s
START gemma-4b lmbd1000 GPUs=0,1,2,3 attempt=90 2026-07-28T01:30:49-04:00
FAILED gemma-4b lmbd1000 attempt=90; retrying in 300s
START gemma-4b lmbd1000 GPUs=0,1,2,3 attempt=91 2026-07-28T01:35:54-04:00
FAILED gemma-4b lmbd1000 attempt=91; retrying in 300s
START gemma-4b lmbd1000 GPUs=0,1,2,3 attempt=92 2026-07-28T01:40:59-04:00
FAILED gemma-4b lmbd1000 attempt=92; retrying in 300s
START gemma-4b lmbd1000 GPUs=0,1,2,3 attempt=93 2026-07-28T01:46:04-04:00
FAILED gemma-4b lmbd1000 attempt=93; retrying in 300s
START gemma-4b lmbd1000 GPUs=0,1,2,3 attempt=94 2026-07-28T01:51:09-04:00
FAILED gemma-4b lmbd1000 attempt=94; retrying in 300s
START gemma-4b lmbd1000 GPUs=0,1,2,3 attempt=95 2026-07-28T01:56:14-04:00
FAILED gemma-4b lmbd1000 attempt=95; retrying in 300s
START gemma-4b lmbd1000 GPUs=0,1,2,3 attempt=96 2026-07-28T02:01:19-04:00
FAILED gemma-4b lmbd1000 attempt=96; retrying in 300s
START gemma-4b lmbd1000 GPUs=0,1,2,3 attempt=97 2026-07-28T02:06:24-04:00
FAILED gemma-4b lmbd1000 attempt=97; retrying in 300s
START gemma-4b lmbd1000 GPUs=0,1,2,3 attempt=98 2026-07-28T02:11:29-04:00
FAILED gemma-4b lmbd1000 attempt=98; retrying in 300s
START gemma-4b lmbd1000 GPUs=0,1,2,3 attempt=99 2026-07-28T02:16:34-04:00
FAILED gemma-4b lmbd1000 attempt=99; retrying in 300s
START gemma-4b lmbd1000 GPUs=0,1,2,3 attempt=100 2026-07-28T02:21:39-04:00
FAILED gemma-4b lmbd1000 attempt=100; retrying in 300s
START gemma-4b lmbd1000 GPUs=0,1,2,3 attempt=101 2026-07-28T02:26:44-04:00
FAILED gemma-4b lmbd1000 attempt=101; retrying in 300s
START gemma-4b lmbd1000 GPUs=0,1,2,3 attempt=102 2026-07-28T02:31:50-04:00
FAILED gemma-4b lmbd1000 attempt=102; retrying in 300s
START gemma-4b lmbd1000 GPUs=0,1,2,3 attempt=103 2026-07-28T02:36:55-04:00
FAILED gemma-4b lmbd1000 attempt=103; retrying in 300s
START gemma-4b lmbd1000 GPUs=0,1,2,3 attempt=104 2026-07-28T02:42:00-04:00
FAILED gemma-4b lmbd1000 attempt=104; retrying in 300s
START gemma-4b lmbd1000 GPUs=0,1,2,3 attempt=105 2026-07-28T02:47:05-04:00
FAILED gemma-4b lmbd1000 attempt=105; retrying in 300s
START gemma-4b lmbd1000 GPUs=0,1,2,3 attempt=106 2026-07-28T02:52:10-04:00
FAILED gemma-4b lmbd1000 attempt=106; retrying in 300s
START gemma-4b lmbd1000 GPUs=0,1,2,3 attempt=107 2026-07-28T02:57:15-04:00
FAILED gemma-4b lmbd1000 attempt=107; retrying in 300s
START gemma-4b lmbd1000 GPUs=0,1,2,3 attempt=108 2026-07-28T03:02:20-04:00
FAILED gemma-4b lmbd1000 attempt=108; retrying in 300s
START gemma-4b lmbd1000 GPUs=0,1,2,3 attempt=109 2026-07-28T03:07:25-04:00
FAILED gemma-4b lmbd1000 attempt=109; retrying in 300s
START gemma-4b lmbd1000 GPUs=0,1,2,3 attempt=110 2026-07-28T03:12:30-04:00
FAILED gemma-4b lmbd1000 attempt=110; retrying in 300s
START gemma-4b lmbd1000 GPUs=0,1,2,3 attempt=111 2026-07-28T03:17:35-04:00
FAILED gemma-4b lmbd1000 attempt=111; retrying in 300s
START gemma-4b lmbd1000 GPUs=0,1,2,3 attempt=112 2026-07-28T03:22:40-04:00
FAILED gemma-4b lmbd1000 attempt=112; retrying in 300s
START gemma-4b lmbd1000 GPUs=0,1,2,3 attempt=113 2026-07-28T03:27:45-04:00
FAILED gemma-4b lmbd1000 attempt=113; retrying in 300s
START gemma-4b lmbd1000 GPUs=0,1,2,3 attempt=114 2026-07-28T03:32:50-04:00
FAILED gemma-4b lmbd1000 attempt=114; retrying in 300s
START gemma-4b lmbd1000 GPUs=0,1,2,3 attempt=115 2026-07-28T03:37:56-04:00
FAILED gemma-4b lmbd1000 attempt=115; retrying in 300s
START gemma-4b lmbd1000 GPUs=0,1,2,3 attempt=116 2026-07-28T03:43:01-04:00
FAILED gemma-4b lmbd1000 attempt=116; retrying in 300s
START gemma-4b lmbd1000 GPUs=0,1,2,3 attempt=117 2026-07-28T03:48:06-04:00
FAILED gemma-4b lmbd1000 attempt=117; retrying in 300s
START gemma-4b lmbd1000 GPUs=0,1,2,3 attempt=118 2026-07-28T03:53:11-04:00
FAILED gemma-4b lmbd1000 attempt=118; retrying in 300s
START gemma-4b lmbd1000 GPUs=0,1,2,3 attempt=119 2026-07-28T03:58:16-04:00
FAILED gemma-4b lmbd1000 attempt=119; retrying in 300s
START gemma-4b lmbd1000 GPUs=0,1,2,3 attempt=120 2026-07-28T04:03:21-04:00
FAILED gemma-4b lmbd1000 attempt=120; retrying in 300s
START gemma-4b lmbd1000 GPUs=0,1,2,3 attempt=121 2026-07-28T04:08:26-04:00
FAILED gemma-4b lmbd1000 attempt=121; retrying in 300s
START gemma-4b lmbd1000 GPUs=0,1,2,3 attempt=122 2026-07-28T04:13:31-04:00
FAILED gemma-4b lmbd1000 attempt=122; retrying in 300s
START gemma-4b lmbd1000 GPUs=0,1,2,3 attempt=123 2026-07-28T04:18:36-04:00
FAILED gemma-4b lmbd1000 attempt=123; retrying in 300s
START gemma-4b lmbd1000 GPUs=0,1,2,3 attempt=124 2026-07-28T04:23:41-04:00
FAILED gemma-4b lmbd1000 attempt=124; retrying in 300s
START gemma-4b lmbd1000 GPUs=0,1,2,3 attempt=125 2026-07-28T04:28:46-04:00
FAILED gemma-4b lmbd1000 attempt=125; retrying in 300s
START gemma-4b lmbd1000 GPUs=0,1,2,3 attempt=126 2026-07-28T04:33:52-04:00
FAILED gemma-4b lmbd1000 attempt=126; retrying in 300s
START gemma-4b lmbd1000 GPUs=0,1,2,3 attempt=127 2026-07-28T04:38:57-04:00
FAILED gemma-4b lmbd1000 attempt=127; retrying in 300s
START gemma-4b lmbd1000 GPUs=0,1,2,3 attempt=128 2026-07-28T04:44:02-04:00
FAILED gemma-4b lmbd1000 attempt=128; retrying in 300s
START gemma-4b lmbd1000 GPUs=0,1,2,3 attempt=129 2026-07-28T04:49:07-04:00
FAILED gemma-4b lmbd1000 attempt=129; retrying in 300s
START gemma-4b lmbd1000 GPUs=0,1,2,3 attempt=130 2026-07-28T04:54:12-04:00
FAILED gemma-4b lmbd1000 attempt=130; retrying in 300s
START gemma-4b lmbd1000 GPUs=0,1,2,3 attempt=131 2026-07-28T04:59:17-04:00
FAILED gemma-4b lmbd1000 attempt=131; retrying in 300s
START gemma-4b lmbd1000 GPUs=0,1,2,3 attempt=132 2026-07-28T05:04:22-04:00
FAILED gemma-4b lmbd1000 attempt=132; retrying in 300s
START gemma-4b lmbd1000 GPUs=0,1,2,3 attempt=133 2026-07-28T05:09:27-04:00
FAILED gemma-4b lmbd1000 attempt=133; retrying in 300s
START gemma-4b lmbd1000 GPUs=0,1,2,3 attempt=134 2026-07-28T05:14:32-04:00
FAILED gemma-4b lmbd1000 attempt=134; retrying in 300s
START gemma-4b lmbd1000 GPUs=0,1,2,3 attempt=135 2026-07-28T05:19:37-04:00
FAILED gemma-4b lmbd1000 attempt=135; retrying in 300s
START gemma-4b lmbd1000 GPUs=0,1,2,3 attempt=136 2026-07-28T05:24:42-04:00
FAILED gemma-4b lmbd1000 attempt=136; retrying in 300s
START gemma-4b lmbd1000 GPUs=0,1,2,3 attempt=137 2026-07-28T05:29:48-04:00
FAILED gemma-4b lmbd1000 attempt=137; retrying in 300s
START gemma-4b lmbd1000 GPUs=0,1,2,3 attempt=138 2026-07-28T05:34:53-04:00
FAILED gemma-4b lmbd1000 attempt=138; retrying in 300s
START gemma-4b lmbd1000 GPUs=0,1,2,3 attempt=139 2026-07-28T05:39:58-04:00
FAILED gemma-4b lmbd1000 attempt=139; retrying in 300s
START gemma-4b lmbd1000 GPUs=0,1,2,3 attempt=140 2026-07-28T05:45:03-04:00
FAILED gemma-4b lmbd1000 attempt=140; retrying in 300s
START gemma-4b lmbd1000 GPUs=0,1,2,3 attempt=141 2026-07-28T05:50:08-04:00
FAILED gemma-4b lmbd1000 attempt=141; retrying in 300s
START gemma-4b lmbd1000 GPUs=0,1,2,3 attempt=142 2026-07-28T05:55:13-04:00
FAILED gemma-4b lmbd1000 attempt=142; retrying in 300s
START gemma-4b lmbd1000 GPUs=0,1,2,3 attempt=143 2026-07-28T06:00:18-04:00
FAILED gemma-4b lmbd1000 attempt=143; retrying in 300s
START gemma-4b lmbd1000 GPUs=0,1,2,3 attempt=144 2026-07-28T06:05:23-04:00
FAILED gemma-4b lmbd1000 attempt=144; retrying in 300s
START gemma-4b lmbd1000 GPUs=0,1,2,3 attempt=145 2026-07-28T06:10:28-04:00
FAILED gemma-4b lmbd1000 attempt=145; retrying in 300s
START gemma-4b lmbd1000 GPUs=0,1,2,3 attempt=146 2026-07-28T06:15:33-04:00
FAILED gemma-4b lmbd1000 attempt=146; retrying in 300s
START gemma-4b lmbd1000 GPUs=0,1,2,3 attempt=147 2026-07-28T06:20:38-04:00
FAILED gemma-4b lmbd1000 attempt=147; retrying in 300s
START gemma-4b lmbd1000 GPUs=0,1,2,3 attempt=148 2026-07-28T06:25:43-04:00
FAILED gemma-4b lmbd1000 attempt=148; retrying in 300s
START gemma-4b lmbd1000 GPUs=0,1,2,3 attempt=149 2026-07-28T06:30:49-04:00
FAILED gemma-4b lmbd1000 attempt=149; retrying in 300s
START gemma-4b lmbd1000 GPUs=0,1,2,3 attempt=150 2026-07-28T06:35:54-04:00
FAILED gemma-4b lmbd1000 attempt=150; retrying in 300s
START gemma-4b lmbd1000 GPUs=0,1,2,3 attempt=151 2026-07-28T06:40:59-04:00
FAILED gemma-4b lmbd1000 attempt=151; retrying in 300s
START gemma-4b lmbd1000 GPUs=0,1,2,3 attempt=152 2026-07-28T06:46:04-04:00
FAILED gemma-4b lmbd1000 attempt=152; retrying in 300s
START gemma-4b lmbd1000 GPUs=0,1,2,3 attempt=153 2026-07-28T06:51:09-04:00
FAILED gemma-4b lmbd1000 attempt=153; retrying in 300s
START gemma-4b lmbd1000 GPUs=0,1,2,3 attempt=154 2026-07-28T06:56:14-04:00
FAILED gemma-4b lmbd1000 attempt=154; retrying in 300s
START gemma-4b lmbd1000 GPUs=0,1,2,3 attempt=155 2026-07-28T07:01:19-04:00
FAILED gemma-4b lmbd1000 attempt=155; retrying in 300s
START gemma-4b lmbd1000 GPUs=0,1,2,3 attempt=156 2026-07-28T07:06:24-04:00
FAILED gemma-4b lmbd1000 attempt=156; retrying in 300s
START gemma-4b lmbd1000 GPUs=0,1,2,3 attempt=157 2026-07-28T07:11:29-04:00
FAILED gemma-4b lmbd1000 attempt=157; retrying in 300s
START gemma-4b lmbd1000 GPUs=0,1,2,3 attempt=158 2026-07-28T07:16:34-04:00
FAILED gemma-4b lmbd1000 attempt=158; retrying in 300s
START gemma-4b lmbd1000 GPUs=0,1,2,3 attempt=159 2026-07-28T07:21:39-04:00
FAILED gemma-4b lmbd1000 attempt=159; retrying in 300s
START gemma-4b lmbd1000 GPUs=0,1,2,3 attempt=160 2026-07-28T07:26:45-04:00
FAILED gemma-4b lmbd1000 attempt=160; retrying in 300s
START gemma-4b lmbd1000 GPUs=0,1,2,3 attempt=161 2026-07-28T07:31:50-04:00
FAILED gemma-4b lmbd1000 attempt=161; retrying in 300s
START gemma-4b lmbd1000 GPUs=0,1,2,3 attempt=162 2026-07-28T07:36:55-04:00
FAILED gemma-4b lmbd1000 attempt=162; retrying in 300s
START gemma-4b lmbd1000 GPUs=0,1,2,3 attempt=163 2026-07-28T07:42:00-04:00
FAILED gemma-4b lmbd1000 attempt=163; retrying in 300s
START gemma-4b lmbd1000 GPUs=0,1,2,3 attempt=164 2026-07-28T07:47:05-04:00
FAILED gemma-4b lmbd1000 attempt=164; retrying in 300s
START gemma-4b lmbd1000 GPUs=0,1,2,3 attempt=165 2026-07-28T07:52:10-04:00
FAILED gemma-4b lmbd1000 attempt=165; retrying in 300s
START gemma-4b lmbd1000 GPUs=0,1,2,3 attempt=166 2026-07-28T07:57:15-04:00
FAILED gemma-4b lmbd1000 attempt=166; retrying in 300s
START gemma-4b lmbd1000 GPUs=0,1,2,3 attempt=167 2026-07-28T08:02:20-04:00
FAILED gemma-4b lmbd1000 attempt=167; retrying in 300s
START gemma-4b lmbd1000 GPUs=0,1,2,3 attempt=168 2026-07-28T08:07:25-04:00
FAILED gemma-4b lmbd1000 attempt=168; retrying in 300s
START gemma-4b lmbd1000 GPUs=0,1,2,3 attempt=169 2026-07-28T08:12:30-04:00
FAILED gemma-4b lmbd1000 attempt=169; retrying in 300s
START gemma-4b lmbd1000 GPUs=0,1,2,3 attempt=170 2026-07-28T08:17:36-04:00
FAILED gemma-4b lmbd1000 attempt=170; retrying in 300s
START gemma-4b lmbd1000 GPUs=0,1,2,3 attempt=171 2026-07-28T08:22:41-04:00
FAILED gemma-4b lmbd1000 attempt=171; retrying in 300s
START gemma-4b lmbd1000 GPUs=0,1,2,3 attempt=172 2026-07-28T08:27:46-04:00
FAILED gemma-4b lmbd1000 attempt=172; retrying in 300s
START gemma-4b lmbd1000 GPUs=0,1,2,3 attempt=173 2026-07-28T08:32:51-04:00
FAILED gemma-4b lmbd1000 attempt=173; retrying in 300s
START gemma-4b lmbd1000 GPUs=0,1,2,3 attempt=174 2026-07-28T08:37:56-04:00
FAILED gemma-4b lmbd1000 attempt=174; retrying in 300s
START gemma-4b lmbd1000 GPUs=0,1,2,3 attempt=175 2026-07-28T08:43:01-04:00
FAILED gemma-4b lmbd1000 attempt=175; retrying in 300s
START gemma-4b lmbd1000 GPUs=0,1,2,3 attempt=176 2026-07-28T08:48:06-04:00
FAILED gemma-4b lmbd1000 attempt=176; retrying in 300s
START gemma-4b lmbd1000 GPUs=0,1,2,3 attempt=177 2026-07-28T08:53:11-04:00
FAILED gemma-4b lmbd1000 attempt=177; retrying in 300s
START gemma-4b lmbd1000 GPUs=0,1,2,3 attempt=178 2026-07-28T08:58:16-04:00
FAILED gemma-4b lmbd1000 attempt=178; retrying in 300s
START gemma-4b lmbd1000 GPUs=0,1,2,3 attempt=179 2026-07-28T09:03:21-04:00
FAILED gemma-4b lmbd1000 attempt=179; retrying in 300s
START gemma-4b lmbd1000 GPUs=0,1,2,3 attempt=180 2026-07-28T09:08:27-04:00
FAILED gemma-4b lmbd1000 attempt=180; retrying in 300s
START gemma-4b lmbd1000 GPUs=0,1,2,3 attempt=181 2026-07-28T09:13:32-04:00
FAILED gemma-4b lmbd1000 attempt=181; retrying in 300s
START gemma-4b lmbd1000 GPUs=0,1,2,3 attempt=182 2026-07-28T09:18:37-04:00
FAILED gemma-4b lmbd1000 attempt=182; retrying in 300s
START gemma-4b lmbd1000 GPUs=0,1,2,3 attempt=183 2026-07-28T09:23:42-04:00
FAILED gemma-4b lmbd1000 attempt=183; retrying in 300s
START gemma-4b lmbd1000 GPUs=0,1,2,3 attempt=184 2026-07-28T09:28:47-04:00
FAILED gemma-4b lmbd1000 attempt=184; retrying in 300s
START gemma-4b lmbd1000 GPUs=0,1,2,3 attempt=185 2026-07-28T09:33:52-04:00
FAILED gemma-4b lmbd1000 attempt=185; retrying in 300s
START gemma-4b lmbd1000 GPUs=0,1,2,3 attempt=186 2026-07-28T09:38:57-04:00
FAILED gemma-4b lmbd1000 attempt=186; retrying in 300s
START gemma-4b lmbd1000 GPUs=0,1,2,3 attempt=187 2026-07-28T09:44:02-04:00
FAILED gemma-4b lmbd1000 attempt=187; retrying in 300s
START gemma-4b lmbd1000 GPUs=0,1,2,3 attempt=188 2026-07-28T09:49:07-04:00
FAILED gemma-4b lmbd1000 attempt=188; retrying in 300s
START gemma-4b lmbd1000 GPUs=0,1,2,3 attempt=189 2026-07-28T09:54:12-04:00
FAILED gemma-4b lmbd1000 attempt=189; retrying in 300s
START gemma-4b lmbd1000 GPUs=0,1,2,3 attempt=190 2026-07-28T09:59:18-04:00
FAILED gemma-4b lmbd1000 attempt=190; retrying in 300s
START gemma-4b lmbd1000 GPUs=0,1,2,3 attempt=191 2026-07-28T10:04:23-04:00
FAILED gemma-4b lmbd1000 attempt=191; retrying in 300s
START gemma-4b lmbd1000 GPUs=0,1,2,3 attempt=192 2026-07-28T10:09:28-04:00
FAILED gemma-4b lmbd1000 attempt=192; retrying in 300s
START gemma-4b lmbd1000 GPUs=0,1,2,3 attempt=193 2026-07-28T10:14:33-04:00
FAILED gemma-4b lmbd1000 attempt=193; retrying in 300s
START gemma-4b lmbd1000 GPUs=0,1,2,3 attempt=194 2026-07-28T10:19:38-04:00
FAILED gemma-4b lmbd1000 attempt=194; retrying in 300s
START gemma-4b lmbd1000 GPUs=0,1,2,3 attempt=195 2026-07-28T10:24:43-04:00
FAILED gemma-4b lmbd1000 attempt=195; retrying in 300s
START gemma-4b lmbd1000 GPUs=0,1,2,3 attempt=196 2026-07-28T10:29:48-04:00
FAILED gemma-4b lmbd1000 attempt=196; retrying in 300s
START gemma-4b lmbd1000 GPUs=0,1,2,3 attempt=197 2026-07-28T10:34:53-04:00
FAILED gemma-4b lmbd1000 attempt=197; retrying in 300s
START gemma-4b lmbd1000 GPUs=0,1,2,3 attempt=198 2026-07-28T10:39:58-04:00
FAILED gemma-4b lmbd1000 attempt=198; retrying in 300s
START gemma-4b lmbd1000 GPUs=0,1,2,3 attempt=199 2026-07-28T10:45:04-04:00
FAILED gemma-4b lmbd1000 attempt=199; retrying in 300s
START gemma-4b lmbd1000 GPUs=0,1,2,3 attempt=200 2026-07-28T10:50:09-04:00
FAILED gemma-4b lmbd1000 attempt=200; retrying in 300s
START gemma-4b lmbd1000 GPUs=0,1,2,3 attempt=201 2026-07-28T10:55:14-04:00
FAILED gemma-4b lmbd1000 attempt=201; retrying in 300s
START gemma-4b lmbd1000 GPUs=0,1,2,3 attempt=202 2026-07-28T11:00:19-04:00
FAILED gemma-4b lmbd1000 attempt=202; retrying in 300s
START gemma-4b lmbd1000 GPUs=0,1,2,3 attempt=203 2026-07-28T11:05:24-04:00
FAILED gemma-4b lmbd1000 attempt=203; retrying in 300s
START gemma-4b lmbd1000 GPUs=0,1,2,3 attempt=204 2026-07-28T11:10:29-04:00
FAILED gemma-4b lmbd1000 attempt=204; retrying in 300s
START gemma-4b lmbd1000 GPUs=0,1,2,3 attempt=205 2026-07-28T11:15:34-04:00
FAILED gemma-4b lmbd1000 attempt=205; retrying in 300s
START gemma-4b lmbd1000 GPUs=0,1,2,3 attempt=206 2026-07-28T11:20:39-04:00
FAILED gemma-4b lmbd1000 attempt=206; retrying in 300s
START gemma-4b lmbd1000 GPUs=0,1,2,3 attempt=207 2026-07-28T11:25:44-04:00
FAILED gemma-4b lmbd1000 attempt=207; retrying in 300s
START gemma-4b lmbd1000 GPUs=0,1,2,3 attempt=208 2026-07-28T11:30:49-04:00
FAILED gemma-4b lmbd1000 attempt=208; retrying in 300s
START gemma-4b lmbd1000 GPUs=0,1,2,3 attempt=209 2026-07-28T11:35:55-04:00
FAILED gemma-4b lmbd1000 attempt=209; retrying in 300s
START gemma-4b lmbd1000 GPUs=0,1,2,3 attempt=210 2026-07-28T11:41:00-04:00
FAILED gemma-4b lmbd1000 attempt=210; retrying in 300s
START gemma-4b lmbd1000 GPUs=0,1,2,3 attempt=211 2026-07-28T11:46:05-04:00
FAILED gemma-4b lmbd1000 attempt=211; retrying in 300s
START gemma-4b lmbd1000 GPUs=0,1,2,3 attempt=212 2026-07-28T11:51:10-04:00
FAILED gemma-4b lmbd1000 attempt=212; retrying in 300s
START gemma-4b lmbd1000 GPUs=0,1,2,3 attempt=213 2026-07-28T11:56:15-04:00
FAILED gemma-4b lmbd1000 attempt=213; retrying in 300s
START gemma-4b lmbd1000 GPUs=0,1,2,3 attempt=214 2026-07-28T12:01:20-04:00
FAILED gemma-4b lmbd1000 attempt=214; retrying in 300s
START gemma-4b lmbd1000 GPUs=0,1,2,3 attempt=215 2026-07-28T12:06:25-04:00
FAILED gemma-4b lmbd1000 attempt=215; retrying in 300s
START gemma-4b lmbd1000 GPUs=0,1,2,3 attempt=216 2026-07-28T12:11:30-04:00
FAILED gemma-4b lmbd1000 attempt=216; retrying in 300s
START gemma-4b lmbd1000 GPUs=0,1,2,3 attempt=217 2026-07-28T12:16:35-04:00
FAILED gemma-4b lmbd1000 attempt=217; retrying in 300s
START gemma-4b lmbd1000 GPUs=0,1,2,3 attempt=218 2026-07-28T12:21:40-04:00
FAILED gemma-4b lmbd1000 attempt=218; retrying in 300s
START gemma-4b lmbd1000 GPUs=0,1,2,3 attempt=219 2026-07-28T12:26:45-04:00
FAILED gemma-4b lmbd1000 attempt=219; retrying in 300s
START gemma-4b lmbd1000 GPUs=0,1,2,3 attempt=220 2026-07-28T12:31:50-04:00
FAILED gemma-4b lmbd1000 attempt=220; retrying in 300s
START gemma-4b lmbd1000 GPUs=0,1,2,3 attempt=221 2026-07-28T12:36:56-04:00
FAILED gemma-4b lmbd1000 attempt=221; retrying in 300s
START gemma-4b lmbd1000 GPUs=0,1,2,3 attempt=222 2026-07-28T12:42:01-04:00
FAILED gemma-4b lmbd1000 attempt=222; retrying in 300s
START gemma-4b lmbd1000 GPUs=0,1,2,3 attempt=223 2026-07-28T12:47:06-04:00
FAILED gemma-4b lmbd1000 attempt=223; retrying in 300s
START gemma-4b lmbd1000 GPUs=0,1,2,3 attempt=224 2026-07-28T12:52:11-04:00
FAILED gemma-4b lmbd1000 attempt=224; retrying in 300s
START gemma-4b lmbd1000 GPUs=0,1,2,3 attempt=225 2026-07-28T12:57:16-04:00
FAILED gemma-4b lmbd1000 attempt=225; retrying in 300s
START gemma-4b lmbd1000 GPUs=0,1,2,3 attempt=226 2026-07-28T13:02:21-04:00
FAILED gemma-4b lmbd1000 attempt=226; retrying in 300s
START gemma-4b lmbd1000 GPUs=0,1,2,3 attempt=227 2026-07-28T13:07:26-04:00
FAILED gemma-4b lmbd1000 attempt=227; retrying in 300s
START gemma-4b lmbd1000 GPUs=0,1,2,3 attempt=228 2026-07-28T13:12:31-04:00
FAILED gemma-4b lmbd1000 attempt=228; retrying in 300s
START gemma-4b lmbd1000 GPUs=0,1,2,3 attempt=229 2026-07-28T13:17:36-04:00
FAILED gemma-4b lmbd1000 attempt=229; retrying in 300s
START gemma-4b lmbd1000 GPUs=0,1,2,3 attempt=230 2026-07-28T13:22:41-04:00
FAILED gemma-4b lmbd1000 attempt=230; retrying in 300s
START gemma-4b lmbd1000 GPUs=0,1,2,3 attempt=231 2026-07-28T13:27:46-04:00
FAILED gemma-4b lmbd1000 attempt=231; retrying in 300s
START gemma-4b lmbd1000 GPUs=0,1,2,3 attempt=232 2026-07-28T13:32:51-04:00
FAILED gemma-4b lmbd1000 attempt=232; retrying in 300s
START gemma-4b lmbd1000 GPUs=0,1,2,3 attempt=233 2026-07-28T13:37:56-04:00
FAILED gemma-4b lmbd1000 attempt=233; retrying in 300s
START gemma-4b lmbd1000 GPUs=0,1,2,3 attempt=234 2026-07-28T13:43:01-04:00
FAILED gemma-4b lmbd1000 attempt=234; retrying in 300s
START gemma-4b lmbd1000 GPUs=0,1,2,3 attempt=235 2026-07-28T13:48:07-04:00
FAILED gemma-4b lmbd1000 attempt=235; retrying in 300s
START gemma-4b lmbd1000 GPUs=0,1,2,3 attempt=236 2026-07-28T13:53:12-04:00
FAILED gemma-4b lmbd1000 attempt=236; retrying in 300s
START gemma-4b lmbd1000 GPUs=0,1,2,3 attempt=237 2026-07-28T13:58:17-04:00
FAILED gemma-4b lmbd1000 attempt=237; retrying in 300s
START gemma-4b lmbd1000 GPUs=0,1,2,3 attempt=238 2026-07-28T14:03:22-04:00
FAILED gemma-4b lmbd1000 attempt=238; retrying in 300s
START gemma-4b lmbd1000 GPUs=0,1,2,3 attempt=239 2026-07-28T14:08:27-04:00
FAILED gemma-4b lmbd1000 attempt=239; retrying in 300s
START gemma-4b lmbd1000 GPUs=0,1,2,3 attempt=240 2026-07-28T14:13:32-04:00
FAILED gemma-4b lmbd1000 attempt=240; retrying in 300s
START gemma-4b lmbd1000 GPUs=0,1,2,3 attempt=241 2026-07-28T14:18:37-04:00
FAILED gemma-4b lmbd1000 attempt=241; retrying in 300s
START gemma-4b lmbd1000 GPUs=0,1,2,3 attempt=242 2026-07-28T14:23:42-04:00
FAILED gemma-4b lmbd1000 attempt=242; retrying in 300s
START gemma-4b lmbd1000 GPUs=0,1,2,3 attempt=243 2026-07-28T14:28:47-04:00
FAILED gemma-4b lmbd1000 attempt=243; retrying in 300s
START gemma-4b lmbd1000 GPUs=0,1,2,3 attempt=244 2026-07-28T14:33:52-04:00
FAILED gemma-4b lmbd1000 attempt=244; retrying in 300s
START gemma-4b lmbd1000 GPUs=0,1,2,3 attempt=245 2026-07-28T14:38:57-04:00
FAILED gemma-4b lmbd1000 attempt=245; retrying in 300s
START gemma-4b lmbd1000 GPUs=0,1,2,3 attempt=246 2026-07-28T14:44:02-04:00
FAILED gemma-4b lmbd1000 attempt=246; retrying in 300s
START gemma-4b lmbd1000 GPUs=0,1,2,3 attempt=247 2026-07-28T14:49:07-04:00
FAILED gemma-4b lmbd1000 attempt=247; retrying in 300s
START gemma-4b lmbd1000 GPUs=0,1,2,3 attempt=248 2026-07-28T14:54:13-04:00
FAILED gemma-4b lmbd1000 attempt=248; retrying in 300s
START gemma-4b lmbd1000 GPUs=0,1,2,3 attempt=249 2026-07-28T14:59:18-04:00
FAILED gemma-4b lmbd1000 attempt=249; retrying in 300s
START gemma-4b lmbd1000 GPUs=0,1,2,3 attempt=250 2026-07-28T15:04:23-04:00
FAILED gemma-4b lmbd1000 attempt=250; retrying in 300s
START gemma-4b lmbd1000 GPUs=0,1,2,3 attempt=251 2026-07-28T15:09:28-04:00
FAILED gemma-4b lmbd1000 attempt=251; retrying in 300s
START gemma-4b lmbd1000 GPUs=0,1,2,3 attempt=252 2026-07-28T15:14:33-04:00
FAILED gemma-4b lmbd1000 attempt=252; retrying in 300s
START gemma-4b lmbd1000 GPUs=0,1,2,3 attempt=253 2026-07-28T15:19:38-04:00
FAILED gemma-4b lmbd1000 attempt=253; retrying in 300s
START gemma-4b lmbd1000 GPUs=0,1,2,3 attempt=254 2026-07-28T15:24:43-04:00
FAILED gemma-4b lmbd1000 attempt=254; retrying in 300s
START gemma-4b lmbd1000 GPUs=0,1,2,3 attempt=255 2026-07-28T15:29:48-04:00
FAILED gemma-4b lmbd1000 attempt=255; retrying in 300s
START gemma-4b lmbd1000 GPUs=0,1,2,3 attempt=256 2026-07-28T15:34:53-04:00
FAILED gemma-4b lmbd1000 attempt=256; retrying in 300s
START gemma-4b lmbd1000 GPUs=0,1,2,3 attempt=257 2026-07-28T15:39:58-04:00
FAILED gemma-4b lmbd1000 attempt=257; retrying in 300s
START gemma-4b lmbd1000 GPUs=0,1,2,3 attempt=258 2026-07-28T15:45:03-04:00
FAILED gemma-4b lmbd1000 attempt=258; retrying in 300s
START gemma-4b lmbd1000 GPUs=0,1,2,3 attempt=259 2026-07-28T15:50:08-04:00
FAILED gemma-4b lmbd1000 attempt=259; retrying in 300s
START gemma-4b lmbd1000 GPUs=0,1,2,3 attempt=260 2026-07-28T15:55:14-04:00
FAILED gemma-4b lmbd1000 attempt=260; retrying in 300s
START gemma-4b lmbd1000 GPUs=0,1,2,3 attempt=261 2026-07-28T16:00:19-04:00
FAILED gemma-4b lmbd1000 attempt=261; retrying in 300s
START gemma-4b lmbd1000 GPUs=0,1,2,3 attempt=262 2026-07-28T16:05:24-04:00
FAILED gemma-4b lmbd1000 attempt=262; retrying in 300s
START gemma-4b lmbd1000 GPUs=0,1,2,3 attempt=263 2026-07-28T16:10:29-04:00
FAILED gemma-4b lmbd1000 attempt=263; retrying in 300s
START gemma-4b lmbd1000 GPUs=0,1,2,3 attempt=264 2026-07-28T16:15:34-04:00
FAILED gemma-4b lmbd1000 attempt=264; retrying in 300s
START gemma-4b lmbd1000 GPUs=0,1,2,3 attempt=265 2026-07-28T16:20:39-04:00
FAILED gemma-4b lmbd1000 attempt=265; retrying in 300s
START gemma-4b lmbd1000 GPUs=0,1,2,3 attempt=266 2026-07-28T16:25:44-04:00
FAILED gemma-4b lmbd1000 attempt=266; retrying in 300s
START gemma-4b lmbd1000 GPUs=0,1,2,3 attempt=267 2026-07-28T16:30:49-04:00
FAILED gemma-4b lmbd1000 attempt=267; retrying in 300s
START gemma-4b lmbd1000 GPUs=0,1,2,3 attempt=268 2026-07-28T16:35:54-04:00
FAILED gemma-4b lmbd1000 attempt=268; retrying in 300s
START gemma-4b lmbd1000 GPUs=0,1,2,3 attempt=269 2026-07-28T16:41:00-04:00
FAILED gemma-4b lmbd1000 attempt=269; retrying in 300s
START gemma-4b lmbd1000 GPUs=0,1,2,3 attempt=270 2026-07-28T16:46:05-04:00
FAILED gemma-4b lmbd1000 attempt=270; retrying in 300s
START gemma-4b lmbd1000 GPUs=0,1,2,3 attempt=271 2026-07-28T16:51:10-04:00
FAILED gemma-4b lmbd1000 attempt=271; retrying in 300s
START gemma-4b lmbd1000 GPUs=0,1,2,3 attempt=272 2026-07-28T16:56:15-04:00
FAILED gemma-4b lmbd1000 attempt=272; retrying in 300s
START gemma-4b lmbd1000 GPUs=0,1,2,3 attempt=273 2026-07-28T17:01:20-04:00
FAILED gemma-4b lmbd1000 attempt=273; retrying in 300s
START gemma-4b lmbd1000 GPUs=0,1,2,3 attempt=274 2026-07-28T17:06:25-04:00
FAILED gemma-4b lmbd1000 attempt=274; retrying in 300s
START gemma-4b lmbd1000 GPUs=0,1,2,3 attempt=275 2026-07-28T17:11:30-04:00
FAILED gemma-4b lmbd1000 attempt=275; retrying in 300s
START gemma-4b lmbd1000 GPUs=0,1,2,3 attempt=276 2026-07-28T17:16:35-04:00
FAILED gemma-4b lmbd1000 attempt=276; retrying in 300s
START gemma-4b lmbd1000 GPUs=0,1,2,3 attempt=277 2026-07-28T17:21:40-04:00
FAILED gemma-4b lmbd1000 attempt=277; retrying in 300s
START gemma-4b lmbd1000 GPUs=0,1,2,3 attempt=278 2026-07-28T17:26:45-04:00
FAILED gemma-4b lmbd1000 attempt=278; retrying in 300s
START gemma-4b lmbd1000 GPUs=0,1,2,3 attempt=279 2026-07-28T17:31:50-04:00
FAILED gemma-4b lmbd1000 attempt=279; retrying in 300s
START gemma-4b lmbd1000 GPUs=0,1,2,3 attempt=280 2026-07-28T17:36:55-04:00
FAILED gemma-4b lmbd1000 attempt=280; retrying in 300s
START gemma-4b lmbd1000 GPUs=0,1,2,3 attempt=281 2026-07-28T17:42:00-04:00
FAILED gemma-4b lmbd1000 attempt=281; retrying in 300s
START gemma-4b lmbd1000 GPUs=0,1,2,3 attempt=282 2026-07-28T17:47:06-04:00
FAILED gemma-4b lmbd1000 attempt=282; retrying in 300s
START gemma-4b lmbd1000 GPUs=0,1,2,3 attempt=283 2026-07-28T17:52:11-04:00
FAILED gemma-4b lmbd1000 attempt=283; retrying in 300s
START gemma-4b lmbd1000 GPUs=0,1,2,3 attempt=284 2026-07-28T17:57:16-04:00
FAILED gemma-4b lmbd1000 attempt=284; retrying in 300s
START gemma-4b lmbd1000 GPUs=0,1,2,3 attempt=285 2026-07-28T18:02:21-04:00
FAILED gemma-4b lmbd1000 attempt=285; retrying in 300s
START gemma-4b lmbd1000 GPUs=0,1,2,3 attempt=286 2026-07-28T18:07:26-04:00
FAILED gemma-4b lmbd1000 attempt=286; retrying in 300s
START gemma-4b lmbd1000 GPUs=0,1,2,3 attempt=287 2026-07-28T18:12:31-04:00
FAILED gemma-4b lmbd1000 attempt=287; retrying in 300s
START gemma-4b lmbd1000 GPUs=0,1,2,3 attempt=288 2026-07-28T18:17:36-04:00
FAILED gemma-4b lmbd1000 attempt=288; retrying in 300s
START gemma-4b lmbd1000 GPUs=0,1,2,3 attempt=289 2026-07-28T18:22:41-04:00
FAILED gemma-4b lmbd1000 attempt=289; retrying in 300s
START gemma-4b lmbd1000 GPUs=0,1,2,3 attempt=290 2026-07-28T18:27:46-04:00
FAILED gemma-4b lmbd1000 attempt=290; retrying in 300s
START gemma-4b lmbd1000 GPUs=0,1,2,3 attempt=291 2026-07-28T18:32:51-04:00
FAILED gemma-4b lmbd1000 attempt=291; retrying in 300s
START gemma-4b lmbd1000 GPUs=0,1,2,3 attempt=292 2026-07-28T18:37:57-04:00
FAILED gemma-4b lmbd1000 attempt=292; retrying in 300s
START gemma-4b lmbd1000 GPUs=0,1,2,3 attempt=293 2026-07-28T18:43:02-04:00
FAILED gemma-4b lmbd1000 attempt=293; retrying in 300s
START gemma-4b lmbd1000 GPUs=0,1,2,3 attempt=294 2026-07-28T18:48:07-04:00
FAILED gemma-4b lmbd1000 attempt=294; retrying in 300s
START gemma-4b lmbd1000 GPUs=0,1,2,3 attempt=295 2026-07-28T18:53:12-04:00
FAILED gemma-4b lmbd1000 attempt=295; retrying in 300s
START gemma-4b lmbd1000 GPUs=0,1,2,3 attempt=296 2026-07-28T18:58:17-04:00
FAILED gemma-4b lmbd1000 attempt=296; retrying in 300s
START gemma-4b lmbd1000 GPUs=0,1,2,3 attempt=297 2026-07-28T19:03:22-04:00
FAILED gemma-4b lmbd1000 attempt=297; retrying in 300s
START gemma-4b lmbd1000 GPUs=0,1,2,3 attempt=298 2026-07-28T19:08:27-04:00
FAILED gemma-4b lmbd1000 attempt=298; retrying in 300s
START gemma-4b lmbd1000 GPUs=0,1,2,3 attempt=299 2026-07-28T19:13:32-04:00
FAILED gemma-4b lmbd1000 attempt=299; retrying in 300s
START gemma-4b lmbd1000 GPUs=0,1,2,3 attempt=300 2026-07-28T19:18:37-04:00
FAILED gemma-4b lmbd1000 attempt=300; retrying in 300s
START gemma-4b lmbd1000 GPUs=0,1,2,3 attempt=301 2026-07-28T19:23:42-04:00
FAILED gemma-4b lmbd1000 attempt=301; retrying in 300s
START gemma-4b lmbd1000 GPUs=0,1,2,3 attempt=302 2026-07-28T19:28:47-04:00
FAILED gemma-4b lmbd1000 attempt=302; retrying in 300s
START gemma-4b lmbd1000 GPUs=0,1,2,3 attempt=303 2026-07-28T19:33:52-04:00
FAILED gemma-4b lmbd1000 attempt=303; retrying in 300s
START gemma-4b lmbd1000 GPUs=0,1,2,3 attempt=304 2026-07-28T19:38:57-04:00
FAILED gemma-4b lmbd1000 attempt=304; retrying in 300s
START gemma-4b lmbd1000 GPUs=0,1,2,3 attempt=305 2026-07-28T19:44:02-04:00
FAILED gemma-4b lmbd1000 attempt=305; retrying in 300s
START gemma-4b lmbd1000 GPUs=0,1,2,3 attempt=306 2026-07-28T19:49:08-04:00
FAILED gemma-4b lmbd1000 attempt=306; retrying in 300s
START gemma-4b lmbd1000 GPUs=0,1,2,3 attempt=307 2026-07-28T19:54:13-04:00
FAILED gemma-4b lmbd1000 attempt=307; retrying in 300s
START gemma-4b lmbd1000 GPUs=0,1,2,3 attempt=308 2026-07-28T19:59:18-04:00
FAILED gemma-4b lmbd1000 attempt=308; retrying in 300s
START gemma-4b lmbd1000 GPUs=0,1,2,3 attempt=309 2026-07-28T20:04:23-04:00
FAILED gemma-4b lmbd1000 attempt=309; retrying in 300s
START gemma-4b lmbd1000 GPUs=0,1,2,3 attempt=310 2026-07-28T20:09:28-04:00
FAILED gemma-4b lmbd1000 attempt=310; retrying in 300s
START gemma-4b lmbd1000 GPUs=0,1,2,3 attempt=311 2026-07-28T20:14:33-04:00
FAILED gemma-4b lmbd1000 attempt=311; retrying in 300s
START gemma-4b lmbd1000 GPUs=0,1,2,3 attempt=312 2026-07-28T20:19:38-04:00
FAILED gemma-4b lmbd1000 attempt=312; retrying in 300s
START gemma-4b lmbd1000 GPUs=0,1,2,3 attempt=313 2026-07-28T20:24:43-04:00
FAILED gemma-4b lmbd1000 attempt=313; retrying in 300s
START gemma-4b lmbd1000 GPUs=0,1,2,3 attempt=314 2026-07-28T20:29:48-04:00
FAILED gemma-4b lmbd1000 attempt=314; retrying in 300s
START gemma-4b lmbd1000 GPUs=0,1,2,3 attempt=315 2026-07-28T20:34:53-04:00
FAILED gemma-4b lmbd1000 attempt=315; retrying in 300s
START gemma-4b lmbd1000 GPUs=0,1,2,3 attempt=316 2026-07-28T20:39:58-04:00
FAILED gemma-4b lmbd1000 attempt=316; retrying in 300s
START gemma-4b lmbd1000 GPUs=0,1,2,3 attempt=317 2026-07-28T20:45:04-04:00
FAILED gemma-4b lmbd1000 attempt=317; retrying in 300s
START gemma-4b lmbd1000 GPUs=0,1,2,3 attempt=318 2026-07-28T20:50:09-04:00
FAILED gemma-4b lmbd1000 attempt=318; retrying in 300s
START gemma-4b lmbd1000 GPUs=0,1,2,3 attempt=319 2026-07-28T20:55:14-04:00
FAILED gemma-4b lmbd1000 attempt=319; retrying in 300s
START gemma-4b lmbd1000 GPUs=0,1,2,3 attempt=320 2026-07-28T21:00:19-04:00
FAILED gemma-4b lmbd1000 attempt=320; retrying in 300s
START gemma-4b lmbd1000 GPUs=0,1,2,3 attempt=321 2026-07-28T21:05:24-04:00
FAILED gemma-4b lmbd1000 attempt=321; retrying in 300s
START gemma-4b lmbd1000 GPUs=0,1,2,3 attempt=322 2026-07-28T21:10:29-04:00
FAILED gemma-4b lmbd1000 attempt=322; retrying in 300s
START gemma-4b lmbd1000 GPUs=0,1,2,3 attempt=323 2026-07-28T21:15:34-04:00
FAILED gemma-4b lmbd1000 attempt=323; retrying in 300s
START gemma-4b lmbd1000 GPUs=0,1,2,3 attempt=324 2026-07-28T21:20:39-04:00
FAILED gemma-4b lmbd1000 attempt=324; retrying in 300s
START gemma-4b lmbd1000 GPUs=0,1,2,3 attempt=325 2026-07-28T21:25:44-04:00
FAILED gemma-4b lmbd1000 attempt=325; retrying in 300s
START gemma-4b lmbd1000 GPUs=0,1,2,3 attempt=326 2026-07-28T21:30:50-04:00
FAILED gemma-4b lmbd1000 attempt=326; retrying in 300s
START gemma-4b lmbd1000 GPUs=0,1,2,3 attempt=327 2026-07-28T21:35:55-04:00
FAILED gemma-4b lmbd1000 attempt=327; retrying in 300s
START gemma-4b lmbd1000 GPUs=0,1,2,3 attempt=328 2026-07-28T21:41:00-04:00
FAILED gemma-4b lmbd1000 attempt=328; retrying in 300s
START gemma-4b lmbd1000 GPUs=0,1,2,3 attempt=329 2026-07-28T21:46:05-04:00
FAILED gemma-4b lmbd1000 attempt=329; retrying in 300s
START gemma-4b lmbd1000 GPUs=0,1,2,3 attempt=330 2026-07-28T21:51:10-04:00
FAILED gemma-4b lmbd1000 attempt=330; retrying in 300s
START gemma-4b lmbd1000 GPUs=0,1,2,3 attempt=331 2026-07-28T21:56:15-04:00
FAILED gemma-4b lmbd1000 attempt=331; retrying in 300s
START gemma-4b lmbd1000 GPUs=0,1,2,3 attempt=332 2026-07-28T22:01:20-04:00
FAILED gemma-4b lmbd1000 attempt=332; retrying in 300s
START gemma-4b lmbd1000 GPUs=0,1,2,3 attempt=333 2026-07-28T22:06:25-04:00
FAILED gemma-4b lmbd1000 attempt=333; retrying in 300s
START gemma-4b lmbd1000 GPUs=0,1,2,3 attempt=334 2026-07-28T22:11:30-04:00
FAILED gemma-4b lmbd1000 attempt=334; retrying in 300s
START gemma-4b lmbd1000 GPUs=0,1,2,3 attempt=335 2026-07-28T22:16:35-04:00
FAILED gemma-4b lmbd1000 attempt=335; retrying in 300s
START gemma-4b lmbd1000 GPUs=0,1,2,3 attempt=336 2026-07-28T22:21:40-04:00
FAILED gemma-4b lmbd1000 attempt=336; retrying in 300s
START gemma-4b lmbd1000 GPUs=0,1,2,3 attempt=337 2026-07-28T22:26:45-04:00
FAILED gemma-4b lmbd1000 attempt=337; retrying in 300s
START gemma-4b lmbd1000 GPUs=0,1,2,3 attempt=338 2026-07-28T22:31:50-04:00
FAILED gemma-4b lmbd1000 attempt=338; retrying in 300s
START gemma-4b lmbd1000 GPUs=0,1,2,3 attempt=339 2026-07-28T22:36:56-04:00
FAILED gemma-4b lmbd1000 attempt=339; retrying in 300s
START gemma-4b lmbd1000 GPUs=0,1,2,3 attempt=340 2026-07-28T22:42:01-04:00
FAILED gemma-4b lmbd1000 attempt=340; retrying in 300s
START gemma-4b lmbd1000 GPUs=0,1,2,3 attempt=341 2026-07-28T22:47:06-04:00
FAILED gemma-4b lmbd1000 attempt=341; retrying in 300s
START gemma-4b lmbd1000 GPUs=0,1,2,3 attempt=342 2026-07-28T22:52:11-04:00
FAILED gemma-4b lmbd1000 attempt=342; retrying in 300s
START gemma-4b lmbd1000 GPUs=0,1,2,3 attempt=343 2026-07-28T22:57:16-04:00
FAILED gemma-4b lmbd1000 attempt=343; retrying in 300s
START gemma-4b lmbd1000 GPUs=0,1,2,3 attempt=344 2026-07-28T23:02:21-04:00
FAILED gemma-4b lmbd1000 attempt=344; retrying in 300s
START gemma-4b lmbd1000 GPUs=0,1,2,3 attempt=345 2026-07-28T23:07:26-04:00
FAILED gemma-4b lmbd1000 attempt=345; retrying in 300s
START gemma-4b lmbd1000 GPUs=0,1,2,3 attempt=346 2026-07-28T23:12:31-04:00
FAILED gemma-4b lmbd1000 attempt=346; retrying in 300s
START gemma-4b lmbd1000 GPUs=0,1,2,3 attempt=347 2026-07-28T23:17:36-04:00
FAILED gemma-4b lmbd1000 attempt=347; retrying in 300s
START gemma-4b lmbd1000 GPUs=0,1,2,3 attempt=348 2026-07-28T23:22:41-04:00
FAILED gemma-4b lmbd1000 attempt=348; retrying in 300s
START gemma-4b lmbd1000 GPUs=0,1,2,3 attempt=349 2026-07-28T23:27:46-04:00
FAILED gemma-4b lmbd1000 attempt=349; retrying in 300s
START gemma-4b lmbd1000 GPUs=0,1,2,3 attempt=350 2026-07-28T23:32:51-04:00
FAILED gemma-4b lmbd1000 attempt=350; retrying in 300s
START gemma-4b lmbd1000 GPUs=0,1,2,3 attempt=351 2026-07-28T23:37:57-04:00
FAILED gemma-4b lmbd1000 attempt=351; retrying in 300s
START gemma-4b lmbd1000 GPUs=0,1,2,3 attempt=352 2026-07-28T23:43:02-04:00
FAILED gemma-4b lmbd1000 attempt=352; retrying in 300s
START gemma-4b lmbd1000 GPUs=0,1,2,3 attempt=353 2026-07-28T23:48:07-04:00
FAILED gemma-4b lmbd1000 attempt=353; retrying in 300s
START gemma-4b lmbd1000 GPUs=0,1,2,3 attempt=354 2026-07-28T23:53:12-04:00
FAILED gemma-4b lmbd1000 attempt=354; retrying in 300s
START gemma-4b lmbd1000 GPUs=0,1,2,3 attempt=355 2026-07-28T23:58:17-04:00
FAILED gemma-4b lmbd1000 attempt=355; retrying in 300s
START gemma-4b lmbd1000 GPUs=0,1,2,3 attempt=356 2026-07-29T00:03:22-04:00
FAILED gemma-4b lmbd1000 attempt=356; retrying in 300s
START gemma-4b lmbd1000 GPUs=0,1,2,3 attempt=357 2026-07-29T00:08:27-04:00
FAILED gemma-4b lmbd1000 attempt=357; retrying in 300s
START gemma-4b lmbd1000 GPUs=0,1,2,3 attempt=358 2026-07-29T00:13:32-04:00
FAILED gemma-4b lmbd1000 attempt=358; retrying in 300s
START gemma-4b lmbd1000 GPUs=0,1,2,3 attempt=359 2026-07-29T00:18:37-04:00
FAILED gemma-4b lmbd1000 attempt=359; retrying in 300s
START gemma-4b lmbd1000 GPUs=0,1,2,3 attempt=360 2026-07-29T00:23:42-04:00
FAILED gemma-4b lmbd1000 attempt=360; retrying in 300s
START gemma-4b lmbd1000 GPUs=0,1,2,3 attempt=361 2026-07-29T00:28:47-04:00
FAILED gemma-4b lmbd1000 attempt=361; retrying in 300s
START gemma-4b lmbd1000 GPUs=0,1,2,3 attempt=362 2026-07-29T00:33:52-04:00
FAILED gemma-4b lmbd1000 attempt=362; retrying in 300s
START gemma-4b lmbd1000 GPUs=0,1,2,3 attempt=363 2026-07-29T00:38:57-04:00
FAILED gemma-4b lmbd1000 attempt=363; retrying in 300s
START gemma-4b lmbd1000 GPUs=0,1,2,3 attempt=364 2026-07-29T00:44:02-04:00
FAILED gemma-4b lmbd1000 attempt=364; retrying in 300s
START gemma-4b lmbd1000 GPUs=0,1,2,3 attempt=365 2026-07-29T00:49:08-04:00
FAILED gemma-4b lmbd1000 attempt=365; retrying in 300s
START gemma-4b lmbd1000 GPUs=0,1,2,3 attempt=366 2026-07-29T00:54:13-04:00
FAILED gemma-4b lmbd1000 attempt=366; retrying in 300s
START gemma-4b lmbd1000 GPUs=0,1,2,3 attempt=367 2026-07-29T00:59:18-04:00
FAILED gemma-4b lmbd1000 attempt=367; retrying in 300s
START gemma-4b lmbd1000 GPUs=0,1,2,3 attempt=368 2026-07-29T01:04:23-04:00
FAILED gemma-4b lmbd1000 attempt=368; retrying in 300s
START gemma-4b lmbd1000 GPUs=0,1,2,3 attempt=369 2026-07-29T01:09:28-04:00
FAILED gemma-4b lmbd1000 attempt=369; retrying in 300s
START gemma-4b lmbd1000 GPUs=0,1,2,3 attempt=370 2026-07-29T01:14:33-04:00
FAILED gemma-4b lmbd1000 attempt=370; retrying in 300s
START gemma-4b lmbd1000 GPUs=0,1,2,3 attempt=371 2026-07-29T01:19:38-04:00
FAILED gemma-4b lmbd1000 attempt=371; retrying in 300s
START gemma-4b lmbd1000 GPUs=0,1,2,3 attempt=372 2026-07-29T01:24:43-04:00
FAILED gemma-4b lmbd1000 attempt=372; retrying in 300s
START gemma-4b lmbd1000 GPUs=0,1,2,3 attempt=373 2026-07-29T01:29:48-04:00
FAILED gemma-4b lmbd1000 attempt=373; retrying in 300s
START gemma-4b lmbd1000 GPUs=0,1,2,3 attempt=374 2026-07-29T01:34:53-04:00
FAILED gemma-4b lmbd1000 attempt=374; retrying in 300s
START gemma-4b lmbd1000 GPUs=0,1,2,3 attempt=375 2026-07-29T01:39:58-04:00
FAILED gemma-4b lmbd1000 attempt=375; retrying in 300s
START gemma-4b lmbd1000 GPUs=0,1,2,3 attempt=376 2026-07-29T01:45:03-04:00
FAILED gemma-4b lmbd1000 attempt=376; retrying in 300s
START gemma-4b lmbd1000 GPUs=0,1,2,3 attempt=377 2026-07-29T01:50:08-04:00
FAILED gemma-4b lmbd1000 attempt=377; retrying in 300s
START gemma-4b lmbd1000 GPUs=0,1,2,3 attempt=378 2026-07-29T01:55:14-04:00
FAILED gemma-4b lmbd1000 attempt=378; retrying in 300s
START gemma-4b lmbd1000 GPUs=0,1,2,3 attempt=379 2026-07-29T02:00:19-04:00
FAILED gemma-4b lmbd1000 attempt=379; retrying in 300s
START gemma-4b lmbd1000 GPUs=0,1,2,3 attempt=380 2026-07-29T02:05:24-04:00
FAILED gemma-4b lmbd1000 attempt=380; retrying in 300s
START gemma-4b lmbd1000 GPUs=0,1,2,3 attempt=381 2026-07-29T02:10:29-04:00
FAILED gemma-4b lmbd1000 attempt=381; retrying in 300s
START gemma-4b lmbd1000 GPUs=0,1,2,3 attempt=382 2026-07-29T02:15:34-04:00
FAILED gemma-4b lmbd1000 attempt=382; retrying in 300s
START gemma-4b lmbd1000 GPUs=0,1,2,3 attempt=383 2026-07-29T02:20:39-04:00
FAILED gemma-4b lmbd1000 attempt=383; retrying in 300s
START gemma-4b lmbd1000 GPUs=0,1,2,3 attempt=384 2026-07-29T02:25:44-04:00
FAILED gemma-4b lmbd1000 attempt=384; retrying in 300s
START gemma-4b lmbd1000 GPUs=0,1,2,3 attempt=385 2026-07-29T02:30:49-04:00
FAILED gemma-4b lmbd1000 attempt=385; retrying in 300s
START gemma-4b lmbd1000 GPUs=0,1,2,3 attempt=386 2026-07-29T02:35:54-04:00
FAILED gemma-4b lmbd1000 attempt=386; retrying in 300s
START gemma-4b lmbd1000 GPUs=0,1,2,3 attempt=387 2026-07-29T02:40:59-04:00
FAILED gemma-4b lmbd1000 attempt=387; retrying in 300s
START gemma-4b lmbd1000 GPUs=0,1,2,3 attempt=388 2026-07-29T02:46:04-04:00
FAILED gemma-4b lmbd1000 attempt=388; retrying in 300s
START gemma-4b lmbd1000 GPUs=0,1,2,3 attempt=389 2026-07-29T02:51:10-04:00
FAILED gemma-4b lmbd1000 attempt=389; retrying in 300s
START gemma-4b lmbd1000 GPUs=0,1,2,3 attempt=390 2026-07-29T02:56:15-04:00
FAILED gemma-4b lmbd1000 attempt=390; retrying in 300s
START gemma-4b lmbd1000 GPUs=0,1,2,3 attempt=391 2026-07-29T03:01:20-04:00
FAILED gemma-4b lmbd1000 attempt=391; retrying in 300s
START gemma-4b lmbd1000 GPUs=0,1,2,3 attempt=392 2026-07-29T03:06:25-04:00
FAILED gemma-4b lmbd1000 attempt=392; retrying in 300s
START gemma-4b lmbd1000 GPUs=0,1,2,3 attempt=393 2026-07-29T03:11:30-04:00
FAILED gemma-4b lmbd1000 attempt=393; retrying in 300s
START gemma-4b lmbd1000 GPUs=0,1,2,3 attempt=394 2026-07-29T03:16:35-04:00
FAILED gemma-4b lmbd1000 attempt=394; retrying in 300s
START gemma-4b lmbd1000 GPUs=0,1,2,3 attempt=395 2026-07-29T03:21:40-04:00
FAILED gemma-4b lmbd1000 attempt=395; retrying in 300s
START gemma-4b lmbd1000 GPUs=0,1,2,3 attempt=396 2026-07-29T03:26:45-04:00
FAILED gemma-4b lmbd1000 attempt=396; retrying in 300s
START gemma-4b lmbd1000 GPUs=0,1,2,3 attempt=397 2026-07-29T03:31:50-04:00
FAILED gemma-4b lmbd1000 attempt=397; retrying in 300s
START gemma-4b lmbd1000 GPUs=0,1,2,3 attempt=398 2026-07-29T03:36:55-04:00
FAILED gemma-4b lmbd1000 attempt=398; retrying in 300s
START gemma-4b lmbd1000 GPUs=0,1,2,3 attempt=399 2026-07-29T03:42:00-04:00
FAILED gemma-4b lmbd1000 attempt=399; retrying in 300s
START gemma-4b lmbd1000 GPUs=0,1,2,3 attempt=400 2026-07-29T03:47:05-04:00
FAILED gemma-4b lmbd1000 attempt=400; retrying in 300s
START gemma-4b lmbd1000 GPUs=0,1,2,3 attempt=401 2026-07-29T03:52:10-04:00
FAILED gemma-4b lmbd1000 attempt=401; retrying in 300s
START gemma-4b lmbd1000 GPUs=0,1,2,3 attempt=402 2026-07-29T03:57:15-04:00
FAILED gemma-4b lmbd1000 attempt=402; retrying in 300s
START gemma-4b lmbd1000 GPUs=0,1,2,3 attempt=403 2026-07-29T04:02:21-04:00
FAILED gemma-4b lmbd1000 attempt=403; retrying in 300s
START gemma-4b lmbd1000 GPUs=0,1,2,3 attempt=404 2026-07-29T04:07:26-04:00
FAILED gemma-4b lmbd1000 attempt=404; retrying in 300s
START gemma-4b lmbd1000 GPUs=0,1,2,3 attempt=405 2026-07-29T04:12:31-04:00
FAILED gemma-4b lmbd1000 attempt=405; retrying in 300s
START gemma-4b lmbd1000 GPUs=0,1,2,3 attempt=406 2026-07-29T04:17:36-04:00
FAILED gemma-4b lmbd1000 attempt=406; retrying in 300s
START gemma-4b lmbd1000 GPUs=0,1,2,3 attempt=407 2026-07-29T04:22:41-04:00
FAILED gemma-4b lmbd1000 attempt=407; retrying in 300s
START gemma-4b lmbd1000 GPUs=0,1,2,3 attempt=408 2026-07-29T04:27:46-04:00
FAILED gemma-4b lmbd1000 attempt=408; retrying in 300s
START gemma-4b lmbd1000 GPUs=0,1,2,3 attempt=409 2026-07-29T04:32:51-04:00
FAILED gemma-4b lmbd1000 attempt=409; retrying in 300s
START gemma-4b lmbd1000 GPUs=0,1,2,3 attempt=410 2026-07-29T04:37:56-04:00
FAILED gemma-4b lmbd1000 attempt=410; retrying in 300s
START gemma-4b lmbd1000 GPUs=0,1,2,3 attempt=411 2026-07-29T04:43:01-04:00
FAILED gemma-4b lmbd1000 attempt=411; retrying in 300s
START gemma-4b lmbd1000 GPUs=0,1,2,3 attempt=412 2026-07-29T04:48:07-04:00
FAILED gemma-4b lmbd1000 attempt=412; retrying in 300s
START gemma-4b lmbd1000 GPUs=0,1,2,3 attempt=413 2026-07-29T04:53:12-04:00
FAILED gemma-4b lmbd1000 attempt=413; retrying in 300s
START gemma-4b lmbd1000 GPUs=0,1,2,3 attempt=414 2026-07-29T04:58:17-04:00
FAILED gemma-4b lmbd1000 attempt=414; retrying in 300s
START gemma-4b lmbd1000 GPUs=0,1,2,3 attempt=415 2026-07-29T05:03:22-04:00
FAILED gemma-4b lmbd1000 attempt=415; retrying in 300s
START gemma-4b lmbd1000 GPUs=0,1,2,3 attempt=416 2026-07-29T05:08:27-04:00
FAILED gemma-4b lmbd1000 attempt=416; retrying in 300s
START gemma-4b lmbd1000 GPUs=0,1,2,3 attempt=417 2026-07-29T05:13:32-04:00
FAILED gemma-4b lmbd1000 attempt=417; retrying in 300s
START gemma-4b lmbd1000 GPUs=0,1,2,3 attempt=418 2026-07-29T05:18:37-04:00
FAILED gemma-4b lmbd1000 attempt=418; retrying in 300s
START gemma-4b lmbd1000 GPUs=0,1,2,3 attempt=419 2026-07-29T05:23:42-04:00
FAILED gemma-4b lmbd1000 attempt=419; retrying in 300s
START gemma-4b lmbd1000 GPUs=0,1,2,3 attempt=420 2026-07-29T05:28:47-04:00
FAILED gemma-4b lmbd1000 attempt=420; retrying in 300s
START gemma-4b lmbd1000 GPUs=0,1,2,3 attempt=421 2026-07-29T05:33:52-04:00
FAILED gemma-4b lmbd1000 attempt=421; retrying in 300s
START gemma-4b lmbd1000 GPUs=0,1,2,3 attempt=422 2026-07-29T05:38:57-04:00
FAILED gemma-4b lmbd1000 attempt=422; retrying in 300s
START gemma-4b lmbd1000 GPUs=0,1,2,3 attempt=423 2026-07-29T05:44:02-04:00
FAILED gemma-4b lmbd1000 attempt=423; retrying in 300s
START gemma-4b lmbd1000 GPUs=0,1,2,3 attempt=424 2026-07-29T05:49:07-04:00
FAILED gemma-4b lmbd1000 attempt=424; retrying in 300s
START gemma-4b lmbd1000 GPUs=0,1,2,3 attempt=425 2026-07-29T05:54:13-04:00
FAILED gemma-4b lmbd1000 attempt=425; retrying in 300s
START gemma-4b lmbd1000 GPUs=0,1,2,3 attempt=426 2026-07-29T05:59:18-04:00
FAILED gemma-4b lmbd1000 attempt=426; retrying in 300s
START gemma-4b lmbd1000 GPUs=0,1,2,3 attempt=427 2026-07-29T06:04:23-04:00
FAILED gemma-4b lmbd1000 attempt=427; retrying in 300s
START gemma-4b lmbd1000 GPUs=0,1,2,3 attempt=428 2026-07-29T06:09:28-04:00
FAILED gemma-4b lmbd1000 attempt=428; retrying in 300s
START gemma-4b lmbd1000 GPUs=0,1,2,3 attempt=429 2026-07-29T06:14:33-04:00
FAILED gemma-4b lmbd1000 attempt=429; retrying in 300s
START gemma-4b lmbd1000 GPUs=0,1,2,3 attempt=430 2026-07-29T06:19:38-04:00
FAILED gemma-4b lmbd1000 attempt=430; retrying in 300s
START gemma-4b lmbd1000 GPUs=0,1,2,3 attempt=431 2026-07-29T06:24:43-04:00
FAILED gemma-4b lmbd1000 attempt=431; retrying in 300s
START gemma-4b lmbd1000 GPUs=0,1,2,3 attempt=432 2026-07-29T06:29:48-04:00
FAILED gemma-4b lmbd1000 attempt=432; retrying in 300s
START gemma-4b lmbd1000 GPUs=0,1,2,3 attempt=433 2026-07-29T06:34:53-04:00
FAILED gemma-4b lmbd1000 attempt=433; retrying in 300s
START gemma-4b lmbd1000 GPUs=0,1,2,3 attempt=434 2026-07-29T06:39:58-04:00
FAILED gemma-4b lmbd1000 attempt=434; retrying in 300s
START gemma-4b lmbd1000 GPUs=0,1,2,3 attempt=435 2026-07-29T06:45:03-04:00
FAILED gemma-4b lmbd1000 attempt=435; retrying in 300s
START gemma-4b lmbd1000 GPUs=0,1,2,3 attempt=436 2026-07-29T06:50:08-04:00
FAILED gemma-4b lmbd1000 attempt=436; retrying in 300s
START gemma-4b lmbd1000 GPUs=0,1,2,3 attempt=437 2026-07-29T06:55:13-04:00
FAILED gemma-4b lmbd1000 attempt=437; retrying in 300s
START gemma-4b lmbd1000 GPUs=0,1,2,3 attempt=438 2026-07-29T07:00:18-04:00
FAILED gemma-4b lmbd1000 attempt=438; retrying in 300s
START gemma-4b lmbd1000 GPUs=0,1,2,3 attempt=439 2026-07-29T07:05:24-04:00
FAILED gemma-4b lmbd1000 attempt=439; retrying in 300s
START gemma-4b lmbd1000 GPUs=0,1,2,3 attempt=440 2026-07-29T07:10:29-04:00
FAILED gemma-4b lmbd1000 attempt=440; retrying in 300s
START gemma-4b lmbd1000 GPUs=0,1,2,3 attempt=441 2026-07-29T07:15:34-04:00
FAILED gemma-4b lmbd1000 attempt=441; retrying in 300s
START gemma-4b lmbd1000 GPUs=0,1,2,3 attempt=442 2026-07-29T07:20:39-04:00
FAILED gemma-4b lmbd1000 attempt=442; retrying in 300s
START gemma-4b lmbd1000 GPUs=0,1,2,3 attempt=443 2026-07-29T07:25:44-04:00
FAILED gemma-4b lmbd1000 attempt=443; retrying in 300s
START gemma-4b lmbd1000 GPUs=0,1,2,3 attempt=444 2026-07-29T07:30:49-04:00
FAILED gemma-4b lmbd1000 attempt=444; retrying in 300s
START gemma-4b lmbd1000 GPUs=0,1,2,3 attempt=445 2026-07-29T07:35:54-04:00
FAILED gemma-4b lmbd1000 attempt=445; retrying in 300s
START gemma-4b lmbd1000 GPUs=0,1,2,3 attempt=446 2026-07-29T07:40:59-04:00
FAILED gemma-4b lmbd1000 attempt=446; retrying in 300s
START gemma-4b lmbd1000 GPUs=0,1,2,3 attempt=447 2026-07-29T07:46:04-04:00
FAILED gemma-4b lmbd1000 attempt=447; retrying in 300s
START gemma-4b lmbd1000 GPUs=0,1,2,3 attempt=448 2026-07-29T07:51:09-04:00
FAILED gemma-4b lmbd1000 attempt=448; retrying in 300s
START gemma-4b lmbd1000 GPUs=0,1,2,3 attempt=449 2026-07-29T07:56:14-04:00
FAILED gemma-4b lmbd1000 attempt=449; retrying in 300s
START gemma-4b lmbd1000 GPUs=0,1,2,3 attempt=450 2026-07-29T08:01:19-04:00
FAILED gemma-4b lmbd1000 attempt=450; retrying in 300s
START gemma-4b lmbd1000 GPUs=0,1,2,3 attempt=451 2026-07-29T08:06:24-04:00
FAILED gemma-4b lmbd1000 attempt=451; retrying in 300s
START gemma-4b lmbd1000 GPUs=0,1,2,3 attempt=452 2026-07-29T08:11:30-04:00
FAILED gemma-4b lmbd1000 attempt=452; retrying in 300s
START gemma-4b lmbd1000 GPUs=0,1,2,3 attempt=453 2026-07-29T08:16:35-04:00
FAILED gemma-4b lmbd1000 attempt=453; retrying in 300s
START gemma-4b lmbd1000 GPUs=0,1,2,3 attempt=454 2026-07-29T08:21:40-04:00
FAILED gemma-4b lmbd1000 attempt=454; retrying in 300s
START gemma-4b lmbd1000 GPUs=0,1,2,3 attempt=455 2026-07-29T08:26:45-04:00
FAILED gemma-4b lmbd1000 attempt=455; retrying in 300s
START gemma-4b lmbd1000 GPUs=0,1,2,3 attempt=456 2026-07-29T08:31:50-04:00
FAILED gemma-4b lmbd1000 attempt=456; retrying in 300s
START gemma-4b lmbd1000 GPUs=0,1,2,3 attempt=457 2026-07-29T08:36:55-04:00
FAILED gemma-4b lmbd1000 attempt=457; retrying in 300s
START gemma-4b lmbd1000 GPUs=0,1,2,3 attempt=458 2026-07-29T08:42:00-04:00
FAILED gemma-4b lmbd1000 attempt=458; retrying in 300s
START gemma-4b lmbd1000 GPUs=0,1,2,3 attempt=459 2026-07-29T08:47:05-04:00
FAILED gemma-4b lmbd1000 attempt=459; retrying in 300s
START gemma-4b lmbd1000 GPUs=0,1,2,3 attempt=460 2026-07-29T08:52:10-04:00
FAILED gemma-4b lmbd1000 attempt=460; retrying in 300s
START gemma-4b lmbd1000 GPUs=0,1,2,3 attempt=461 2026-07-29T08:57:15-04:00
FAILED gemma-4b lmbd1000 attempt=461; retrying in 300s
START gemma-4b lmbd1000 GPUs=0,1,2,3 attempt=462 2026-07-29T09:02:20-04:00
FAILED gemma-4b lmbd1000 attempt=462; retrying in 300s
START gemma-4b lmbd1000 GPUs=0,1,2,3 attempt=463 2026-07-29T09:07:25-04:00
FAILED gemma-4b lmbd1000 attempt=463; retrying in 300s
START gemma-4b lmbd1000 GPUs=0,1,2,3 attempt=464 2026-07-29T09:12:30-04:00
FAILED gemma-4b lmbd1000 attempt=464; retrying in 300s
START gemma-4b lmbd1000 GPUs=0,1,2,3 attempt=465 2026-07-29T09:17:35-04:00
FAILED gemma-4b lmbd1000 attempt=465; retrying in 300s
START gemma-4b lmbd1000 GPUs=0,1,2,3 attempt=466 2026-07-29T09:22:40-04:00
FAILED gemma-4b lmbd1000 attempt=466; retrying in 300s
START gemma-4b lmbd1000 GPUs=0,1,2,3 attempt=467 2026-07-29T09:27:46-04:00
FAILED gemma-4b lmbd1000 attempt=467; retrying in 300s
START gemma-4b lmbd1000 GPUs=0,1,2,3 attempt=468 2026-07-29T09:32:51-04:00
FAILED gemma-4b lmbd1000 attempt=468; retrying in 300s
START gemma-4b lmbd1000 GPUs=0,1,2,3 attempt=469 2026-07-29T09:37:56-04:00
FAILED gemma-4b lmbd1000 attempt=469; retrying in 300s
START gemma-4b lmbd1000 GPUs=0,1,2,3 attempt=470 2026-07-29T09:43:01-04:00
FAILED gemma-4b lmbd1000 attempt=470; retrying in 300s
START gemma-4b lmbd1000 GPUs=0,1,2,3 attempt=471 2026-07-29T09:48:06-04:00
FAILED gemma-4b lmbd1000 attempt=471; retrying in 300s
START gemma-4b lmbd1000 GPUs=0,1,2,3 attempt=472 2026-07-29T09:53:11-04:00
FAILED gemma-4b lmbd1000 attempt=472; retrying in 300s
START gemma-4b lmbd1000 GPUs=0,1,2,3 attempt=473 2026-07-29T09:58:16-04:00
FAILED gemma-4b lmbd1000 attempt=473; retrying in 300s
START gemma-4b lmbd1000 GPUs=0,1,2,3 attempt=474 2026-07-29T10:03:21-04:00
FAILED gemma-4b lmbd1000 attempt=474; retrying in 300s
START gemma-4b lmbd1000 GPUs=0,1,2,3 attempt=475 2026-07-29T10:08:27-04:00
FAILED gemma-4b lmbd1000 attempt=475; retrying in 300s
START gemma-4b lmbd1000 GPUs=0,1,2,3 attempt=476 2026-07-29T10:13:32-04:00
FAILED gemma-4b lmbd1000 attempt=476; retrying in 300s
START gemma-4b lmbd1000 GPUs=0,1,2,3 attempt=477 2026-07-29T10:18:37-04:00
FAILED gemma-4b lmbd1000 attempt=477; retrying in 300s
START gemma-4b lmbd1000 GPUs=0,1,2,3 attempt=478 2026-07-29T10:23:42-04:00
FAILED gemma-4b lmbd1000 attempt=478; retrying in 300s
START gemma-4b lmbd1000 GPUs=0,1,2,3 attempt=479 2026-07-29T10:28:47-04:00
FAILED gemma-4b lmbd1000 attempt=479; retrying in 300s
START gemma-4b lmbd1000 GPUs=0,1,2,3 attempt=480 2026-07-29T10:33:52-04:00
FAILED gemma-4b lmbd1000 attempt=480; retrying in 300s
START gemma-4b lmbd1000 GPUs=0,1,2,3 attempt=481 2026-07-29T10:38:57-04:00
FAILED gemma-4b lmbd1000 attempt=481; retrying in 300s
START gemma-4b lmbd1000 GPUs=0,1,2,3 attempt=482 2026-07-29T10:44:02-04:00
FAILED gemma-4b lmbd1000 attempt=482; retrying in 300s
START gemma-4b lmbd1000 GPUs=0,1,2,3 attempt=483 2026-07-29T10:49:07-04:00
FAILED gemma-4b lmbd1000 attempt=483; retrying in 300s
START gemma-4b lmbd1000 GPUs=0,1,2,3 attempt=484 2026-07-29T10:54:12-04:00
FAILED gemma-4b lmbd1000 attempt=484; retrying in 300s
START gemma-4b lmbd1000 GPUs=0,1,2,3 attempt=485 2026-07-29T10:59:17-04:00
FAILED gemma-4b lmbd1000 attempt=485; retrying in 300s
START gemma-4b lmbd1000 GPUs=0,1,2,3 attempt=486 2026-07-29T11:04:22-04:00
FAILED gemma-4b lmbd1000 attempt=486; retrying in 300s
START gemma-4b lmbd1000 GPUs=0,1,2,3 attempt=487 2026-07-29T11:09:28-04:00
FAILED gemma-4b lmbd1000 attempt=487; retrying in 300s
START gemma-4b lmbd1000 GPUs=0,1,2,3 attempt=488 2026-07-29T11:14:33-04:00
FAILED gemma-4b lmbd1000 attempt=488; retrying in 300s
START gemma-4b lmbd1000 GPUs=0,1,2,3 attempt=489 2026-07-29T11:19:38-04:00
FAILED gemma-4b lmbd1000 attempt=489; retrying in 300s
START gemma-4b lmbd1000 GPUs=0,1,2,3 attempt=490 2026-07-29T11:24:43-04:00
FAILED gemma-4b lmbd1000 attempt=490; retrying in 300s
START gemma-4b lmbd1000 GPUs=0,1,2,3 attempt=491 2026-07-29T11:29:48-04:00
FAILED gemma-4b lmbd1000 attempt=491; retrying in 300s
START gemma-4b lmbd1000 GPUs=0,1,2,3 attempt=492 2026-07-29T11:34:53-04:00
FAILED gemma-4b lmbd1000 attempt=492; retrying in 300s
START gemma-4b lmbd1000 GPUs=0,1,2,3 attempt=493 2026-07-29T11:39:58-04:00
FAILED gemma-4b lmbd1000 attempt=493; retrying in 300s
START gemma-4b lmbd1000 GPUs=0,1,2,3 attempt=494 2026-07-29T11:45:03-04:00
FAILED gemma-4b lmbd1000 attempt=494; retrying in 300s
START gemma-4b lmbd1000 GPUs=0,1,2,3 attempt=495 2026-07-29T11:50:08-04:00
FAILED gemma-4b lmbd1000 attempt=495; retrying in 300s
START gemma-4b lmbd1000 GPUs=0,1,2,3 attempt=496 2026-07-29T11:55:13-04:00
FAILED gemma-4b lmbd1000 attempt=496; retrying in 300s
START gemma-4b lmbd1000 GPUs=0,1,2,3 attempt=497 2026-07-29T12:00:18-04:00
FAILED gemma-4b lmbd1000 attempt=497; retrying in 300s
START gemma-4b lmbd1000 GPUs=0,1,2,3 attempt=498 2026-07-29T12:05:24-04:00
FAILED gemma-4b lmbd1000 attempt=498; retrying in 300s
START gemma-4b lmbd1000 GPUs=0,1,2,3 attempt=499 2026-07-29T12:10:29-04:00
FAILED gemma-4b lmbd1000 attempt=499; retrying in 300s
START gemma-4b lmbd1000 GPUs=0,1,2,3 attempt=500 2026-07-29T12:15:34-04:00
FAILED gemma-4b lmbd1000 attempt=500; retrying in 300s
START gemma-4b lmbd1000 GPUs=0,1,2,3 attempt=501 2026-07-29T12:20:39-04:00
FAILED gemma-4b lmbd1000 attempt=501; retrying in 300s
START gemma-4b lmbd1000 GPUs=0,1,2,3 attempt=502 2026-07-29T12:25:44-04:00
FAILED gemma-4b lmbd1000 attempt=502; retrying in 300s
START gemma-4b lmbd1000 GPUs=0,1,2,3 attempt=503 2026-07-29T12:30:49-04:00
FAILED gemma-4b lmbd1000 attempt=503; retrying in 300s
START gemma-4b lmbd1000 GPUs=0,1,2,3 attempt=504 2026-07-29T12:35:54-04:00
FAILED gemma-4b lmbd1000 attempt=504; retrying in 300s
START gemma-4b lmbd1000 GPUs=0,1,2,3 attempt=505 2026-07-29T12:40:59-04:00
FAILED gemma-4b lmbd1000 attempt=505; retrying in 300s
START gemma-4b lmbd1000 GPUs=0,1,2,3 attempt=506 2026-07-29T12:46:05-04:00
FAILED gemma-4b lmbd1000 attempt=506; retrying in 300s
START gemma-4b lmbd1000 GPUs=0,1,2,3 attempt=507 2026-07-29T12:51:10-04:00
FAILED gemma-4b lmbd1000 attempt=507; retrying in 300s
START gemma-4b lmbd1000 GPUs=0,1,2,3 attempt=508 2026-07-29T12:56:15-04:00
FAILED gemma-4b lmbd1000 attempt=508; retrying in 300s
START gemma-4b lmbd1000 GPUs=0,1,2,3 attempt=509 2026-07-29T13:01:20-04:00
FAILED gemma-4b lmbd1000 attempt=509; retrying in 300s
START gemma-4b lmbd1000 GPUs=0,1,2,3 attempt=510 2026-07-29T13:06:25-04:00
FAILED gemma-4b lmbd1000 attempt=510; retrying in 300s
START gemma-4b lmbd1000 GPUs=0,1,2,3 attempt=511 2026-07-29T13:11:30-04:00
FAILED gemma-4b lmbd1000 attempt=511; retrying in 300s
START gemma-4b lmbd1000 GPUs=0,1,2,3 attempt=512 2026-07-29T13:16:35-04:00
FAILED gemma-4b lmbd1000 attempt=512; retrying in 300s
START gemma-4b lmbd1000 GPUs=0,1,2,3 attempt=513 2026-07-29T13:21:40-04:00
FAILED gemma-4b lmbd1000 attempt=513; retrying in 300s
START gemma-4b lmbd1000 GPUs=0,1,2,3 attempt=514 2026-07-29T13:26:46-04:00
FAILED gemma-4b lmbd1000 attempt=514; retrying in 300s
START gemma-4b lmbd1000 GPUs=0,1,2,3 attempt=515 2026-07-29T13:31:51-04:00
FAILED gemma-4b lmbd1000 attempt=515; retrying in 300s
START gemma-4b lmbd1000 GPUs=0,1,2,3 attempt=516 2026-07-29T13:36:56-04:00
FAILED gemma-4b lmbd1000 attempt=516; retrying in 300s
START gemma-4b lmbd1000 GPUs=0,1,2,3 attempt=517 2026-07-29T13:42:01-04:00
FAILED gemma-4b lmbd1000 attempt=517; retrying in 300s
START gemma-4b lmbd1000 GPUs=0,1,2,3 attempt=518 2026-07-29T13:47:06-04:00
FAILED gemma-4b lmbd1000 attempt=518; retrying in 300s
START gemma-4b lmbd1000 GPUs=0,1,2,3 attempt=519 2026-07-29T13:52:11-04:00
FAILED gemma-4b lmbd1000 attempt=519; retrying in 300s
START gemma-4b lmbd1000 GPUs=0,1,2,3 attempt=520 2026-07-29T13:57:16-04:00
FAILED gemma-4b lmbd1000 attempt=520; retrying in 300s
START gemma-4b lmbd1000 GPUs=0,1,2,3 attempt=521 2026-07-29T14:02:21-04:00
FAILED gemma-4b lmbd1000 attempt=521; retrying in 300s
START gemma-4b lmbd1000 GPUs=0,1,2,3 attempt=522 2026-07-29T14:07:26-04:00
FAILED gemma-4b lmbd1000 attempt=522; retrying in 300s
START gemma-4b lmbd1000 GPUs=0,1,2,3 attempt=523 2026-07-29T14:12:31-04:00
FAILED gemma-4b lmbd1000 attempt=523; retrying in 300s
START gemma-4b lmbd1000 GPUs=0,1,2,3 attempt=524 2026-07-29T14:17:36-04:00
FAILED gemma-4b lmbd1000 attempt=524; retrying in 300s
START gemma-4b lmbd1000 GPUs=0,1,2,3 attempt=525 2026-07-29T14:22:41-04:00
FAILED gemma-4b lmbd1000 attempt=525; retrying in 300s
START gemma-4b lmbd1000 GPUs=0,1,2,3 attempt=526 2026-07-29T14:27:46-04:00
FAILED gemma-4b lmbd1000 attempt=526; retrying in 300s
START gemma-4b lmbd1000 GPUs=0,1,2,3 attempt=527 2026-07-29T14:32:52-04:00
FAILED gemma-4b lmbd1000 attempt=527; retrying in 300s
START gemma-4b lmbd1000 GPUs=0,1,2,3 attempt=528 2026-07-29T14:37:57-04:00
FAILED gemma-4b lmbd1000 attempt=528; retrying in 300s
START gemma-4b lmbd1000 GPUs=0,1,2,3 attempt=529 2026-07-29T14:43:02-04:00
FAILED gemma-4b lmbd1000 attempt=529; retrying in 300s
START gemma-4b lmbd1000 GPUs=0,1,2,3 attempt=530 2026-07-29T14:48:07-04:00
FAILED gemma-4b lmbd1000 attempt=530; retrying in 300s
START gemma-4b lmbd1000 GPUs=0,1,2,3 attempt=531 2026-07-29T14:53:12-04:00
FAILED gemma-4b lmbd1000 attempt=531; retrying in 300s
START gemma-4b lmbd1000 GPUs=0,1,2,3 attempt=532 2026-07-29T14:58:17-04:00
FAILED gemma-4b lmbd1000 attempt=532; retrying in 300s
START gemma-4b lmbd1000 GPUs=0,1,2,3 attempt=533 2026-07-29T15:03:22-04:00
FAILED gemma-4b lmbd1000 attempt=533; retrying in 300s
START gemma-4b lmbd1000 GPUs=0,1,2,3 attempt=534 2026-07-29T15:08:27-04:00
FAILED gemma-4b lmbd1000 attempt=534; retrying in 300s
START gemma-4b lmbd1000 GPUs=0,1,2,3 attempt=535 2026-07-29T15:13:32-04:00
FAILED gemma-4b lmbd1000 attempt=535; retrying in 300s
START gemma-4b lmbd1000 GPUs=0,1,2,3 attempt=536 2026-07-29T15:18:37-04:00
FAILED gemma-4b lmbd1000 attempt=536; retrying in 300s
START gemma-4b lmbd1000 GPUs=0,1,2,3 attempt=537 2026-07-29T15:23:42-04:00
FAILED gemma-4b lmbd1000 attempt=537; retrying in 300s
START gemma-4b lmbd1000 GPUs=0,1,2,3 attempt=538 2026-07-29T15:28:47-04:00
FAILED gemma-4b lmbd1000 attempt=538; retrying in 300s
START gemma-4b lmbd1000 GPUs=0,1,2,3 attempt=539 2026-07-29T15:33:52-04:00
FAILED gemma-4b lmbd1000 attempt=539; retrying in 300s
START gemma-4b lmbd1000 GPUs=0,1,2,3 attempt=540 2026-07-29T15:38:58-04:00
FAILED gemma-4b lmbd1000 attempt=540; retrying in 300s
START gemma-4b lmbd1000 GPUs=0,1,2,3 attempt=541 2026-07-29T15:44:03-04:00
FAILED gemma-4b lmbd1000 attempt=541; retrying in 300s
START gemma-4b lmbd1000 GPUs=0,1,2,3 attempt=542 2026-07-29T15:49:08-04:00
FAILED gemma-4b lmbd1000 attempt=542; retrying in 300s
START gemma-4b lmbd1000 GPUs=0,1,2,3 attempt=543 2026-07-29T15:54:13-04:00
FAILED gemma-4b lmbd1000 attempt=543; retrying in 300s
START gemma-4b lmbd1000 GPUs=0,1,2,3 attempt=544 2026-07-29T15:59:18-04:00
FAILED gemma-4b lmbd1000 attempt=544; retrying in 300s
START gemma-4b lmbd1000 GPUs=0,1,2,3 attempt=545 2026-07-29T16:04:23-04:00
FAILED gemma-4b lmbd1000 attempt=545; retrying in 300s
START gemma-4b lmbd1000 GPUs=0,1,2,3 attempt=546 2026-07-29T16:09:28-04:00
FAILED gemma-4b lmbd1000 attempt=546; retrying in 300s
START gemma-4b lmbd1000 GPUs=0,1,2,3 attempt=547 2026-07-29T16:14:33-04:00
FAILED gemma-4b lmbd1000 attempt=547; retrying in 300s
START gemma-4b lmbd1000 GPUs=0,1,2,3 attempt=548 2026-07-29T16:19:38-04:00
FAILED gemma-4b lmbd1000 attempt=548; retrying in 300s
START gemma-4b lmbd1000 GPUs=0,1,2,3 attempt=549 2026-07-29T16:24:43-04:00
FAILED gemma-4b lmbd1000 attempt=549; retrying in 300s
START gemma-4b lmbd1000 GPUs=0,1,2,3 attempt=550 2026-07-29T16:29:48-04:00
FAILED gemma-4b lmbd1000 attempt=550; retrying in 300s
START gemma-4b lmbd1000 GPUs=0,1,2,3 attempt=551 2026-07-29T16:34:53-04:00
FAILED gemma-4b lmbd1000 attempt=551; retrying in 300s
START gemma-4b lmbd1000 GPUs=0,1,2,3 attempt=552 2026-07-29T16:39:58-04:00
FAILED gemma-4b lmbd1000 attempt=552; retrying in 300s
START gemma-4b lmbd1000 GPUs=0,1,2,3 attempt=553 2026-07-29T16:45:03-04:00
FAILED gemma-4b lmbd1000 attempt=553; retrying in 300s
START gemma-4b lmbd1000 GPUs=0,1,2,3 attempt=554 2026-07-29T16:50:08-04:00
FAILED gemma-4b lmbd1000 attempt=554; retrying in 300s
START gemma-4b lmbd1000 GPUs=0,1,2,3 attempt=555 2026-07-29T16:55:14-04:00
FAILED gemma-4b lmbd1000 attempt=555; retrying in 300s
START gemma-4b lmbd1000 GPUs=0,1,2,3 attempt=556 2026-07-29T17:00:19-04:00
FAILED gemma-4b lmbd1000 attempt=556; retrying in 300s
START gemma-4b lmbd1000 GPUs=0,1,2,3 attempt=557 2026-07-29T17:05:24-04:00
FAILED gemma-4b lmbd1000 attempt=557; retrying in 300s
START gemma-4b lmbd1000 GPUs=0,1,2,3 attempt=558 2026-07-29T17:10:29-04:00
FAILED gemma-4b lmbd1000 attempt=558; retrying in 300s
START gemma-4b lmbd1000 GPUs=0,1,2,3 attempt=559 2026-07-29T17:15:34-04:00
FAILED gemma-4b lmbd1000 attempt=559; retrying in 300s
START gemma-4b lmbd1000 GPUs=0,1,2,3 attempt=560 2026-07-29T17:20:39-04:00
FAILED gemma-4b lmbd1000 attempt=560; retrying in 300s
START gemma-4b lmbd1000 GPUs=0,1,2,3 attempt=561 2026-07-29T17:25:44-04:00
FAILED gemma-4b lmbd1000 attempt=561; retrying in 300s
START gemma-4b lmbd1000 GPUs=0,1,2,3 attempt=562 2026-07-29T17:30:49-04:00
FAILED gemma-4b lmbd1000 attempt=562; retrying in 300s
START gemma-4b lmbd1000 GPUs=0,1,2,3 attempt=563 2026-07-29T17:35:54-04:00
FAILED gemma-4b lmbd1000 attempt=563; retrying in 300s
START gemma-4b lmbd1000 GPUs=0,1,2,3 attempt=564 2026-07-29T17:40:59-04:00
FAILED gemma-4b lmbd1000 attempt=564; retrying in 300s
START gemma-4b lmbd1000 GPUs=0,1,2,3 attempt=565 2026-07-29T17:46:04-04:00
FAILED gemma-4b lmbd1000 attempt=565; retrying in 300s
START gemma-4b lmbd1000 GPUs=0,1,2,3 attempt=566 2026-07-29T17:51:09-04:00
FAILED gemma-4b lmbd1000 attempt=566; retrying in 300s
START gemma-4b lmbd1000 GPUs=0,1,2,3 attempt=567 2026-07-29T17:56:14-04:00
FAILED gemma-4b lmbd1000 attempt=567; retrying in 300s
START gemma-4b lmbd1000 GPUs=0,1,2,3 attempt=568 2026-07-29T18:01:19-04:00
FAILED gemma-4b lmbd1000 attempt=568; retrying in 300s
START gemma-4b lmbd1000 GPUs=0,1,2,3 attempt=569 2026-07-29T18:06:25-04:00
FAILED gemma-4b lmbd1000 attempt=569; retrying in 300s
START gemma-4b lmbd1000 GPUs=0,1,2,3 attempt=570 2026-07-29T18:11:30-04:00
FAILED gemma-4b lmbd1000 attempt=570; retrying in 300s
START gemma-4b lmbd1000 GPUs=0,1,2,3 attempt=571 2026-07-29T18:16:35-04:00
FAILED gemma-4b lmbd1000 attempt=571; retrying in 300s
START gemma-4b lmbd1000 GPUs=0,1,2,3 attempt=572 2026-07-29T18:21:40-04:00
FAILED gemma-4b lmbd1000 attempt=572; retrying in 300s
START gemma-4b lmbd1000 GPUs=0,1,2,3 attempt=573 2026-07-29T18:26:45-04:00
FAILED gemma-4b lmbd1000 attempt=573; retrying in 300s
START gemma-4b lmbd1000 GPUs=0,1,2,3 attempt=574 2026-07-29T18:31:50-04:00
FAILED gemma-4b lmbd1000 attempt=574; retrying in 300s
START gemma-4b lmbd1000 GPUs=0,1,2,3 attempt=575 2026-07-29T18:36:55-04:00
FAILED gemma-4b lmbd1000 attempt=575; retrying in 300s
START gemma-4b lmbd1000 GPUs=0,1,2,3 attempt=576 2026-07-29T18:42:00-04:00
FAILED gemma-4b lmbd1000 attempt=576; retrying in 300s
START gemma-4b lmbd1000 GPUs=0,1,2,3 attempt=577 2026-07-29T18:47:05-04:00
FAILED gemma-4b lmbd1000 attempt=577; retrying in 300s
START gemma-4b lmbd1000 GPUs=0,1,2,3 attempt=578 2026-07-29T18:52:10-04:00
FAILED gemma-4b lmbd1000 attempt=578; retrying in 300s
START gemma-4b lmbd1000 GPUs=0,1,2,3 attempt=579 2026-07-29T18:57:15-04:00
FAILED gemma-4b lmbd1000 attempt=579; retrying in 300s
START gemma-4b lmbd1000 GPUs=0,1,2,3 attempt=580 2026-07-29T19:02:20-04:00
FAILED gemma-4b lmbd1000 attempt=580; retrying in 300s
START gemma-4b lmbd1000 GPUs=0,1,2,3 attempt=581 2026-07-29T19:07:25-04:00
FAILED gemma-4b lmbd1000 attempt=581; retrying in 300s
START gemma-4b lmbd1000 GPUs=0,1,2,3 attempt=582 2026-07-29T19:12:30-04:00
FAILED gemma-4b lmbd1000 attempt=582; retrying in 300s
START gemma-4b lmbd1000 GPUs=0,1,2,3 attempt=583 2026-07-29T19:17:35-04:00
FAILED gemma-4b lmbd1000 attempt=583; retrying in 300s
START gemma-4b lmbd1000 GPUs=0,1,2,3 attempt=584 2026-07-29T19:22:40-04:00
FAILED gemma-4b lmbd1000 attempt=584; retrying in 300s
START gemma-4b lmbd1000 GPUs=0,1,2,3 attempt=585 2026-07-29T19:27:46-04:00
FAILED gemma-4b lmbd1000 attempt=585; retrying in 300s
START gemma-4b lmbd1000 GPUs=0,1,2,3 attempt=586 2026-07-29T19:32:51-04:00
FAILED gemma-4b lmbd1000 attempt=586; retrying in 300s
START gemma-4b lmbd1000 GPUs=0,1,2,3 attempt=587 2026-07-29T19:37:56-04:00
FAILED gemma-4b lmbd1000 attempt=587; retrying in 300s
START gemma-4b lmbd1000 GPUs=0,1,2,3 attempt=588 2026-07-29T19:43:01-04:00
FAILED gemma-4b lmbd1000 attempt=588; retrying in 300s
START gemma-4b lmbd1000 GPUs=0,1,2,3 attempt=589 2026-07-29T19:48:06-04:00
FAILED gemma-4b lmbd1000 attempt=589; retrying in 300s
START gemma-4b lmbd1000 GPUs=0,1,2,3 attempt=590 2026-07-29T19:53:11-04:00
FAILED gemma-4b lmbd1000 attempt=590; retrying in 300s
START gemma-4b lmbd1000 GPUs=0,1,2,3 attempt=591 2026-07-29T19:58:16-04:00
FAILED gemma-4b lmbd1000 attempt=591; retrying in 300s
START gemma-4b lmbd1000 GPUs=0,1,2,3 attempt=592 2026-07-29T20:03:21-04:00
FAILED gemma-4b lmbd1000 attempt=592; retrying in 300s
START gemma-4b lmbd1000 GPUs=0,1,2,3 attempt=593 2026-07-29T20:08:26-04:00
FAILED gemma-4b lmbd1000 attempt=593; retrying in 300s
START gemma-4b lmbd1000 GPUs=0,1,2,3 attempt=594 2026-07-29T20:13:31-04:00
FAILED gemma-4b lmbd1000 attempt=594; retrying in 300s
START gemma-4b lmbd1000 GPUs=0,1,2,3 attempt=595 2026-07-29T20:18:36-04:00
FAILED gemma-4b lmbd1000 attempt=595; retrying in 300s
START gemma-4b lmbd1000 GPUs=0,1,2,3 attempt=596 2026-07-29T20:23:41-04:00
FAILED gemma-4b lmbd1000 attempt=596; retrying in 300s
START gemma-4b lmbd1000 GPUs=0,1,2,3 attempt=597 2026-07-29T20:28:46-04:00
FAILED gemma-4b lmbd1000 attempt=597; retrying in 300s
START gemma-4b lmbd1000 GPUs=0,1,2,3 attempt=598 2026-07-29T20:33:51-04:00
FAILED gemma-4b lmbd1000 attempt=598; retrying in 300s
START gemma-4b lmbd1000 GPUs=0,1,2,3 attempt=599 2026-07-29T20:38:56-04:00
FAILED gemma-4b lmbd1000 attempt=599; retrying in 300s
START gemma-4b lmbd1000 GPUs=0,1,2,3 attempt=600 2026-07-29T20:44:02-04:00
FAILED gemma-4b lmbd1000 attempt=600; retrying in 300s
START gemma-4b lmbd1000 GPUs=0,1,2,3 attempt=601 2026-07-29T20:49:07-04:00
FAILED gemma-4b lmbd1000 attempt=601; retrying in 300s
START gemma-4b lmbd1000 GPUs=0,1,2,3 attempt=602 2026-07-29T20:54:12-04:00
FAILED gemma-4b lmbd1000 attempt=602; retrying in 300s
START gemma-4b lmbd1000 GPUs=0,1,2,3 attempt=603 2026-07-29T20:59:17-04:00
FAILED gemma-4b lmbd1000 attempt=603; retrying in 300s
START gemma-4b lmbd1000 GPUs=0,1,2,3 attempt=604 2026-07-29T21:04:22-04:00
FAILED gemma-4b lmbd1000 attempt=604; retrying in 300s
START gemma-4b lmbd1000 GPUs=0,1,2,3 attempt=605 2026-07-29T21:09:27-04:00
FAILED gemma-4b lmbd1000 attempt=605; retrying in 300s
START gemma-4b lmbd1000 GPUs=0,1,2,3 attempt=606 2026-07-29T21:14:32-04:00
FAILED gemma-4b lmbd1000 attempt=606; retrying in 300s
START gemma-4b lmbd1000 GPUs=0,1,2,3 attempt=607 2026-07-29T21:19:37-04:00
FAILED gemma-4b lmbd1000 attempt=607; retrying in 300s
START gemma-4b lmbd1000 GPUs=0,1,2,3 attempt=608 2026-07-29T21:24:42-04:00
FAILED gemma-4b lmbd1000 attempt=608; retrying in 300s
START gemma-4b lmbd1000 GPUs=0,1,2,3 attempt=609 2026-07-29T21:29:47-04:00
FAILED gemma-4b lmbd1000 attempt=609; retrying in 300s
START gemma-4b lmbd1000 GPUs=0,1,2,3 attempt=610 2026-07-29T21:34:52-04:00
FAILED gemma-4b lmbd1000 attempt=610; retrying in 300s
START gemma-4b lmbd1000 GPUs=0,1,2,3 attempt=611 2026-07-29T21:39:57-04:00
FAILED gemma-4b lmbd1000 attempt=611; retrying in 300s
START gemma-4b lmbd1000 GPUs=0,1,2,3 attempt=612 2026-07-29T21:45:02-04:00
FAILED gemma-4b lmbd1000 attempt=612; retrying in 300s
START gemma-4b lmbd1000 GPUs=0,1,2,3 attempt=613 2026-07-29T21:50:07-04:00
FAILED gemma-4b lmbd1000 attempt=613; retrying in 300s
START gemma-4b lmbd1000 GPUs=0,1,2,3 attempt=614 2026-07-29T21:55:12-04:00
FAILED gemma-4b lmbd1000 attempt=614; retrying in 300s
START gemma-4b lmbd1000 GPUs=0,1,2,3 attempt=615 2026-07-29T22:00:17-04:00
FAILED gemma-4b lmbd1000 attempt=615; retrying in 300s
START gemma-4b lmbd1000 GPUs=0,1,2,3 attempt=616 2026-07-29T22:05:22-04:00
FAILED gemma-4b lmbd1000 attempt=616; retrying in 300s
START gemma-4b lmbd1000 GPUs=0,1,2,3 attempt=617 2026-07-29T22:10:27-04:00
FAILED gemma-4b lmbd1000 attempt=617; retrying in 300s
START gemma-4b lmbd1000 GPUs=0,1,2,3 attempt=618 2026-07-29T22:15:32-04:00
FAILED gemma-4b lmbd1000 attempt=618; retrying in 300s
START gemma-4b lmbd1000 GPUs=0,1,2,3 attempt=619 2026-07-29T22:20:37-04:00
FAILED gemma-4b lmbd1000 attempt=619; retrying in 300s
START gemma-4b lmbd1000 GPUs=0,1,2,3 attempt=620 2026-07-29T22:25:42-04:00
FAILED gemma-4b lmbd1000 attempt=620; retrying in 300s
START gemma-4b lmbd1000 GPUs=0,1,2,3 attempt=621 2026-07-29T22:30:48-04:00
FAILED gemma-4b lmbd1000 attempt=621; retrying in 300s
START gemma-4b lmbd1000 GPUs=0,1,2,3 attempt=622 2026-07-29T22:35:53-04:00
FAILED gemma-4b lmbd1000 attempt=622; retrying in 300s
START gemma-4b lmbd1000 GPUs=0,1,2,3 attempt=623 2026-07-29T22:40:58-04:00
FAILED gemma-4b lmbd1000 attempt=623; retrying in 300s
START gemma-4b lmbd1000 GPUs=0,1,2,3 attempt=624 2026-07-29T22:46:03-04:00
FAILED gemma-4b lmbd1000 attempt=624; retrying in 300s
START gemma-4b lmbd1000 GPUs=0,1,2,3 attempt=625 2026-07-29T22:51:08-04:00
FAILED gemma-4b lmbd1000 attempt=625; retrying in 300s
START gemma-4b lmbd1000 GPUs=0,1,2,3 attempt=626 2026-07-29T22:56:13-04:00
FAILED gemma-4b lmbd1000 attempt=626; retrying in 300s
START gemma-4b lmbd1000 GPUs=0,1,2,3 attempt=627 2026-07-29T23:01:18-04:00
FAILED gemma-4b lmbd1000 attempt=627; retrying in 300s
START gemma-4b lmbd1000 GPUs=0,1,2,3 attempt=628 2026-07-29T23:06:23-04:00
FAILED gemma-4b lmbd1000 attempt=628; retrying in 300s
START gemma-4b lmbd1000 GPUs=0,1,2,3 attempt=629 2026-07-29T23:11:28-04:00
FAILED gemma-4b lmbd1000 attempt=629; retrying in 300s
START gemma-4b lmbd1000 GPUs=0,1,2,3 attempt=630 2026-07-29T23:16:33-04:00
FAILED gemma-4b lmbd1000 attempt=630; retrying in 300s
START gemma-4b lmbd1000 GPUs=0,1,2,3 attempt=631 2026-07-29T23:21:38-04:00
FAILED gemma-4b lmbd1000 attempt=631; retrying in 300s
START gemma-4b lmbd1000 GPUs=0,1,2,3 attempt=632 2026-07-29T23:26:43-04:00
FAILED gemma-4b lmbd1000 attempt=632; retrying in 300s
START gemma-4b lmbd1000 GPUs=0,1,2,3 attempt=633 2026-07-29T23:31:48-04:00
FAILED gemma-4b lmbd1000 attempt=633; retrying in 300s
START gemma-4b lmbd1000 GPUs=0,1,2,3 attempt=634 2026-07-29T23:36:53-04:00
FAILED gemma-4b lmbd1000 attempt=634; retrying in 300s
START gemma-4b lmbd1000 GPUs=0,1,2,3 attempt=635 2026-07-29T23:41:58-04:00
FAILED gemma-4b lmbd1000 attempt=635; retrying in 300s
START gemma-4b lmbd1000 GPUs=0,1,2,3 attempt=636 2026-07-29T23:47:03-04:00
FAILED gemma-4b lmbd1000 attempt=636; retrying in 300s
START gemma-4b lmbd1000 GPUs=0,1,2,3 attempt=637 2026-07-29T23:52:08-04:00
FAILED gemma-4b lmbd1000 attempt=637; retrying in 300s
START gemma-4b lmbd1000 GPUs=0,1,2,3 attempt=638 2026-07-29T23:57:13-04:00
FAILED gemma-4b lmbd1000 attempt=638; retrying in 300s
START gemma-4b lmbd1000 GPUs=0,1,2,3 attempt=639 2026-07-30T00:02:18-04:00
FAILED gemma-4b lmbd1000 attempt=639; retrying in 300s
START gemma-4b lmbd1000 GPUs=0,1,2,3 attempt=640 2026-07-30T00:07:23-04:00
FAILED gemma-4b lmbd1000 attempt=640; retrying in 300s
START gemma-4b lmbd1000 GPUs=0,1,2,3 attempt=641 2026-07-30T00:12:28-04:00
FAILED gemma-4b lmbd1000 attempt=641; retrying in 300s
START gemma-4b lmbd1000 GPUs=0,1,2,3 attempt=642 2026-07-30T00:17:33-04:00
FAILED gemma-4b lmbd1000 attempt=642; retrying in 300s
START gemma-4b lmbd1000 GPUs=0,1,2,3 attempt=643 2026-07-30T00:22:38-04:00
FAILED gemma-4b lmbd1000 attempt=643; retrying in 300s
START gemma-4b lmbd1000 GPUs=0,1,2,3 attempt=644 2026-07-30T00:27:43-04:00
FAILED gemma-4b lmbd1000 attempt=644; retrying in 300s
START gemma-4b lmbd1000 GPUs=0,1,2,3 attempt=645 2026-07-30T00:32:48-04:00
FAILED gemma-4b lmbd1000 attempt=645; retrying in 300s
START gemma-4b lmbd1000 GPUs=0,1,2,3 attempt=646 2026-07-30T00:37:53-04:00
FAILED gemma-4b lmbd1000 attempt=646; retrying in 300s
START gemma-4b lmbd1000 GPUs=0,1,2,3 attempt=647 2026-07-30T00:42:59-04:00
FAILED gemma-4b lmbd1000 attempt=647; retrying in 300s
START gemma-4b lmbd1000 GPUs=0,1,2,3 attempt=648 2026-07-30T00:48:04-04:00
FAILED gemma-4b lmbd1000 attempt=648; retrying in 300s
START gemma-4b lmbd1000 GPUs=0,1,2,3 attempt=649 2026-07-30T00:53:09-04:00
FAILED gemma-4b lmbd1000 attempt=649; retrying in 300s
START gemma-4b lmbd1000 GPUs=0,1,2,3 attempt=650 2026-07-30T00:58:14-04:00
FAILED gemma-4b lmbd1000 attempt=650; retrying in 300s
START gemma-4b lmbd1000 GPUs=0,1,2,3 attempt=651 2026-07-30T01:03:19-04:00
FAILED gemma-4b lmbd1000 attempt=651; retrying in 300s
START gemma-4b lmbd1000 GPUs=0,1,2,3 attempt=652 2026-07-30T01:08:24-04:00
FAILED gemma-4b lmbd1000 attempt=652; retrying in 300s
START gemma-4b lmbd1000 GPUs=0,1,2,3 attempt=653 2026-07-30T01:13:29-04:00
FAILED gemma-4b lmbd1000 attempt=653; retrying in 300s
START gemma-4b lmbd1000 GPUs=0,1,2,3 attempt=654 2026-07-30T01:18:34-04:00
FAILED gemma-4b lmbd1000 attempt=654; retrying in 300s
START gemma-4b lmbd1000 GPUs=0,1,2,3 attempt=655 2026-07-30T01:23:39-04:00
FAILED gemma-4b lmbd1000 attempt=655; retrying in 300s
START gemma-4b lmbd1000 GPUs=0,1,2,3 attempt=656 2026-07-30T01:28:44-04:00
FAILED gemma-4b lmbd1000 attempt=656; retrying in 300s
START gemma-4b lmbd1000 GPUs=0,1,2,3 attempt=657 2026-07-30T01:33:49-04:00
FAILED gemma-4b lmbd1000 attempt=657; retrying in 300s
START gemma-4b lmbd1000 GPUs=0,1,2,3 attempt=658 2026-07-30T01:38:54-04:00
FAILED gemma-4b lmbd1000 attempt=658; retrying in 300s
START gemma-4b lmbd1000 GPUs=0,1,2,3 attempt=659 2026-07-30T01:43:59-04:00
FAILED gemma-4b lmbd1000 attempt=659; retrying in 300s
START gemma-4b lmbd1000 GPUs=0,1,2,3 attempt=660 2026-07-30T01:49:04-04:00
FAILED gemma-4b lmbd1000 attempt=660; retrying in 300s
START gemma-4b lmbd1000 GPUs=0,1,2,3 attempt=661 2026-07-30T01:54:09-04:00
FAILED gemma-4b lmbd1000 attempt=661; retrying in 300s
START gemma-4b lmbd1000 GPUs=0,1,2,3 attempt=662 2026-07-30T01:59:14-04:00
FAILED gemma-4b lmbd1000 attempt=662; retrying in 300s
START gemma-4b lmbd1000 GPUs=0,1,2,3 attempt=663 2026-07-30T02:04:19-04:00
FAILED gemma-4b lmbd1000 attempt=663; retrying in 300s
START gemma-4b lmbd1000 GPUs=0,1,2,3 attempt=664 2026-07-30T02:09:24-04:00
FAILED gemma-4b lmbd1000 attempt=664; retrying in 300s
START gemma-4b lmbd1000 GPUs=0,1,2,3 attempt=665 2026-07-30T02:14:29-04:00
FAILED gemma-4b lmbd1000 attempt=665; retrying in 300s
START gemma-4b lmbd1000 GPUs=0,1,2,3 attempt=666 2026-07-30T02:19:34-04:00
FAILED gemma-4b lmbd1000 attempt=666; retrying in 300s
START gemma-4b lmbd1000 GPUs=0,1,2,3 attempt=667 2026-07-30T02:24:39-04:00
FAILED gemma-4b lmbd1000 attempt=667; retrying in 300s
START gemma-4b lmbd1000 GPUs=0,1,2,3 attempt=668 2026-07-30T02:29:44-04:00
FAILED gemma-4b lmbd1000 attempt=668; retrying in 300s
START gemma-4b lmbd1000 GPUs=0,1,2,3 attempt=669 2026-07-30T02:34:49-04:00
FAILED gemma-4b lmbd1000 attempt=669; retrying in 300s
START gemma-4b lmbd1000 GPUs=0,1,2,3 attempt=670 2026-07-30T02:39:54-04:00
FAILED gemma-4b lmbd1000 attempt=670; retrying in 300s
START gemma-4b lmbd1000 GPUs=0,1,2,3 attempt=671 2026-07-30T02:44:59-04:00
FAILED gemma-4b lmbd1000 attempt=671; retrying in 300s
START gemma-4b lmbd1000 GPUs=0,1,2,3 attempt=672 2026-07-30T02:50:04-04:00
FAILED gemma-4b lmbd1000 attempt=672; retrying in 300s
START gemma-4b lmbd1000 GPUs=0,1,2,3 attempt=673 2026-07-30T02:55:09-04:00
FAILED gemma-4b lmbd1000 attempt=673; retrying in 300s
START gemma-4b lmbd1000 GPUs=0,1,2,3 attempt=674 2026-07-30T03:00:14-04:00
FAILED gemma-4b lmbd1000 attempt=674; retrying in 300s
START gemma-4b lmbd1000 GPUs=0,1,2,3 attempt=675 2026-07-30T03:05:19-04:00
FAILED gemma-4b lmbd1000 attempt=675; retrying in 300s
START gemma-4b lmbd1000 GPUs=0,1,2,3 attempt=676 2026-07-30T03:10:24-04:00
FAILED gemma-4b lmbd1000 attempt=676; retrying in 300s
START gemma-4b lmbd1000 GPUs=0,1,2,3 attempt=677 2026-07-30T03:15:30-04:00
FAILED gemma-4b lmbd1000 attempt=677; retrying in 300s
START gemma-4b lmbd1000 GPUs=0,1,2,3 attempt=678 2026-07-30T03:20:35-04:00
FAILED gemma-4b lmbd1000 attempt=678; retrying in 300s
START gemma-4b lmbd1000 GPUs=0,1,2,3 attempt=679 2026-07-30T03:25:40-04:00
FAILED gemma-4b lmbd1000 attempt=679; retrying in 300s
START gemma-4b lmbd1000 GPUs=0,1,2,3 attempt=680 2026-07-30T03:30:45-04:00
FAILED gemma-4b lmbd1000 attempt=680; retrying in 300s
START gemma-4b lmbd1000 GPUs=0,1,2,3 attempt=681 2026-07-30T03:35:50-04:00
FAILED gemma-4b lmbd1000 attempt=681; retrying in 300s
START gemma-4b lmbd1000 GPUs=0,1,2,3 attempt=682 2026-07-30T03:40:55-04:00
FAILED gemma-4b lmbd1000 attempt=682; retrying in 300s
START gemma-4b lmbd1000 GPUs=0,1,2,3 attempt=683 2026-07-30T03:46:00-04:00
FAILED gemma-4b lmbd1000 attempt=683; retrying in 300s
START gemma-4b lmbd1000 GPUs=0,1,2,3 attempt=684 2026-07-30T03:51:05-04:00
FAILED gemma-4b lmbd1000 attempt=684; retrying in 300s
START gemma-4b lmbd1000 GPUs=0,1,2,3 attempt=685 2026-07-30T03:56:10-04:00
FAILED gemma-4b lmbd1000 attempt=685; retrying in 300s
START gemma-4b lmbd1000 GPUs=0,1,2,3 attempt=686 2026-07-30T04:01:15-04:00
FAILED gemma-4b lmbd1000 attempt=686; retrying in 300s
START gemma-4b lmbd1000 GPUs=0,1,2,3 attempt=687 2026-07-30T04:06:20-04:00
FAILED gemma-4b lmbd1000 attempt=687; retrying in 300s
START gemma-4b lmbd1000 GPUs=0,1,2,3 attempt=688 2026-07-30T04:11:25-04:00
FAILED gemma-4b lmbd1000 attempt=688; retrying in 300s
START gemma-4b lmbd1000 GPUs=0,1,2,3 attempt=689 2026-07-30T04:16:30-04:00
FAILED gemma-4b lmbd1000 attempt=689; retrying in 300s
START gemma-4b lmbd1000 GPUs=0,1,2,3 attempt=690 2026-07-30T04:21:35-04:00
FAILED gemma-4b lmbd1000 attempt=690; retrying in 300s
START gemma-4b lmbd1000 GPUs=0,1,2,3 attempt=691 2026-07-30T04:26:40-04:00
FAILED gemma-4b lmbd1000 attempt=691; retrying in 300s
START gemma-4b lmbd1000 GPUs=0,1,2,3 attempt=692 2026-07-30T04:31:45-04:00
FAILED gemma-4b lmbd1000 attempt=692; retrying in 300s
START gemma-4b lmbd1000 GPUs=0,1,2,3 attempt=693 2026-07-30T04:36:50-04:00
FAILED gemma-4b lmbd1000 attempt=693; retrying in 300s
START gemma-4b lmbd1000 GPUs=0,1,2,3 attempt=694 2026-07-30T04:41:55-04:00
FAILED gemma-4b lmbd1000 attempt=694; retrying in 300s
START gemma-4b lmbd1000 GPUs=0,1,2,3 attempt=695 2026-07-30T04:47:00-04:00
FAILED gemma-4b lmbd1000 attempt=695; retrying in 300s
START gemma-4b lmbd1000 GPUs=0,1,2,3 attempt=696 2026-07-30T04:52:05-04:00
FAILED gemma-4b lmbd1000 attempt=696; retrying in 300s
START gemma-4b lmbd1000 GPUs=0,1,2,3 attempt=697 2026-07-30T04:57:10-04:00
FAILED gemma-4b lmbd1000 attempt=697; retrying in 300s
START gemma-4b lmbd1000 GPUs=0,1,2,3 attempt=698 2026-07-30T05:02:16-04:00
FAILED gemma-4b lmbd1000 attempt=698; retrying in 300s
START gemma-4b lmbd1000 GPUs=0,1,2,3 attempt=699 2026-07-30T05:07:21-04:00
FAILED gemma-4b lmbd1000 attempt=699; retrying in 300s
START gemma-4b lmbd1000 GPUs=0,1,2,3 attempt=700 2026-07-30T05:12:26-04:00
FAILED gemma-4b lmbd1000 attempt=700; retrying in 300s
START gemma-4b lmbd1000 GPUs=0,1,2,3 attempt=701 2026-07-30T05:17:31-04:00
FAILED gemma-4b lmbd1000 attempt=701; retrying in 300s
START gemma-4b lmbd1000 GPUs=0,1,2,3 attempt=702 2026-07-30T05:22:36-04:00
FAILED gemma-4b lmbd1000 attempt=702; retrying in 300s
START gemma-4b lmbd1000 GPUs=0,1,2,3 attempt=703 2026-07-30T05:27:41-04:00
FAILED gemma-4b lmbd1000 attempt=703; retrying in 300s
START gemma-4b lmbd1000 GPUs=0,1,2,3 attempt=704 2026-07-30T05:32:46-04:00
FAILED gemma-4b lmbd1000 attempt=704; retrying in 300s
START gemma-4b lmbd1000 GPUs=0,1,2,3 attempt=705 2026-07-30T05:37:51-04:00
FAILED gemma-4b lmbd1000 attempt=705; retrying in 300s
START gemma-4b lmbd1000 GPUs=0,1,2,3 attempt=706 2026-07-30T05:42:56-04:00
FAILED gemma-4b lmbd1000 attempt=706; retrying in 300s
START gemma-4b lmbd1000 GPUs=0,1,2,3 attempt=707 2026-07-30T05:48:01-04:00
FAILED gemma-4b lmbd1000 attempt=707; retrying in 300s
START gemma-4b lmbd1000 GPUs=0,1,2,3 attempt=708 2026-07-30T05:53:06-04:00
FAILED gemma-4b lmbd1000 attempt=708; retrying in 300s
START gemma-4b lmbd1000 GPUs=0,1,2,3 attempt=709 2026-07-30T05:58:11-04:00
FAILED gemma-4b lmbd1000 attempt=709; retrying in 300s
START gemma-4b lmbd1000 GPUs=0,1,2,3 attempt=710 2026-07-30T06:03:16-04:00
FAILED gemma-4b lmbd1000 attempt=710; retrying in 300s
START gemma-4b lmbd1000 GPUs=0,1,2,3 attempt=711 2026-07-30T06:08:21-04:00
FAILED gemma-4b lmbd1000 attempt=711; retrying in 300s
START gemma-4b lmbd1000 GPUs=0,1,2,3 attempt=712 2026-07-30T06:13:26-04:00
FAILED gemma-4b lmbd1000 attempt=712; retrying in 300s
START gemma-4b lmbd1000 GPUs=0,1,2,3 attempt=713 2026-07-30T06:18:31-04:00
FAILED gemma-4b lmbd1000 attempt=713; retrying in 300s
START gemma-4b lmbd1000 GPUs=0,1,2,3 attempt=714 2026-07-30T06:23:37-04:00
FAILED gemma-4b lmbd1000 attempt=714; retrying in 300s
START gemma-4b lmbd1000 GPUs=0,1,2,3 attempt=715 2026-07-30T06:28:42-04:00
FAILED gemma-4b lmbd1000 attempt=715; retrying in 300s
START gemma-4b lmbd1000 GPUs=0,1,2,3 attempt=716 2026-07-30T06:33:47-04:00
FAILED gemma-4b lmbd1000 attempt=716; retrying in 300s
START gemma-4b lmbd1000 GPUs=0,1,2,3 attempt=717 2026-07-30T06:38:52-04:00
FAILED gemma-4b lmbd1000 attempt=717; retrying in 300s
START gemma-4b lmbd1000 GPUs=0,1,2,3 attempt=718 2026-07-30T06:43:57-04:00
FAILED gemma-4b lmbd1000 attempt=718; retrying in 300s
START gemma-4b lmbd1000 GPUs=0,1,2,3 attempt=719 2026-07-30T06:49:02-04:00
FAILED gemma-4b lmbd1000 attempt=719; retrying in 300s
START gemma-4b lmbd1000 GPUs=0,1,2,3 attempt=720 2026-07-30T06:54:07-04:00
FAILED gemma-4b lmbd1000 attempt=720; retrying in 300s
START gemma-4b lmbd1000 GPUs=0,1,2,3 attempt=721 2026-07-30T06:59:12-04:00
FAILED gemma-4b lmbd1000 attempt=721; retrying in 300s
START gemma-4b lmbd1000 GPUs=0,1,2,3 attempt=722 2026-07-30T07:04:17-04:00
FAILED gemma-4b lmbd1000 attempt=722; retrying in 300s
START gemma-4b lmbd1000 GPUs=0,1,2,3 attempt=723 2026-07-30T07:09:22-04:00
FAILED gemma-4b lmbd1000 attempt=723; retrying in 300s
START gemma-4b lmbd1000 GPUs=0,1,2,3 attempt=724 2026-07-30T07:14:27-04:00
FAILED gemma-4b lmbd1000 attempt=724; retrying in 300s
START gemma-4b lmbd1000 GPUs=0,1,2,3 attempt=725 2026-07-30T07:19:32-04:00
FAILED gemma-4b lmbd1000 attempt=725; retrying in 300s
START gemma-4b lmbd1000 GPUs=0,1,2,3 attempt=726 2026-07-30T07:24:37-04:00
FAILED gemma-4b lmbd1000 attempt=726; retrying in 300s
START gemma-4b lmbd1000 GPUs=0,1,2,3 attempt=727 2026-07-30T07:29:43-04:00
FAILED gemma-4b lmbd1000 attempt=727; retrying in 300s
START gemma-4b lmbd1000 GPUs=0,1,2,3 attempt=728 2026-07-30T07:34:48-04:00
FAILED gemma-4b lmbd1000 attempt=728; retrying in 300s
START gemma-4b lmbd1000 GPUs=0,1,2,3 attempt=729 2026-07-30T07:39:53-04:00
FAILED gemma-4b lmbd1000 attempt=729; retrying in 300s
START gemma-4b lmbd1000 GPUs=0,1,2,3 attempt=730 2026-07-30T07:44:58-04:00
FAILED gemma-4b lmbd1000 attempt=730; retrying in 300s
START gemma-4b lmbd1000 GPUs=0,1,2,3 attempt=731 2026-07-30T07:50:03-04:00
FAILED gemma-4b lmbd1000 attempt=731; retrying in 300s
START gemma-4b lmbd1000 GPUs=0,1,2,3 attempt=732 2026-07-30T07:55:08-04:00
FAILED gemma-4b lmbd1000 attempt=732; retrying in 300s
START gemma-4b lmbd1000 GPUs=0,1,2,3 attempt=733 2026-07-30T08:00:13-04:00
FAILED gemma-4b lmbd1000 attempt=733; retrying in 300s
START gemma-4b lmbd1000 GPUs=0,1,2,3 attempt=734 2026-07-30T08:05:18-04:00
FAILED gemma-4b lmbd1000 attempt=734; retrying in 300s
START gemma-4b lmbd1000 GPUs=0,1,2,3 attempt=735 2026-07-30T08:10:23-04:00
FAILED gemma-4b lmbd1000 attempt=735; retrying in 300s
START gemma-4b lmbd1000 GPUs=0,1,2,3 attempt=736 2026-07-30T08:15:28-04:00
FAILED gemma-4b lmbd1000 attempt=736; retrying in 300s
START gemma-4b lmbd1000 GPUs=0,1,2,3 attempt=737 2026-07-30T08:20:33-04:00
FAILED gemma-4b lmbd1000 attempt=737; retrying in 300s
START gemma-4b lmbd1000 GPUs=0,1,2,3 attempt=738 2026-07-30T08:25:38-04:00
FAILED gemma-4b lmbd1000 attempt=738; retrying in 300s
START gemma-4b lmbd1000 GPUs=0,1,2,3 attempt=739 2026-07-30T08:30:43-04:00
FAILED gemma-4b lmbd1000 attempt=739; retrying in 300s
START gemma-4b lmbd1000 GPUs=0,1,2,3 attempt=740 2026-07-30T08:35:48-04:00
FAILED gemma-4b lmbd1000 attempt=740; retrying in 300s
START gemma-4b lmbd1000 GPUs=0,1,2,3 attempt=741 2026-07-30T08:40:53-04:00
FAILED gemma-4b lmbd1000 attempt=741; retrying in 300s
START gemma-4b lmbd1000 GPUs=0,1,2,3 attempt=742 2026-07-30T08:45:58-04:00
FAILED gemma-4b lmbd1000 attempt=742; retrying in 300s
START gemma-4b lmbd1000 GPUs=0,1,2,3 attempt=743 2026-07-30T08:51:03-04:00
FAILED gemma-4b lmbd1000 attempt=743; retrying in 300s
START gemma-4b lmbd1000 GPUs=0,1,2,3 attempt=744 2026-07-30T08:56:08-04:00
FAILED gemma-4b lmbd1000 attempt=744; retrying in 300s
START gemma-4b lmbd1000 GPUs=0,1,2,3 attempt=745 2026-07-30T09:01:13-04:00
FAILED gemma-4b lmbd1000 attempt=745; retrying in 300s
START gemma-4b lmbd1000 GPUs=0,1,2,3 attempt=746 2026-07-30T09:06:19-04:00
FAILED gemma-4b lmbd1000 attempt=746; retrying in 300s
START gemma-4b lmbd1000 GPUs=0,1,2,3 attempt=747 2026-07-30T09:11:24-04:00
FAILED gemma-4b lmbd1000 attempt=747; retrying in 300s
START gemma-4b lmbd1000 GPUs=0,1,2,3 attempt=748 2026-07-30T09:16:29-04:00
FAILED gemma-4b lmbd1000 attempt=748; retrying in 300s
START gemma-4b lmbd1000 GPUs=0,1,2,3 attempt=749 2026-07-30T09:21:34-04:00
FAILED gemma-4b lmbd1000 attempt=749; retrying in 300s
START gemma-4b lmbd1000 GPUs=0,1,2,3 attempt=750 2026-07-30T09:26:39-04:00
FAILED gemma-4b lmbd1000 attempt=750; retrying in 300s
START gemma-4b lmbd1000 GPUs=0,1,2,3 attempt=751 2026-07-30T09:31:44-04:00
FAILED gemma-4b lmbd1000 attempt=751; retrying in 300s
START gemma-4b lmbd1000 GPUs=0,1,2,3 attempt=752 2026-07-30T09:36:49-04:00
FAILED gemma-4b lmbd1000 attempt=752; retrying in 300s
START gemma-4b lmbd1000 GPUs=0,1,2,3 attempt=753 2026-07-30T09:41:54-04:00
FAILED gemma-4b lmbd1000 attempt=753; retrying in 300s
START gemma-4b lmbd1000 GPUs=0,1,2,3 attempt=754 2026-07-30T09:46:59-04:00
FAILED gemma-4b lmbd1000 attempt=754; retrying in 300s
START gemma-4b lmbd1000 GPUs=0,1,2,3 attempt=755 2026-07-30T09:52:04-04:00
FAILED gemma-4b lmbd1000 attempt=755; retrying in 300s
START gemma-4b lmbd1000 GPUs=0,1,2,3 attempt=756 2026-07-30T09:57:09-04:00
FAILED gemma-4b lmbd1000 attempt=756; retrying in 300s
START gemma-4b lmbd1000 GPUs=0,1,2,3 attempt=757 2026-07-30T10:02:14-04:00
FAILED gemma-4b lmbd1000 attempt=757; retrying in 300s
START gemma-4b lmbd1000 GPUs=0,1,2,3 attempt=758 2026-07-30T10:07:19-04:00
FAILED gemma-4b lmbd1000 attempt=758; retrying in 300s
START gemma-4b lmbd1000 GPUs=0,1,2,3 attempt=759 2026-07-30T10:12:24-04:00
FAILED gemma-4b lmbd1000 attempt=759; retrying in 300s
START gemma-4b lmbd1000 GPUs=0,1,2,3 attempt=760 2026-07-30T10:17:29-04:00
FAILED gemma-4b lmbd1000 attempt=760; retrying in 300s
START gemma-4b lmbd1000 GPUs=0,1,2,3 attempt=761 2026-07-30T10:22:34-04:00
FAILED gemma-4b lmbd1000 attempt=761; retrying in 300s
START gemma-4b lmbd1000 GPUs=0,1,2,3 attempt=762 2026-07-30T10:27:40-04:00
FAILED gemma-4b lmbd1000 attempt=762; retrying in 300s
START gemma-4b lmbd1000 GPUs=0,1,2,3 attempt=763 2026-07-30T10:32:45-04:00
FAILED gemma-4b lmbd1000 attempt=763; retrying in 300s
START gemma-4b lmbd1000 GPUs=0,1,2,3 attempt=764 2026-07-30T10:37:50-04:00
FAILED gemma-4b lmbd1000 attempt=764; retrying in 300s
START gemma-4b lmbd1000 GPUs=0,1,2,3 attempt=765 2026-07-30T10:42:55-04:00
FAILED gemma-4b lmbd1000 attempt=765; retrying in 300s
START gemma-4b lmbd1000 GPUs=0,1,2,3 attempt=766 2026-07-30T10:48:00-04:00
FAILED gemma-4b lmbd1000 attempt=766; retrying in 300s
START gemma-4b lmbd1000 GPUs=0,1,2,3 attempt=767 2026-07-30T10:53:05-04:00
FAILED gemma-4b lmbd1000 attempt=767; retrying in 300s
START gemma-4b lmbd1000 GPUs=0,1,2,3 attempt=768 2026-07-30T10:58:10-04:00
FAILED gemma-4b lmbd1000 attempt=768; retrying in 300s
START gemma-4b lmbd1000 GPUs=0,1,2,3 attempt=769 2026-07-30T11:03:15-04:00
FAILED gemma-4b lmbd1000 attempt=769; retrying in 300s
START gemma-4b lmbd1000 GPUs=0,1,2,3 attempt=770 2026-07-30T11:08:20-04:00
FAILED gemma-4b lmbd1000 attempt=770; retrying in 300s
START gemma-4b lmbd1000 GPUs=0,1,2,3 attempt=771 2026-07-30T11:13:25-04:00
FAILED gemma-4b lmbd1000 attempt=771; retrying in 300s
START gemma-4b lmbd1000 GPUs=0,1,2,3 attempt=772 2026-07-30T11:18:30-04:00
FAILED gemma-4b lmbd1000 attempt=772; retrying in 300s
START gemma-4b lmbd1000 GPUs=0,1,2,3 attempt=773 2026-07-30T11:23:35-04:00
FAILED gemma-4b lmbd1000 attempt=773; retrying in 300s
START gemma-4b lmbd1000 GPUs=0,1,2,3 attempt=774 2026-07-30T11:28:41-04:00
FAILED gemma-4b lmbd1000 attempt=774; retrying in 300s
START gemma-4b lmbd1000 GPUs=0,1,2,3 attempt=775 2026-07-30T11:33:46-04:00
FAILED gemma-4b lmbd1000 attempt=775; retrying in 300s
START gemma-4b lmbd1000 GPUs=0,1,2,3 attempt=776 2026-07-30T11:38:51-04:00
FAILED gemma-4b lmbd1000 attempt=776; retrying in 300s
START gemma-4b lmbd1000 GPUs=0,1,2,3 attempt=777 2026-07-30T11:43:56-04:00
FAILED gemma-4b lmbd1000 attempt=777; retrying in 300s
START gemma-4b lmbd1000 GPUs=0,1,2,3 attempt=778 2026-07-30T11:49:01-04:00
FAILED gemma-4b lmbd1000 attempt=778; retrying in 300s
START gemma-4b lmbd1000 GPUs=0,1,2,3 attempt=779 2026-07-30T11:54:06-04:00
FAILED gemma-4b lmbd1000 attempt=779; retrying in 300s
START gemma-4b lmbd1000 GPUs=0,1,2,3 attempt=780 2026-07-30T11:59:11-04:00
FAILED gemma-4b lmbd1000 attempt=780; retrying in 300s
START gemma-4b lmbd1000 GPUs=0,1,2,3 attempt=781 2026-07-30T12:04:16-04:00
FAILED gemma-4b lmbd1000 attempt=781; retrying in 300s
START gemma-4b lmbd1000 GPUs=0,1,2,3 attempt=782 2026-07-30T12:09:21-04:00
FAILED gemma-4b lmbd1000 attempt=782; retrying in 300s
START gemma-4b lmbd1000 GPUs=0,1,2,3 attempt=783 2026-07-30T12:14:26-04:00
FAILED gemma-4b lmbd1000 attempt=783; retrying in 300s
START gemma-4b lmbd1000 GPUs=0,1,2,3 attempt=784 2026-07-30T12:19:31-04:00
FAILED gemma-4b lmbd1000 attempt=784; retrying in 300s
START gemma-4b lmbd1000 GPUs=0,1,2,3 attempt=785 2026-07-30T12:24:36-04:00
FAILED gemma-4b lmbd1000 attempt=785; retrying in 300s
START gemma-4b lmbd1000 GPUs=0,1,2,3 attempt=786 2026-07-30T12:29:41-04:00
FAILED gemma-4b lmbd1000 attempt=786; retrying in 300s
START gemma-4b lmbd1000 GPUs=0,1,2,3 attempt=787 2026-07-30T12:34:46-04:00
FAILED gemma-4b lmbd1000 attempt=787; retrying in 300s
START gemma-4b lmbd1000 GPUs=0,1,2,3 attempt=788 2026-07-30T12:39:51-04:00
FAILED gemma-4b lmbd1000 attempt=788; retrying in 300s
START gemma-4b lmbd1000 GPUs=0,1,2,3 attempt=789 2026-07-30T12:44:56-04:00
FAILED gemma-4b lmbd1000 attempt=789; retrying in 300s
START gemma-4b lmbd1000 GPUs=0,1,2,3 attempt=790 2026-07-30T12:50:01-04:00
FAILED gemma-4b lmbd1000 attempt=790; retrying in 300s
START gemma-4b lmbd1000 GPUs=0,1,2,3 attempt=791 2026-07-30T12:55:07-04:00
FAILED gemma-4b lmbd1000 attempt=791; retrying in 300s
START gemma-4b lmbd1000 GPUs=0,1,2,3 attempt=792 2026-07-30T13:00:12-04:00
FAILED gemma-4b lmbd1000 attempt=792; retrying in 300s
START gemma-4b lmbd1000 GPUs=0,1,2,3 attempt=793 2026-07-30T13:05:17-04:00
FAILED gemma-4b lmbd1000 attempt=793; retrying in 300s
START gemma-4b lmbd1000 GPUs=0,1,2,3 attempt=794 2026-07-30T13:10:22-04:00
FAILED gemma-4b lmbd1000 attempt=794; retrying in 300s
START gemma-4b lmbd1000 GPUs=0,1,2,3 attempt=795 2026-07-30T13:15:27-04:00
FAILED gemma-4b lmbd1000 attempt=795; retrying in 300s
START gemma-4b lmbd1000 GPUs=0,1,2,3 attempt=796 2026-07-30T13:20:32-04:00
FAILED gemma-4b lmbd1000 attempt=796; retrying in 300s
START gemma-4b lmbd1000 GPUs=0,1,2,3 attempt=797 2026-07-30T13:25:37-04:00
FAILED gemma-4b lmbd1000 attempt=797; retrying in 300s
START gemma-4b lmbd1000 GPUs=0,1,2,3 attempt=798 2026-07-30T13:30:42-04:00
FAILED gemma-4b lmbd1000 attempt=798; retrying in 300s
START gemma-4b lmbd1000 GPUs=0,1,2,3 attempt=799 2026-07-30T13:35:47-04:00
FAILED gemma-4b lmbd1000 attempt=799; retrying in 300s
START gemma-4b lmbd1000 GPUs=0,1,2,3 attempt=800 2026-07-30T13:40:52-04:00
FAILED gemma-4b lmbd1000 attempt=800; retrying in 300s
START gemma-4b lmbd1000 GPUs=0,1,2,3 attempt=801 2026-07-30T13:45:57-04:00
FAILED gemma-4b lmbd1000 attempt=801; retrying in 300s
START gemma-4b lmbd1000 GPUs=0,1,2,3 attempt=802 2026-07-30T13:51:02-04:00
FAILED gemma-4b lmbd1000 attempt=802; retrying in 300s
START gemma-4b lmbd1000 GPUs=0,1,2,3 attempt=803 2026-07-30T13:56:07-04:00
FAILED gemma-4b lmbd1000 attempt=803; retrying in 300s
START gemma-4b lmbd1000 GPUs=0,1,2,3 attempt=804 2026-07-30T14:01:12-04:00
FAILED gemma-4b lmbd1000 attempt=804; retrying in 300s
START gemma-4b lmbd1000 GPUs=0,1,2,3 attempt=805 2026-07-30T14:06:17-04:00
FAILED gemma-4b lmbd1000 attempt=805; retrying in 300s
START gemma-4b lmbd1000 GPUs=0,1,2,3 attempt=806 2026-07-30T14:11:23-04:00
FAILED gemma-4b lmbd1000 attempt=806; retrying in 300s
START gemma-4b lmbd1000 GPUs=0,1,2,3 attempt=807 2026-07-30T14:16:28-04:00
FAILED gemma-4b lmbd1000 attempt=807; retrying in 300s
START gemma-4b lmbd1000 GPUs=0,1,2,3 attempt=808 2026-07-30T14:21:33-04:00
FAILED gemma-4b lmbd1000 attempt=808; retrying in 300s
START gemma-4b lmbd1000 GPUs=0,1,2,3 attempt=809 2026-07-30T14:26:38-04:00
FAILED gemma-4b lmbd1000 attempt=809; retrying in 300s
START gemma-4b lmbd1000 GPUs=0,1,2,3 attempt=810 2026-07-30T14:31:43-04:00
FAILED gemma-4b lmbd1000 attempt=810; retrying in 300s
START gemma-4b lmbd1000 GPUs=0,1,2,3 attempt=811 2026-07-30T14:36:48-04:00
FAILED gemma-4b lmbd1000 attempt=811; retrying in 300s
START gemma-4b lmbd1000 GPUs=0,1,2,3 attempt=812 2026-07-30T14:41:53-04:00
FAILED gemma-4b lmbd1000 attempt=812; retrying in 300s
START gemma-4b lmbd1000 GPUs=0,1,2,3 attempt=813 2026-07-30T14:46:58-04:00
FAILED gemma-4b lmbd1000 attempt=813; retrying in 300s
START gemma-4b lmbd1000 GPUs=0,1,2,3 attempt=814 2026-07-30T14:52:03-04:00
FAILED gemma-4b lmbd1000 attempt=814; retrying in 300s
START gemma-4b lmbd1000 GPUs=0,1,2,3 attempt=815 2026-07-30T14:57:08-04:00
FAILED gemma-4b lmbd1000 attempt=815; retrying in 300s
START gemma-4b lmbd1000 GPUs=0,1,2,3 attempt=816 2026-07-30T15:02:13-04:00
FAILED gemma-4b lmbd1000 attempt=816; retrying in 300s
START gemma-4b lmbd1000 GPUs=0,1,2,3 attempt=817 2026-07-30T15:07:18-04:00
FAILED gemma-4b lmbd1000 attempt=817; retrying in 300s
START gemma-4b lmbd1000 GPUs=0,1,2,3 attempt=818 2026-07-30T15:12:23-04:00
FAILED gemma-4b lmbd1000 attempt=818; retrying in 300s
START gemma-4b lmbd1000 GPUs=0,1,2,3 attempt=819 2026-07-30T15:17:28-04:00
FAILED gemma-4b lmbd1000 attempt=819; retrying in 300s
START gemma-4b lmbd1000 GPUs=0,1,2,3 attempt=820 2026-07-30T15:22:33-04:00
FAILED gemma-4b lmbd1000 attempt=820; retrying in 300s
START gemma-4b lmbd1000 GPUs=0,1,2,3 attempt=821 2026-07-30T15:27:38-04:00
FAILED gemma-4b lmbd1000 attempt=821; retrying in 300s
START gemma-4b lmbd1000 GPUs=0,1,2,3 attempt=822 2026-07-30T15:32:43-04:00
FAILED gemma-4b lmbd1000 attempt=822; retrying in 300s
START gemma-4b lmbd1000 GPUs=0,1,2,3 attempt=823 2026-07-30T15:37:48-04:00
FAILED gemma-4b lmbd1000 attempt=823; retrying in 300s
START gemma-4b lmbd1000 GPUs=0,1,2,3 attempt=824 2026-07-30T15:42:54-04:00
FAILED gemma-4b lmbd1000 attempt=824; retrying in 300s
START gemma-4b lmbd1000 GPUs=0,1,2,3 attempt=825 2026-07-30T15:47:59-04:00
FAILED gemma-4b lmbd1000 attempt=825; retrying in 300s
START gemma-4b lmbd1000 GPUs=0,1,2,3 attempt=826 2026-07-30T15:53:04-04:00
FAILED gemma-4b lmbd1000 attempt=826; retrying in 300s
START gemma-4b lmbd1000 GPUs=0,1,2,3 attempt=827 2026-07-30T15:58:09-04:00
FAILED gemma-4b lmbd1000 attempt=827; retrying in 300s
START gemma-4b lmbd1000 GPUs=0,1,2,3 attempt=828 2026-07-30T16:03:14-04:00
FAILED gemma-4b lmbd1000 attempt=828; retrying in 300s
START gemma-4b lmbd1000 GPUs=0,1,2,3 attempt=829 2026-07-30T16:08:19-04:00
FAILED gemma-4b lmbd1000 attempt=829; retrying in 300s
START gemma-4b lmbd1000 GPUs=0,1,2,3 attempt=830 2026-07-30T16:13:24-04:00
FAILED gemma-4b lmbd1000 attempt=830; retrying in 300s
START gemma-4b lmbd1000 GPUs=0,1,2,3 attempt=831 2026-07-30T16:18:29-04:00
FAILED gemma-4b lmbd1000 attempt=831; retrying in 300s
START gemma-4b lmbd1000 GPUs=0,1,2,3 attempt=832 2026-07-30T16:23:34-04:00
FAILED gemma-4b lmbd1000 attempt=832; retrying in 300s
START gemma-4b lmbd1000 GPUs=0,1,2,3 attempt=833 2026-07-30T16:28:39-04:00
FAILED gemma-4b lmbd1000 attempt=833; retrying in 300s
START gemma-4b lmbd1000 GPUs=0,1,2,3 attempt=834 2026-07-30T16:33:44-04:00
FAILED gemma-4b lmbd1000 attempt=834; retrying in 300s
START gemma-4b lmbd1000 GPUs=0,1,2,3 attempt=835 2026-07-30T16:38:49-04:00
FAILED gemma-4b lmbd1000 attempt=835; retrying in 300s
START gemma-4b lmbd1000 GPUs=0,1,2,3 attempt=836 2026-07-30T16:43:54-04:00
FAILED gemma-4b lmbd1000 attempt=836; retrying in 300s
START gemma-4b lmbd1000 GPUs=0,1,2,3 attempt=837 2026-07-30T16:48:59-04:00
FAILED gemma-4b lmbd1000 attempt=837; retrying in 300s
START gemma-4b lmbd1000 GPUs=0,1,2,3 attempt=838 2026-07-30T16:54:04-04:00
FAILED gemma-4b lmbd1000 attempt=838; retrying in 300s
START gemma-4b lmbd1000 GPUs=0,1,2,3 attempt=839 2026-07-30T16:59:09-04:00
FAILED gemma-4b lmbd1000 attempt=839; retrying in 300s
START gemma-4b lmbd1000 GPUs=0,1,2,3 attempt=840 2026-07-30T17:04:15-04:00
FAILED gemma-4b lmbd1000 attempt=840; retrying in 300s
START gemma-4b lmbd1000 GPUs=0,1,2,3 attempt=841 2026-07-30T17:09:20-04:00
FAILED gemma-4b lmbd1000 attempt=841; retrying in 300s
START gemma-4b lmbd1000 GPUs=0,1,2,3 attempt=842 2026-07-30T17:14:25-04:00
FAILED gemma-4b lmbd1000 attempt=842; retrying in 300s
START gemma-4b lmbd1000 GPUs=0,1,2,3 attempt=843 2026-07-30T17:19:30-04:00
FAILED gemma-4b lmbd1000 attempt=843; retrying in 300s
START gemma-4b lmbd1000 GPUs=0,1,2,3 attempt=844 2026-07-30T17:24:35-04:00
FAILED gemma-4b lmbd1000 attempt=844; retrying in 300s
START gemma-4b lmbd1000 GPUs=0,1,2,3 attempt=845 2026-07-30T17:29:40-04:00
FAILED gemma-4b lmbd1000 attempt=845; retrying in 300s
START gemma-4b lmbd1000 GPUs=0,1,2,3 attempt=846 2026-07-30T17:34:45-04:00
FAILED gemma-4b lmbd1000 attempt=846; retrying in 300s
START gemma-4b lmbd1000 GPUs=0,1,2,3 attempt=847 2026-07-30T17:39:50-04:00
FAILED gemma-4b lmbd1000 attempt=847; retrying in 300s
START gemma-4b lmbd1000 GPUs=0,1,2,3 attempt=848 2026-07-30T17:44:55-04:00
FAILED gemma-4b lmbd1000 attempt=848; retrying in 300s
START gemma-4b lmbd1000 GPUs=0,1,2,3 attempt=849 2026-07-30T17:50:00-04:00
FAILED gemma-4b lmbd1000 attempt=849; retrying in 300s
START gemma-4b lmbd1000 GPUs=0,1,2,3 attempt=850 2026-07-30T17:55:05-04:00
FAILED gemma-4b lmbd1000 attempt=850; retrying in 300s
START gemma-4b lmbd1000 GPUs=0,1,2,3 attempt=851 2026-07-30T18:00:10-04:00
FAILED gemma-4b lmbd1000 attempt=851; retrying in 300s
START gemma-4b lmbd1000 GPUs=0,1,2,3 attempt=852 2026-07-30T18:05:15-04:00
FAILED gemma-4b lmbd1000 attempt=852; retrying in 300s
START gemma-4b lmbd1000 GPUs=0,1,2,3 attempt=853 2026-07-30T18:10:20-04:00
FAILED gemma-4b lmbd1000 attempt=853; retrying in 300s
START gemma-4b lmbd1000 GPUs=0,1,2,3 attempt=854 2026-07-30T18:15:25-04:00
FAILED gemma-4b lmbd1000 attempt=854; retrying in 300s
START gemma-4b lmbd1000 GPUs=0,1,2,3 attempt=855 2026-07-30T18:20:30-04:00
FAILED gemma-4b lmbd1000 attempt=855; retrying in 300s
START gemma-4b lmbd1000 GPUs=0,1,2,3 attempt=856 2026-07-30T18:25:35-04:00
FAILED gemma-4b lmbd1000 attempt=856; retrying in 300s
START gemma-4b lmbd1000 GPUs=0,1,2,3 attempt=857 2026-07-30T18:30:40-04:00
FAILED gemma-4b lmbd1000 attempt=857; retrying in 300s
START gemma-4b lmbd1000 GPUs=0,1,2,3 attempt=858 2026-07-30T18:35:46-04:00
FAILED gemma-4b lmbd1000 attempt=858; retrying in 300s
START gemma-4b lmbd1000 GPUs=0,1,2,3 attempt=859 2026-07-30T18:40:51-04:00
FAILED gemma-4b lmbd1000 attempt=859; retrying in 300s
START gemma-4b lmbd1000 GPUs=0,1,2,3 attempt=860 2026-07-30T18:45:56-04:00
FAILED gemma-4b lmbd1000 attempt=860; retrying in 300s
START gemma-4b lmbd1000 GPUs=0,1,2,3 attempt=861 2026-07-30T18:51:01-04:00
FAILED gemma-4b lmbd1000 attempt=861; retrying in 300s
START gemma-4b lmbd1000 GPUs=0,1,2,3 attempt=862 2026-07-30T18:56:06-04:00
FAILED gemma-4b lmbd1000 attempt=862; retrying in 300s
START gemma-4b lmbd1000 GPUs=0,1,2,3 attempt=863 2026-07-30T19:01:11-04:00
FAILED gemma-4b lmbd1000 attempt=863; retrying in 300s
START gemma-4b lmbd1000 GPUs=0,1,2,3 attempt=864 2026-07-30T19:06:16-04:00
FAILED gemma-4b lmbd1000 attempt=864; retrying in 300s
START gemma-4b lmbd1000 GPUs=0,1,2,3 attempt=865 2026-07-30T19:11:21-04:00
FAILED gemma-4b lmbd1000 attempt=865; retrying in 300s
START gemma-4b lmbd1000 GPUs=0,1,2,3 attempt=866 2026-07-30T19:16:26-04:00
FAILED gemma-4b lmbd1000 attempt=866; retrying in 300s
START gemma-4b lmbd1000 GPUs=0,1,2,3 attempt=867 2026-07-30T19:21:31-04:00
FAILED gemma-4b lmbd1000 attempt=867; retrying in 300s
START gemma-4b lmbd1000 GPUs=0,1,2,3 attempt=868 2026-07-30T19:26:36-04:00
FAILED gemma-4b lmbd1000 attempt=868; retrying in 300s
START gemma-4b lmbd1000 GPUs=0,1,2,3 attempt=869 2026-07-30T19:31:41-04:00
FAILED gemma-4b lmbd1000 attempt=869; retrying in 300s
START gemma-4b lmbd1000 GPUs=0,1,2,3 attempt=870 2026-07-30T19:36:46-04:00
FAILED gemma-4b lmbd1000 attempt=870; retrying in 300s
START gemma-4b lmbd1000 GPUs=0,1,2,3 attempt=871 2026-07-30T19:41:51-04:00
FAILED gemma-4b lmbd1000 attempt=871; retrying in 300s
START gemma-4b lmbd1000 GPUs=0,1,2,3 attempt=872 2026-07-30T19:46:56-04:00
FAILED gemma-4b lmbd1000 attempt=872; retrying in 300s
START gemma-4b lmbd1000 GPUs=0,1,2,3 attempt=873 2026-07-30T19:52:02-04:00
FAILED gemma-4b lmbd1000 attempt=873; retrying in 300s
START gemma-4b lmbd1000 GPUs=0,1,2,3 attempt=874 2026-07-30T19:57:07-04:00
FAILED gemma-4b lmbd1000 attempt=874; retrying in 300s
START gemma-4b lmbd1000 GPUs=0,1,2,3 attempt=875 2026-07-30T20:02:12-04:00
FAILED gemma-4b lmbd1000 attempt=875; retrying in 300s
START gemma-4b lmbd1000 GPUs=0,1,2,3 attempt=876 2026-07-30T20:07:17-04:00
FAILED gemma-4b lmbd1000 attempt=876; retrying in 300s
START gemma-4b lmbd1000 GPUs=0,1,2,3 attempt=877 2026-07-30T20:12:22-04:00
FAILED gemma-4b lmbd1000 attempt=877; retrying in 300s
START gemma-4b lmbd1000 GPUs=0,1,2,3 attempt=878 2026-07-30T20:17:27-04:00
FAILED gemma-4b lmbd1000 attempt=878; retrying in 300s
START gemma-4b lmbd1000 GPUs=0,1,2,3 attempt=879 2026-07-30T20:22:32-04:00
FAILED gemma-4b lmbd1000 attempt=879; retrying in 300s
START gemma-4b lmbd1000 GPUs=0,1,2,3 attempt=880 2026-07-30T20:27:37-04:00
FAILED gemma-4b lmbd1000 attempt=880; retrying in 300s
START gemma-4b lmbd1000 GPUs=0,1,2,3 attempt=881 2026-07-30T20:32:42-04:00
FAILED gemma-4b lmbd1000 attempt=881; retrying in 300s
START gemma-4b lmbd1000 GPUs=0,1,2,3 attempt=882 2026-07-30T20:37:47-04:00
FAILED gemma-4b lmbd1000 attempt=882; retrying in 300s
START gemma-4b lmbd1000 GPUs=0,1,2,3 attempt=883 2026-07-30T20:42:52-04:00
FAILED gemma-4b lmbd1000 attempt=883; retrying in 300s
START gemma-4b lmbd1000 GPUs=0,1,2,3 attempt=884 2026-07-30T20:47:57-04:00
FAILED gemma-4b lmbd1000 attempt=884; retrying in 300s
START gemma-4b lmbd1000 GPUs=0,1,2,3 attempt=885 2026-07-30T20:53:02-04:00
FAILED gemma-4b lmbd1000 attempt=885; retrying in 300s
START gemma-4b lmbd1000 GPUs=0,1,2,3 attempt=886 2026-07-30T20:58:07-04:00
FAILED gemma-4b lmbd1000 attempt=886; retrying in 300s
START gemma-4b lmbd1000 GPUs=0,1,2,3 attempt=887 2026-07-30T21:03:12-04:00
FAILED gemma-4b lmbd1000 attempt=887; retrying in 300s
START gemma-4b lmbd1000 GPUs=0,1,2,3 attempt=888 2026-07-30T21:08:18-04:00
FAILED gemma-4b lmbd1000 attempt=888; retrying in 300s
START gemma-4b lmbd1000 GPUs=0,1,2,3 attempt=889 2026-07-30T21:13:23-04:00
FAILED gemma-4b lmbd1000 attempt=889; retrying in 300s
START gemma-4b lmbd1000 GPUs=0,1,2,3 attempt=890 2026-07-30T21:18:28-04:00
FAILED gemma-4b lmbd1000 attempt=890; retrying in 300s
START gemma-4b lmbd1000 GPUs=0,1,2,3 attempt=891 2026-07-30T21:23:33-04:00
FAILED gemma-4b lmbd1000 attempt=891; retrying in 300s
START gemma-4b lmbd1000 GPUs=0,1,2,3 attempt=892 2026-07-30T21:28:38-04:00
FAILED gemma-4b lmbd1000 attempt=892; retrying in 300s
START gemma-4b lmbd1000 GPUs=0,1,2,3 attempt=893 2026-07-30T21:33:43-04:00
FAILED gemma-4b lmbd1000 attempt=893; retrying in 300s
START gemma-4b lmbd1000 GPUs=0,1,2,3 attempt=894 2026-07-30T21:38:48-04:00
FAILED gemma-4b lmbd1000 attempt=894; retrying in 300s
START gemma-4b lmbd1000 GPUs=0,1,2,3 attempt=895 2026-07-30T21:43:53-04:00
FAILED gemma-4b lmbd1000 attempt=895; retrying in 300s
START gemma-4b lmbd1000 GPUs=0,1,2,3 attempt=896 2026-07-30T21:48:58-04:00
FAILED gemma-4b lmbd1000 attempt=896; retrying in 300s
START gemma-4b lmbd1000 GPUs=0,1,2,3 attempt=897 2026-07-30T21:54:03-04:00
FAILED gemma-4b lmbd1000 attempt=897; retrying in 300s
START gemma-4b lmbd1000 GPUs=0,1,2,3 attempt=898 2026-07-30T21:59:08-04:00
FAILED gemma-4b lmbd1000 attempt=898; retrying in 300s
START gemma-4b lmbd1000 GPUs=0,1,2,3 attempt=899 2026-07-30T22:04:13-04:00
FAILED gemma-4b lmbd1000 attempt=899; retrying in 300s
START gemma-4b lmbd1000 GPUs=0,1,2,3 attempt=900 2026-07-30T22:09:18-04:00
FAILED gemma-4b lmbd1000 attempt=900; retrying in 300s
START gemma-4b lmbd1000 GPUs=0,1,2,3 attempt=901 2026-07-30T22:14:23-04:00
FAILED gemma-4b lmbd1000 attempt=901; retrying in 300s
START gemma-4b lmbd1000 GPUs=0,1,2,3 attempt=902 2026-07-30T22:19:28-04:00
FAILED gemma-4b lmbd1000 attempt=902; retrying in 300s
START gemma-4b lmbd1000 GPUs=0,1,2,3 attempt=903 2026-07-30T22:24:33-04:00
FAILED gemma-4b lmbd1000 attempt=903; retrying in 300s
START gemma-4b lmbd1000 GPUs=0,1,2,3 attempt=904 2026-07-30T22:29:38-04:00
FAILED gemma-4b lmbd1000 attempt=904; retrying in 300s
START gemma-4b lmbd1000 GPUs=0,1,2,3 attempt=905 2026-07-30T22:34:43-04:00
FAILED gemma-4b lmbd1000 attempt=905; retrying in 300s
START gemma-4b lmbd1000 GPUs=0,1,2,3 attempt=906 2026-07-30T22:39:48-04:00
FAILED gemma-4b lmbd1000 attempt=906; retrying in 300s
START gemma-4b lmbd1000 GPUs=0,1,2,3 attempt=907 2026-07-30T22:44:53-04:00
FAILED gemma-4b lmbd1000 attempt=907; retrying in 300s
START gemma-4b lmbd1000 GPUs=0,1,2,3 attempt=908 2026-07-30T22:49:58-04:00
FAILED gemma-4b lmbd1000 attempt=908; retrying in 300s
START gemma-4b lmbd1000 GPUs=0,1,2,3 attempt=909 2026-07-30T22:55:04-04:00
FAILED gemma-4b lmbd1000 attempt=909; retrying in 300s
START gemma-4b lmbd1000 GPUs=0,1,2,3 attempt=910 2026-07-30T23:00:09-04:00
FAILED gemma-4b lmbd1000 attempt=910; retrying in 300s
START gemma-4b lmbd1000 GPUs=0,1,2,3 attempt=911 2026-07-30T23:05:14-04:00
FAILED gemma-4b lmbd1000 attempt=911; retrying in 300s
START gemma-4b lmbd1000 GPUs=0,1,2,3 attempt=912 2026-07-30T23:10:19-04:00
FAILED gemma-4b lmbd1000 attempt=912; retrying in 300s
START gemma-4b lmbd1000 GPUs=0,1,2,3 attempt=913 2026-07-30T23:15:24-04:00
FAILED gemma-4b lmbd1000 attempt=913; retrying in 300s
START gemma-4b lmbd1000 GPUs=0,1,2,3 attempt=914 2026-07-30T23:20:29-04:00
FAILED gemma-4b lmbd1000 attempt=914; retrying in 300s
START gemma-4b lmbd1000 GPUs=0,1,2,3 attempt=915 2026-07-30T23:25:34-04:00
FAILED gemma-4b lmbd1000 attempt=915; retrying in 300s
START gemma-4b lmbd1000 GPUs=0,1,2,3 attempt=916 2026-07-30T23:30:39-04:00
FAILED gemma-4b lmbd1000 attempt=916; retrying in 300s
START gemma-4b lmbd1000 GPUs=0,1,2,3 attempt=917 2026-07-30T23:35:44-04:00
FAILED gemma-4b lmbd1000 attempt=917; retrying in 300s
START gemma-4b lmbd1000 GPUs=0,1,2,3 attempt=918 2026-07-30T23:40:49-04:00
FAILED gemma-4b lmbd1000 attempt=918; retrying in 300s
START gemma-4b lmbd1000 GPUs=0,1,2,3 attempt=919 2026-07-30T23:45:54-04:00
FAILED gemma-4b lmbd1000 attempt=919; retrying in 300s
START gemma-4b lmbd1000 GPUs=0,1,2,3 attempt=920 2026-07-30T23:50:59-04:00
FAILED gemma-4b lmbd1000 attempt=920; retrying in 300s
START gemma-4b lmbd1000 GPUs=0,1,2,3 attempt=921 2026-07-30T23:56:04-04:00
FAILED gemma-4b lmbd1000 attempt=921; retrying in 300s
START gemma-4b lmbd1000 GPUs=0,1,2,3 attempt=922 2026-07-31T00:01:09-04:00
FAILED gemma-4b lmbd1000 attempt=922; retrying in 300s
START gemma-4b lmbd1000 GPUs=0,1,2,3 attempt=923 2026-07-31T00:06:14-04:00
FAILED gemma-4b lmbd1000 attempt=923; retrying in 300s
START gemma-4b lmbd1000 GPUs=0,1,2,3 attempt=924 2026-07-31T00:11:19-04:00
FAILED gemma-4b lmbd1000 attempt=924; retrying in 300s
START gemma-4b lmbd1000 GPUs=0,1,2,3 attempt=925 2026-07-31T00:16:24-04:00
FAILED gemma-4b lmbd1000 attempt=925; retrying in 300s
START gemma-4b lmbd1000 GPUs=0,1,2,3 attempt=926 2026-07-31T00:21:29-04:00
FAILED gemma-4b lmbd1000 attempt=926; retrying in 300s
START gemma-4b lmbd1000 GPUs=0,1,2,3 attempt=927 2026-07-31T00:26:34-04:00
FAILED gemma-4b lmbd1000 attempt=927; retrying in 300s
START gemma-4b lmbd1000 GPUs=0,1,2,3 attempt=928 2026-07-31T00:31:39-04:00
FAILED gemma-4b lmbd1000 attempt=928; retrying in 300s
START gemma-4b lmbd1000 GPUs=0,1,2,3 attempt=929 2026-07-31T00:36:44-04:00
FAILED gemma-4b lmbd1000 attempt=929; retrying in 300s
START gemma-4b lmbd1000 GPUs=0,1,2,3 attempt=930 2026-07-31T00:41:49-04:00
FAILED gemma-4b lmbd1000 attempt=930; retrying in 300s
START gemma-4b lmbd1000 GPUs=0,1,2,3 attempt=931 2026-07-31T00:46:54-04:00
FAILED gemma-4b lmbd1000 attempt=931; retrying in 300s
START gemma-4b lmbd1000 GPUs=0,1,2,3 attempt=932 2026-07-31T00:51:59-04:00
FAILED gemma-4b lmbd1000 attempt=932; retrying in 300s
START gemma-4b lmbd1000 GPUs=0,1,2,3 attempt=933 2026-07-31T00:57:05-04:00
FAILED gemma-4b lmbd1000 attempt=933; retrying in 300s
START gemma-4b lmbd1000 GPUs=0,1,2,3 attempt=934 2026-07-31T01:02:10-04:00
FAILED gemma-4b lmbd1000 attempt=934; retrying in 300s
START gemma-4b lmbd1000 GPUs=0,1,2,3 attempt=935 2026-07-31T01:07:15-04:00
FAILED gemma-4b lmbd1000 attempt=935; retrying in 300s
START gemma-4b lmbd1000 GPUs=0,1,2,3 attempt=936 2026-07-31T01:12:20-04:00
FAILED gemma-4b lmbd1000 attempt=936; retrying in 300s
START gemma-4b lmbd1000 GPUs=0,1,2,3 attempt=937 2026-07-31T01:17:25-04:00
FAILED gemma-4b lmbd1000 attempt=937; retrying in 300s
START gemma-4b lmbd1000 GPUs=0,1,2,3 attempt=938 2026-07-31T01:22:30-04:00
FAILED gemma-4b lmbd1000 attempt=938; retrying in 300s
START gemma-4b lmbd1000 GPUs=0,1,2,3 attempt=939 2026-07-31T01:27:35-04:00
FAILED gemma-4b lmbd1000 attempt=939; retrying in 300s
START gemma-4b lmbd1000 GPUs=0,1,2,3 attempt=940 2026-07-31T01:32:40-04:00
FAILED gemma-4b lmbd1000 attempt=940; retrying in 300s
START gemma-4b lmbd1000 GPUs=0,1,2,3 attempt=941 2026-07-31T01:37:45-04:00
FAILED gemma-4b lmbd1000 attempt=941; retrying in 300s
START gemma-4b lmbd1000 GPUs=0,1,2,3 attempt=942 2026-07-31T01:42:50-04:00
FAILED gemma-4b lmbd1000 attempt=942; retrying in 300s
START gemma-4b lmbd1000 GPUs=0,1,2,3 attempt=943 2026-07-31T01:47:55-04:00
FAILED gemma-4b lmbd1000 attempt=943; retrying in 300s
START gemma-4b lmbd1000 GPUs=0,1,2,3 attempt=944 2026-07-31T01:53:00-04:00
FAILED gemma-4b lmbd1000 attempt=944; retrying in 300s
START gemma-4b lmbd1000 GPUs=0,1,2,3 attempt=945 2026-07-31T01:58:05-04:00
FAILED gemma-4b lmbd1000 attempt=945; retrying in 300s
START gemma-4b lmbd1000 GPUs=0,1,2,3 attempt=946 2026-07-31T02:03:10-04:00
FAILED gemma-4b lmbd1000 attempt=946; retrying in 300s
START gemma-4b lmbd1000 GPUs=0,1,2,3 attempt=947 2026-07-31T02:08:15-04:00
FAILED gemma-4b lmbd1000 attempt=947; retrying in 300s
START gemma-4b lmbd1000 GPUs=0,1,2,3 attempt=948 2026-07-31T02:13:20-04:00
FAILED gemma-4b lmbd1000 attempt=948; retrying in 300s
START gemma-4b lmbd1000 GPUs=0,1,2,3 attempt=949 2026-07-31T02:18:25-04:00
FAILED gemma-4b lmbd1000 attempt=949; retrying in 300s
START gemma-4b lmbd1000 GPUs=0,1,2,3 attempt=950 2026-07-31T02:23:30-04:00
FAILED gemma-4b lmbd1000 attempt=950; retrying in 300s
START gemma-4b lmbd1000 GPUs=0,1,2,3 attempt=951 2026-07-31T02:28:35-04:00
FAILED gemma-4b lmbd1000 attempt=951; retrying in 300s
START gemma-4b lmbd1000 GPUs=0,1,2,3 attempt=952 2026-07-31T02:33:40-04:00
FAILED gemma-4b lmbd1000 attempt=952; retrying in 300s
START gemma-4b lmbd1000 GPUs=0,1,2,3 attempt=953 2026-07-31T02:38:45-04:00
FAILED gemma-4b lmbd1000 attempt=953; retrying in 300s
START gemma-4b lmbd1000 GPUs=0,1,2,3 attempt=954 2026-07-31T02:43:51-04:00
FAILED gemma-4b lmbd1000 attempt=954; retrying in 300s
START gemma-4b lmbd1000 GPUs=0,1,2,3 attempt=955 2026-07-31T02:48:56-04:00
FAILED gemma-4b lmbd1000 attempt=955; retrying in 300s
START gemma-4b lmbd1000 GPUs=0,1,2,3 attempt=956 2026-07-31T02:54:01-04:00
FAILED gemma-4b lmbd1000 attempt=956; retrying in 300s
START gemma-4b lmbd1000 GPUs=0,1,2,3 attempt=957 2026-07-31T02:59:06-04:00
FAILED gemma-4b lmbd1000 attempt=957; retrying in 300s
START gemma-4b lmbd1000 GPUs=0,1,2,3 attempt=958 2026-07-31T03:04:11-04:00
FAILED gemma-4b lmbd1000 attempt=958; retrying in 300s
START gemma-4b lmbd1000 GPUs=0,1,2,3 attempt=959 2026-07-31T03:09:16-04:00
FAILED gemma-4b lmbd1000 attempt=959; retrying in 300s
START gemma-4b lmbd1000 GPUs=0,1,2,3 attempt=960 2026-07-31T03:14:21-04:00
FAILED gemma-4b lmbd1000 attempt=960; retrying in 300s
START gemma-4b lmbd1000 GPUs=0,1,2,3 attempt=961 2026-07-31T03:19:26-04:00
FAILED gemma-4b lmbd1000 attempt=961; retrying in 300s
START gemma-4b lmbd1000 GPUs=0,1,2,3 attempt=962 2026-07-31T03:24:31-04:00
FAILED gemma-4b lmbd1000 attempt=962; retrying in 300s
START gemma-4b lmbd1000 GPUs=0,1,2,3 attempt=963 2026-07-31T03:29:36-04:00
FAILED gemma-4b lmbd1000 attempt=963; retrying in 300s
START gemma-4b lmbd1000 GPUs=0,1,2,3 attempt=964 2026-07-31T03:34:41-04:00
FAILED gemma-4b lmbd1000 attempt=964; retrying in 300s
START gemma-4b lmbd1000 GPUs=0,1,2,3 attempt=965 2026-07-31T03:39:46-04:00
FAILED gemma-4b lmbd1000 attempt=965; retrying in 300s
START gemma-4b lmbd1000 GPUs=0,1,2,3 attempt=966 2026-07-31T03:44:51-04:00
FAILED gemma-4b lmbd1000 attempt=966; retrying in 300s
START gemma-4b lmbd1000 GPUs=0,1,2,3 attempt=967 2026-07-31T03:49:56-04:00
FAILED gemma-4b lmbd1000 attempt=967; retrying in 300s
START gemma-4b lmbd1000 GPUs=0,1,2,3 attempt=968 2026-07-31T03:55:01-04:00
FAILED gemma-4b lmbd1000 attempt=968; retrying in 300s
START gemma-4b lmbd1000 GPUs=0,1,2,3 attempt=969 2026-07-31T04:00:06-04:00
FAILED gemma-4b lmbd1000 attempt=969; retrying in 300s
START gemma-4b lmbd1000 GPUs=0,1,2,3 attempt=970 2026-07-31T04:05:11-04:00
FAILED gemma-4b lmbd1000 attempt=970; retrying in 300s
START gemma-4b lmbd1000 GPUs=0,1,2,3 attempt=971 2026-07-31T04:10:16-04:00
FAILED gemma-4b lmbd1000 attempt=971; retrying in 300s
START gemma-4b lmbd1000 GPUs=0,1,2,3 attempt=972 2026-07-31T04:15:22-04:00
FAILED gemma-4b lmbd1000 attempt=972; retrying in 300s
START gemma-4b lmbd1000 GPUs=0,1,2,3 attempt=973 2026-07-31T04:20:27-04:00
FAILED gemma-4b lmbd1000 attempt=973; retrying in 300s
START gemma-4b lmbd1000 GPUs=0,1,2,3 attempt=974 2026-07-31T04:25:32-04:00
FAILED gemma-4b lmbd1000 attempt=974; retrying in 300s
START gemma-4b lmbd1000 GPUs=0,1,2,3 attempt=975 2026-07-31T04:30:37-04:00
FAILED gemma-4b lmbd1000 attempt=975; retrying in 300s
START gemma-4b lmbd1000 GPUs=0,1,2,3 attempt=976 2026-07-31T04:35:42-04:00
FAILED gemma-4b lmbd1000 attempt=976; retrying in 300s
START gemma-4b lmbd1000 GPUs=0,1,2,3 attempt=977 2026-07-31T04:40:47-04:00
FAILED gemma-4b lmbd1000 attempt=977; retrying in 300s
START gemma-4b lmbd1000 GPUs=0,1,2,3 attempt=978 2026-07-31T04:45:52-04:00
FAILED gemma-4b lmbd1000 attempt=978; retrying in 300s
START gemma-4b lmbd1000 GPUs=0,1,2,3 attempt=979 2026-07-31T04:50:57-04:00
FAILED gemma-4b lmbd1000 attempt=979; retrying in 300s
START gemma-4b lmbd1000 GPUs=0,1,2,3 attempt=980 2026-07-31T04:56:02-04:00
FAILED gemma-4b lmbd1000 attempt=980; retrying in 300s
START gemma-4b lmbd1000 GPUs=0,1,2,3 attempt=981 2026-07-31T05:01:07-04:00
FAILED gemma-4b lmbd1000 attempt=981; retrying in 300s
START gemma-4b lmbd1000 GPUs=0,1,2,3 attempt=982 2026-07-31T05:06:12-04:00
FAILED gemma-4b lmbd1000 attempt=982; retrying in 300s
START gemma-4b lmbd1000 GPUs=0,1,2,3 attempt=983 2026-07-31T05:11:17-04:00
FAILED gemma-4b lmbd1000 attempt=983; retrying in 300s
START gemma-4b lmbd1000 GPUs=0,1,2,3 attempt=984 2026-07-31T05:16:22-04:00
FAILED gemma-4b lmbd1000 attempt=984; retrying in 300s
START gemma-4b lmbd1000 GPUs=0,1,2,3 attempt=985 2026-07-31T05:21:27-04:00
FAILED gemma-4b lmbd1000 attempt=985; retrying in 300s
START gemma-4b lmbd1000 GPUs=0,1,2,3 attempt=986 2026-07-31T05:26:32-04:00
FAILED gemma-4b lmbd1000 attempt=986; retrying in 300s
START gemma-4b lmbd1000 GPUs=0,1,2,3 attempt=987 2026-07-31T05:31:38-04:00
FAILED gemma-4b lmbd1000 attempt=987; retrying in 300s
START gemma-4b lmbd1000 GPUs=0,1,2,3 attempt=988 2026-07-31T05:36:43-04:00
FAILED gemma-4b lmbd1000 attempt=988; retrying in 300s
START gemma-4b lmbd1000 GPUs=0,1,2,3 attempt=989 2026-07-31T05:41:48-04:00
FAILED gemma-4b lmbd1000 attempt=989; retrying in 300s
START gemma-4b lmbd1000 GPUs=0,1,2,3 attempt=990 2026-07-31T05:46:53-04:00
FAILED gemma-4b lmbd1000 attempt=990; retrying in 300s
START gemma-4b lmbd1000 GPUs=0,1,2,3 attempt=991 2026-07-31T05:51:58-04:00
FAILED gemma-4b lmbd1000 attempt=991; retrying in 300s
START gemma-4b lmbd1000 GPUs=0,1,2,3 attempt=992 2026-07-31T05:57:03-04:00
FAILED gemma-4b lmbd1000 attempt=992; retrying in 300s
START gemma-4b lmbd1000 GPUs=0,1,2,3 attempt=993 2026-07-31T06:02:08-04:00
FAILED gemma-4b lmbd1000 attempt=993; retrying in 300s
START gemma-4b lmbd1000 GPUs=0,1,2,3 attempt=994 2026-07-31T06:07:13-04:00
FAILED gemma-4b lmbd1000 attempt=994; retrying in 300s
START gemma-4b lmbd1000 GPUs=0,1,2,3 attempt=995 2026-07-31T06:12:18-04:00
FAILED gemma-4b lmbd1000 attempt=995; retrying in 300s
START gemma-4b lmbd1000 GPUs=0,1,2,3 attempt=996 2026-07-31T06:17:23-04:00
FAILED gemma-4b lmbd1000 attempt=996; retrying in 300s
START gemma-4b lmbd1000 GPUs=0,1,2,3 attempt=997 2026-07-31T06:22:28-04:00
FAILED gemma-4b lmbd1000 attempt=997; retrying in 300s
START gemma-4b lmbd1000 GPUs=0,1,2,3 attempt=998 2026-07-31T06:27:33-04:00
FAILED gemma-4b lmbd1000 attempt=998; retrying in 300s
START gemma-4b lmbd1000 GPUs=0,1,2,3 attempt=999 2026-07-31T06:32:38-04:00
FAILED gemma-4b lmbd1000 attempt=999; retrying in 300s
START gemma-4b lmbd1000 GPUs=0,1,2,3 attempt=1000 2026-07-31T06:37:44-04:00
FAILED gemma-4b lmbd1000 attempt=1000; retrying in 300s
START gemma-4b lmbd1000 GPUs=0,1,2,3 attempt=1001 2026-07-31T06:42:49-04:00
FAILED gemma-4b lmbd1000 attempt=1001; retrying in 300s
START gemma-4b lmbd1000 GPUs=0,1,2,3 attempt=1002 2026-07-31T06:47:54-04:00
FAILED gemma-4b lmbd1000 attempt=1002; retrying in 300s
START gemma-4b lmbd1000 GPUs=0,1,2,3 attempt=1003 2026-07-31T06:52:59-04:00
FAILED gemma-4b lmbd1000 attempt=1003; retrying in 300s
START gemma-4b lmbd1000 GPUs=0,1,2,3 attempt=1004 2026-07-31T06:58:04-04:00
FAILED gemma-4b lmbd1000 attempt=1004; retrying in 300s
START gemma-4b lmbd1000 GPUs=0,1,2,3 attempt=1005 2026-07-31T07:03:09-04:00
FAILED gemma-4b lmbd1000 attempt=1005; retrying in 300s
START gemma-4b lmbd1000 GPUs=0,1,2,3 attempt=1006 2026-07-31T07:08:14-04:00
FAILED gemma-4b lmbd1000 attempt=1006; retrying in 300s
START gemma-4b lmbd1000 GPUs=0,1,2,3 attempt=1007 2026-07-31T07:13:19-04:00
FAILED gemma-4b lmbd1000 attempt=1007; retrying in 300s
START gemma-4b lmbd1000 GPUs=0,1,2,3 attempt=1008 2026-07-31T07:18:24-04:00
FAILED gemma-4b lmbd1000 attempt=1008; retrying in 300s
START gemma-4b lmbd1000 GPUs=0,1,2,3 attempt=1009 2026-07-31T07:23:29-04:00
FAILED gemma-4b lmbd1000 attempt=1009; retrying in 300s
START gemma-4b lmbd1000 GPUs=0,1,2,3 attempt=1010 2026-07-31T07:28:34-04:00
FAILED gemma-4b lmbd1000 attempt=1010; retrying in 300s
START gemma-4b lmbd1000 GPUs=0,1,2,3 attempt=1011 2026-07-31T07:33:39-04:00
FAILED gemma-4b lmbd1000 attempt=1011; retrying in 300s
START gemma-4b lmbd1000 GPUs=0,1,2,3 attempt=1012 2026-07-31T07:38:44-04:00
FAILED gemma-4b lmbd1000 attempt=1012; retrying in 300s
START gemma-4b lmbd1000 GPUs=0,1,2,3 attempt=1013 2026-07-31T07:43:50-04:00
FAILED gemma-4b lmbd1000 attempt=1013; retrying in 300s
START gemma-4b lmbd1000 GPUs=0,1,2,3 attempt=1014 2026-07-31T07:48:55-04:00
FAILED gemma-4b lmbd1000 attempt=1014; retrying in 300s
START gemma-4b lmbd1000 GPUs=0,1,2,3 attempt=1015 2026-07-31T07:54:00-04:00
FAILED gemma-4b lmbd1000 attempt=1015; retrying in 300s
START gemma-4b lmbd1000 GPUs=0,1,2,3 attempt=1016 2026-07-31T07:59:05-04:00
FAILED gemma-4b lmbd1000 attempt=1016; retrying in 300s
START gemma-4b lmbd1000 GPUs=0,1,2,3 attempt=1017 2026-07-31T08:04:10-04:00
FAILED gemma-4b lmbd1000 attempt=1017; retrying in 300s
START gemma-4b lmbd1000 GPUs=0,1,2,3 attempt=1018 2026-07-31T08:09:15-04:00
FAILED gemma-4b lmbd1000 attempt=1018; retrying in 300s
START gemma-4b lmbd1000 GPUs=0,1,2,3 attempt=1019 2026-07-31T08:14:20-04:00
FAILED gemma-4b lmbd1000 attempt=1019; retrying in 300s
START gemma-4b lmbd1000 GPUs=0,1,2,3 attempt=1020 2026-07-31T08:19:25-04:00
FAILED gemma-4b lmbd1000 attempt=1020; retrying in 300s
START gemma-4b lmbd1000 GPUs=0,1,2,3 attempt=1021 2026-07-31T08:24:30-04:00
FAILED gemma-4b lmbd1000 attempt=1021; retrying in 300s
START gemma-4b lmbd1000 GPUs=0,1,2,3 attempt=1022 2026-07-31T08:29:35-04:00
FAILED gemma-4b lmbd1000 attempt=1022; retrying in 300s
START gemma-4b lmbd1000 GPUs=0,1,2,3 attempt=1023 2026-07-31T08:34:40-04:00
FAILED gemma-4b lmbd1000 attempt=1023; retrying in 300s
START gemma-4b lmbd1000 GPUs=0,1,2,3 attempt=1024 2026-07-31T08:39:45-04:00
FAILED gemma-4b lmbd1000 attempt=1024; retrying in 300s
START gemma-4b lmbd1000 GPUs=0,1,2,3 attempt=1025 2026-07-31T08:44:50-04:00
FAILED gemma-4b lmbd1000 attempt=1025; retrying in 300s
START gemma-4b lmbd1000 GPUs=0,1,2,3 attempt=1026 2026-07-31T08:49:55-04:00
FAILED gemma-4b lmbd1000 attempt=1026; retrying in 300s
START gemma-4b lmbd1000 GPUs=0,1,2,3 attempt=1027 2026-07-31T08:55:00-04:00
FAILED gemma-4b lmbd1000 attempt=1027; retrying in 300s
START gemma-4b lmbd1000 GPUs=0,1,2,3 attempt=1028 2026-07-31T09:00:06-04:00
FAILED gemma-4b lmbd1000 attempt=1028; retrying in 300s
START gemma-4b lmbd1000 GPUs=0,1,2,3 attempt=1029 2026-07-31T09:05:11-04:00
FAILED gemma-4b lmbd1000 attempt=1029; retrying in 300s
START gemma-4b lmbd1000 GPUs=0,1,2,3 attempt=1030 2026-07-31T09:10:16-04:00
FAILED gemma-4b lmbd1000 attempt=1030; retrying in 300s
START gemma-4b lmbd1000 GPUs=0,1,2,3 attempt=1031 2026-07-31T09:15:21-04:00
FAILED gemma-4b lmbd1000 attempt=1031; retrying in 300s
START gemma-4b lmbd1000 GPUs=0,1,2,3 attempt=1032 2026-07-31T09:20:26-04:00
FAILED gemma-4b lmbd1000 attempt=1032; retrying in 300s
START gemma-4b lmbd1000 GPUs=0,1,2,3 attempt=1033 2026-07-31T09:25:31-04:00
FAILED gemma-4b lmbd1000 attempt=1033; retrying in 300s
START gemma-4b lmbd1000 GPUs=0,1,2,3 attempt=1034 2026-07-31T09:30:36-04:00
FAILED gemma-4b lmbd1000 attempt=1034; retrying in 300s
START gemma-4b lmbd1000 GPUs=0,1,2,3 attempt=1035 2026-07-31T09:35:41-04:00
FAILED gemma-4b lmbd1000 attempt=1035; retrying in 300s
START gemma-4b lmbd1000 GPUs=0,1,2,3 attempt=1036 2026-07-31T09:40:46-04:00
FAILED gemma-4b lmbd1000 attempt=1036; retrying in 300s
START gemma-4b lmbd1000 GPUs=0,1,2,3 attempt=1037 2026-07-31T09:45:51-04:00
FAILED gemma-4b lmbd1000 attempt=1037; retrying in 300s
START gemma-4b lmbd1000 GPUs=0,1,2,3 attempt=1038 2026-07-31T09:50:56-04:00
FAILED gemma-4b lmbd1000 attempt=1038; retrying in 300s
START gemma-4b lmbd1000 GPUs=0,1,2,3 attempt=1039 2026-07-31T09:56:01-04:00
FAILED gemma-4b lmbd1000 attempt=1039; retrying in 300s
START gemma-4b lmbd1000 GPUs=0,1,2,3 attempt=1040 2026-07-31T10:01:06-04:00
FAILED gemma-4b lmbd1000 attempt=1040; retrying in 300s
START gemma-4b lmbd1000 GPUs=0,1,2,3 attempt=1041 2026-07-31T10:06:11-04:00
FAILED gemma-4b lmbd1000 attempt=1041; retrying in 300s
START gemma-4b lmbd1000 GPUs=0,1,2,3 attempt=1042 2026-07-31T10:11:17-04:00
FAILED gemma-4b lmbd1000 attempt=1042; retrying in 300s
START gemma-4b lmbd1000 GPUs=0,1,2,3 attempt=1043 2026-07-31T10:16:22-04:00
FAILED gemma-4b lmbd1000 attempt=1043; retrying in 300s
START gemma-4b lmbd1000 GPUs=0,1,2,3 attempt=1044 2026-07-31T10:21:27-04:00
FAILED gemma-4b lmbd1000 attempt=1044; retrying in 300s
START gemma-4b lmbd1000 GPUs=0,1,2,3 attempt=1045 2026-07-31T10:26:32-04:00
FAILED gemma-4b lmbd1000 attempt=1045; retrying in 300s
START gemma-4b lmbd1000 GPUs=0,1,2,3 attempt=1046 2026-07-31T10:31:37-04:00
FAILED gemma-4b lmbd1000 attempt=1046; retrying in 300s
START gemma-4b lmbd1000 GPUs=0,1,2,3 attempt=1047 2026-07-31T10:36:42-04:00
FAILED gemma-4b lmbd1000 attempt=1047; retrying in 300s
START gemma-4b lmbd1000 GPUs=0,1,2,3 attempt=1048 2026-07-31T10:41:47-04:00
FAILED gemma-4b lmbd1000 attempt=1048; retrying in 300s
START gemma-4b lmbd1000 GPUs=0,1,2,3 attempt=1049 2026-07-31T10:46:52-04:00
FAILED gemma-4b lmbd1000 attempt=1049; retrying in 300s
START gemma-4b lmbd1000 GPUs=0,1,2,3 attempt=1050 2026-07-31T10:51:57-04:00
FAILED gemma-4b lmbd1000 attempt=1050; retrying in 300s
START gemma-4b lmbd1000 GPUs=0,1,2,3 attempt=1051 2026-07-31T10:57:02-04:00
FAILED gemma-4b lmbd1000 attempt=1051; retrying in 300s
START gemma-4b lmbd1000 GPUs=0,1,2,3 attempt=1052 2026-07-31T11:02:07-04:00
FAILED gemma-4b lmbd1000 attempt=1052; retrying in 300s
START gemma-4b lmbd1000 GPUs=0,1,2,3 attempt=1053 2026-07-31T11:07:12-04:00
FAILED gemma-4b lmbd1000 attempt=1053; retrying in 300s
START gemma-4b lmbd1000 GPUs=0,1,2,3 attempt=1054 2026-07-31T11:12:17-04:00
FAILED gemma-4b lmbd1000 attempt=1054; retrying in 300s
START gemma-4b lmbd1000 GPUs=0,1,2,3 attempt=1055 2026-07-31T11:17:22-04:00
FAILED gemma-4b lmbd1000 attempt=1055; retrying in 300s
START gemma-4b lmbd1000 GPUs=0,1,2,3 attempt=1056 2026-07-31T11:22:28-04:00
FAILED gemma-4b lmbd1000 attempt=1056; retrying in 300s
START gemma-4b lmbd1000 GPUs=0,1,2,3 attempt=1057 2026-07-31T11:27:33-04:00
FAILED gemma-4b lmbd1000 attempt=1057; retrying in 300s
START gemma-4b lmbd1000 GPUs=0,1,2,3 attempt=1058 2026-07-31T11:32:38-04:00
FAILED gemma-4b lmbd1000 attempt=1058; retrying in 300s
START gemma-4b lmbd1000 GPUs=0,1,2,3 attempt=1059 2026-07-31T11:37:43-04:00
FAILED gemma-4b lmbd1000 attempt=1059; retrying in 300s
START gemma-4b lmbd1000 GPUs=0,1,2,3 attempt=1060 2026-07-31T11:42:48-04:00
FAILED gemma-4b lmbd1000 attempt=1060; retrying in 300s
START gemma-4b lmbd1000 GPUs=0,1,2,3 attempt=1061 2026-07-31T11:47:53-04:00
FAILED gemma-4b lmbd1000 attempt=1061; retrying in 300s
START gemma-4b lmbd1000 GPUs=0,1,2,3 attempt=1062 2026-07-31T11:52:58-04:00
FAILED gemma-4b lmbd1000 attempt=1062; retrying in 300s
START gemma-4b lmbd1000 GPUs=0,1,2,3 attempt=1063 2026-07-31T11:58:03-04:00
FAILED gemma-4b lmbd1000 attempt=1063; retrying in 300s
START gemma-4b lmbd1000 GPUs=0,1,2,3 attempt=1064 2026-07-31T12:03:08-04:00
FAILED gemma-4b lmbd1000 attempt=1064; retrying in 300s
START gemma-4b lmbd1000 GPUs=0,1,2,3 attempt=1065 2026-07-31T12:08:13-04:00
FAILED gemma-4b lmbd1000 attempt=1065; retrying in 300s
START gemma-4b lmbd1000 GPUs=0,1,2,3 attempt=1066 2026-07-31T12:13:18-04:00
FAILED gemma-4b lmbd1000 attempt=1066; retrying in 300s
START gemma-4b lmbd1000 GPUs=0,1,2,3 attempt=1067 2026-07-31T12:18:23-04:00
FAILED gemma-4b lmbd1000 attempt=1067; retrying in 300s
START gemma-4b lmbd1000 GPUs=0,1,2,3 attempt=1068 2026-07-31T12:23:28-04:00
FAILED gemma-4b lmbd1000 attempt=1068; retrying in 300s
START gemma-4b lmbd1000 GPUs=0,1,2,3 attempt=1069 2026-07-31T12:28:33-04:00
FAILED gemma-4b lmbd1000 attempt=1069; retrying in 300s
START gemma-4b lmbd1000 GPUs=0,1,2,3 attempt=1070 2026-07-31T12:33:38-04:00
FAILED gemma-4b lmbd1000 attempt=1070; retrying in 300s
START gemma-4b lmbd1000 GPUs=0,1,2,3 attempt=1071 2026-07-31T12:38:43-04:00
FAILED gemma-4b lmbd1000 attempt=1071; retrying in 300s
START gemma-4b lmbd1000 GPUs=0,1,2,3 attempt=1072 2026-07-31T12:43:48-04:00
FAILED gemma-4b lmbd1000 attempt=1072; retrying in 300s
START gemma-4b lmbd1000 GPUs=0,1,2,3 attempt=1073 2026-07-31T12:48:53-04:00
FAILED gemma-4b lmbd1000 attempt=1073; retrying in 300s
START gemma-4b lmbd1000 GPUs=0,1,2,3 attempt=1074 2026-07-31T12:53:58-04:00
FAILED gemma-4b lmbd1000 attempt=1074; retrying in 300s
START gemma-4b lmbd1000 GPUs=0,1,2,3 attempt=1075 2026-07-31T12:59:03-04:00
FAILED gemma-4b lmbd1000 attempt=1075; retrying in 300s
START gemma-4b lmbd1000 GPUs=0,1,2,3 attempt=1076 2026-07-31T13:04:08-04:00
FAILED gemma-4b lmbd1000 attempt=1076; retrying in 300s
START gemma-4b lmbd1000 GPUs=0,1,2,3 attempt=1077 2026-07-31T13:09:13-04:00
FAILED gemma-4b lmbd1000 attempt=1077; retrying in 300s
START gemma-4b lmbd1000 GPUs=0,1,2,3 attempt=1078 2026-07-31T13:14:18-04:00
FAILED gemma-4b lmbd1000 attempt=1078; retrying in 300s
START gemma-4b lmbd1000 GPUs=0,1,2,3 attempt=1079 2026-07-31T13:19:23-04:00
FAILED gemma-4b lmbd1000 attempt=1079; retrying in 300s
START gemma-4b lmbd1000 GPUs=0,1,2,3 attempt=1080 2026-07-31T13:24:28-04:00
FAILED gemma-4b lmbd1000 attempt=1080; retrying in 300s
START gemma-4b lmbd1000 GPUs=0,1,2,3 attempt=1081 2026-07-31T13:29:33-04:00
FAILED gemma-4b lmbd1000 attempt=1081; retrying in 300s
START gemma-4b lmbd1000 GPUs=0,1,2,3 attempt=1082 2026-07-31T13:34:38-04:00
FAILED gemma-4b lmbd1000 attempt=1082; retrying in 300s
START gemma-4b lmbd1000 GPUs=0,1,2,3 attempt=1083 2026-07-31T13:39:43-04:00
FAILED gemma-4b lmbd1000 attempt=1083; retrying in 300s
START gemma-4b lmbd1000 GPUs=0,1,2,3 attempt=1084 2026-07-31T13:44:48-04:00
FAILED gemma-4b lmbd1000 attempt=1084; retrying in 300s
START gemma-4b lmbd1000 GPUs=0,1,2,3 attempt=1085 2026-07-31T13:49:54-04:00
FAILED gemma-4b lmbd1000 attempt=1085; retrying in 300s
START gemma-4b lmbd1000 GPUs=0,1,2,3 attempt=1086 2026-07-31T13:54:59-04:00
FAILED gemma-4b lmbd1000 attempt=1086; retrying in 300s
START gemma-4b lmbd1000 GPUs=0,1,2,3 attempt=1087 2026-07-31T14:00:04-04:00
FAILED gemma-4b lmbd1000 attempt=1087; retrying in 300s
START gemma-4b lmbd1000 GPUs=0,1,2,3 attempt=1088 2026-07-31T14:05:09-04:00
FAILED gemma-4b lmbd1000 attempt=1088; retrying in 300s
START gemma-4b lmbd1000 GPUs=0,1,2,3 attempt=1089 2026-07-31T14:10:14-04:00
FAILED gemma-4b lmbd1000 attempt=1089; retrying in 300s
START gemma-4b lmbd1000 GPUs=0,1,2,3 attempt=1090 2026-07-31T14:15:19-04:00
FAILED gemma-4b lmbd1000 attempt=1090; retrying in 300s
START gemma-4b lmbd1000 GPUs=0,1,2,3 attempt=1091 2026-07-31T14:20:24-04:00
FAILED gemma-4b lmbd1000 attempt=1091; retrying in 300s
START gemma-4b lmbd1000 GPUs=0,1,2,3 attempt=1092 2026-07-31T14:25:29-04:00
FAILED gemma-4b lmbd1000 attempt=1092; retrying in 300s
START gemma-4b lmbd1000 GPUs=0,1,2,3 attempt=1093 2026-07-31T14:30:34-04:00
FAILED gemma-4b lmbd1000 attempt=1093; retrying in 300s
START gemma-4b lmbd1000 GPUs=0,1,2,3 attempt=1094 2026-07-31T14:35:39-04:00
FAILED gemma-4b lmbd1000 attempt=1094; retrying in 300s
START gemma-4b lmbd1000 GPUs=0,1,2,3 attempt=1095 2026-07-31T14:40:44-04:00
FAILED gemma-4b lmbd1000 attempt=1095; retrying in 300s
START gemma-4b lmbd1000 GPUs=0,1,2,3 attempt=1096 2026-07-31T14:45:49-04:00
FAILED gemma-4b lmbd1000 attempt=1096; retrying in 300s
START gemma-4b lmbd1000 GPUs=0,1,2,3 attempt=1097 2026-07-31T14:50:54-04:00
FAILED gemma-4b lmbd1000 attempt=1097; retrying in 300s
START gemma-4b lmbd1000 GPUs=0,1,2,3 attempt=1098 2026-07-31T14:55:59-04:00
FAILED gemma-4b lmbd1000 attempt=1098; retrying in 300s
START gemma-4b lmbd1000 GPUs=0,1,2,3 attempt=1099 2026-07-31T15:01:04-04:00
FAILED gemma-4b lmbd1000 attempt=1099; retrying in 300s
START gemma-4b lmbd1000 GPUs=0,1,2,3 attempt=1100 2026-07-31T15:06:09-04:00
FAILED gemma-4b lmbd1000 attempt=1100; retrying in 300s
START gemma-4b lmbd1000 GPUs=0,1,2,3 attempt=1101 2026-07-31T15:11:14-04:00
FAILED gemma-4b lmbd1000 attempt=1101; retrying in 300s
START gemma-4b lmbd1000 GPUs=0,1,2,3 attempt=1102 2026-07-31T15:16:19-04:00
FAILED gemma-4b lmbd1000 attempt=1102; retrying in 300s
START gemma-4b lmbd1000 GPUs=0,1,2,3 attempt=1103 2026-07-31T15:21:24-04:00
FAILED gemma-4b lmbd1000 attempt=1103; retrying in 300s
START gemma-4b lmbd1000 GPUs=0,1,2,3 attempt=1104 2026-07-31T15:26:30-04:00
FAILED gemma-4b lmbd1000 attempt=1104; retrying in 300s
START gemma-4b lmbd1000 GPUs=0,1,2,3 attempt=1105 2026-07-31T15:31:35-04:00
FAILED gemma-4b lmbd1000 attempt=1105; retrying in 300s
START gemma-4b lmbd1000 GPUs=0,1,2,3 attempt=1106 2026-07-31T15:36:40-04:00
FAILED gemma-4b lmbd1000 attempt=1106; retrying in 300s
START gemma-4b lmbd1000 GPUs=0,1,2,3 attempt=1107 2026-07-31T15:41:45-04:00
FAILED gemma-4b lmbd1000 attempt=1107; retrying in 300s
START gemma-4b lmbd1000 GPUs=0,1,2,3 attempt=1108 2026-07-31T15:46:50-04:00
FAILED gemma-4b lmbd1000 attempt=1108; retrying in 300s
START gemma-4b lmbd1000 GPUs=0,1,2,3 attempt=1109 2026-07-31T15:51:55-04:00
FAILED gemma-4b lmbd1000 attempt=1109; retrying in 300s
START gemma-4b lmbd1000 GPUs=0,1,2,3 attempt=1110 2026-07-31T15:57:00-04:00
FAILED gemma-4b lmbd1000 attempt=1110; retrying in 300s
START gemma-4b lmbd1000 GPUs=0,1,2,3 attempt=1111 2026-07-31T16:02:05-04:00
FAILED gemma-4b lmbd1000 attempt=1111; retrying in 300s
START gemma-4b lmbd1000 GPUs=0,1,2,3 attempt=1112 2026-07-31T16:07:10-04:00
FAILED gemma-4b lmbd1000 attempt=1112; retrying in 300s
START gemma-4b lmbd1000 GPUs=0,1,2,3 attempt=1113 2026-07-31T16:12:15-04:00
FAILED gemma-4b lmbd1000 attempt=1113; retrying in 300s
START gemma-4b lmbd1000 GPUs=0,1,2,3 attempt=1114 2026-07-31T16:17:20-04:00
FAILED gemma-4b lmbd1000 attempt=1114; retrying in 300s
START gemma-4b lmbd1000 GPUs=0,1,2,3 attempt=1115 2026-07-31T16:22:25-04:00
FAILED gemma-4b lmbd1000 attempt=1115; retrying in 300s
START gemma-4b lmbd1000 GPUs=0,1,2,3 attempt=1116 2026-07-31T16:27:30-04:00
FAILED gemma-4b lmbd1000 attempt=1116; retrying in 300s
START gemma-4b lmbd1000 GPUs=0,1,2,3 attempt=1117 2026-07-31T16:32:35-04:00
FAILED gemma-4b lmbd1000 attempt=1117; retrying in 300s
START gemma-4b lmbd1000 GPUs=0,1,2,3 attempt=1118 2026-07-31T16:37:40-04:00
FAILED gemma-4b lmbd1000 attempt=1118; retrying in 300s
START gemma-4b lmbd1000 GPUs=0,1,2,3 attempt=1119 2026-07-31T16:42:45-04:00
FAILED gemma-4b lmbd1000 attempt=1119; retrying in 300s
START gemma-4b lmbd1000 GPUs=0,1,2,3 attempt=1120 2026-07-31T16:47:50-04:00
FAILED gemma-4b lmbd1000 attempt=1120; retrying in 300s
START gemma-4b lmbd1000 GPUs=0,1,2,3 attempt=1121 2026-07-31T16:52:55-04:00
FAILED gemma-4b lmbd1000 attempt=1121; retrying in 300s
START gemma-4b lmbd1000 GPUs=0,1,2,3 attempt=1122 2026-07-31T16:58:01-04:00
FAILED gemma-4b lmbd1000 attempt=1122; retrying in 300s
START gemma-4b lmbd1000 GPUs=0,1,2,3 attempt=1123 2026-07-31T17:03:06-04:00
FAILED gemma-4b lmbd1000 attempt=1123; retrying in 300s
START gemma-4b lmbd1000 GPUs=0,1,2,3 attempt=1124 2026-07-31T17:08:11-04:00
FAILED gemma-4b lmbd1000 attempt=1124; retrying in 300s
START gemma-4b lmbd1000 GPUs=0,1,2,3 attempt=1125 2026-07-31T17:13:16-04:00
FAILED gemma-4b lmbd1000 attempt=1125; retrying in 300s
START gemma-4b lmbd1000 GPUs=0,1,2,3 attempt=1126 2026-07-31T17:18:21-04:00
FAILED gemma-4b lmbd1000 attempt=1126; retrying in 300s
START gemma-4b lmbd1000 GPUs=0,1,2,3 attempt=1127 2026-07-31T17:23:26-04:00
FAILED gemma-4b lmbd1000 attempt=1127; retrying in 300s
START gemma-4b lmbd1000 GPUs=0,1,2,3 attempt=1128 2026-07-31T17:28:31-04:00
FAILED gemma-4b lmbd1000 attempt=1128; retrying in 300s
START gemma-4b lmbd1000 GPUs=0,1,2,3 attempt=1129 2026-07-31T17:33:36-04:00
FAILED gemma-4b lmbd1000 attempt=1129; retrying in 300s
START gemma-4b lmbd1000 GPUs=0,1,2,3 attempt=1130 2026-07-31T17:38:41-04:00
FAILED gemma-4b lmbd1000 attempt=1130; retrying in 300s
START gemma-4b lmbd1000 GPUs=0,1,2,3 attempt=1131 2026-07-31T17:43:46-04:00
FAILED gemma-4b lmbd1000 attempt=1131; retrying in 300s
START gemma-4b lmbd1000 GPUs=0,1,2,3 attempt=1132 2026-07-31T17:48:51-04:00
FAILED gemma-4b lmbd1000 attempt=1132; retrying in 300s
START gemma-4b lmbd1000 GPUs=0,1,2,3 attempt=1133 2026-07-31T17:53:56-04:00
FAILED gemma-4b lmbd1000 attempt=1133; retrying in 300s
START gemma-4b lmbd1000 GPUs=0,1,2,3 attempt=1134 2026-07-31T17:59:01-04:00
FAILED gemma-4b lmbd1000 attempt=1134; retrying in 300s
START gemma-4b lmbd1000 GPUs=0,1,2,3 attempt=1135 2026-07-31T18:04:06-04:00
FAILED gemma-4b lmbd1000 attempt=1135; retrying in 300s
START gemma-4b lmbd1000 GPUs=0,1,2,3 attempt=1136 2026-07-31T18:09:11-04:00
FAILED gemma-4b lmbd1000 attempt=1136; retrying in 300s
START gemma-4b lmbd1000 GPUs=0,1,2,3 attempt=1137 2026-07-31T18:14:16-04:00
FAILED gemma-4b lmbd1000 attempt=1137; retrying in 300s
START gemma-4b lmbd1000 GPUs=0,1,2,3 attempt=1138 2026-07-31T18:19:21-04:00
FAILED gemma-4b lmbd1000 attempt=1138; retrying in 300s
START gemma-4b lmbd1000 GPUs=0,1,2,3 attempt=1139 2026-07-31T18:24:26-04:00
FAILED gemma-4b lmbd1000 attempt=1139; retrying in 300s
START gemma-4b lmbd1000 GPUs=0,1,2,3 attempt=1140 2026-07-31T18:29:31-04:00
FAILED gemma-4b lmbd1000 attempt=1140; retrying in 300s
START gemma-4b lmbd1000 GPUs=0,1,2,3 attempt=1141 2026-07-31T18:34:36-04:00
FAILED gemma-4b lmbd1000 attempt=1141; retrying in 300s
START gemma-4b lmbd1000 GPUs=0,1,2,3 attempt=1142 2026-07-31T18:39:41-04:00
FAILED gemma-4b lmbd1000 attempt=1142; retrying in 300s
START gemma-4b lmbd1000 GPUs=0,1,2,3 attempt=1143 2026-07-31T18:44:46-04:00
FAILED gemma-4b lmbd1000 attempt=1143; retrying in 300s
START gemma-4b lmbd1000 GPUs=0,1,2,3 attempt=1144 2026-07-31T18:49:51-04:00
FAILED gemma-4b lmbd1000 attempt=1144; retrying in 300s
START gemma-4b lmbd1000 GPUs=0,1,2,3 attempt=1145 2026-07-31T18:54:57-04:00
FAILED gemma-4b lmbd1000 attempt=1145; retrying in 300s
START gemma-4b lmbd1000 GPUs=0,1,2,3 attempt=1146 2026-07-31T19:00:02-04:00
FAILED gemma-4b lmbd1000 attempt=1146; retrying in 300s
START gemma-4b lmbd1000 GPUs=0,1,2,3 attempt=1147 2026-07-31T19:05:07-04:00
FAILED gemma-4b lmbd1000 attempt=1147; retrying in 300s
START gemma-4b lmbd1000 GPUs=0,1,2,3 attempt=1148 2026-07-31T19:10:12-04:00
FAILED gemma-4b lmbd1000 attempt=1148; retrying in 300s
START gemma-4b lmbd1000 GPUs=0,1,2,3 attempt=1149 2026-07-31T19:15:17-04:00
FAILED gemma-4b lmbd1000 attempt=1149; retrying in 300s
START gemma-4b lmbd1000 GPUs=0,1,2,3 attempt=1150 2026-07-31T19:20:22-04:00
FAILED gemma-4b lmbd1000 attempt=1150; retrying in 300s
START gemma-4b lmbd1000 GPUs=0,1,2,3 attempt=1151 2026-07-31T19:25:27-04:00
FAILED gemma-4b lmbd1000 attempt=1151; retrying in 300s
START gemma-4b lmbd1000 GPUs=0,1,2,3 attempt=1152 2026-07-31T19:30:32-04:00
FAILED gemma-4b lmbd1000 attempt=1152; retrying in 300s
START gemma-4b lmbd1000 GPUs=0,1,2,3 attempt=1153 2026-07-31T19:35:37-04:00
FAILED gemma-4b lmbd1000 attempt=1153; retrying in 300s
START gemma-4b lmbd1000 GPUs=0,1,2,3 attempt=1154 2026-07-31T19:40:42-04:00
FAILED gemma-4b lmbd1000 attempt=1154; retrying in 300s
START gemma-4b lmbd1000 GPUs=0,1,2,3 attempt=1155 2026-07-31T19:45:47-04:00
FAILED gemma-4b lmbd1000 attempt=1155; retrying in 300s
START gemma-4b lmbd1000 GPUs=0,1,2,3 attempt=1156 2026-07-31T19:50:52-04:00
FAILED gemma-4b lmbd1000 attempt=1156; retrying in 300s
START gemma-4b lmbd1000 GPUs=0,1,2,3 attempt=1157 2026-07-31T19:55:57-04:00
FAILED gemma-4b lmbd1000 attempt=1157; retrying in 300s
START gemma-4b lmbd1000 GPUs=0,1,2,3 attempt=1158 2026-07-31T20:01:03-04:00
FAILED gemma-4b lmbd1000 attempt=1158; retrying in 300s
START gemma-4b lmbd1000 GPUs=0,1,2,3 attempt=1159 2026-07-31T20:06:08-04:00
FAILED gemma-4b lmbd1000 attempt=1159; retrying in 300s
START gemma-4b lmbd1000 GPUs=0,1,2,3 attempt=1160 2026-07-31T20:11:13-04:00
FAILED gemma-4b lmbd1000 attempt=1160; retrying in 300s
START gemma-4b lmbd1000 GPUs=0,1,2,3 attempt=1161 2026-07-31T20:16:18-04:00
FAILED gemma-4b lmbd1000 attempt=1161; retrying in 300s
START gemma-4b lmbd1000 GPUs=0,1,2,3 attempt=1162 2026-07-31T20:21:23-04:00
FAILED gemma-4b lmbd1000 attempt=1162; retrying in 300s
START gemma-4b lmbd1000 GPUs=0,1,2,3 attempt=1163 2026-07-31T20:26:28-04:00
FAILED gemma-4b lmbd1000 attempt=1163; retrying in 300s
START gemma-4b lmbd1000 GPUs=0,1,2,3 attempt=1164 2026-07-31T20:31:33-04:00
FAILED gemma-4b lmbd1000 attempt=1164; retrying in 300s
START gemma-4b lmbd1000 GPUs=0,1,2,3 attempt=1165 2026-07-31T20:36:38-04:00
FAILED gemma-4b lmbd1000 attempt=1165; retrying in 300s
START gemma-4b lmbd1000 GPUs=0,1,2,3 attempt=1166 2026-07-31T20:41:43-04:00
FAILED gemma-4b lmbd1000 attempt=1166; retrying in 300s
START gemma-4b lmbd1000 GPUs=0,1,2,3 attempt=1167 2026-07-31T20:46:49-04:00
FAILED gemma-4b lmbd1000 attempt=1167; retrying in 300s
START gemma-4b lmbd1000 GPUs=0,1,2,3 attempt=1168 2026-07-31T20:51:54-04:00
FAILED gemma-4b lmbd1000 attempt=1168; retrying in 300s
START gemma-4b lmbd1000 GPUs=0,1,2,3 attempt=1169 2026-07-31T20:56:59-04:00
FAILED gemma-4b lmbd1000 attempt=1169; retrying in 300s
START gemma-4b lmbd1000 GPUs=0,1,2,3 attempt=1170 2026-07-31T21:02:04-04:00
FAILED gemma-4b lmbd1000 attempt=1170; retrying in 300s
START gemma-4b lmbd1000 GPUs=0,1,2,3 attempt=1171 2026-07-31T21:07:09-04:00
FAILED gemma-4b lmbd1000 attempt=1171; retrying in 300s
START gemma-4b lmbd1000 GPUs=0,1,2,3 attempt=1172 2026-07-31T21:12:14-04:00
FAILED gemma-4b lmbd1000 attempt=1172; retrying in 300s
START gemma-4b lmbd1000 GPUs=0,1,2,3 attempt=1173 2026-07-31T21:17:19-04:00
FAILED gemma-4b lmbd1000 attempt=1173; retrying in 300s
START gemma-4b lmbd1000 GPUs=0,1,2,3 attempt=1174 2026-07-31T21:22:24-04:00
FAILED gemma-4b lmbd1000 attempt=1174; retrying in 300s
START gemma-4b lmbd1000 GPUs=0,1,2,3 attempt=1175 2026-07-31T21:27:29-04:00
FAILED gemma-4b lmbd1000 attempt=1175; retrying in 300s
START gemma-4b lmbd1000 GPUs=0,1,2,3 attempt=1176 2026-07-31T21:32:34-04:00
FAILED gemma-4b lmbd1000 attempt=1176; retrying in 300s
START gemma-4b lmbd1000 GPUs=0,1,2,3 attempt=1177 2026-07-31T21:37:39-04:00
FAILED gemma-4b lmbd1000 attempt=1177; retrying in 300s
START gemma-4b lmbd1000 GPUs=0,1,2,3 attempt=1178 2026-07-31T21:42:44-04:00
FAILED gemma-4b lmbd1000 attempt=1178; retrying in 300s
START gemma-4b lmbd1000 GPUs=0,1,2,3 attempt=1179 2026-07-31T21:47:49-04:00
FAILED gemma-4b lmbd1000 attempt=1179; retrying in 300s
START gemma-4b lmbd1000 GPUs=0,1,2,3 attempt=1180 2026-07-31T21:52:54-04:00
FAILED gemma-4b lmbd1000 attempt=1180; retrying in 300s
START gemma-4b lmbd1000 GPUs=0,1,2,3 attempt=1181 2026-07-31T21:58:00-04:00
FAILED gemma-4b lmbd1000 attempt=1181; retrying in 300s
START gemma-4b lmbd1000 GPUs=0,1,2,3 attempt=1182 2026-07-31T22:03:05-04:00
FAILED gemma-4b lmbd1000 attempt=1182; retrying in 300s
START gemma-4b lmbd1000 GPUs=0,1,2,3 attempt=1183 2026-07-31T22:08:10-04:00
FAILED gemma-4b lmbd1000 attempt=1183; retrying in 300s
START gemma-4b lmbd1000 GPUs=0,1,2,3 attempt=1184 2026-07-31T22:13:15-04:00
FAILED gemma-4b lmbd1000 attempt=1184; retrying in 300s
START gemma-4b lmbd1000 GPUs=0,1,2,3 attempt=1185 2026-07-31T22:18:20-04:00
FAILED gemma-4b lmbd1000 attempt=1185; retrying in 300s
START gemma-4b lmbd1000 GPUs=0,1,2,3 attempt=1186 2026-07-31T22:23:25-04:00
FAILED gemma-4b lmbd1000 attempt=1186; retrying in 300s
START gemma-4b lmbd1000 GPUs=0,1,2,3 attempt=1187 2026-07-31T22:28:30-04:00
FAILED gemma-4b lmbd1000 attempt=1187; retrying in 300s
START gemma-4b lmbd1000 GPUs=0,1,2,3 attempt=1188 2026-07-31T22:33:35-04:00
FAILED gemma-4b lmbd1000 attempt=1188; retrying in 300s
START gemma-4b lmbd1000 GPUs=0,1,2,3 attempt=1189 2026-07-31T22:38:40-04:00
FAILED gemma-4b lmbd1000 attempt=1189; retrying in 300s
START gemma-4b lmbd1000 GPUs=0,1,2,3 attempt=1190 2026-07-31T22:43:45-04:00
FAILED gemma-4b lmbd1000 attempt=1190; retrying in 300s
START gemma-4b lmbd1000 GPUs=0,1,2,3 attempt=1191 2026-07-31T22:48:51-04:00
FAILED gemma-4b lmbd1000 attempt=1191; retrying in 300s
START gemma-4b lmbd1000 GPUs=0,1,2,3 attempt=1192 2026-07-31T22:53:56-04:00
FAILED gemma-4b lmbd1000 attempt=1192; retrying in 300s
START gemma-4b lmbd1000 GPUs=0,1,2,3 attempt=1193 2026-07-31T22:59:01-04:00
FAILED gemma-4b lmbd1000 attempt=1193; retrying in 300s
START gemma-4b lmbd1000 GPUs=0,1,2,3 attempt=1194 2026-07-31T23:04:06-04:00
FAILED gemma-4b lmbd1000 attempt=1194; retrying in 300s
START gemma-4b lmbd1000 GPUs=0,1,2,3 attempt=1195 2026-07-31T23:09:11-04:00
FAILED gemma-4b lmbd1000 attempt=1195; retrying in 300s
START gemma-4b lmbd1000 GPUs=0,1,2,3 attempt=1196 2026-07-31T23:14:16-04:00
FAILED gemma-4b lmbd1000 attempt=1196; retrying in 300s
START gemma-4b lmbd1000 GPUs=0,1,2,3 attempt=1197 2026-07-31T23:19:21-04:00
FAILED gemma-4b lmbd1000 attempt=1197; retrying in 300s
START gemma-4b lmbd1000 GPUs=0,1,2,3 attempt=1198 2026-07-31T23:24:26-04:00
FAILED gemma-4b lmbd1000 attempt=1198; retrying in 300s
START gemma-4b lmbd1000 GPUs=0,1,2,3 attempt=1199 2026-07-31T23:29:31-04:00
FAILED gemma-4b lmbd1000 attempt=1199; retrying in 300s
START gemma-4b lmbd1000 GPUs=0,1,2,3 attempt=1200 2026-07-31T23:34:36-04:00
FAILED gemma-4b lmbd1000 attempt=1200; retrying in 300s
START gemma-4b lmbd1000 GPUs=0,1,2,3 attempt=1201 2026-07-31T23:39:41-04:00
FAILED gemma-4b lmbd1000 attempt=1201; retrying in 300s
START gemma-4b lmbd1000 GPUs=0,1,2,3 attempt=1202 2026-07-31T23:44:46-04:00
FAILED gemma-4b lmbd1000 attempt=1202; retrying in 300s
START gemma-4b lmbd1000 GPUs=0,1,2,3 attempt=1203 2026-07-31T23:49:51-04:00
FAILED gemma-4b lmbd1000 attempt=1203; retrying in 300s
START gemma-4b lmbd1000 GPUs=0,1,2,3 attempt=1204 2026-07-31T23:54:56-04:00
FAILED gemma-4b lmbd1000 attempt=1204; retrying in 300s
START gemma-4b lmbd1000 GPUs=0,1,2,3 attempt=1205 2026-08-01T00:00:01-04:00
FAILED gemma-4b lmbd1000 attempt=1205; retrying in 300s
START gemma-4b lmbd1000 GPUs=0,1,2,3 attempt=1206 2026-08-01T00:05:06-04:00
FAILED gemma-4b lmbd1000 attempt=1206; retrying in 300s
START gemma-4b lmbd1000 GPUs=0,1,2,3 attempt=1207 2026-08-01T00:10:11-04:00
FAILED gemma-4b lmbd1000 attempt=1207; retrying in 300s
START gemma-4b lmbd1000 GPUs=0,1,2,3 attempt=1208 2026-08-01T00:15:17-04:00
FAILED gemma-4b lmbd1000 attempt=1208; retrying in 300s
START gemma-4b lmbd1000 GPUs=0,1,2,3 attempt=1209 2026-08-01T00:20:22-04:00
FAILED gemma-4b lmbd1000 attempt=1209; retrying in 300s
START gemma-4b lmbd1000 GPUs=0,1,2,3 attempt=1210 2026-08-01T00:25:27-04:00
FAILED gemma-4b lmbd1000 attempt=1210; retrying in 300s
START gemma-4b lmbd1000 GPUs=0,1,2,3 attempt=1211 2026-08-01T00:30:32-04:00
FAILED gemma-4b lmbd1000 attempt=1211; retrying in 300s
START gemma-4b lmbd1000 GPUs=0,1,2,3 attempt=1212 2026-08-01T00:35:37-04:00
FAILED gemma-4b lmbd1000 attempt=1212; retrying in 300s
START gemma-4b lmbd1000 GPUs=0,1,2,3 attempt=1213 2026-08-01T00:40:42-04:00
FAILED gemma-4b lmbd1000 attempt=1213; retrying in 300s
START gemma-4b lmbd1000 GPUs=0,1,2,3 attempt=1214 2026-08-01T00:45:47-04:00
FAILED gemma-4b lmbd1000 attempt=1214; retrying in 300s
START gemma-4b lmbd1000 GPUs=0,1,2,3 attempt=1215 2026-08-01T00:50:52-04:00
FAILED gemma-4b lmbd1000 attempt=1215; retrying in 300s
START gemma-4b lmbd1000 GPUs=0,1,2,3 attempt=1216 2026-08-01T00:55:57-04:00
FAILED gemma-4b lmbd1000 attempt=1216; retrying in 300s
START gemma-4b lmbd1000 GPUs=0,1,2,3 attempt=1217 2026-08-01T01:01:02-04:00
FAILED gemma-4b lmbd1000 attempt=1217; retrying in 300s
START gemma-4b lmbd1000 GPUs=0,1,2,3 attempt=1218 2026-08-01T01:06:07-04:00
FAILED gemma-4b lmbd1000 attempt=1218; retrying in 300s
START gemma-4b lmbd1000 GPUs=0,1,2,3 attempt=1219 2026-08-01T01:11:12-04:00
FAILED gemma-4b lmbd1000 attempt=1219; retrying in 300s
START gemma-4b lmbd1000 GPUs=0,1,2,3 attempt=1220 2026-08-01T01:16:17-04:00
FAILED gemma-4b lmbd1000 attempt=1220; retrying in 300s
START gemma-4b lmbd1000 GPUs=0,1,2,3 attempt=1221 2026-08-01T01:21:22-04:00
FAILED gemma-4b lmbd1000 attempt=1221; retrying in 300s
START gemma-4b lmbd1000 GPUs=0,1,2,3 attempt=1222 2026-08-01T01:26:27-04:00
FAILED gemma-4b lmbd1000 attempt=1222; retrying in 300s
START gemma-4b lmbd1000 GPUs=0,1,2,3 attempt=1223 2026-08-01T01:31:32-04:00
FAILED gemma-4b lmbd1000 attempt=1223; retrying in 300s
START gemma-4b lmbd1000 GPUs=0,1,2,3 attempt=1224 2026-08-01T01:36:37-04:00
FAILED gemma-4b lmbd1000 attempt=1224; retrying in 300s
START gemma-4b lmbd1000 GPUs=0,1,2,3 attempt=1225 2026-08-01T01:41:42-04:00
FAILED gemma-4b lmbd1000 attempt=1225; retrying in 300s
START gemma-4b lmbd1000 GPUs=0,1,2,3 attempt=1226 2026-08-01T01:46:47-04:00
FAILED gemma-4b lmbd1000 attempt=1226; retrying in 300s
START gemma-4b lmbd1000 GPUs=0,1,2,3 attempt=1227 2026-08-01T01:51:52-04:00
FAILED gemma-4b lmbd1000 attempt=1227; retrying in 300s
START gemma-4b lmbd1000 GPUs=0,1,2,3 attempt=1228 2026-08-01T01:56:58-04:00
FAILED gemma-4b lmbd1000 attempt=1228; retrying in 300s
START gemma-4b lmbd1000 GPUs=0,1,2,3 attempt=1229 2026-08-01T02:02:03-04:00
FAILED gemma-4b lmbd1000 attempt=1229; retrying in 300s
START gemma-4b lmbd1000 GPUs=0,1,2,3 attempt=1230 2026-08-01T02:07:08-04:00
FAILED gemma-4b lmbd1000 attempt=1230; retrying in 300s
START gemma-4b lmbd1000 GPUs=0,1,2,3 attempt=1231 2026-08-01T02:12:13-04:00
FAILED gemma-4b lmbd1000 attempt=1231; retrying in 300s
START gemma-4b lmbd1000 GPUs=0,1,2,3 attempt=1232 2026-08-01T02:17:18-04:00
FAILED gemma-4b lmbd1000 attempt=1232; retrying in 300s
START gemma-4b lmbd1000 GPUs=0,1,2,3 attempt=1233 2026-08-01T02:22:23-04:00
FAILED gemma-4b lmbd1000 attempt=1233; retrying in 300s
START gemma-4b lmbd1000 GPUs=0,1,2,3 attempt=1234 2026-08-01T02:27:28-04:00
FAILED gemma-4b lmbd1000 attempt=1234; retrying in 300s
START gemma-4b lmbd1000 GPUs=0,1,2,3 attempt=1235 2026-08-01T02:32:33-04:00
FAILED gemma-4b lmbd1000 attempt=1235; retrying in 300s
START gemma-4b lmbd1000 GPUs=0,1,2,3 attempt=1236 2026-08-01T02:37:38-04:00
FAILED gemma-4b lmbd1000 attempt=1236; retrying in 300s
START gemma-4b lmbd1000 GPUs=0,1,2,3 attempt=1237 2026-08-01T02:42:43-04:00
FAILED gemma-4b lmbd1000 attempt=1237; retrying in 300s
START gemma-4b lmbd1000 GPUs=0,1,2,3 attempt=1238 2026-08-01T02:47:48-04:00
FAILED gemma-4b lmbd1000 attempt=1238; retrying in 300s
START gemma-4b lmbd1000 GPUs=0,1,2,3 attempt=1239 2026-08-01T02:52:53-04:00
FAILED gemma-4b lmbd1000 attempt=1239; retrying in 300s
START gemma-4b lmbd1000 GPUs=0,1,2,3 attempt=1240 2026-08-01T02:57:58-04:00
FAILED gemma-4b lmbd1000 attempt=1240; retrying in 300s
START gemma-4b lmbd1000 GPUs=0,1,2,3 attempt=1241 2026-08-01T03:03:03-04:00
FAILED gemma-4b lmbd1000 attempt=1241; retrying in 300s
START gemma-4b lmbd1000 GPUs=0,1,2,3 attempt=1242 2026-08-01T03:08:08-04:00
FAILED gemma-4b lmbd1000 attempt=1242; retrying in 300s
START gemma-4b lmbd1000 GPUs=0,1,2,3 attempt=1243 2026-08-01T03:13:14-04:00
FAILED gemma-4b lmbd1000 attempt=1243; retrying in 300s
START gemma-4b lmbd1000 GPUs=0,1,2,3 attempt=1244 2026-08-01T03:18:19-04:00
FAILED gemma-4b lmbd1000 attempt=1244; retrying in 300s
START gemma-4b lmbd1000 GPUs=0,1,2,3 attempt=1245 2026-08-01T03:23:24-04:00
FAILED gemma-4b lmbd1000 attempt=1245; retrying in 300s
START gemma-4b lmbd1000 GPUs=0,1,2,3 attempt=1246 2026-08-01T03:28:29-04:00
FAILED gemma-4b lmbd1000 attempt=1246; retrying in 300s
START gemma-4b lmbd1000 GPUs=0,1,2,3 attempt=1247 2026-08-01T03:33:34-04:00
FAILED gemma-4b lmbd1000 attempt=1247; retrying in 300s
START gemma-4b lmbd1000 GPUs=0,1,2,3 attempt=1248 2026-08-01T03:38:39-04:00
FAILED gemma-4b lmbd1000 attempt=1248; retrying in 300s
START gemma-4b lmbd1000 GPUs=0,1,2,3 attempt=1249 2026-08-01T03:43:44-04:00
FAILED gemma-4b lmbd1000 attempt=1249; retrying in 300s
START gemma-4b lmbd1000 GPUs=0,1,2,3 attempt=1250 2026-08-01T03:48:49-04:00
FAILED gemma-4b lmbd1000 attempt=1250; retrying in 300s
START gemma-4b lmbd1000 GPUs=0,1,2,3 attempt=1251 2026-08-01T03:53:54-04:00
FAILED gemma-4b lmbd1000 attempt=1251; retrying in 300s
START gemma-4b lmbd1000 GPUs=0,1,2,3 attempt=1252 2026-08-01T03:58:59-04:00
FAILED gemma-4b lmbd1000 attempt=1252; retrying in 300s
START gemma-4b lmbd1000 GPUs=0,1,2,3 attempt=1253 2026-08-01T04:04:04-04:00
FAILED gemma-4b lmbd1000 attempt=1253; retrying in 300s
START gemma-4b lmbd1000 GPUs=0,1,2,3 attempt=1254 2026-08-01T04:09:09-04:00
FAILED gemma-4b lmbd1000 attempt=1254; retrying in 300s
START gemma-4b lmbd1000 GPUs=0,1,2,3 attempt=1255 2026-08-01T04:14:14-04:00
FAILED gemma-4b lmbd1000 attempt=1255; retrying in 300s
START gemma-4b lmbd1000 GPUs=0,1,2,3 attempt=1256 2026-08-01T04:19:19-04:00
FAILED gemma-4b lmbd1000 attempt=1256; retrying in 300s
START gemma-4b lmbd1000 GPUs=0,1,2,3 attempt=1257 2026-08-01T04:24:24-04:00
FAILED gemma-4b lmbd1000 attempt=1257; retrying in 300s
START gemma-4b lmbd1000 GPUs=0,1,2,3 attempt=1258 2026-08-01T04:29:30-04:00
FAILED gemma-4b lmbd1000 attempt=1258; retrying in 300s
START gemma-4b lmbd1000 GPUs=0,1,2,3 attempt=1259 2026-08-01T04:34:35-04:00
FAILED gemma-4b lmbd1000 attempt=1259; retrying in 300s
START gemma-4b lmbd1000 GPUs=0,1,2,3 attempt=1260 2026-08-01T04:39:40-04:00
FAILED gemma-4b lmbd1000 attempt=1260; retrying in 300s
START gemma-4b lmbd1000 GPUs=0,1,2,3 attempt=1261 2026-08-01T04:44:45-04:00
FAILED gemma-4b lmbd1000 attempt=1261; retrying in 300s
START gemma-4b lmbd1000 GPUs=0,1,2,3 attempt=1262 2026-08-01T04:49:50-04:00
FAILED gemma-4b lmbd1000 attempt=1262; retrying in 300s
START gemma-4b lmbd1000 GPUs=0,1,2,3 attempt=1263 2026-08-01T04:54:55-04:00
FAILED gemma-4b lmbd1000 attempt=1263; retrying in 300s
START gemma-4b lmbd1000 GPUs=0,1,2,3 attempt=1264 2026-08-01T05:00:00-04:00
FAILED gemma-4b lmbd1000 attempt=1264; retrying in 300s
START gemma-4b lmbd1000 GPUs=0,1,2,3 attempt=1265 2026-08-01T05:05:05-04:00
FAILED gemma-4b lmbd1000 attempt=1265; retrying in 300s
START gemma-4b lmbd1000 GPUs=0,1,2,3 attempt=1266 2026-08-01T05:10:10-04:00
FAILED gemma-4b lmbd1000 attempt=1266; retrying in 300s
START gemma-4b lmbd1000 GPUs=0,1,2,3 attempt=1267 2026-08-01T05:15:15-04:00
FAILED gemma-4b lmbd1000 attempt=1267; retrying in 300s
START gemma-4b lmbd1000 GPUs=0,1,2,3 attempt=1268 2026-08-01T05:20:20-04:00
FAILED gemma-4b lmbd1000 attempt=1268; retrying in 300s
START gemma-4b lmbd1000 GPUs=0,1,2,3 attempt=1269 2026-08-01T05:25:25-04:00
FAILED gemma-4b lmbd1000 attempt=1269; retrying in 300s
START gemma-4b lmbd1000 GPUs=0,1,2,3 attempt=1270 2026-08-01T05:30:30-04:00
FAILED gemma-4b lmbd1000 attempt=1270; retrying in 300s
START gemma-4b lmbd1000 GPUs=0,1,2,3 attempt=1271 2026-08-01T05:35:35-04:00
FAILED gemma-4b lmbd1000 attempt=1271; retrying in 300s
START gemma-4b lmbd1000 GPUs=0,1,2,3 attempt=1272 2026-08-01T05:40:40-04:00
FAILED gemma-4b lmbd1000 attempt=1272; retrying in 300s
START gemma-4b lmbd1000 GPUs=0,1,2,3 attempt=1273 2026-08-01T05:45:46-04:00
FAILED gemma-4b lmbd1000 attempt=1273; retrying in 300s
START gemma-4b lmbd1000 GPUs=0,1,2,3 attempt=1274 2026-08-01T05:50:51-04:00
FAILED gemma-4b lmbd1000 attempt=1274; retrying in 300s
START gemma-4b lmbd1000 GPUs=0,1,2,3 attempt=1275 2026-08-01T05:55:56-04:00
FAILED gemma-4b lmbd1000 attempt=1275; retrying in 300s
START gemma-4b lmbd1000 GPUs=0,1,2,3 attempt=1276 2026-08-01T06:01:01-04:00
FAILED gemma-4b lmbd1000 attempt=1276; retrying in 300s
START gemma-4b lmbd1000 GPUs=0,1,2,3 attempt=1277 2026-08-01T06:06:06-04:00
FAILED gemma-4b lmbd1000 attempt=1277; retrying in 300s
START gemma-4b lmbd1000 GPUs=0,1,2,3 attempt=1278 2026-08-01T06:11:11-04:00
FAILED gemma-4b lmbd1000 attempt=1278; retrying in 300s
START gemma-4b lmbd1000 GPUs=0,1,2,3 attempt=1279 2026-08-01T06:16:16-04:00
FAILED gemma-4b lmbd1000 attempt=1279; retrying in 300s
START gemma-4b lmbd1000 GPUs=0,1,2,3 attempt=1280 2026-08-01T06:21:21-04:00
FAILED gemma-4b lmbd1000 attempt=1280; retrying in 300s
START gemma-4b lmbd1000 GPUs=0,1,2,3 attempt=1281 2026-08-01T06:26:26-04:00
FAILED gemma-4b lmbd1000 attempt=1281; retrying in 300s
START gemma-4b lmbd1000 GPUs=0,1,2,3 attempt=1282 2026-08-01T06:31:31-04:00
FAILED gemma-4b lmbd1000 attempt=1282; retrying in 300s
START gemma-4b lmbd1000 GPUs=0,1,2,3 attempt=1283 2026-08-01T06:36:36-04:00
FAILED gemma-4b lmbd1000 attempt=1283; retrying in 300s
START gemma-4b lmbd1000 GPUs=0,1,2,3 attempt=1284 2026-08-01T06:41:41-04:00
FAILED gemma-4b lmbd1000 attempt=1284; retrying in 300s
START gemma-4b lmbd1000 GPUs=0,1,2,3 attempt=1285 2026-08-01T06:46:46-04:00
FAILED gemma-4b lmbd1000 attempt=1285; retrying in 300s
START gemma-4b lmbd1000 GPUs=0,1,2,3 attempt=1286 2026-08-01T06:51:51-04:00
FAILED gemma-4b lmbd1000 attempt=1286; retrying in 300s
START gemma-4b lmbd1000 GPUs=0,1,2,3 attempt=1287 2026-08-01T06:56:56-04:00
FAILED gemma-4b lmbd1000 attempt=1287; retrying in 300s
START gemma-4b lmbd1000 GPUs=0,1,2,3 attempt=1288 2026-08-01T07:02:01-04:00
FAILED gemma-4b lmbd1000 attempt=1288; retrying in 300s
START gemma-4b lmbd1000 GPUs=0,1,2,3 attempt=1289 2026-08-01T07:07:06-04:00
FAILED gemma-4b lmbd1000 attempt=1289; retrying in 300s
START gemma-4b lmbd1000 GPUs=0,1,2,3 attempt=1290 2026-08-01T07:12:12-04:00
FAILED gemma-4b lmbd1000 attempt=1290; retrying in 300s
START gemma-4b lmbd1000 GPUs=0,1,2,3 attempt=1291 2026-08-01T07:17:17-04:00
FAILED gemma-4b lmbd1000 attempt=1291; retrying in 300s
START gemma-4b lmbd1000 GPUs=0,1,2,3 attempt=1292 2026-08-01T07:22:22-04:00
FAILED gemma-4b lmbd1000 attempt=1292; retrying in 300s
START gemma-4b lmbd1000 GPUs=0,1,2,3 attempt=1293 2026-08-01T07:27:27-04:00
FAILED gemma-4b lmbd1000 attempt=1293; retrying in 300s
START gemma-4b lmbd1000 GPUs=0,1,2,3 attempt=1294 2026-08-01T07:32:32-04:00
FAILED gemma-4b lmbd1000 attempt=1294; retrying in 300s
START gemma-4b lmbd1000 GPUs=0,1,2,3 attempt=1295 2026-08-01T07:37:37-04:00
FAILED gemma-4b lmbd1000 attempt=1295; retrying in 300s
START gemma-4b lmbd1000 GPUs=0,1,2,3 attempt=1296 2026-08-01T07:42:42-04:00
FAILED gemma-4b lmbd1000 attempt=1296; retrying in 300s
START gemma-4b lmbd1000 GPUs=0,1,2,3 attempt=1297 2026-08-01T07:47:47-04:00
FAILED gemma-4b lmbd1000 attempt=1297; retrying in 300s
START gemma-4b lmbd1000 GPUs=0,1,2,3 attempt=1298 2026-08-01T07:52:52-04:00
FAILED gemma-4b lmbd1000 attempt=1298; retrying in 300s
START gemma-4b lmbd1000 GPUs=0,1,2,3 attempt=1299 2026-08-01T07:57:57-04:00
FAILED gemma-4b lmbd1000 attempt=1299; retrying in 300s
START gemma-4b lmbd1000 GPUs=0,1,2,3 attempt=1300 2026-08-01T08:03:02-04:00
FAILED gemma-4b lmbd1000 attempt=1300; retrying in 300s
START gemma-4b lmbd1000 GPUs=0,1,2,3 attempt=1301 2026-08-01T08:08:07-04:00
FAILED gemma-4b lmbd1000 attempt=1301; retrying in 300s
START gemma-4b lmbd1000 GPUs=0,1,2,3 attempt=1302 2026-08-01T08:13:12-04:00
FAILED gemma-4b lmbd1000 attempt=1302; retrying in 300s
START gemma-4b lmbd1000 GPUs=0,1,2,3 attempt=1303 2026-08-01T08:18:17-04:00
FAILED gemma-4b lmbd1000 attempt=1303; retrying in 300s
START gemma-4b lmbd1000 GPUs=0,1,2,3 attempt=1304 2026-08-01T08:23:23-04:00
FAILED gemma-4b lmbd1000 attempt=1304; retrying in 300s
START gemma-4b lmbd1000 GPUs=0,1,2,3 attempt=1305 2026-08-01T08:28:28-04:00
FAILED gemma-4b lmbd1000 attempt=1305; retrying in 300s
START gemma-4b lmbd1000 GPUs=0,1,2,3 attempt=1306 2026-08-01T08:33:33-04:00
FAILED gemma-4b lmbd1000 attempt=1306; retrying in 300s
START gemma-4b lmbd1000 GPUs=0,1,2,3 attempt=1307 2026-08-01T08:38:38-04:00
FAILED gemma-4b lmbd1000 attempt=1307; retrying in 300s
START gemma-4b lmbd1000 GPUs=0,1,2,3 attempt=1308 2026-08-01T08:43:43-04:00
FAILED gemma-4b lmbd1000 attempt=1308; retrying in 300s
START gemma-4b lmbd1000 GPUs=0,1,2,3 attempt=1309 2026-08-01T08:48:48-04:00
FAILED gemma-4b lmbd1000 attempt=1309; retrying in 300s
START gemma-4b lmbd1000 GPUs=0,1,2,3 attempt=1310 2026-08-01T08:53:53-04:00
FAILED gemma-4b lmbd1000 attempt=1310; retrying in 300s
START gemma-4b lmbd1000 GPUs=0,1,2,3 attempt=1311 2026-08-01T08:58:58-04:00
FAILED gemma-4b lmbd1000 attempt=1311; retrying in 300s
START gemma-4b lmbd1000 GPUs=0,1,2,3 attempt=1312 2026-08-01T09:04:03-04:00
FAILED gemma-4b lmbd1000 attempt=1312; retrying in 300s
START gemma-4b lmbd1000 GPUs=0,1,2,3 attempt=1313 2026-08-01T09:09:08-04:00
FAILED gemma-4b lmbd1000 attempt=1313; retrying in 300s
START gemma-4b lmbd1000 GPUs=0,1,2,3 attempt=1314 2026-08-01T09:14:13-04:00
FAILED gemma-4b lmbd1000 attempt=1314; retrying in 300s
START gemma-4b lmbd1000 GPUs=0,1,2,3 attempt=1315 2026-08-01T09:19:18-04:00
FAILED gemma-4b lmbd1000 attempt=1315; retrying in 300s
START gemma-4b lmbd1000 GPUs=0,1,2,3 attempt=1316 2026-08-01T09:24:23-04:00
FAILED gemma-4b lmbd1000 attempt=1316; retrying in 300s
START gemma-4b lmbd1000 GPUs=0,1,2,3 attempt=1317 2026-08-01T09:29:28-04:00
FAILED gemma-4b lmbd1000 attempt=1317; retrying in 300s
START gemma-4b lmbd1000 GPUs=0,1,2,3 attempt=1318 2026-08-01T09:34:34-04:00
FAILED gemma-4b lmbd1000 attempt=1318; retrying in 300s
START gemma-4b lmbd1000 GPUs=0,1,2,3 attempt=1319 2026-08-01T09:39:39-04:00
FAILED gemma-4b lmbd1000 attempt=1319; retrying in 300s
START gemma-4b lmbd1000 GPUs=0,1,2,3 attempt=1320 2026-08-01T09:44:44-04:00
FAILED gemma-4b lmbd1000 attempt=1320; retrying in 300s
START gemma-4b lmbd1000 GPUs=0,1,2,3 attempt=1321 2026-08-01T09:49:49-04:00
FAILED gemma-4b lmbd1000 attempt=1321; retrying in 300s
START gemma-4b lmbd1000 GPUs=0,1,2,3 attempt=1322 2026-08-01T09:54:54-04:00
FAILED gemma-4b lmbd1000 attempt=1322; retrying in 300s
START gemma-4b lmbd1000 GPUs=0,1,2,3 attempt=1323 2026-08-01T09:59:59-04:00
FAILED gemma-4b lmbd1000 attempt=1323; retrying in 300s
START gemma-4b lmbd1000 GPUs=0,1,2,3 attempt=1324 2026-08-01T10:05:04-04:00
FAILED gemma-4b lmbd1000 attempt=1324; retrying in 300s
START gemma-4b lmbd1000 GPUs=0,1,2,3 attempt=1325 2026-08-01T10:10:09-04:00
FAILED gemma-4b lmbd1000 attempt=1325; retrying in 300s
START gemma-4b lmbd1000 GPUs=0,1,2,3 attempt=1326 2026-08-01T10:15:14-04:00
FAILED gemma-4b lmbd1000 attempt=1326; retrying in 300s
START gemma-4b lmbd1000 GPUs=0,1,2,3 attempt=1327 2026-08-01T10:20:19-04:00
FAILED gemma-4b lmbd1000 attempt=1327; retrying in 300s
START gemma-4b lmbd1000 GPUs=0,1,2,3 attempt=1328 2026-08-01T10:25:24-04:00
FAILED gemma-4b lmbd1000 attempt=1328; retrying in 300s
START gemma-4b lmbd1000 GPUs=0,1,2,3 attempt=1329 2026-08-01T10:30:29-04:00
FAILED gemma-4b lmbd1000 attempt=1329; retrying in 300s
START gemma-4b lmbd1000 GPUs=0,1,2,3 attempt=1330 2026-08-01T10:35:34-04:00
FAILED gemma-4b lmbd1000 attempt=1330; retrying in 300s
START gemma-4b lmbd1000 GPUs=0,1,2,3 attempt=1331 2026-08-01T10:40:40-04:00
FAILED gemma-4b lmbd1000 attempt=1331; retrying in 300s
START gemma-4b lmbd1000 GPUs=0,1,2,3 attempt=1332 2026-08-01T10:45:45-04:00
FAILED gemma-4b lmbd1000 attempt=1332; retrying in 300s
START gemma-4b lmbd1000 GPUs=0,1,2,3 attempt=1333 2026-08-01T10:50:50-04:00
FAILED gemma-4b lmbd1000 attempt=1333; retrying in 300s
START gemma-4b lmbd1000 GPUs=0,1,2,3 attempt=1334 2026-08-01T10:55:55-04:00
FAILED gemma-4b lmbd1000 attempt=1334; retrying in 300s
START gemma-4b lmbd1000 GPUs=0,1,2,3 attempt=1335 2026-08-01T11:01:00-04:00
FAILED gemma-4b lmbd1000 attempt=1335; retrying in 300s
START gemma-4b lmbd1000 GPUs=0,1,2,3 attempt=1336 2026-08-01T11:06:05-04:00
FAILED gemma-4b lmbd1000 attempt=1336; retrying in 300s
START gemma-4b lmbd1000 GPUs=0,1,2,3 attempt=1337 2026-08-01T11:11:10-04:00
FAILED gemma-4b lmbd1000 attempt=1337; retrying in 300s
START gemma-4b lmbd1000 GPUs=0,1,2,3 attempt=1338 2026-08-01T11:16:15-04:00
FAILED gemma-4b lmbd1000 attempt=1338; retrying in 300s
START gemma-4b lmbd1000 GPUs=0,1,2,3 attempt=1339 2026-08-01T11:21:20-04:00
FAILED gemma-4b lmbd1000 attempt=1339; retrying in 300s
START gemma-4b lmbd1000 GPUs=0,1,2,3 attempt=1340 2026-08-01T11:26:25-04:00
FAILED gemma-4b lmbd1000 attempt=1340; retrying in 300s
START gemma-4b lmbd1000 GPUs=0,1,2,3 attempt=1341 2026-08-01T11:31:30-04:00
FAILED gemma-4b lmbd1000 attempt=1341; retrying in 300s
START gemma-4b lmbd1000 GPUs=0,1,2,3 attempt=1342 2026-08-01T11:36:35-04:00
FAILED gemma-4b lmbd1000 attempt=1342; retrying in 300s
START gemma-4b lmbd1000 GPUs=0,1,2,3 attempt=1343 2026-08-01T11:41:40-04:00
FAILED gemma-4b lmbd1000 attempt=1343; retrying in 300s
START gemma-4b lmbd1000 GPUs=0,1,2,3 attempt=1344 2026-08-01T11:46:45-04:00
FAILED gemma-4b lmbd1000 attempt=1344; retrying in 300s
START gemma-4b lmbd1000 GPUs=0,1,2,3 attempt=1345 2026-08-01T11:51:50-04:00
FAILED gemma-4b lmbd1000 attempt=1345; retrying in 300s
START gemma-4b lmbd1000 GPUs=0,1,2,3 attempt=1346 2026-08-01T11:56:55-04:00
FAILED gemma-4b lmbd1000 attempt=1346; retrying in 300s
START gemma-4b lmbd1000 GPUs=0,1,2,3 attempt=1347 2026-08-01T12:02:00-04:00
FAILED gemma-4b lmbd1000 attempt=1347; retrying in 300s
START gemma-4b lmbd1000 GPUs=0,1,2,3 attempt=1348 2026-08-01T12:07:06-04:00
FAILED gemma-4b lmbd1000 attempt=1348; retrying in 300s
START gemma-4b lmbd1000 GPUs=0,1,2,3 attempt=1349 2026-08-01T12:12:11-04:00
FAILED gemma-4b lmbd1000 attempt=1349; retrying in 300s
START gemma-4b lmbd1000 GPUs=0,1,2,3 attempt=1350 2026-08-01T12:17:16-04:00
FAILED gemma-4b lmbd1000 attempt=1350; retrying in 300s
START gemma-4b lmbd1000 GPUs=0,1,2,3 attempt=1351 2026-08-01T12:22:21-04:00
FAILED gemma-4b lmbd1000 attempt=1351; retrying in 300s
START gemma-4b lmbd1000 GPUs=0,1,2,3 attempt=1352 2026-08-01T12:27:26-04:00
FAILED gemma-4b lmbd1000 attempt=1352; retrying in 300s
START gemma-4b lmbd1000 GPUs=0,1,2,3 attempt=1353 2026-08-01T12:32:31-04:00
FAILED gemma-4b lmbd1000 attempt=1353; retrying in 300s
START gemma-4b lmbd1000 GPUs=0,1,2,3 attempt=1354 2026-08-01T12:37:36-04:00
FAILED gemma-4b lmbd1000 attempt=1354; retrying in 300s
START gemma-4b lmbd1000 GPUs=0,1,2,3 attempt=1355 2026-08-01T12:42:41-04:00
FAILED gemma-4b lmbd1000 attempt=1355; retrying in 300s
START gemma-4b lmbd1000 GPUs=0,1,2,3 attempt=1356 2026-08-01T12:47:46-04:00
FAILED gemma-4b lmbd1000 attempt=1356; retrying in 300s
START gemma-4b lmbd1000 GPUs=0,1,2,3 attempt=1357 2026-08-01T12:52:51-04:00
FAILED gemma-4b lmbd1000 attempt=1357; retrying in 300s
START gemma-4b lmbd1000 GPUs=0,1,2,3 attempt=1358 2026-08-01T12:57:56-04:00
FAILED gemma-4b lmbd1000 attempt=1358; retrying in 300s
START gemma-4b lmbd1000 GPUs=0,1,2,3 attempt=1359 2026-08-01T13:03:01-04:00
FAILED gemma-4b lmbd1000 attempt=1359; retrying in 300s
START gemma-4b lmbd1000 GPUs=0,1,2,3 attempt=1360 2026-08-01T13:08:06-04:00
FAILED gemma-4b lmbd1000 attempt=1360; retrying in 300s
START gemma-4b lmbd1000 GPUs=0,1,2,3 attempt=1361 2026-08-01T13:13:11-04:00
FAILED gemma-4b lmbd1000 attempt=1361; retrying in 300s
START gemma-4b lmbd1000 GPUs=0,1,2,3 attempt=1362 2026-08-01T13:18:16-04:00
FAILED gemma-4b lmbd1000 attempt=1362; retrying in 300s
START gemma-4b lmbd1000 GPUs=0,1,2,3 attempt=1363 2026-08-01T13:23:21-04:00
FAILED gemma-4b lmbd1000 attempt=1363; retrying in 300s
START gemma-4b lmbd1000 GPUs=0,1,2,3 attempt=1364 2026-08-01T13:28:26-04:00
FAILED gemma-4b lmbd1000 attempt=1364; retrying in 300s
START gemma-4b lmbd1000 GPUs=0,1,2,3 attempt=1365 2026-08-01T13:33:31-04:00
FAILED gemma-4b lmbd1000 attempt=1365; retrying in 300s
START gemma-4b lmbd1000 GPUs=0,1,2,3 attempt=1366 2026-08-01T13:38:36-04:00
FAILED gemma-4b lmbd1000 attempt=1366; retrying in 300s
START gemma-4b lmbd1000 GPUs=0,1,2,3 attempt=1367 2026-08-01T13:43:41-04:00
FAILED gemma-4b lmbd1000 attempt=1367; retrying in 300s
START gemma-4b lmbd1000 GPUs=0,1,2,3 attempt=1368 2026-08-01T13:48:47-04:00
FAILED gemma-4b lmbd1000 attempt=1368; retrying in 300s
START gemma-4b lmbd1000 GPUs=0,1,2,3 attempt=1369 2026-08-01T13:53:52-04:00
FAILED gemma-4b lmbd1000 attempt=1369; retrying in 300s
START gemma-4b lmbd1000 GPUs=0,1,2,3 attempt=1370 2026-08-01T13:58:57-04:00
FAILED gemma-4b lmbd1000 attempt=1370; retrying in 300s
START gemma-4b lmbd1000 GPUs=0,1,2,3 attempt=1371 2026-08-01T14:04:02-04:00
FAILED gemma-4b lmbd1000 attempt=1371; retrying in 300s
START gemma-4b lmbd1000 GPUs=0,1,2,3 attempt=1372 2026-08-01T14:09:07-04:00
FAILED gemma-4b lmbd1000 attempt=1372; retrying in 300s
START gemma-4b lmbd1000 GPUs=0,1,2,3 attempt=1373 2026-08-01T14:14:12-04:00
FAILED gemma-4b lmbd1000 attempt=1373; retrying in 300s
START gemma-4b lmbd1000 GPUs=0,1,2,3 attempt=1374 2026-08-01T14:19:17-04:00
FAILED gemma-4b lmbd1000 attempt=1374; retrying in 300s
START gemma-4b lmbd1000 GPUs=0,1,2,3 attempt=1375 2026-08-01T14:24:22-04:00
FAILED gemma-4b lmbd1000 attempt=1375; retrying in 300s
START gemma-4b lmbd1000 GPUs=0,1,2,3 attempt=1376 2026-08-01T14:29:27-04:00
FAILED gemma-4b lmbd1000 attempt=1376; retrying in 300s
START gemma-4b lmbd1000 GPUs=0,1,2,3 attempt=1377 2026-08-01T14:34:32-04:00
FAILED gemma-4b lmbd1000 attempt=1377; retrying in 300s
START gemma-4b lmbd1000 GPUs=0,1,2,3 attempt=1378 2026-08-01T14:39:37-04:00
FAILED gemma-4b lmbd1000 attempt=1378; retrying in 300s
START gemma-4b lmbd1000 GPUs=0,1,2,3 attempt=1379 2026-08-01T14:44:42-04:00
FAILED gemma-4b lmbd1000 attempt=1379; retrying in 300s
START gemma-4b lmbd1000 GPUs=0,1,2,3 attempt=1380 2026-08-01T14:49:47-04:00
FAILED gemma-4b lmbd1000 attempt=1380; retrying in 300s
START gemma-4b lmbd1000 GPUs=0,1,2,3 attempt=1381 2026-08-01T14:54:52-04:00
FAILED gemma-4b lmbd1000 attempt=1381; retrying in 300s
START gemma-4b lmbd1000 GPUs=0,1,2,3 attempt=1382 2026-08-01T15:00:10-04:00
FAILED gemma-4b lmbd1000 attempt=1382; retrying in 300s
START gemma-4b lmbd1000 GPUs=0,1,2,3 attempt=1383 2026-08-01T15:05:15-04:00
FAILED gemma-4b lmbd1000 attempt=1383; retrying in 300s
START gemma-4b lmbd1000 GPUs=0,1,2,3 attempt=1384 2026-08-01T15:10:20-04:00
FAILED gemma-4b lmbd1000 attempt=1384; retrying in 300s
START gemma-4b lmbd1000 GPUs=0,1,2,3 attempt=1385 2026-08-01T15:15:25-04:00
FAILED gemma-4b lmbd1000 attempt=1385; retrying in 300s
START gemma-4b lmbd1000 GPUs=0,1,2,3 attempt=1386 2026-08-01T15:20:30-04:00
FAILED gemma-4b lmbd1000 attempt=1386; retrying in 300s
START gemma-4b lmbd1000 GPUs=0,1,2,3 attempt=1387 2026-08-01T15:25:35-04:00
FAILED gemma-4b lmbd1000 attempt=1387; retrying in 300s
START gemma-4b lmbd1000 GPUs=0,1,2,3 attempt=1388 2026-08-01T15:30:40-04:00
FAILED gemma-4b lmbd1000 attempt=1388; retrying in 300s
START gemma-4b lmbd1000 GPUs=0,1,2,3 attempt=1389 2026-08-01T15:35:45-04:00
FAILED gemma-4b lmbd1000 attempt=1389; retrying in 300s
START gemma-4b lmbd1000 GPUs=0,1,2,3 attempt=1390 2026-08-01T15:40:50-04:00
FAILED gemma-4b lmbd1000 attempt=1390; retrying in 300s
START gemma-4b lmbd1000 GPUs=0,1,2,3 attempt=1391 2026-08-01T15:45:55-04:00
FAILED gemma-4b lmbd1000 attempt=1391; retrying in 300s
START gemma-4b lmbd1000 GPUs=0,1,2,3 attempt=1392 2026-08-01T15:51:00-04:00
FAILED gemma-4b lmbd1000 attempt=1392; retrying in 300s
START gemma-4b lmbd1000 GPUs=0,1,2,3 attempt=1393 2026-08-01T15:56:05-04:00
FAILED gemma-4b lmbd1000 attempt=1393; retrying in 300s
START gemma-4b lmbd1000 GPUs=0,1,2,3 attempt=1394 2026-08-01T16:01:10-04:00
FAILED gemma-4b lmbd1000 attempt=1394; retrying in 300s
START gemma-4b lmbd1000 GPUs=0,1,2,3 attempt=1395 2026-08-01T16:06:15-04:00
FAILED gemma-4b lmbd1000 attempt=1395; retrying in 300s
START gemma-4b lmbd1000 GPUs=0,1,2,3 attempt=1396 2026-08-01T16:11:21-04:00
FAILED gemma-4b lmbd1000 attempt=1396; retrying in 300s
START gemma-4b lmbd1000 GPUs=0,1,2,3 attempt=1397 2026-08-01T16:16:26-04:00
FAILED gemma-4b lmbd1000 attempt=1397; retrying in 300s
START gemma-4b lmbd1000 GPUs=0,1,2,3 attempt=1398 2026-08-01T16:21:31-04:00
FAILED gemma-4b lmbd1000 attempt=1398; retrying in 300s
START gemma-4b lmbd1000 GPUs=0,1,2,3 attempt=1399 2026-08-01T16:26:36-04:00
FAILED gemma-4b lmbd1000 attempt=1399; retrying in 300s
START gemma-4b lmbd1000 GPUs=0,1,2,3 attempt=1400 2026-08-01T16:31:41-04:00
FAILED gemma-4b lmbd1000 attempt=1400; retrying in 300s
START gemma-4b lmbd1000 GPUs=0,1,2,3 attempt=1401 2026-08-01T16:36:46-04:00
FAILED gemma-4b lmbd1000 attempt=1401; retrying in 300s
START gemma-4b lmbd1000 GPUs=0,1,2,3 attempt=1402 2026-08-01T16:41:51-04:00
FAILED gemma-4b lmbd1000 attempt=1402; retrying in 300s
START gemma-4b lmbd1000 GPUs=0,1,2,3 attempt=1403 2026-08-01T16:46:56-04:00
FAILED gemma-4b lmbd1000 attempt=1403; retrying in 300s
START gemma-4b lmbd1000 GPUs=0,1,2,3 attempt=1404 2026-08-01T16:52:01-04:00
FAILED gemma-4b lmbd1000 attempt=1404; retrying in 300s
START gemma-4b lmbd1000 GPUs=0,1,2,3 attempt=1405 2026-08-01T16:57:06-04:00
FAILED gemma-4b lmbd1000 attempt=1405; retrying in 300s
START gemma-4b lmbd1000 GPUs=0,1,2,3 attempt=1406 2026-08-01T17:02:11-04:00
FAILED gemma-4b lmbd1000 attempt=1406; retrying in 300s
START gemma-4b lmbd1000 GPUs=0,1,2,3 attempt=1407 2026-08-01T17:07:16-04:00
FAILED gemma-4b lmbd1000 attempt=1407; retrying in 300s
START gemma-4b lmbd1000 GPUs=0,1,2,3 attempt=1408 2026-08-01T17:12:21-04:00
FAILED gemma-4b lmbd1000 attempt=1408; retrying in 300s
START gemma-4b lmbd1000 GPUs=0,1,2,3 attempt=1409 2026-08-01T17:17:26-04:00
FAILED gemma-4b lmbd1000 attempt=1409; retrying in 300s
START gemma-4b lmbd1000 GPUs=0,1,2,3 attempt=1410 2026-08-01T17:22:31-04:00
FAILED gemma-4b lmbd1000 attempt=1410; retrying in 300s
START gemma-4b lmbd1000 GPUs=0,1,2,3 attempt=1411 2026-08-01T17:27:36-04:00
FAILED gemma-4b lmbd1000 attempt=1411; retrying in 300s
START gemma-4b lmbd1000 GPUs=0,1,2,3 attempt=1412 2026-08-01T17:32:41-04:00
FAILED gemma-4b lmbd1000 attempt=1412; retrying in 300s
START gemma-4b lmbd1000 GPUs=0,1,2,3 attempt=1413 2026-08-01T17:37:46-04:00
FAILED gemma-4b lmbd1000 attempt=1413; retrying in 300s
START gemma-4b lmbd1000 GPUs=0,1,2,3 attempt=1414 2026-08-01T17:42:51-04:00
FAILED gemma-4b lmbd1000 attempt=1414; retrying in 300s
START gemma-4b lmbd1000 GPUs=0,1,2,3 attempt=1415 2026-08-01T17:47:56-04:00
FAILED gemma-4b lmbd1000 attempt=1415; retrying in 300s
START gemma-4b lmbd1000 GPUs=0,1,2,3 attempt=1416 2026-08-01T17:53:01-04:00
FAILED gemma-4b lmbd1000 attempt=1416; retrying in 300s
START gemma-4b lmbd1000 GPUs=0,1,2,3 attempt=1417 2026-08-01T17:58:06-04:00
FAILED gemma-4b lmbd1000 attempt=1417; retrying in 300s
START gemma-4b lmbd1000 GPUs=0,1,2,3 attempt=1418 2026-08-01T18:03:11-04:00
FAILED gemma-4b lmbd1000 attempt=1418; retrying in 300s
START gemma-4b lmbd1000 GPUs=0,1,2,3 attempt=1419 2026-08-01T18:08:16-04:00
FAILED gemma-4b lmbd1000 attempt=1419; retrying in 300s
START gemma-4b lmbd1000 GPUs=0,1,2,3 attempt=1420 2026-08-01T18:13:21-04:00
FAILED gemma-4b lmbd1000 attempt=1420; retrying in 300s
START gemma-4b lmbd1000 GPUs=0,1,2,3 attempt=1421 2026-08-01T18:18:26-04:00
FAILED gemma-4b lmbd1000 attempt=1421; retrying in 300s
START gemma-4b lmbd1000 GPUs=0,1,2,3 attempt=1422 2026-08-01T18:23:32-04:00
FAILED gemma-4b lmbd1000 attempt=1422; retrying in 300s
START gemma-4b lmbd1000 GPUs=0,1,2,3 attempt=1423 2026-08-01T18:28:37-04:00
FAILED gemma-4b lmbd1000 attempt=1423; retrying in 300s
START gemma-4b lmbd1000 GPUs=0,1,2,3 attempt=1424 2026-08-01T18:33:42-04:00
FAILED gemma-4b lmbd1000 attempt=1424; retrying in 300s
START gemma-4b lmbd1000 GPUs=0,1,2,3 attempt=1425 2026-08-01T18:38:47-04:00
FAILED gemma-4b lmbd1000 attempt=1425; retrying in 300s
START gemma-4b lmbd1000 GPUs=0,1,2,3 attempt=1426 2026-08-01T18:43:52-04:00
FAILED gemma-4b lmbd1000 attempt=1426; retrying in 300s
START gemma-4b lmbd1000 GPUs=0,1,2,3 attempt=1427 2026-08-01T18:48:57-04:00
FAILED gemma-4b lmbd1000 attempt=1427; retrying in 300s
START gemma-4b lmbd1000 GPUs=0,1,2,3 attempt=1428 2026-08-01T18:54:02-04:00
FAILED gemma-4b lmbd1000 attempt=1428; retrying in 300s
START gemma-4b lmbd1000 GPUs=0,1,2,3 attempt=1429 2026-08-01T18:59:07-04:00
FAILED gemma-4b lmbd1000 attempt=1429; retrying in 300s
START gemma-4b lmbd1000 GPUs=0,1,2,3 attempt=1430 2026-08-01T19:04:12-04:00
FAILED gemma-4b lmbd1000 attempt=1430; retrying in 300s
START gemma-4b lmbd1000 GPUs=0,1,2,3 attempt=1431 2026-08-01T19:09:17-04:00
FAILED gemma-4b lmbd1000 attempt=1431; retrying in 300s
START gemma-4b lmbd1000 GPUs=0,1,2,3 attempt=1432 2026-08-01T19:14:22-04:00
FAILED gemma-4b lmbd1000 attempt=1432; retrying in 300s
START gemma-4b lmbd1000 GPUs=0,1,2,3 attempt=1433 2026-08-01T19:19:27-04:00
FAILED gemma-4b lmbd1000 attempt=1433; retrying in 300s
START gemma-4b lmbd1000 GPUs=0,1,2,3 attempt=1434 2026-08-01T19:24:32-04:00
FAILED gemma-4b lmbd1000 attempt=1434; retrying in 300s
START gemma-4b lmbd1000 GPUs=0,1,2,3 attempt=1435 2026-08-01T19:29:37-04:00
FAILED gemma-4b lmbd1000 attempt=1435; retrying in 300s
START gemma-4b lmbd1000 GPUs=0,1,2,3 attempt=1436 2026-08-01T19:34:42-04:00
FAILED gemma-4b lmbd1000 attempt=1436; retrying in 300s
START gemma-4b lmbd1000 GPUs=0,1,2,3 attempt=1437 2026-08-01T19:39:47-04:00
FAILED gemma-4b lmbd1000 attempt=1437; retrying in 300s
START gemma-4b lmbd1000 GPUs=0,1,2,3 attempt=1438 2026-08-01T19:44:53-04:00
FAILED gemma-4b lmbd1000 attempt=1438; retrying in 300s
START gemma-4b lmbd1000 GPUs=0,1,2,3 attempt=1439 2026-08-01T19:49:58-04:00
FAILED gemma-4b lmbd1000 attempt=1439; retrying in 300s
START gemma-4b lmbd1000 GPUs=0,1,2,3 attempt=1440 2026-08-01T19:55:03-04:00
FAILED gemma-4b lmbd1000 attempt=1440; retrying in 300s
START gemma-4b lmbd1000 GPUs=0,1,2,3 attempt=1441 2026-08-01T20:00:08-04:00
FAILED gemma-4b lmbd1000 attempt=1441; retrying in 300s
START gemma-4b lmbd1000 GPUs=0,1,2,3 attempt=1442 2026-08-01T20:05:13-04:00
FAILED gemma-4b lmbd1000 attempt=1442; retrying in 300s
START gemma-4b lmbd1000 GPUs=0,1,2,3 attempt=1443 2026-08-01T20:10:18-04:00
FAILED gemma-4b lmbd1000 attempt=1443; retrying in 300s
START gemma-4b lmbd1000 GPUs=0,1,2,3 attempt=1444 2026-08-01T20:15:23-04:00
FAILED gemma-4b lmbd1000 attempt=1444; retrying in 300s
START gemma-4b lmbd1000 GPUs=0,1,2,3 attempt=1445 2026-08-01T20:20:28-04:00
FAILED gemma-4b lmbd1000 attempt=1445; retrying in 300s
START gemma-4b lmbd1000 GPUs=0,1,2,3 attempt=1446 2026-08-01T20:25:33-04:00
FAILED gemma-4b lmbd1000 attempt=1446; retrying in 300s
START gemma-4b lmbd1000 GPUs=0,1,2,3 attempt=1447 2026-08-01T20:30:38-04:00
FAILED gemma-4b lmbd1000 attempt=1447; retrying in 300s
START gemma-4b lmbd1000 GPUs=0,1,2,3 attempt=1448 2026-08-01T20:35:43-04:00
FAILED gemma-4b lmbd1000 attempt=1448; retrying in 300s
START gemma-4b lmbd1000 GPUs=0,1,2,3 attempt=1449 2026-08-01T20:40:48-04:00
FAILED gemma-4b lmbd1000 attempt=1449; retrying in 300s
START gemma-4b lmbd1000 GPUs=0,1,2,3 attempt=1450 2026-08-01T20:45:53-04:00
FAILED gemma-4b lmbd1000 attempt=1450; retrying in 300s
START gemma-4b lmbd1000 GPUs=0,1,2,3 attempt=1451 2026-08-01T20:50:59-04:00
FAILED gemma-4b lmbd1000 attempt=1451; retrying in 300s
START gemma-4b lmbd1000 GPUs=0,1,2,3 attempt=1452 2026-08-01T20:56:04-04:00
FAILED gemma-4b lmbd1000 attempt=1452; retrying in 300s
START gemma-4b lmbd1000 GPUs=0,1,2,3 attempt=1453 2026-08-01T21:01:09-04:00
FAILED gemma-4b lmbd1000 attempt=1453; retrying in 300s
START gemma-4b lmbd1000 GPUs=0,1,2,3 attempt=1454 2026-08-01T21:06:14-04:00
FAILED gemma-4b lmbd1000 attempt=1454; retrying in 300s
START gemma-4b lmbd1000 GPUs=0,1,2,3 attempt=1455 2026-08-01T21:11:19-04:00
FAILED gemma-4b lmbd1000 attempt=1455; retrying in 300s
START gemma-4b lmbd1000 GPUs=0,1,2,3 attempt=1456 2026-08-01T21:16:24-04:00
FAILED gemma-4b lmbd1000 attempt=1456; retrying in 300s
START gemma-4b lmbd1000 GPUs=0,1,2,3 attempt=1457 2026-08-01T21:21:29-04:00
FAILED gemma-4b lmbd1000 attempt=1457; retrying in 300s
START gemma-4b lmbd1000 GPUs=0,1,2,3 attempt=1458 2026-08-01T21:26:34-04:00
FAILED gemma-4b lmbd1000 attempt=1458; retrying in 300s
START gemma-4b lmbd1000 GPUs=0,1,2,3 attempt=1459 2026-08-01T21:31:39-04:00
FAILED gemma-4b lmbd1000 attempt=1459; retrying in 300s
START gemma-4b lmbd1000 GPUs=0,1,2,3 attempt=1460 2026-08-01T21:36:44-04:00
FAILED gemma-4b lmbd1000 attempt=1460; retrying in 300s
START gemma-4b lmbd1000 GPUs=0,1,2,3 attempt=1461 2026-08-01T21:41:49-04:00
FAILED gemma-4b lmbd1000 attempt=1461; retrying in 300s
START gemma-4b lmbd1000 GPUs=0,1,2,3 attempt=1462 2026-08-01T21:46:54-04:00
FAILED gemma-4b lmbd1000 attempt=1462; retrying in 300s
START gemma-4b lmbd1000 GPUs=0,1,2,3 attempt=1463 2026-08-01T21:51:59-04:00
FAILED gemma-4b lmbd1000 attempt=1463; retrying in 300s
START gemma-4b lmbd1000 GPUs=0,1,2,3 attempt=1464 2026-08-01T21:57:04-04:00
FAILED gemma-4b lmbd1000 attempt=1464; retrying in 300s
START gemma-4b lmbd1000 GPUs=0,1,2,3 attempt=1465 2026-08-01T22:02:09-04:00
FAILED gemma-4b lmbd1000 attempt=1465; retrying in 300s
START gemma-4b lmbd1000 GPUs=0,1,2,3 attempt=1466 2026-08-01T22:07:14-04:00
FAILED gemma-4b lmbd1000 attempt=1466; retrying in 300s
START gemma-4b lmbd1000 GPUs=0,1,2,3 attempt=1467 2026-08-01T22:12:20-04:00
FAILED gemma-4b lmbd1000 attempt=1467; retrying in 300s
START gemma-4b lmbd1000 GPUs=0,1,2,3 attempt=1468 2026-08-01T22:17:25-04:00
FAILED gemma-4b lmbd1000 attempt=1468; retrying in 300s
START gemma-4b lmbd1000 GPUs=0,1,2,3 attempt=1469 2026-08-01T22:22:30-04:00
FAILED gemma-4b lmbd1000 attempt=1469; retrying in 300s
START gemma-4b lmbd1000 GPUs=0,1,2,3 attempt=1470 2026-08-01T22:27:35-04:00
FAILED gemma-4b lmbd1000 attempt=1470; retrying in 300s
START gemma-4b lmbd1000 GPUs=0,1,2,3 attempt=1471 2026-08-01T22:32:40-04:00
FAILED gemma-4b lmbd1000 attempt=1471; retrying in 300s
START gemma-4b lmbd1000 GPUs=0,1,2,3 attempt=1472 2026-08-01T22:37:45-04:00
FAILED gemma-4b lmbd1000 attempt=1472; retrying in 300s
START gemma-4b lmbd1000 GPUs=0,1,2,3 attempt=1473 2026-08-01T22:42:50-04:00
FAILED gemma-4b lmbd1000 attempt=1473; retrying in 300s
START gemma-4b lmbd1000 GPUs=0,1,2,3 attempt=1474 2026-08-01T22:47:55-04:00
FAILED gemma-4b lmbd1000 attempt=1474; retrying in 300s
START gemma-4b lmbd1000 GPUs=0,1,2,3 attempt=1475 2026-08-01T22:53:00-04:00
FAILED gemma-4b lmbd1000 attempt=1475; retrying in 300s
START gemma-4b lmbd1000 GPUs=0,1,2,3 attempt=1476 2026-08-01T22:58:05-04:00
FAILED gemma-4b lmbd1000 attempt=1476; retrying in 300s
START gemma-4b lmbd1000 GPUs=0,1,2,3 attempt=1477 2026-08-01T23:03:10-04:00
FAILED gemma-4b lmbd1000 attempt=1477; retrying in 300s
START gemma-4b lmbd1000 GPUs=0,1,2,3 attempt=1478 2026-08-01T23:08:15-04:00
FAILED gemma-4b lmbd1000 attempt=1478; retrying in 300s
START gemma-4b lmbd1000 GPUs=0,1,2,3 attempt=1479 2026-08-01T23:13:20-04:00
FAILED gemma-4b lmbd1000 attempt=1479; retrying in 300s
START gemma-4b lmbd1000 GPUs=0,1,2,3 attempt=1480 2026-08-01T23:18:25-04:00
FAILED gemma-4b lmbd1000 attempt=1480; retrying in 300s
START gemma-4b lmbd1000 GPUs=0,1,2,3 attempt=1481 2026-08-01T23:23:30-04:00
FAILED gemma-4b lmbd1000 attempt=1481; retrying in 300s
START gemma-4b lmbd1000 GPUs=0,1,2,3 attempt=1482 2026-08-01T23:28:36-04:00
FAILED gemma-4b lmbd1000 attempt=1482; retrying in 300s
START gemma-4b lmbd1000 GPUs=0,1,2,3 attempt=1483 2026-08-01T23:33:41-04:00
FAILED gemma-4b lmbd1000 attempt=1483; retrying in 300s
START gemma-4b lmbd1000 GPUs=0,1,2,3 attempt=1484 2026-08-01T23:38:46-04:00
FAILED gemma-4b lmbd1000 attempt=1484; retrying in 300s
START gemma-4b lmbd1000 GPUs=0,1,2,3 attempt=1485 2026-08-01T23:43:51-04:00
FAILED gemma-4b lmbd1000 attempt=1485; retrying in 300s
START gemma-4b lmbd1000 GPUs=0,1,2,3 attempt=1486 2026-08-01T23:48:56-04:00
FAILED gemma-4b lmbd1000 attempt=1486; retrying in 300s
START gemma-4b lmbd1000 GPUs=0,1,2,3 attempt=1487 2026-08-01T23:54:01-04:00
FAILED gemma-4b lmbd1000 attempt=1487; retrying in 300s
START gemma-4b lmbd1000 GPUs=0,1,2,3 attempt=1488 2026-08-01T23:59:06-04:00
FAILED gemma-4b lmbd1000 attempt=1488; retrying in 300s
START gemma-4b lmbd1000 GPUs=0,1,2,3 attempt=1489 2026-08-02T00:04:11-04:00
FAILED gemma-4b lmbd1000 attempt=1489; retrying in 300s
START gemma-4b lmbd1000 GPUs=0,1,2,3 attempt=1490 2026-08-02T00:09:16-04:00
FAILED gemma-4b lmbd1000 attempt=1490; retrying in 300s
START gemma-4b lmbd1000 GPUs=0,1,2,3 attempt=1491 2026-08-02T00:14:21-04:00
FAILED gemma-4b lmbd1000 attempt=1491; retrying in 300s
START gemma-4b lmbd1000 GPUs=0,1,2,3 attempt=1492 2026-08-02T00:19:26-04:00
FAILED gemma-4b lmbd1000 attempt=1492; retrying in 300s
START gemma-4b lmbd1000 GPUs=0,1,2,3 attempt=1493 2026-08-02T00:24:31-04:00
FAILED gemma-4b lmbd1000 attempt=1493; retrying in 300s
START gemma-4b lmbd1000 GPUs=0,1,2,3 attempt=1494 2026-08-02T00:29:36-04:00
FAILED gemma-4b lmbd1000 attempt=1494; retrying in 300s
START gemma-4b lmbd1000 GPUs=0,1,2,3 attempt=1495 2026-08-02T00:34:41-04:00
FAILED gemma-4b lmbd1000 attempt=1495; retrying in 300s
START gemma-4b lmbd1000 GPUs=0,1,2,3 attempt=1496 2026-08-02T00:39:46-04:00
FAILED gemma-4b lmbd1000 attempt=1496; retrying in 300s
START gemma-4b lmbd1000 GPUs=0,1,2,3 attempt=1497 2026-08-02T00:44:52-04:00
FAILED gemma-4b lmbd1000 attempt=1497; retrying in 300s
START gemma-4b lmbd1000 GPUs=0,1,2,3 attempt=1498 2026-08-02T00:49:57-04:00
FAILED gemma-4b lmbd1000 attempt=1498; retrying in 300s
START gemma-4b lmbd1000 GPUs=0,1,2,3 attempt=1499 2026-08-02T00:55:02-04:00
FAILED gemma-4b lmbd1000 attempt=1499; retrying in 300s
START gemma-4b lmbd1000 GPUs=0,1,2,3 attempt=1500 2026-08-02T01:00:07-04:00
FAILED gemma-4b lmbd1000 attempt=1500; retrying in 300s
START gemma-4b lmbd1000 GPUs=0,1,2,3 attempt=1501 2026-08-02T01:05:12-04:00
FAILED gemma-4b lmbd1000 attempt=1501; retrying in 300s
START gemma-4b lmbd1000 GPUs=0,1,2,3 attempt=1502 2026-08-02T01:10:17-04:00
FAILED gemma-4b lmbd1000 attempt=1502; retrying in 300s
START gemma-4b lmbd1000 GPUs=0,1,2,3 attempt=1503 2026-08-02T01:15:22-04:00
FAILED gemma-4b lmbd1000 attempt=1503; retrying in 300s
START gemma-4b lmbd1000 GPUs=0,1,2,3 attempt=1504 2026-08-02T01:20:27-04:00
FAILED gemma-4b lmbd1000 attempt=1504; retrying in 300s
START gemma-4b lmbd1000 GPUs=0,1,2,3 attempt=1505 2026-08-02T01:25:32-04:00
FAILED gemma-4b lmbd1000 attempt=1505; retrying in 300s
START gemma-4b lmbd1000 GPUs=0,1,2,3 attempt=1506 2026-08-02T01:30:37-04:00
FAILED gemma-4b lmbd1000 attempt=1506; retrying in 300s
START gemma-4b lmbd1000 GPUs=0,1,2,3 attempt=1507 2026-08-02T01:35:42-04:00
FAILED gemma-4b lmbd1000 attempt=1507; retrying in 300s
START gemma-4b lmbd1000 GPUs=0,1,2,3 attempt=1508 2026-08-02T01:40:47-04:00
FAILED gemma-4b lmbd1000 attempt=1508; retrying in 300s
START gemma-4b lmbd1000 GPUs=0,1,2,3 attempt=1509 2026-08-02T01:45:52-04:00
FAILED gemma-4b lmbd1000 attempt=1509; retrying in 300s
START gemma-4b lmbd1000 GPUs=0,1,2,3 attempt=1510 2026-08-02T01:50:57-04:00
FAILED gemma-4b lmbd1000 attempt=1510; retrying in 300s
START gemma-4b lmbd1000 GPUs=0,1,2,3 attempt=1511 2026-08-02T01:56:02-04:00
FAILED gemma-4b lmbd1000 attempt=1511; retrying in 300s
START gemma-4b lmbd1000 GPUs=0,1,2,3 attempt=1512 2026-08-02T02:01:07-04:00
FAILED gemma-4b lmbd1000 attempt=1512; retrying in 300s
START gemma-4b lmbd1000 GPUs=0,1,2,3 attempt=1513 2026-08-02T02:06:13-04:00
FAILED gemma-4b lmbd1000 attempt=1513; retrying in 300s
START gemma-4b lmbd1000 GPUs=0,1,2,3 attempt=1514 2026-08-02T02:11:18-04:00
FAILED gemma-4b lmbd1000 attempt=1514; retrying in 300s
START gemma-4b lmbd1000 GPUs=0,1,2,3 attempt=1515 2026-08-02T02:16:23-04:00
FAILED gemma-4b lmbd1000 attempt=1515; retrying in 300s
START gemma-4b lmbd1000 GPUs=0,1,2,3 attempt=1516 2026-08-02T02:21:28-04:00
FAILED gemma-4b lmbd1000 attempt=1516; retrying in 300s
START gemma-4b lmbd1000 GPUs=0,1,2,3 attempt=1517 2026-08-02T02:26:33-04:00
FAILED gemma-4b lmbd1000 attempt=1517; retrying in 300s
START gemma-4b lmbd1000 GPUs=0,1,2,3 attempt=1518 2026-08-02T02:31:38-04:00
FAILED gemma-4b lmbd1000 attempt=1518; retrying in 300s
START gemma-4b lmbd1000 GPUs=0,1,2,3 attempt=1519 2026-08-02T02:36:43-04:00
FAILED gemma-4b lmbd1000 attempt=1519; retrying in 300s
START gemma-4b lmbd1000 GPUs=0,1,2,3 attempt=1520 2026-08-02T02:41:49-04:00
FAILED gemma-4b lmbd1000 attempt=1520; retrying in 300s
START gemma-4b lmbd1000 GPUs=0,1,2,3 attempt=1521 2026-08-02T02:46:54-04:00
FAILED gemma-4b lmbd1000 attempt=1521; retrying in 300s
START gemma-4b lmbd1000 GPUs=0,1,2,3 attempt=1522 2026-08-02T02:51:59-04:00
FAILED gemma-4b lmbd1000 attempt=1522; retrying in 300s
START gemma-4b lmbd1000 GPUs=0,1,2,3 attempt=1523 2026-08-02T02:57:04-04:00
FAILED gemma-4b lmbd1000 attempt=1523; retrying in 300s
START gemma-4b lmbd1000 GPUs=0,1,2,3 attempt=1524 2026-08-02T03:02:09-04:00
FAILED gemma-4b lmbd1000 attempt=1524; retrying in 300s
START gemma-4b lmbd1000 GPUs=0,1,2,3 attempt=1525 2026-08-02T03:07:14-04:00
FAILED gemma-4b lmbd1000 attempt=1525; retrying in 300s
START gemma-4b lmbd1000 GPUs=0,1,2,3 attempt=1526 2026-08-02T03:12:19-04:00
FAILED gemma-4b lmbd1000 attempt=1526; retrying in 300s
START gemma-4b lmbd1000 GPUs=0,1,2,3 attempt=1527 2026-08-02T03:17:24-04:00
FAILED gemma-4b lmbd1000 attempt=1527; retrying in 300s
START gemma-4b lmbd1000 GPUs=0,1,2,3 attempt=1528 2026-08-02T03:22:30-04:00
FAILED gemma-4b lmbd1000 attempt=1528; retrying in 300s
START gemma-4b lmbd1000 GPUs=0,1,2,3 attempt=1529 2026-08-02T03:27:35-04:00
FAILED gemma-4b lmbd1000 attempt=1529; retrying in 300s
START gemma-4b lmbd1000 GPUs=0,1,2,3 attempt=1530 2026-08-02T03:32:40-04:00
FAILED gemma-4b lmbd1000 attempt=1530; retrying in 300s
START gemma-4b lmbd1000 GPUs=0,1,2,3 attempt=1531 2026-08-02T03:37:45-04:00
FAILED gemma-4b lmbd1000 attempt=1531; retrying in 300s
START gemma-4b lmbd1000 GPUs=0,1,2,3 attempt=1532 2026-08-02T03:42:50-04:00
FAILED gemma-4b lmbd1000 attempt=1532; retrying in 300s
START gemma-4b lmbd1000 GPUs=0,1,2,3 attempt=1533 2026-08-02T03:47:55-04:00
FAILED gemma-4b lmbd1000 attempt=1533; retrying in 300s
START gemma-4b lmbd1000 GPUs=0,1,2,3 attempt=1534 2026-08-02T03:53:00-04:00
FAILED gemma-4b lmbd1000 attempt=1534; retrying in 300s
START gemma-4b lmbd1000 GPUs=0,1,2,3 attempt=1535 2026-08-02T03:58:05-04:00
FAILED gemma-4b lmbd1000 attempt=1535; retrying in 300s
START gemma-4b lmbd1000 GPUs=0,1,2,3 attempt=1536 2026-08-02T04:03:10-04:00
FAILED gemma-4b lmbd1000 attempt=1536; retrying in 300s
START gemma-4b lmbd1000 GPUs=0,1,2,3 attempt=1537 2026-08-02T04:08:15-04:00
FAILED gemma-4b lmbd1000 attempt=1537; retrying in 300s
START gemma-4b lmbd1000 GPUs=0,1,2,3 attempt=1538 2026-08-02T04:13:20-04:00
FAILED gemma-4b lmbd1000 attempt=1538; retrying in 300s
START gemma-4b lmbd1000 GPUs=0,1,2,3 attempt=1539 2026-08-02T04:18:25-04:00
FAILED gemma-4b lmbd1000 attempt=1539; retrying in 300s
START gemma-4b lmbd1000 GPUs=0,1,2,3 attempt=1540 2026-08-02T04:23:30-04:00
FAILED gemma-4b lmbd1000 attempt=1540; retrying in 300s
START gemma-4b lmbd1000 GPUs=0,1,2,3 attempt=1541 2026-08-02T04:28:35-04:00
FAILED gemma-4b lmbd1000 attempt=1541; retrying in 300s
START gemma-4b lmbd1000 GPUs=0,1,2,3 attempt=1542 2026-08-02T04:33:40-04:00
FAILED gemma-4b lmbd1000 attempt=1542; retrying in 300s
START gemma-4b lmbd1000 GPUs=0,1,2,3 attempt=1543 2026-08-02T04:38:45-04:00
FAILED gemma-4b lmbd1000 attempt=1543; retrying in 300s
START gemma-4b lmbd1000 GPUs=0,1,2,3 attempt=1544 2026-08-02T04:43:50-04:00
FAILED gemma-4b lmbd1000 attempt=1544; retrying in 300s
START gemma-4b lmbd1000 GPUs=0,1,2,3 attempt=1545 2026-08-02T04:48:55-04:00
FAILED gemma-4b lmbd1000 attempt=1545; retrying in 300s
START gemma-4b lmbd1000 GPUs=0,1,2,3 attempt=1546 2026-08-02T04:54:00-04:00
FAILED gemma-4b lmbd1000 attempt=1546; retrying in 300s
START gemma-4b lmbd1000 GPUs=0,1,2,3 attempt=1547 2026-08-02T04:59:06-04:00
FAILED gemma-4b lmbd1000 attempt=1547; retrying in 300s
START gemma-4b lmbd1000 GPUs=0,1,2,3 attempt=1548 2026-08-02T05:04:11-04:00
FAILED gemma-4b lmbd1000 attempt=1548; retrying in 300s
START gemma-4b lmbd1000 GPUs=0,1,2,3 attempt=1549 2026-08-02T05:09:16-04:00
FAILED gemma-4b lmbd1000 attempt=1549; retrying in 300s
START gemma-4b lmbd1000 GPUs=0,1,2,3 attempt=1550 2026-08-02T05:14:21-04:00
FAILED gemma-4b lmbd1000 attempt=1550; retrying in 300s
START gemma-4b lmbd1000 GPUs=0,1,2,3 attempt=1551 2026-08-02T05:19:26-04:00
FAILED gemma-4b lmbd1000 attempt=1551; retrying in 300s
START gemma-4b lmbd1000 GPUs=0,1,2,3 attempt=1552 2026-08-02T05:24:31-04:00
FAILED gemma-4b lmbd1000 attempt=1552; retrying in 300s
START gemma-4b lmbd1000 GPUs=0,1,2,3 attempt=1553 2026-08-02T05:29:36-04:00
FAILED gemma-4b lmbd1000 attempt=1553; retrying in 300s
START gemma-4b lmbd1000 GPUs=0,1,2,3 attempt=1554 2026-08-02T05:34:41-04:00
FAILED gemma-4b lmbd1000 attempt=1554; retrying in 300s
START gemma-4b lmbd1000 GPUs=0,1,2,3 attempt=1555 2026-08-02T05:39:46-04:00
FAILED gemma-4b lmbd1000 attempt=1555; retrying in 300s
START gemma-4b lmbd1000 GPUs=0,1,2,3 attempt=1556 2026-08-02T05:44:51-04:00
FAILED gemma-4b lmbd1000 attempt=1556; retrying in 300s
START gemma-4b lmbd1000 GPUs=0,1,2,3 attempt=1557 2026-08-02T05:49:56-04:00
FAILED gemma-4b lmbd1000 attempt=1557; retrying in 300s
START gemma-4b lmbd1000 GPUs=0,1,2,3 attempt=1558 2026-08-02T05:55:01-04:00
FAILED gemma-4b lmbd1000 attempt=1558; retrying in 300s
START gemma-4b lmbd1000 GPUs=0,1,2,3 attempt=1559 2026-08-02T06:00:06-04:00
FAILED gemma-4b lmbd1000 attempt=1559; retrying in 300s
START gemma-4b lmbd1000 GPUs=0,1,2,3 attempt=1560 2026-08-02T06:05:11-04:00
FAILED gemma-4b lmbd1000 attempt=1560; retrying in 300s
START gemma-4b lmbd1000 GPUs=0,1,2,3 attempt=1561 2026-08-02T06:10:16-04:00
FAILED gemma-4b lmbd1000 attempt=1561; retrying in 300s
START gemma-4b lmbd1000 GPUs=0,1,2,3 attempt=1562 2026-08-02T06:15:21-04:00
FAILED gemma-4b lmbd1000 attempt=1562; retrying in 300s
START gemma-4b lmbd1000 GPUs=0,1,2,3 attempt=1563 2026-08-02T06:20:26-04:00
FAILED gemma-4b lmbd1000 attempt=1563; retrying in 300s
START gemma-4b lmbd1000 GPUs=0,1,2,3 attempt=1564 2026-08-02T06:25:31-04:00
FAILED gemma-4b lmbd1000 attempt=1564; retrying in 300s
START gemma-4b lmbd1000 GPUs=0,1,2,3 attempt=1565 2026-08-02T06:30:36-04:00
FAILED gemma-4b lmbd1000 attempt=1565; retrying in 300s
START gemma-4b lmbd1000 GPUs=0,1,2,3 attempt=1566 2026-08-02T06:35:41-04:00
FAILED gemma-4b lmbd1000 attempt=1566; retrying in 300s
START gemma-4b lmbd1000 GPUs=0,1,2,3 attempt=1567 2026-08-02T06:40:46-04:00
FAILED gemma-4b lmbd1000 attempt=1567; retrying in 300s
START gemma-4b lmbd1000 GPUs=0,1,2,3 attempt=1568 2026-08-02T06:45:51-04:00
FAILED gemma-4b lmbd1000 attempt=1568; retrying in 300s
START gemma-4b lmbd1000 GPUs=0,1,2,3 attempt=1569 2026-08-02T06:50:57-04:00
FAILED gemma-4b lmbd1000 attempt=1569; retrying in 300s
START gemma-4b lmbd1000 GPUs=0,1,2,3 attempt=1570 2026-08-02T06:56:02-04:00
FAILED gemma-4b lmbd1000 attempt=1570; retrying in 300s
START gemma-4b lmbd1000 GPUs=0,1,2,3 attempt=1571 2026-08-02T07:01:07-04:00
FAILED gemma-4b lmbd1000 attempt=1571; retrying in 300s
START gemma-4b lmbd1000 GPUs=0,1,2,3 attempt=1572 2026-08-02T07:06:12-04:00
FAILED gemma-4b lmbd1000 attempt=1572; retrying in 300s
START gemma-4b lmbd1000 GPUs=0,1,2,3 attempt=1573 2026-08-02T07:11:17-04:00
FAILED gemma-4b lmbd1000 attempt=1573; retrying in 300s
START gemma-4b lmbd1000 GPUs=0,1,2,3 attempt=1574 2026-08-02T07:16:22-04:00
FAILED gemma-4b lmbd1000 attempt=1574; retrying in 300s
START gemma-4b lmbd1000 GPUs=0,1,2,3 attempt=1575 2026-08-02T07:21:27-04:00
FAILED gemma-4b lmbd1000 attempt=1575; retrying in 300s
START gemma-4b lmbd1000 GPUs=0,1,2,3 attempt=1576 2026-08-02T07:26:32-04:00
FAILED gemma-4b lmbd1000 attempt=1576; retrying in 300s
START gemma-4b lmbd1000 GPUs=0,1,2,3 attempt=1577 2026-08-02T07:31:37-04:00
FAILED gemma-4b lmbd1000 attempt=1577; retrying in 300s
START gemma-4b lmbd1000 GPUs=0,1,2,3 attempt=1578 2026-08-02T07:36:42-04:00
FAILED gemma-4b lmbd1000 attempt=1578; retrying in 300s
START gemma-4b lmbd1000 GPUs=0,1,2,3 attempt=1579 2026-08-02T07:41:47-04:00
FAILED gemma-4b lmbd1000 attempt=1579; retrying in 300s
START gemma-4b lmbd1000 GPUs=0,1,2,3 attempt=1580 2026-08-02T07:46:52-04:00
FAILED gemma-4b lmbd1000 attempt=1580; retrying in 300s
START gemma-4b lmbd1000 GPUs=0,1,2,3 attempt=1581 2026-08-02T07:51:57-04:00
FAILED gemma-4b lmbd1000 attempt=1581; retrying in 300s
START gemma-4b lmbd1000 GPUs=0,1,2,3 attempt=1582 2026-08-02T07:57:02-04:00
FAILED gemma-4b lmbd1000 attempt=1582; retrying in 300s
START gemma-4b lmbd1000 GPUs=0,1,2,3 attempt=1583 2026-08-02T08:02:07-04:00
FAILED gemma-4b lmbd1000 attempt=1583; retrying in 300s
START gemma-4b lmbd1000 GPUs=0,1,2,3 attempt=1584 2026-08-02T08:07:12-04:00
FAILED gemma-4b lmbd1000 attempt=1584; retrying in 300s
START gemma-4b lmbd1000 GPUs=0,1,2,3 attempt=1585 2026-08-02T08:12:17-04:00
FAILED gemma-4b lmbd1000 attempt=1585; retrying in 300s
START gemma-4b lmbd1000 GPUs=0,1,2,3 attempt=1586 2026-08-02T08:17:22-04:00
FAILED gemma-4b lmbd1000 attempt=1586; retrying in 300s
START gemma-4b lmbd1000 GPUs=0,1,2,3 attempt=1587 2026-08-02T08:22:27-04:00
FAILED gemma-4b lmbd1000 attempt=1587; retrying in 300s
START gemma-4b lmbd1000 GPUs=0,1,2,3 attempt=1588 2026-08-02T08:27:32-04:00
FAILED gemma-4b lmbd1000 attempt=1588; retrying in 300s
START gemma-4b lmbd1000 GPUs=0,1,2,3 attempt=1589 2026-08-02T08:32:37-04:00
FAILED gemma-4b lmbd1000 attempt=1589; retrying in 300s
START gemma-4b lmbd1000 GPUs=0,1,2,3 attempt=1590 2026-08-02T08:37:43-04:00
FAILED gemma-4b lmbd1000 attempt=1590; retrying in 300s
START gemma-4b lmbd1000 GPUs=0,1,2,3 attempt=1591 2026-08-02T08:42:48-04:00
FAILED gemma-4b lmbd1000 attempt=1591; retrying in 300s
START gemma-4b lmbd1000 GPUs=0,1,2,3 attempt=1592 2026-08-02T08:47:53-04:00
FAILED gemma-4b lmbd1000 attempt=1592; retrying in 300s
START gemma-4b lmbd1000 GPUs=0,1,2,3 attempt=1593 2026-08-02T08:52:58-04:00
FAILED gemma-4b lmbd1000 attempt=1593; retrying in 300s
START gemma-4b lmbd1000 GPUs=0,1,2,3 attempt=1594 2026-08-02T08:58:03-04:00
FAILED gemma-4b lmbd1000 attempt=1594; retrying in 300s
START gemma-4b lmbd1000 GPUs=0,1,2,3 attempt=1595 2026-08-02T09:03:08-04:00
FAILED gemma-4b lmbd1000 attempt=1595; retrying in 300s
START gemma-4b lmbd1000 GPUs=0,1,2,3 attempt=1596 2026-08-02T09:08:13-04:00
FAILED gemma-4b lmbd1000 attempt=1596; retrying in 300s
START gemma-4b lmbd1000 GPUs=0,1,2,3 attempt=1597 2026-08-02T09:13:18-04:00
FAILED gemma-4b lmbd1000 attempt=1597; retrying in 300s
START gemma-4b lmbd1000 GPUs=0,1,2,3 attempt=1598 2026-08-02T09:18:23-04:00
FAILED gemma-4b lmbd1000 attempt=1598; retrying in 300s
START gemma-4b lmbd1000 GPUs=0,1,2,3 attempt=1599 2026-08-02T09:23:28-04:00
FAILED gemma-4b lmbd1000 attempt=1599; retrying in 300s
START gemma-4b lmbd1000 GPUs=0,1,2,3 attempt=1600 2026-08-02T09:28:33-04:00
FAILED gemma-4b lmbd1000 attempt=1600; retrying in 300s
START gemma-4b lmbd1000 GPUs=0,1,2,3 attempt=1601 2026-08-02T09:33:38-04:00
FAILED gemma-4b lmbd1000 attempt=1601; retrying in 300s
START gemma-4b lmbd1000 GPUs=0,1,2,3 attempt=1602 2026-08-02T09:38:43-04:00
FAILED gemma-4b lmbd1000 attempt=1602; retrying in 300s
START gemma-4b lmbd1000 GPUs=0,1,2,3 attempt=1603 2026-08-02T09:43:48-04:00
FAILED gemma-4b lmbd1000 attempt=1603; retrying in 300s
START gemma-4b lmbd1000 GPUs=0,1,2,3 attempt=1604 2026-08-02T09:48:53-04:00
FAILED gemma-4b lmbd1000 attempt=1604; retrying in 300s
START gemma-4b lmbd1000 GPUs=0,1,2,3 attempt=1605 2026-08-02T09:53:58-04:00
FAILED gemma-4b lmbd1000 attempt=1605; retrying in 300s
START gemma-4b lmbd1000 GPUs=0,1,2,3 attempt=1606 2026-08-02T09:59:03-04:00
FAILED gemma-4b lmbd1000 attempt=1606; retrying in 300s
START gemma-4b lmbd1000 GPUs=0,1,2,3 attempt=1607 2026-08-02T10:04:08-04:00
FAILED gemma-4b lmbd1000 attempt=1607; retrying in 300s
START gemma-4b lmbd1000 GPUs=0,1,2,3 attempt=1608 2026-08-02T10:09:14-04:00
FAILED gemma-4b lmbd1000 attempt=1608; retrying in 300s
START gemma-4b lmbd1000 GPUs=0,1,2,3 attempt=1609 2026-08-02T10:14:19-04:00
FAILED gemma-4b lmbd1000 attempt=1609; retrying in 300s
START gemma-4b lmbd1000 GPUs=0,1,2,3 attempt=1610 2026-08-02T10:19:24-04:00
FAILED gemma-4b lmbd1000 attempt=1610; retrying in 300s
START gemma-4b lmbd1000 GPUs=0,1,2,3 attempt=1611 2026-08-02T10:24:29-04:00
FAILED gemma-4b lmbd1000 attempt=1611; retrying in 300s
START gemma-4b lmbd1000 GPUs=0,1,2,3 attempt=1612 2026-08-02T10:29:34-04:00
FAILED gemma-4b lmbd1000 attempt=1612; retrying in 300s
START gemma-4b lmbd1000 GPUs=0,1,2,3 attempt=1613 2026-08-02T10:34:39-04:00
FAILED gemma-4b lmbd1000 attempt=1613; retrying in 300s
START gemma-4b lmbd1000 GPUs=0,1,2,3 attempt=1614 2026-08-02T10:39:44-04:00
FAILED gemma-4b lmbd1000 attempt=1614; retrying in 300s
START gemma-4b lmbd1000 GPUs=0,1,2,3 attempt=1615 2026-08-02T10:44:49-04:00
FAILED gemma-4b lmbd1000 attempt=1615; retrying in 300s
START gemma-4b lmbd1000 GPUs=0,1,2,3 attempt=1616 2026-08-02T10:49:54-04:00
FAILED gemma-4b lmbd1000 attempt=1616; retrying in 300s
START gemma-4b lmbd1000 GPUs=0,1,2,3 attempt=1617 2026-08-02T10:54:59-04:00
FAILED gemma-4b lmbd1000 attempt=1617; retrying in 300s
START gemma-4b lmbd1000 GPUs=0,1,2,3 attempt=1618 2026-08-02T11:00:04-04:00
FAILED gemma-4b lmbd1000 attempt=1618; retrying in 300s
START gemma-4b lmbd1000 GPUs=0,1,2,3 attempt=1619 2026-08-02T11:05:09-04:00
FAILED gemma-4b lmbd1000 attempt=1619; retrying in 300s
START gemma-4b lmbd1000 GPUs=0,1,2,3 attempt=1620 2026-08-02T11:10:14-04:00
FAILED gemma-4b lmbd1000 attempt=1620; retrying in 300s
START gemma-4b lmbd1000 GPUs=0,1,2,3 attempt=1621 2026-08-02T11:15:19-04:00
FAILED gemma-4b lmbd1000 attempt=1621; retrying in 300s
START gemma-4b lmbd1000 GPUs=0,1,2,3 attempt=1622 2026-08-02T11:20:24-04:00
FAILED gemma-4b lmbd1000 attempt=1622; retrying in 300s
START gemma-4b lmbd1000 GPUs=0,1,2,3 attempt=1623 2026-08-02T11:25:29-04:00
FAILED gemma-4b lmbd1000 attempt=1623; retrying in 300s
START gemma-4b lmbd1000 GPUs=0,1,2,3 attempt=1624 2026-08-02T11:30:34-04:00
FAILED gemma-4b lmbd1000 attempt=1624; retrying in 300s
START gemma-4b lmbd1000 GPUs=0,1,2,3 attempt=1625 2026-08-02T11:35:39-04:00
FAILED gemma-4b lmbd1000 attempt=1625; retrying in 300s
START gemma-4b lmbd1000 GPUs=0,1,2,3 attempt=1626 2026-08-02T11:40:44-04:00
FAILED gemma-4b lmbd1000 attempt=1626; retrying in 300s
START gemma-4b lmbd1000 GPUs=0,1,2,3 attempt=1627 2026-08-02T11:45:49-04:00
FAILED gemma-4b lmbd1000 attempt=1627; retrying in 300s
START gemma-4b lmbd1000 GPUs=0,1,2,3 attempt=1628 2026-08-02T11:50:55-04:00
FAILED gemma-4b lmbd1000 attempt=1628; retrying in 300s
START gemma-4b lmbd1000 GPUs=0,1,2,3 attempt=1629 2026-08-02T11:56:00-04:00
FAILED gemma-4b lmbd1000 attempt=1629; retrying in 300s
START gemma-4b lmbd1000 GPUs=0,1,2,3 attempt=1630 2026-08-02T12:01:05-04:00
FAILED gemma-4b lmbd1000 attempt=1630; retrying in 300s
START gemma-4b lmbd1000 GPUs=0,1,2,3 attempt=1631 2026-08-02T12:06:10-04:00
FAILED gemma-4b lmbd1000 attempt=1631; retrying in 300s
START gemma-4b lmbd1000 GPUs=0,1,2,3 attempt=1632 2026-08-02T12:11:15-04:00
FAILED gemma-4b lmbd1000 attempt=1632; retrying in 300s
START gemma-4b lmbd1000 GPUs=0,1,2,3 attempt=1633 2026-08-02T12:16:20-04:00
FAILED gemma-4b lmbd1000 attempt=1633; retrying in 300s
START gemma-4b lmbd1000 GPUs=0,1,2,3 attempt=1634 2026-08-02T12:21:25-04:00
FAILED gemma-4b lmbd1000 attempt=1634; retrying in 300s
START gemma-4b lmbd1000 GPUs=0,1,2,3 attempt=1635 2026-08-02T12:26:31-04:00
FAILED gemma-4b lmbd1000 attempt=1635; retrying in 300s
START gemma-4b lmbd1000 GPUs=0,1,2,3 attempt=1636 2026-08-02T12:31:36-04:00
FAILED gemma-4b lmbd1000 attempt=1636; retrying in 300s
START gemma-4b lmbd1000 GPUs=0,1,2,3 attempt=1637 2026-08-02T12:36:41-04:00
FAILED gemma-4b lmbd1000 attempt=1637; retrying in 300s
START gemma-4b lmbd1000 GPUs=0,1,2,3 attempt=1638 2026-08-02T12:41:46-04:00
FAILED gemma-4b lmbd1000 attempt=1638; retrying in 300s
START gemma-4b lmbd1000 GPUs=0,1,2,3 attempt=1639 2026-08-02T12:46:51-04:00
FAILED gemma-4b lmbd1000 attempt=1639; retrying in 300s
START gemma-4b lmbd1000 GPUs=0,1,2,3 attempt=1640 2026-08-02T12:51:56-04:00
FAILED gemma-4b lmbd1000 attempt=1640; retrying in 300s
START gemma-4b lmbd1000 GPUs=0,1,2,3 attempt=1641 2026-08-02T12:57:01-04:00
FAILED gemma-4b lmbd1000 attempt=1641; retrying in 300s
START gemma-4b lmbd1000 GPUs=0,1,2,3 attempt=1642 2026-08-02T13:02:06-04:00
FAILED gemma-4b lmbd1000 attempt=1642; retrying in 300s
START gemma-4b lmbd1000 GPUs=0,1,2,3 attempt=1643 2026-08-02T13:07:11-04:00
FAILED gemma-4b lmbd1000 attempt=1643; retrying in 300s
START gemma-4b lmbd1000 GPUs=0,1,2,3 attempt=1644 2026-08-02T13:12:16-04:00
FAILED gemma-4b lmbd1000 attempt=1644; retrying in 300s
START gemma-4b lmbd1000 GPUs=0,1,2,3 attempt=1645 2026-08-02T13:17:22-04:00
FAILED gemma-4b lmbd1000 attempt=1645; retrying in 300s
START gemma-4b lmbd1000 GPUs=0,1,2,3 attempt=1646 2026-08-02T13:22:27-04:00
FAILED gemma-4b lmbd1000 attempt=1646; retrying in 300s
START gemma-4b lmbd1000 GPUs=0,1,2,3 attempt=1647 2026-08-02T13:27:32-04:00
FAILED gemma-4b lmbd1000 attempt=1647; retrying in 300s
START gemma-4b lmbd1000 GPUs=0,1,2,3 attempt=1648 2026-08-02T13:32:37-04:00
FAILED gemma-4b lmbd1000 attempt=1648; retrying in 300s
START gemma-4b lmbd1000 GPUs=0,1,2,3 attempt=1649 2026-08-02T13:37:42-04:00
FAILED gemma-4b lmbd1000 attempt=1649; retrying in 300s
START gemma-4b lmbd1000 GPUs=0,1,2,3 attempt=1650 2026-08-02T13:42:47-04:00
FAILED gemma-4b lmbd1000 attempt=1650; retrying in 300s
START gemma-4b lmbd1000 GPUs=0,1,2,3 attempt=1651 2026-08-02T13:47:52-04:00
FAILED gemma-4b lmbd1000 attempt=1651; retrying in 300s
START gemma-4b lmbd1000 GPUs=0,1,2,3 attempt=1652 2026-08-02T13:52:57-04:00
FAILED gemma-4b lmbd1000 attempt=1652; retrying in 300s
START gemma-4b lmbd1000 GPUs=0,1,2,3 attempt=1653 2026-08-02T13:58:02-04:00
FAILED gemma-4b lmbd1000 attempt=1653; retrying in 300s
START gemma-4b lmbd1000 GPUs=0,1,2,3 attempt=1654 2026-08-02T14:03:07-04:00
FAILED gemma-4b lmbd1000 attempt=1654; retrying in 300s
START gemma-4b lmbd1000 GPUs=0,1,2,3 attempt=1655 2026-08-02T14:08:12-04:00
FAILED gemma-4b lmbd1000 attempt=1655; retrying in 300s
START gemma-4b lmbd1000 GPUs=0,1,2,3 attempt=1656 2026-08-02T14:13:17-04:00
FAILED gemma-4b lmbd1000 attempt=1656; retrying in 300s
START gemma-4b lmbd1000 GPUs=0,1,2,3 attempt=1657 2026-08-02T14:18:22-04:00
FAILED gemma-4b lmbd1000 attempt=1657; retrying in 300s
START gemma-4b lmbd1000 GPUs=0,1,2,3 attempt=1658 2026-08-02T14:23:27-04:00
FAILED gemma-4b lmbd1000 attempt=1658; retrying in 300s
START gemma-4b lmbd1000 GPUs=0,1,2,3 attempt=1659 2026-08-02T14:28:32-04:00
FAILED gemma-4b lmbd1000 attempt=1659; retrying in 300s
START gemma-4b lmbd1000 GPUs=0,1,2,3 attempt=1660 2026-08-02T14:33:37-04:00
FAILED gemma-4b lmbd1000 attempt=1660; retrying in 300s
START gemma-4b lmbd1000 GPUs=0,1,2,3 attempt=1661 2026-08-02T14:38:42-04:00
FAILED gemma-4b lmbd1000 attempt=1661; retrying in 300s
START gemma-4b lmbd1000 GPUs=0,1,2,3 attempt=1662 2026-08-02T14:43:47-04:00
FAILED gemma-4b lmbd1000 attempt=1662; retrying in 300s
START gemma-4b lmbd1000 GPUs=0,1,2,3 attempt=1663 2026-08-02T14:48:52-04:00
FAILED gemma-4b lmbd1000 attempt=1663; retrying in 300s
START gemma-4b lmbd1000 GPUs=0,1,2,3 attempt=1664 2026-08-02T14:53:57-04:00
FAILED gemma-4b lmbd1000 attempt=1664; retrying in 300s
START gemma-4b lmbd1000 GPUs=0,1,2,3 attempt=1665 2026-08-02T14:59:02-04:00
FAILED gemma-4b lmbd1000 attempt=1665; retrying in 300s
START gemma-4b lmbd1000 GPUs=0,1,2,3 attempt=1666 2026-08-02T15:04:08-04:00
FAILED gemma-4b lmbd1000 attempt=1666; retrying in 300s
START gemma-4b lmbd1000 GPUs=0,1,2,3 attempt=1667 2026-08-02T15:09:13-04:00
FAILED gemma-4b lmbd1000 attempt=1667; retrying in 300s
START gemma-4b lmbd1000 GPUs=0,1,2,3 attempt=1668 2026-08-02T15:14:18-04:00
FAILED gemma-4b lmbd1000 attempt=1668; retrying in 300s
START gemma-4b lmbd1000 GPUs=0,1,2,3 attempt=1669 2026-08-02T15:19:23-04:00
FAILED gemma-4b lmbd1000 attempt=1669; retrying in 300s
START gemma-4b lmbd1000 GPUs=0,1,2,3 attempt=1670 2026-08-02T15:24:28-04:00
FAILED gemma-4b lmbd1000 attempt=1670; retrying in 300s
START gemma-4b lmbd1000 GPUs=0,1,2,3 attempt=1671 2026-08-02T15:29:33-04:00
FAILED gemma-4b lmbd1000 attempt=1671; retrying in 300s
START gemma-4b lmbd1000 GPUs=0,1,2,3 attempt=1672 2026-08-02T15:34:38-04:00
FAILED gemma-4b lmbd1000 attempt=1672; retrying in 300s
START gemma-4b lmbd1000 GPUs=0,1,2,3 attempt=1673 2026-08-02T15:39:43-04:00
FAILED gemma-4b lmbd1000 attempt=1673; retrying in 300s
START gemma-4b lmbd1000 GPUs=0,1,2,3 attempt=1674 2026-08-02T15:44:48-04:00
FAILED gemma-4b lmbd1000 attempt=1674; retrying in 300s
START gemma-4b lmbd1000 GPUs=0,1,2,3 attempt=1675 2026-08-02T15:49:53-04:00
FAILED gemma-4b lmbd1000 attempt=1675; retrying in 300s
START gemma-4b lmbd1000 GPUs=0,1,2,3 attempt=1676 2026-08-02T15:54:58-04:00
FAILED gemma-4b lmbd1000 attempt=1676; retrying in 300s
START gemma-4b lmbd1000 GPUs=0,1,2,3 attempt=1677 2026-08-02T16:00:03-04:00
FAILED gemma-4b lmbd1000 attempt=1677; retrying in 300s
START gemma-4b lmbd1000 GPUs=0,1,2,3 attempt=1678 2026-08-02T16:05:08-04:00
FAILED gemma-4b lmbd1000 attempt=1678; retrying in 300s
START gemma-4b lmbd1000 GPUs=0,1,2,3 attempt=1679 2026-08-02T16:10:13-04:00
FAILED gemma-4b lmbd1000 attempt=1679; retrying in 300s
START gemma-4b lmbd1000 GPUs=0,1,2,3 attempt=1680 2026-08-02T16:15:18-04:00
FAILED gemma-4b lmbd1000 attempt=1680; retrying in 300s
START gemma-4b lmbd1000 GPUs=0,1,2,3 attempt=1681 2026-08-02T16:20:23-04:00
FAILED gemma-4b lmbd1000 attempt=1681; retrying in 300s
START gemma-4b lmbd1000 GPUs=0,1,2,3 attempt=1682 2026-08-02T16:25:28-04:00
FAILED gemma-4b lmbd1000 attempt=1682; retrying in 300s
START gemma-4b lmbd1000 GPUs=0,1,2,3 attempt=1683 2026-08-02T16:30:33-04:00
FAILED gemma-4b lmbd1000 attempt=1683; retrying in 300s
START gemma-4b lmbd1000 GPUs=0,1,2,3 attempt=1684 2026-08-02T16:35:38-04:00
FAILED gemma-4b lmbd1000 attempt=1684; retrying in 300s
START gemma-4b lmbd1000 GPUs=0,1,2,3 attempt=1685 2026-08-02T16:40:43-04:00
FAILED gemma-4b lmbd1000 attempt=1685; retrying in 300s
START gemma-4b lmbd1000 GPUs=0,1,2,3 attempt=1686 2026-08-02T16:45:48-04:00
FAILED gemma-4b lmbd1000 attempt=1686; retrying in 300s
START gemma-4b lmbd1000 GPUs=0,1,2,3 attempt=1687 2026-08-02T16:50:54-04:00
FAILED gemma-4b lmbd1000 attempt=1687; retrying in 300s
START gemma-4b lmbd1000 GPUs=0,1,2,3 attempt=1688 2026-08-02T16:55:59-04:00
FAILED gemma-4b lmbd1000 attempt=1688; retrying in 300s
START gemma-4b lmbd1000 GPUs=0,1,2,3 attempt=1689 2026-08-02T17:01:04-04:00
FAILED gemma-4b lmbd1000 attempt=1689; retrying in 300s
START gemma-4b lmbd1000 GPUs=0,1,2,3 attempt=1690 2026-08-02T17:06:09-04:00
FAILED gemma-4b lmbd1000 attempt=1690; retrying in 300s
START gemma-4b lmbd1000 GPUs=0,1,2,3 attempt=1691 2026-08-02T17:11:14-04:00
FAILED gemma-4b lmbd1000 attempt=1691; retrying in 300s
START gemma-4b lmbd1000 GPUs=0,1,2,3 attempt=1692 2026-08-02T17:16:19-04:00
FAILED gemma-4b lmbd1000 attempt=1692; retrying in 300s
START gemma-4b lmbd1000 GPUs=0,1,2,3 attempt=1693 2026-08-02T17:21:24-04:00
FAILED gemma-4b lmbd1000 attempt=1693; retrying in 300s
START gemma-4b lmbd1000 GPUs=0,1,2,3 attempt=1694 2026-08-02T17:26:29-04:00
FAILED gemma-4b lmbd1000 attempt=1694; retrying in 300s
START gemma-4b lmbd1000 GPUs=0,1,2,3 attempt=1695 2026-08-02T17:31:34-04:00
FAILED gemma-4b lmbd1000 attempt=1695; retrying in 300s
START gemma-4b lmbd1000 GPUs=0,1,2,3 attempt=1696 2026-08-02T17:36:39-04:00
FAILED gemma-4b lmbd1000 attempt=1696; retrying in 300s
START gemma-4b lmbd1000 GPUs=0,1,2,3 attempt=1697 2026-08-02T17:41:44-04:00
FAILED gemma-4b lmbd1000 attempt=1697; retrying in 300s
START gemma-4b lmbd1000 GPUs=0,1,2,3 attempt=1698 2026-08-02T17:46:49-04:00
FAILED gemma-4b lmbd1000 attempt=1698; retrying in 300s
START gemma-4b lmbd1000 GPUs=0,1,2,3 attempt=1699 2026-08-02T17:51:54-04:00
FAILED gemma-4b lmbd1000 attempt=1699; retrying in 300s
START gemma-4b lmbd1000 GPUs=0,1,2,3 attempt=1700 2026-08-02T17:56:59-04:00
FAILED gemma-4b lmbd1000 attempt=1700; retrying in 300s
START gemma-4b lmbd1000 GPUs=0,1,2,3 attempt=1701 2026-08-02T18:02:04-04:00
FAILED gemma-4b lmbd1000 attempt=1701; retrying in 300s
START gemma-4b lmbd1000 GPUs=0,1,2,3 attempt=1702 2026-08-02T18:07:09-04:00
FAILED gemma-4b lmbd1000 attempt=1702; retrying in 300s
START gemma-4b lmbd1000 GPUs=0,1,2,3 attempt=1703 2026-08-02T18:12:14-04:00
FAILED gemma-4b lmbd1000 attempt=1703; retrying in 300s
START gemma-4b lmbd1000 GPUs=0,1,2,3 attempt=1704 2026-08-02T18:17:19-04:00
FAILED gemma-4b lmbd1000 attempt=1704; retrying in 300s
START gemma-4b lmbd1000 GPUs=0,1,2,3 attempt=1705 2026-08-02T18:22:24-04:00
FAILED gemma-4b lmbd1000 attempt=1705; retrying in 300s
START gemma-4b lmbd1000 GPUs=0,1,2,3 attempt=1706 2026-08-02T18:27:29-04:00
FAILED gemma-4b lmbd1000 attempt=1706; retrying in 300s
START gemma-4b lmbd1000 GPUs=0,1,2,3 attempt=1707 2026-08-02T18:32:34-04:00
FAILED gemma-4b lmbd1000 attempt=1707; retrying in 300s
START gemma-4b lmbd1000 GPUs=0,1,2,3 attempt=1708 2026-08-02T18:37:39-04:00
FAILED gemma-4b lmbd1000 attempt=1708; retrying in 300s
START gemma-4b lmbd1000 GPUs=0,1,2,3 attempt=1709 2026-08-02T18:42:44-04:00
FAILED gemma-4b lmbd1000 attempt=1709; retrying in 300s
START gemma-4b lmbd1000 GPUs=0,1,2,3 attempt=1710 2026-08-02T18:47:49-04:00
FAILED gemma-4b lmbd1000 attempt=1710; retrying in 300s
START gemma-4b lmbd1000 GPUs=0,1,2,3 attempt=1711 2026-08-02T18:52:54-04:00
FAILED gemma-4b lmbd1000 attempt=1711; retrying in 300s
START gemma-4b lmbd1000 GPUs=0,1,2,3 attempt=1712 2026-08-02T18:57:59-04:00
FAILED gemma-4b lmbd1000 attempt=1712; retrying in 300s
START gemma-4b lmbd1000 GPUs=0,1,2,3 attempt=1713 2026-08-02T19:03:05-04:00
FAILED gemma-4b lmbd1000 attempt=1713; retrying in 300s
START gemma-4b lmbd1000 GPUs=0,1,2,3 attempt=1714 2026-08-02T19:08:10-04:00
FAILED gemma-4b lmbd1000 attempt=1714; retrying in 300s
START gemma-4b lmbd1000 GPUs=0,1,2,3 attempt=1715 2026-08-02T19:13:15-04:00
FAILED gemma-4b lmbd1000 attempt=1715; retrying in 300s
START gemma-4b lmbd1000 GPUs=0,1,2,3 attempt=1716 2026-08-02T19:18:20-04:00
FAILED gemma-4b lmbd1000 attempt=1716; retrying in 300s
START gemma-4b lmbd1000 GPUs=0,1,2,3 attempt=1717 2026-08-02T19:23:25-04:00
FAILED gemma-4b lmbd1000 attempt=1717; retrying in 300s
START gemma-4b lmbd1000 GPUs=0,1,2,3 attempt=1718 2026-08-02T19:28:30-04:00
FAILED gemma-4b lmbd1000 attempt=1718; retrying in 300s
START gemma-4b lmbd1000 GPUs=0,1,2,3 attempt=1719 2026-08-02T19:33:35-04:00
FAILED gemma-4b lmbd1000 attempt=1719; retrying in 300s
START gemma-4b lmbd1000 GPUs=0,1,2,3 attempt=1720 2026-08-02T19:38:40-04:00
FAILED gemma-4b lmbd1000 attempt=1720; retrying in 300s
START gemma-4b lmbd1000 GPUs=0,1,2,3 attempt=1721 2026-08-02T19:43:45-04:00
FAILED gemma-4b lmbd1000 attempt=1721; retrying in 300s
START gemma-4b lmbd1000 GPUs=0,1,2,3 attempt=1722 2026-08-02T19:48:50-04:00
FAILED gemma-4b lmbd1000 attempt=1722; retrying in 300s
START gemma-4b lmbd1000 GPUs=0,1,2,3 attempt=1723 2026-08-02T19:53:55-04:00
FAILED gemma-4b lmbd1000 attempt=1723; retrying in 300s
START gemma-4b lmbd1000 GPUs=0,1,2,3 attempt=1724 2026-08-02T19:59:00-04:00
FAILED gemma-4b lmbd1000 attempt=1724; retrying in 300s
START gemma-4b lmbd1000 GPUs=0,1,2,3 attempt=1725 2026-08-02T20:04:05-04:00
FAILED gemma-4b lmbd1000 attempt=1725; retrying in 300s
START gemma-4b lmbd1000 GPUs=0,1,2,3 attempt=1726 2026-08-02T20:09:10-04:00
FAILED gemma-4b lmbd1000 attempt=1726; retrying in 300s
START gemma-4b lmbd1000 GPUs=0,1,2,3 attempt=1727 2026-08-02T20:14:15-04:00
FAILED gemma-4b lmbd1000 attempt=1727; retrying in 300s
START gemma-4b lmbd1000 GPUs=0,1,2,3 attempt=1728 2026-08-02T20:19:20-04:00
FAILED gemma-4b lmbd1000 attempt=1728; retrying in 300s
START gemma-4b lmbd1000 GPUs=0,1,2,3 attempt=1729 2026-08-02T20:24:25-04:00
FAILED gemma-4b lmbd1000 attempt=1729; retrying in 300s
START gemma-4b lmbd1000 GPUs=0,1,2,3 attempt=1730 2026-08-02T20:29:30-04:00
FAILED gemma-4b lmbd1000 attempt=1730; retrying in 300s
START gemma-4b lmbd1000 GPUs=0,1,2,3 attempt=1731 2026-08-02T20:34:35-04:00
FAILED gemma-4b lmbd1000 attempt=1731; retrying in 300s
START gemma-4b lmbd1000 GPUs=0,1,2,3 attempt=1732 2026-08-02T20:39:40-04:00
FAILED gemma-4b lmbd1000 attempt=1732; retrying in 300s
START gemma-4b lmbd1000 GPUs=0,1,2,3 attempt=1733 2026-08-02T20:44:45-04:00
FAILED gemma-4b lmbd1000 attempt=1733; retrying in 300s
START gemma-4b lmbd1000 GPUs=0,1,2,3 attempt=1734 2026-08-02T20:49:50-04:00
FAILED gemma-4b lmbd1000 attempt=1734; retrying in 300s
START gemma-4b lmbd1000 GPUs=0,1,2,3 attempt=1735 2026-08-02T20:54:56-04:00
FAILED gemma-4b lmbd1000 attempt=1735; retrying in 300s
START gemma-4b lmbd1000 GPUs=0,1,2,3 attempt=1736 2026-08-02T21:00:01-04:00
FAILED gemma-4b lmbd1000 attempt=1736; retrying in 300s
START gemma-4b lmbd1000 GPUs=0,1,2,3 attempt=1737 2026-08-02T21:05:06-04:00
FAILED gemma-4b lmbd1000 attempt=1737; retrying in 300s
START gemma-4b lmbd1000 GPUs=0,1,2,3 attempt=1738 2026-08-02T21:10:11-04:00
FAILED gemma-4b lmbd1000 attempt=1738; retrying in 300s
START gemma-4b lmbd1000 GPUs=0,1,2,3 attempt=1739 2026-08-02T21:15:16-04:00
FAILED gemma-4b lmbd1000 attempt=1739; retrying in 300s
START gemma-4b lmbd1000 GPUs=0,1,2,3 attempt=1740 2026-08-02T21:20:21-04:00
FAILED gemma-4b lmbd1000 attempt=1740; retrying in 300s
START gemma-4b lmbd1000 GPUs=0,1,2,3 attempt=1741 2026-08-02T21:25:26-04:00
FAILED gemma-4b lmbd1000 attempt=1741; retrying in 300s
START gemma-4b lmbd1000 GPUs=0,1,2,3 attempt=1742 2026-08-02T21:30:31-04:00
FAILED gemma-4b lmbd1000 attempt=1742; retrying in 300s
START gemma-4b lmbd1000 GPUs=0,1,2,3 attempt=1743 2026-08-02T21:35:36-04:00
FAILED gemma-4b lmbd1000 attempt=1743; retrying in 300s
START gemma-4b lmbd1000 GPUs=0,1,2,3 attempt=1744 2026-08-02T21:40:41-04:00
FAILED gemma-4b lmbd1000 attempt=1744; retrying in 300s
START gemma-4b lmbd1000 GPUs=0,1,2,3 attempt=1745 2026-08-02T21:45:46-04:00
FAILED gemma-4b lmbd1000 attempt=1745; retrying in 300s
START gemma-4b lmbd1000 GPUs=0,1,2,3 attempt=1746 2026-08-02T21:50:51-04:00
FAILED gemma-4b lmbd1000 attempt=1746; retrying in 300s
START gemma-4b lmbd1000 GPUs=0,1,2,3 attempt=1747 2026-08-02T21:55:56-04:00
FAILED gemma-4b lmbd1000 attempt=1747; retrying in 300s
START gemma-4b lmbd1000 GPUs=0,1,2,3 attempt=1748 2026-08-02T22:01:01-04:00
FAILED gemma-4b lmbd1000 attempt=1748; retrying in 300s
START gemma-4b lmbd1000 GPUs=0,1,2,3 attempt=1749 2026-08-02T22:06:06-04:00
FAILED gemma-4b lmbd1000 attempt=1749; retrying in 300s
START gemma-4b lmbd1000 GPUs=0,1,2,3 attempt=1750 2026-08-02T22:11:12-04:00
FAILED gemma-4b lmbd1000 attempt=1750; retrying in 300s
START gemma-4b lmbd1000 GPUs=0,1,2,3 attempt=1751 2026-08-02T22:16:17-04:00
FAILED gemma-4b lmbd1000 attempt=1751; retrying in 300s
START gemma-4b lmbd1000 GPUs=0,1,2,3 attempt=1752 2026-08-02T22:21:22-04:00
FAILED gemma-4b lmbd1000 attempt=1752; retrying in 300s
START gemma-4b lmbd1000 GPUs=0,1,2,3 attempt=1753 2026-08-02T22:26:27-04:00
FAILED gemma-4b lmbd1000 attempt=1753; retrying in 300s
START gemma-4b lmbd1000 GPUs=0,1,2,3 attempt=1754 2026-08-02T22:31:32-04:00
FAILED gemma-4b lmbd1000 attempt=1754; retrying in 300s
START gemma-4b lmbd1000 GPUs=0,1,2,3 attempt=1755 2026-08-02T22:36:37-04:00
FAILED gemma-4b lmbd1000 attempt=1755; retrying in 300s
START gemma-4b lmbd1000 GPUs=0,1,2,3 attempt=1756 2026-08-02T22:41:42-04:00
FAILED gemma-4b lmbd1000 attempt=1756; retrying in 300s
START gemma-4b lmbd1000 GPUs=0,1,2,3 attempt=1757 2026-08-02T22:46:47-04:00
FAILED gemma-4b lmbd1000 attempt=1757; retrying in 300s
START gemma-4b lmbd1000 GPUs=0,1,2,3 attempt=1758 2026-08-02T22:51:52-04:00
FAILED gemma-4b lmbd1000 attempt=1758; retrying in 300s
START gemma-4b lmbd1000 GPUs=0,1,2,3 attempt=1759 2026-08-02T22:56:57-04:00
FAILED gemma-4b lmbd1000 attempt=1759; retrying in 300s
START gemma-4b lmbd1000 GPUs=0,1,2,3 attempt=1760 2026-08-02T23:02:02-04:00
FAILED gemma-4b lmbd1000 attempt=1760; retrying in 300s
START gemma-4b lmbd1000 GPUs=0,1,2,3 attempt=1761 2026-08-02T23:07:07-04:00
FAILED gemma-4b lmbd1000 attempt=1761; retrying in 300s
START gemma-4b lmbd1000 GPUs=0,1,2,3 attempt=1762 2026-08-02T23:12:12-04:00
FAILED gemma-4b lmbd1000 attempt=1762; retrying in 300s
START gemma-4b lmbd1000 GPUs=0,1,2,3 attempt=1763 2026-08-02T23:17:17-04:00
FAILED gemma-4b lmbd1000 attempt=1763; retrying in 300s
START gemma-4b lmbd1000 GPUs=0,1,2,3 attempt=1764 2026-08-02T23:22:22-04:00
FAILED gemma-4b lmbd1000 attempt=1764; retrying in 300s
START gemma-4b lmbd1000 GPUs=0,1,2,3 attempt=1765 2026-08-02T23:27:27-04:00
FAILED gemma-4b lmbd1000 attempt=1765; retrying in 300s
START gemma-4b lmbd1000 GPUs=0,1,2,3 attempt=1766 2026-08-02T23:32:32-04:00
FAILED gemma-4b lmbd1000 attempt=1766; retrying in 300s
START gemma-4b lmbd1000 GPUs=0,1,2,3 attempt=1767 2026-08-02T23:37:37-04:00
FAILED gemma-4b lmbd1000 attempt=1767; retrying in 300s
START gemma-4b lmbd1000 GPUs=0,1,2,3 attempt=1768 2026-08-02T23:42:42-04:00
FAILED gemma-4b lmbd1000 attempt=1768; retrying in 300s
START gemma-4b lmbd1000 GPUs=0,1,2,3 attempt=1769 2026-08-02T23:47:47-04:00
FAILED gemma-4b lmbd1000 attempt=1769; retrying in 300s
START gemma-4b lmbd1000 GPUs=0,1,2,3 attempt=1770 2026-08-02T23:52:52-04:00
FAILED gemma-4b lmbd1000 attempt=1770; retrying in 300s
START gemma-4b lmbd1000 GPUs=0,1,2,3 attempt=1771 2026-08-02T23:57:57-04:00
FAILED gemma-4b lmbd1000 attempt=1771; retrying in 300s
START gemma-4b lmbd1000 GPUs=0,1,2,3 attempt=1772 2026-08-03T00:03:02-04:00
FAILED gemma-4b lmbd1000 attempt=1772; retrying in 300s
START gemma-4b lmbd1000 GPUs=0,1,2,3 attempt=1773 2026-08-03T00:08:07-04:00
FAILED gemma-4b lmbd1000 attempt=1773; retrying in 300s
START gemma-4b lmbd1000 GPUs=0,1,2,3 attempt=1774 2026-08-03T00:13:12-04:00
FAILED gemma-4b lmbd1000 attempt=1774; retrying in 300s
START gemma-4b lmbd1000 GPUs=0,1,2,3 attempt=1775 2026-08-03T00:18:17-04:00
FAILED gemma-4b lmbd1000 attempt=1775; retrying in 300s
START gemma-4b lmbd1000 GPUs=0,1,2,3 attempt=1776 2026-08-03T00:23:22-04:00
FAILED gemma-4b lmbd1000 attempt=1776; retrying in 300s
START gemma-4b lmbd1000 GPUs=0,1,2,3 attempt=1777 2026-08-03T00:28:27-04:00
FAILED gemma-4b lmbd1000 attempt=1777; retrying in 300s
START gemma-4b lmbd1000 GPUs=0,1,2,3 attempt=1778 2026-08-03T00:33:32-04:00
FAILED gemma-4b lmbd1000 attempt=1778; retrying in 300s
START gemma-4b lmbd1000 GPUs=0,1,2,3 attempt=1779 2026-08-03T00:38:37-04:00
FAILED gemma-4b lmbd1000 attempt=1779; retrying in 300s
START gemma-4b lmbd1000 GPUs=0,1,2,3 attempt=1780 2026-08-03T00:43:42-04:00
FAILED gemma-4b lmbd1000 attempt=1780; retrying in 300s
START gemma-4b lmbd1000 GPUs=0,1,2,3 attempt=1781 2026-08-03T00:48:47-04:00
FAILED gemma-4b lmbd1000 attempt=1781; retrying in 300s
START gemma-4b lmbd1000 GPUs=0,1,2,3 attempt=1782 2026-08-03T00:53:52-04:00
FAILED gemma-4b lmbd1000 attempt=1782; retrying in 300s
START gemma-4b lmbd1000 GPUs=0,1,2,3 attempt=1783 2026-08-03T00:58:58-04:00
FAILED gemma-4b lmbd1000 attempt=1783; retrying in 300s
START gemma-4b lmbd1000 GPUs=0,1,2,3 attempt=1784 2026-08-03T01:04:03-04:00
FAILED gemma-4b lmbd1000 attempt=1784; retrying in 300s
START gemma-4b lmbd1000 GPUs=0,1,2,3 attempt=1785 2026-08-03T01:09:08-04:00
FAILED gemma-4b lmbd1000 attempt=1785; retrying in 300s
START gemma-4b lmbd1000 GPUs=0,1,2,3 attempt=1786 2026-08-03T01:14:13-04:00
FAILED gemma-4b lmbd1000 attempt=1786; retrying in 300s
START gemma-4b lmbd1000 GPUs=0,1,2,3 attempt=1787 2026-08-03T01:19:18-04:00
FAILED gemma-4b lmbd1000 attempt=1787; retrying in 300s
START gemma-4b lmbd1000 GPUs=0,1,2,3 attempt=1788 2026-08-03T01:24:23-04:00
FAILED gemma-4b lmbd1000 attempt=1788; retrying in 300s
START gemma-4b lmbd1000 GPUs=0,1,2,3 attempt=1789 2026-08-03T01:29:28-04:00
FAILED gemma-4b lmbd1000 attempt=1789; retrying in 300s
START gemma-4b lmbd1000 GPUs=0,1,2,3 attempt=1790 2026-08-03T01:34:33-04:00
FAILED gemma-4b lmbd1000 attempt=1790; retrying in 300s
START gemma-4b lmbd1000 GPUs=0,1,2,3 attempt=1791 2026-08-03T01:39:38-04:00
FAILED gemma-4b lmbd1000 attempt=1791; retrying in 300s
START gemma-4b lmbd1000 GPUs=0,1,2,3 attempt=1792 2026-08-03T01:44:43-04:00
FAILED gemma-4b lmbd1000 attempt=1792; retrying in 300s
START gemma-4b lmbd1000 GPUs=0,1,2,3 attempt=1793 2026-08-03T01:49:48-04:00
FAILED gemma-4b lmbd1000 attempt=1793; retrying in 300s
START gemma-4b lmbd1000 GPUs=0,1,2,3 attempt=1794 2026-08-03T01:54:53-04:00
FAILED gemma-4b lmbd1000 attempt=1794; retrying in 300s
START gemma-4b lmbd1000 GPUs=0,1,2,3 attempt=1795 2026-08-03T01:59:58-04:00
FAILED gemma-4b lmbd1000 attempt=1795; retrying in 300s
START gemma-4b lmbd1000 GPUs=0,1,2,3 attempt=1796 2026-08-03T02:05:03-04:00
FAILED gemma-4b lmbd1000 attempt=1796; retrying in 300s
START gemma-4b lmbd1000 GPUs=0,1,2,3 attempt=1797 2026-08-03T02:10:08-04:00
FAILED gemma-4b lmbd1000 attempt=1797; retrying in 300s
START gemma-4b lmbd1000 GPUs=0,1,2,3 attempt=1798 2026-08-03T02:15:13-04:00
FAILED gemma-4b lmbd1000 attempt=1798; retrying in 300s
START gemma-4b lmbd1000 GPUs=0,1,2,3 attempt=1799 2026-08-03T02:20:18-04:00
FAILED gemma-4b lmbd1000 attempt=1799; retrying in 300s
START gemma-4b lmbd1000 GPUs=0,1,2,3 attempt=1800 2026-08-03T02:25:23-04:00
FAILED gemma-4b lmbd1000 attempt=1800; retrying in 300s
START gemma-4b lmbd1000 GPUs=0,1,2,3 attempt=1801 2026-08-03T02:30:28-04:00
FAILED gemma-4b lmbd1000 attempt=1801; retrying in 300s
START gemma-4b lmbd1000 GPUs=0,1,2,3 attempt=1802 2026-08-03T02:35:33-04:00
FAILED gemma-4b lmbd1000 attempt=1802; retrying in 300s
START gemma-4b lmbd1000 GPUs=0,1,2,3 attempt=1803 2026-08-03T02:40:38-04:00
FAILED gemma-4b lmbd1000 attempt=1803; retrying in 300s
START gemma-4b lmbd1000 GPUs=0,1,2,3 attempt=1804 2026-08-03T02:45:43-04:00
FAILED gemma-4b lmbd1000 attempt=1804; retrying in 300s
START gemma-4b lmbd1000 GPUs=0,1,2,3 attempt=1805 2026-08-03T02:50:48-04:00
FAILED gemma-4b lmbd1000 attempt=1805; retrying in 300s
START gemma-4b lmbd1000 GPUs=0,1,2,3 attempt=1806 2026-08-03T02:55:53-04:00
FAILED gemma-4b lmbd1000 attempt=1806; retrying in 300s
START gemma-4b lmbd1000 GPUs=0,1,2,3 attempt=1807 2026-08-03T03:00:58-04:00
FAILED gemma-4b lmbd1000 attempt=1807; retrying in 300s
START gemma-4b lmbd1000 GPUs=0,1,2,3 attempt=1808 2026-08-03T03:06:03-04:00
FAILED gemma-4b lmbd1000 attempt=1808; retrying in 300s
START gemma-4b lmbd1000 GPUs=0,1,2,3 attempt=1809 2026-08-03T03:11:08-04:00
FAILED gemma-4b lmbd1000 attempt=1809; retrying in 300s
START gemma-4b lmbd1000 GPUs=0,1,2,3 attempt=1810 2026-08-03T03:16:13-04:00
FAILED gemma-4b lmbd1000 attempt=1810; retrying in 300s
START gemma-4b lmbd1000 GPUs=0,1,2,3 attempt=1811 2026-08-03T03:21:18-04:00
FAILED gemma-4b lmbd1000 attempt=1811; retrying in 300s
START gemma-4b lmbd1000 GPUs=0,1,2,3 attempt=1812 2026-08-03T03:26:23-04:00
FAILED gemma-4b lmbd1000 attempt=1812; retrying in 300s
START gemma-4b lmbd1000 GPUs=0,1,2,3 attempt=1813 2026-08-03T03:31:28-04:00
FAILED gemma-4b lmbd1000 attempt=1813; retrying in 300s
START gemma-4b lmbd1000 GPUs=0,1,2,3 attempt=1814 2026-08-03T03:36:33-04:00
FAILED gemma-4b lmbd1000 attempt=1814; retrying in 300s
START gemma-4b lmbd1000 GPUs=0,1,2,3 attempt=1815 2026-08-03T03:41:38-04:00
FAILED gemma-4b lmbd1000 attempt=1815; retrying in 300s
START gemma-4b lmbd1000 GPUs=0,1,2,3 attempt=1816 2026-08-03T03:46:43-04:00
FAILED gemma-4b lmbd1000 attempt=1816; retrying in 300s
START gemma-4b lmbd1000 GPUs=0,1,2,3 attempt=1817 2026-08-03T03:51:49-04:00
FAILED gemma-4b lmbd1000 attempt=1817; retrying in 300s
START gemma-4b lmbd1000 GPUs=0,1,2,3 attempt=1818 2026-08-03T03:56:54-04:00
FAILED gemma-4b lmbd1000 attempt=1818; retrying in 300s
START gemma-4b lmbd1000 GPUs=0,1,2,3 attempt=1819 2026-08-03T04:01:59-04:00
FAILED gemma-4b lmbd1000 attempt=1819; retrying in 300s
START gemma-4b lmbd1000 GPUs=0,1,2,3 attempt=1820 2026-08-03T04:07:04-04:00
FAILED gemma-4b lmbd1000 attempt=1820; retrying in 300s
START gemma-4b lmbd1000 GPUs=0,1,2,3 attempt=1821 2026-08-03T04:12:09-04:00
FAILED gemma-4b lmbd1000 attempt=1821; retrying in 300s
START gemma-4b lmbd1000 GPUs=0,1,2,3 attempt=1822 2026-08-03T04:17:14-04:00
FAILED gemma-4b lmbd1000 attempt=1822; retrying in 300s
START gemma-4b lmbd1000 GPUs=0,1,2,3 attempt=1823 2026-08-03T04:22:19-04:00
FAILED gemma-4b lmbd1000 attempt=1823; retrying in 300s
START gemma-4b lmbd1000 GPUs=0,1,2,3 attempt=1824 2026-08-03T04:27:24-04:00
FAILED gemma-4b lmbd1000 attempt=1824; retrying in 300s
START gemma-4b lmbd1000 GPUs=0,1,2,3 attempt=1825 2026-08-03T04:32:29-04:00
FAILED gemma-4b lmbd1000 attempt=1825; retrying in 300s
START gemma-4b lmbd1000 GPUs=0,1,2,3 attempt=1826 2026-08-03T04:37:34-04:00
FAILED gemma-4b lmbd1000 attempt=1826; retrying in 300s
START gemma-4b lmbd1000 GPUs=0,1,2,3 attempt=1827 2026-08-03T04:42:39-04:00
FAILED gemma-4b lmbd1000 attempt=1827; retrying in 300s
START gemma-4b lmbd1000 GPUs=0,1,2,3 attempt=1828 2026-08-03T04:47:44-04:00
FAILED gemma-4b lmbd1000 attempt=1828; retrying in 300s
START gemma-4b lmbd1000 GPUs=0,1,2,3 attempt=1829 2026-08-03T04:52:49-04:00
FAILED gemma-4b lmbd1000 attempt=1829; retrying in 300s
START gemma-4b lmbd1000 GPUs=0,1,2,3 attempt=1830 2026-08-03T04:57:54-04:00
FAILED gemma-4b lmbd1000 attempt=1830; retrying in 300s
START gemma-4b lmbd1000 GPUs=0,1,2,3 attempt=1831 2026-08-03T05:02:59-04:00
FAILED gemma-4b lmbd1000 attempt=1831; retrying in 300s
START gemma-4b lmbd1000 GPUs=0,1,2,3 attempt=1832 2026-08-03T05:08:04-04:00
FAILED gemma-4b lmbd1000 attempt=1832; retrying in 300s
START gemma-4b lmbd1000 GPUs=0,1,2,3 attempt=1833 2026-08-03T05:13:09-04:00
FAILED gemma-4b lmbd1000 attempt=1833; retrying in 300s
START gemma-4b lmbd1000 GPUs=0,1,2,3 attempt=1834 2026-08-03T05:18:14-04:00
FAILED gemma-4b lmbd1000 attempt=1834; retrying in 300s
START gemma-4b lmbd1000 GPUs=0,1,2,3 attempt=1835 2026-08-03T05:23:19-04:00
FAILED gemma-4b lmbd1000 attempt=1835; retrying in 300s
START gemma-4b lmbd1000 GPUs=0,1,2,3 attempt=1836 2026-08-03T05:28:24-04:00
FAILED gemma-4b lmbd1000 attempt=1836; retrying in 300s
START gemma-4b lmbd1000 GPUs=0,1,2,3 attempt=1837 2026-08-03T05:33:29-04:00
FAILED gemma-4b lmbd1000 attempt=1837; retrying in 300s
START gemma-4b lmbd1000 GPUs=0,1,2,3 attempt=1838 2026-08-03T05:38:34-04:00
FAILED gemma-4b lmbd1000 attempt=1838; retrying in 300s
START gemma-4b lmbd1000 GPUs=0,1,2,3 attempt=1839 2026-08-03T05:43:39-04:00
FAILED gemma-4b lmbd1000 attempt=1839; retrying in 300s
START gemma-4b lmbd1000 GPUs=0,1,2,3 attempt=1840 2026-08-03T05:48:44-04:00
FAILED gemma-4b lmbd1000 attempt=1840; retrying in 300s
START gemma-4b lmbd1000 GPUs=0,1,2,3 attempt=1841 2026-08-03T05:53:49-04:00
FAILED gemma-4b lmbd1000 attempt=1841; retrying in 300s
START gemma-4b lmbd1000 GPUs=0,1,2,3 attempt=1842 2026-08-03T05:58:54-04:00
FAILED gemma-4b lmbd1000 attempt=1842; retrying in 300s
START gemma-4b lmbd1000 GPUs=0,1,2,3 attempt=1843 2026-08-03T06:03:59-04:00
FAILED gemma-4b lmbd1000 attempt=1843; retrying in 300s
START gemma-4b lmbd1000 GPUs=0,1,2,3 attempt=1844 2026-08-03T06:09:04-04:00
FAILED gemma-4b lmbd1000 attempt=1844; retrying in 300s
START gemma-4b lmbd1000 GPUs=0,1,2,3 attempt=1845 2026-08-03T06:14:10-04:00
FAILED gemma-4b lmbd1000 attempt=1845; retrying in 300s
START gemma-4b lmbd1000 GPUs=0,1,2,3 attempt=1846 2026-08-03T06:19:15-04:00
FAILED gemma-4b lmbd1000 attempt=1846; retrying in 300s
START gemma-4b lmbd1000 GPUs=0,1,2,3 attempt=1847 2026-08-03T06:24:20-04:00
FAILED gemma-4b lmbd1000 attempt=1847; retrying in 300s
START gemma-4b lmbd1000 GPUs=0,1,2,3 attempt=1848 2026-08-03T06:29:25-04:00
FAILED gemma-4b lmbd1000 attempt=1848; retrying in 300s
START gemma-4b lmbd1000 GPUs=0,1,2,3 attempt=1849 2026-08-03T06:34:30-04:00
FAILED gemma-4b lmbd1000 attempt=1849; retrying in 300s
START gemma-4b lmbd1000 GPUs=0,1,2,3 attempt=1850 2026-08-03T06:39:35-04:00
FAILED gemma-4b lmbd1000 attempt=1850; retrying in 300s
START gemma-4b lmbd1000 GPUs=0,1,2,3 attempt=1851 2026-08-03T06:44:40-04:00
FAILED gemma-4b lmbd1000 attempt=1851; retrying in 300s
START gemma-4b lmbd1000 GPUs=0,1,2,3 attempt=1852 2026-08-03T06:49:45-04:00
FAILED gemma-4b lmbd1000 attempt=1852; retrying in 300s
START gemma-4b lmbd1000 GPUs=0,1,2,3 attempt=1853 2026-08-03T06:54:50-04:00
FAILED gemma-4b lmbd1000 attempt=1853; retrying in 300s
START gemma-4b lmbd1000 GPUs=0,1,2,3 attempt=1854 2026-08-03T06:59:55-04:00
FAILED gemma-4b lmbd1000 attempt=1854; retrying in 300s
START gemma-4b lmbd1000 GPUs=0,1,2,3 attempt=1855 2026-08-03T07:05:00-04:00
FAILED gemma-4b lmbd1000 attempt=1855; retrying in 300s
START gemma-4b lmbd1000 GPUs=0,1,2,3 attempt=1856 2026-08-03T07:10:05-04:00
FAILED gemma-4b lmbd1000 attempt=1856; retrying in 300s
START gemma-4b lmbd1000 GPUs=0,1,2,3 attempt=1857 2026-08-03T07:15:10-04:00
FAILED gemma-4b lmbd1000 attempt=1857; retrying in 300s
START gemma-4b lmbd1000 GPUs=0,1,2,3 attempt=1858 2026-08-03T07:20:15-04:00
FAILED gemma-4b lmbd1000 attempt=1858; retrying in 300s
START gemma-4b lmbd1000 GPUs=0,1,2,3 attempt=1859 2026-08-03T07:25:20-04:00
FAILED gemma-4b lmbd1000 attempt=1859; retrying in 300s
START gemma-4b lmbd1000 GPUs=0,1,2,3 attempt=1860 2026-08-03T07:30:25-04:00
FAILED gemma-4b lmbd1000 attempt=1860; retrying in 300s
START gemma-4b lmbd1000 GPUs=0,1,2,3 attempt=1861 2026-08-03T07:35:30-04:00
FAILED gemma-4b lmbd1000 attempt=1861; retrying in 300s
START gemma-4b lmbd1000 GPUs=0,1,2,3 attempt=1862 2026-08-03T07:40:35-04:00
FAILED gemma-4b lmbd1000 attempt=1862; retrying in 300s
START gemma-4b lmbd1000 GPUs=0,1,2,3 attempt=1863 2026-08-03T07:45:40-04:00
FAILED gemma-4b lmbd1000 attempt=1863; retrying in 300s
START gemma-4b lmbd1000 GPUs=0,1,2,3 attempt=1864 2026-08-03T07:50:45-04:00
FAILED gemma-4b lmbd1000 attempt=1864; retrying in 300s
START gemma-4b lmbd1000 GPUs=0,1,2,3 attempt=1865 2026-08-03T07:55:50-04:00
FAILED gemma-4b lmbd1000 attempt=1865; retrying in 300s
START gemma-4b lmbd1000 GPUs=0,1,2,3 attempt=1866 2026-08-03T08:00:55-04:00
FAILED gemma-4b lmbd1000 attempt=1866; retrying in 300s
START gemma-4b lmbd1000 GPUs=0,1,2,3 attempt=1867 2026-08-03T08:06:00-04:00
FAILED gemma-4b lmbd1000 attempt=1867; retrying in 300s
START gemma-4b lmbd1000 GPUs=0,1,2,3 attempt=1868 2026-08-03T08:11:05-04:00
FAILED gemma-4b lmbd1000 attempt=1868; retrying in 300s
START gemma-4b lmbd1000 GPUs=0,1,2,3 attempt=1869 2026-08-03T08:16:10-04:00
FAILED gemma-4b lmbd1000 attempt=1869; retrying in 300s
START gemma-4b lmbd1000 GPUs=0,1,2,3 attempt=1870 2026-08-03T08:21:15-04:00
FAILED gemma-4b lmbd1000 attempt=1870; retrying in 300s
START gemma-4b lmbd1000 GPUs=0,1,2,3 attempt=1871 2026-08-03T08:26:20-04:00
FAILED gemma-4b lmbd1000 attempt=1871; retrying in 300s
START gemma-4b lmbd1000 GPUs=0,1,2,3 attempt=1872 2026-08-03T08:31:25-04:00
FAILED gemma-4b lmbd1000 attempt=1872; retrying in 300s
START gemma-4b lmbd1000 GPUs=0,1,2,3 attempt=1873 2026-08-03T08:36:30-04:00
FAILED gemma-4b lmbd1000 attempt=1873; retrying in 300s
START gemma-4b lmbd1000 GPUs=0,1,2,3 attempt=1874 2026-08-03T08:41:35-04:00
FAILED gemma-4b lmbd1000 attempt=1874; retrying in 300s
START gemma-4b lmbd1000 GPUs=0,1,2,3 attempt=1875 2026-08-03T08:46:40-04:00
FAILED gemma-4b lmbd1000 attempt=1875; retrying in 300s
START gemma-4b lmbd1000 GPUs=0,1,2,3 attempt=1876 2026-08-03T08:51:45-04:00
FAILED gemma-4b lmbd1000 attempt=1876; retrying in 300s
START gemma-4b lmbd1000 GPUs=0,1,2,3 attempt=1877 2026-08-03T08:56:50-04:00
FAILED gemma-4b lmbd1000 attempt=1877; retrying in 300s
START gemma-4b lmbd1000 GPUs=0,1,2,3 attempt=1878 2026-08-03T09:01:55-04:00
FAILED gemma-4b lmbd1000 attempt=1878; retrying in 300s
START gemma-4b lmbd1000 GPUs=0,1,2,3 attempt=1879 2026-08-03T09:07:00-04:00
FAILED gemma-4b lmbd1000 attempt=1879; retrying in 300s
START gemma-4b lmbd1000 GPUs=0,1,2,3 attempt=1880 2026-08-03T09:12:05-04:00
FAILED gemma-4b lmbd1000 attempt=1880; retrying in 300s
START gemma-4b lmbd1000 GPUs=0,1,2,3 attempt=1881 2026-08-03T09:17:10-04:00
FAILED gemma-4b lmbd1000 attempt=1881; retrying in 300s
START gemma-4b lmbd1000 GPUs=0,1,2,3 attempt=1882 2026-08-03T09:22:15-04:00
FAILED gemma-4b lmbd1000 attempt=1882; retrying in 300s
START gemma-4b lmbd1000 GPUs=0,1,2,3 attempt=1883 2026-08-03T09:27:20-04:00
FAILED gemma-4b lmbd1000 attempt=1883; retrying in 300s
START gemma-4b lmbd1000 GPUs=0,1,2,3 attempt=1884 2026-08-03T09:32:25-04:00
FAILED gemma-4b lmbd1000 attempt=1884; retrying in 300s
START gemma-4b lmbd1000 GPUs=0,1,2,3 attempt=1885 2026-08-03T09:37:30-04:00
FAILED gemma-4b lmbd1000 attempt=1885; retrying in 300s
START gemma-4b lmbd1000 GPUs=0,1,2,3 attempt=1886 2026-08-03T09:42:35-04:00
FAILED gemma-4b lmbd1000 attempt=1886; retrying in 300s
START gemma-4b lmbd1000 GPUs=0,1,2,3 attempt=1887 2026-08-03T09:47:40-04:00
FAILED gemma-4b lmbd1000 attempt=1887; retrying in 300s
START gemma-4b lmbd1000 GPUs=0,1,2,3 attempt=1888 2026-08-03T09:52:46-04:00
FAILED gemma-4b lmbd1000 attempt=1888; retrying in 300s
START gemma-4b lmbd1000 GPUs=0,1,2,3 attempt=1889 2026-08-03T09:57:51-04:00
FAILED gemma-4b lmbd1000 attempt=1889; retrying in 300s
START gemma-4b lmbd1000 GPUs=0,1,2,3 attempt=1890 2026-08-03T10:02:56-04:00
FAILED gemma-4b lmbd1000 attempt=1890; retrying in 300s
START gemma-4b lmbd1000 GPUs=0,1,2,3 attempt=1891 2026-08-03T10:08:01-04:00
FAILED gemma-4b lmbd1000 attempt=1891; retrying in 300s
START gemma-4b lmbd1000 GPUs=0,1,2,3 attempt=1892 2026-08-03T10:13:06-04:00
FAILED gemma-4b lmbd1000 attempt=1892; retrying in 300s
START gemma-4b lmbd1000 GPUs=0,1,2,3 attempt=1893 2026-08-03T10:18:11-04:00
FAILED gemma-4b lmbd1000 attempt=1893; retrying in 300s
START gemma-4b lmbd1000 GPUs=0,1,2,3 attempt=1894 2026-08-03T10:23:24-04:00
FAILED gemma-4b lmbd1000 attempt=1894; retrying in 300s
START gemma-4b lmbd1000 GPUs=0,1,2,3 attempt=1895 2026-08-03T10:28:30-04:00
FAILED gemma-4b lmbd1000 attempt=1895; retrying in 300s
START gemma-4b lmbd1000 GPUs=0,1,2,3 attempt=1896 2026-08-03T10:33:35-04:00
FAILED gemma-4b lmbd1000 attempt=1896; retrying in 300s
START gemma-4b lmbd1000 GPUs=0,1,2,3 attempt=1897 2026-08-03T10:38:42-04:00
FAILED gemma-4b lmbd1000 attempt=1897; retrying in 300s
START gemma-4b lmbd1000 GPUs=0,1,2,3 attempt=1898 2026-08-03T10:43:47-04:00
FAILED gemma-4b lmbd1000 attempt=1898; retrying in 300s
START gemma-4b lmbd1000 GPUs=0,1,2,3 attempt=1899 2026-08-03T10:48:52-04:00
FAILED gemma-4b lmbd1000 attempt=1899; retrying in 300s
START gemma-4b lmbd1000 GPUs=0,1,2,3 attempt=1900 2026-08-03T10:53:57-04:00
FAILED gemma-4b lmbd1000 attempt=1900; retrying in 300s
START gemma-4b lmbd1000 GPUs=0,1,2,3 attempt=1901 2026-08-03T10:59:02-04:00
FAILED gemma-4b lmbd1000 attempt=1901; retrying in 300s
START gemma-4b lmbd1000 GPUs=0,1,2,3 attempt=1902 2026-08-03T11:04:07-04:00
FAILED gemma-4b lmbd1000 attempt=1902; retrying in 300s
START gemma-4b lmbd1000 GPUs=0,1,2,3 attempt=1903 2026-08-03T11:09:12-04:00
FAILED gemma-4b lmbd1000 attempt=1903; retrying in 300s
START gemma-4b lmbd1000 GPUs=0,1,2,3 attempt=1904 2026-08-03T11:14:17-04:00
FAILED gemma-4b lmbd1000 attempt=1904; retrying in 300s
START gemma-4b lmbd1000 GPUs=0,1,2,3 attempt=1905 2026-08-03T11:19:22-04:00
FAILED gemma-4b lmbd1000 attempt=1905; retrying in 300s
START gemma-4b lmbd1000 GPUs=0,1,2,3 attempt=1906 2026-08-03T11:24:27-04:00
FAILED gemma-4b lmbd1000 attempt=1906; retrying in 300s
START gemma-4b lmbd1000 GPUs=0,1,2,3 attempt=1907 2026-08-03T11:29:32-04:00
FAILED gemma-4b lmbd1000 attempt=1907; retrying in 300s
START gemma-4b lmbd1000 GPUs=0,1,2,3 attempt=1908 2026-08-03T11:34:37-04:00
FAILED gemma-4b lmbd1000 attempt=1908; retrying in 300s
START gemma-4b lmbd1000 GPUs=0,1,2,3 attempt=1909 2026-08-03T11:39:42-04:00
FAILED gemma-4b lmbd1000 attempt=1909; retrying in 300s
START gemma-4b lmbd1000 GPUs=0,1,2,3 attempt=1910 2026-08-03T11:44:47-04:00
FAILED gemma-4b lmbd1000 attempt=1910; retrying in 300s
START gemma-4b lmbd1000 GPUs=0,1,2,3 attempt=1911 2026-08-03T11:49:52-04:00
FAILED gemma-4b lmbd1000 attempt=1911; retrying in 300s
START gemma-4b lmbd1000 GPUs=0,1,2,3 attempt=1912 2026-08-03T11:54:57-04:00
FAILED gemma-4b lmbd1000 attempt=1912; retrying in 300s
START gemma-4b lmbd1000 GPUs=0,1,2,3 attempt=1913 2026-08-03T12:00:02-04:00
FAILED gemma-4b lmbd1000 attempt=1913; retrying in 300s
START gemma-4b lmbd1000 GPUs=0,1,2,3 attempt=1914 2026-08-03T12:05:07-04:00
FAILED gemma-4b lmbd1000 attempt=1914; retrying in 300s
START gemma-4b lmbd1000 GPUs=0,1,2,3 attempt=1915 2026-08-03T12:10:12-04:00
FAILED gemma-4b lmbd1000 attempt=1915; retrying in 300s
START gemma-4b lmbd1000 GPUs=0,1,2,3 attempt=1916 2026-08-03T12:15:17-04:00
FAILED gemma-4b lmbd1000 attempt=1916; retrying in 300s
START gemma-4b lmbd1000 GPUs=0,1,2,3 attempt=1917 2026-08-03T12:20:22-04:00
FAILED gemma-4b lmbd1000 attempt=1917; retrying in 300s
START gemma-4b lmbd1000 GPUs=0,1,2,3 attempt=1918 2026-08-03T12:25:27-04:00
FAILED gemma-4b lmbd1000 attempt=1918; retrying in 300s
START gemma-4b lmbd1000 GPUs=0,1,2,3 attempt=1919 2026-08-03T12:30:32-04:00
FAILED gemma-4b lmbd1000 attempt=1919; retrying in 300s
START gemma-4b lmbd1000 GPUs=0,1,2,3 attempt=1920 2026-08-03T12:35:37-04:00
FAILED gemma-4b lmbd1000 attempt=1920; retrying in 300s
START gemma-4b lmbd1000 GPUs=0,1,2,3 attempt=1921 2026-08-03T12:40:42-04:00
FAILED gemma-4b lmbd1000 attempt=1921; retrying in 300s
START gemma-4b lmbd1000 GPUs=0,1,2,3 attempt=1922 2026-08-03T12:45:47-04:00
FAILED gemma-4b lmbd1000 attempt=1922; retrying in 300s
START gemma-4b lmbd1000 GPUs=0,1,2,3 attempt=1923 2026-08-03T12:50:52-04:00
FAILED gemma-4b lmbd1000 attempt=1923; retrying in 300s
START gemma-4b lmbd1000 GPUs=0,1,2,3 attempt=1924 2026-08-03T12:55:57-04:00
FAILED gemma-4b lmbd1000 attempt=1924; retrying in 300s
START gemma-4b lmbd1000 GPUs=0,1,2,3 attempt=1925 2026-08-03T13:01:02-04:00
FAILED gemma-4b lmbd1000 attempt=1925; retrying in 300s
START gemma-4b lmbd1000 GPUs=0,1,2,3 attempt=1926 2026-08-03T13:06:08-04:00
FAILED gemma-4b lmbd1000 attempt=1926; retrying in 300s
START gemma-4b lmbd1000 GPUs=0,1,2,3 attempt=1927 2026-08-03T13:11:13-04:00
FAILED gemma-4b lmbd1000 attempt=1927; retrying in 300s
START gemma-4b lmbd1000 GPUs=0,1,2,3 attempt=1928 2026-08-03T13:16:18-04:00
FAILED gemma-4b lmbd1000 attempt=1928; retrying in 300s
START gemma-4b lmbd1000 GPUs=0,1,2,3 attempt=1929 2026-08-03T13:21:23-04:00
FAILED gemma-4b lmbd1000 attempt=1929; retrying in 300s
START gemma-4b lmbd1000 GPUs=0,1,2,3 attempt=1930 2026-08-03T13:26:28-04:00
FAILED gemma-4b lmbd1000 attempt=1930; retrying in 300s
START gemma-4b lmbd1000 GPUs=0,1,2,3 attempt=1931 2026-08-03T13:31:33-04:00
FAILED gemma-4b lmbd1000 attempt=1931; retrying in 300s
START gemma-4b lmbd1000 GPUs=0,1,2,3 attempt=1932 2026-08-03T13:36:38-04:00
FAILED gemma-4b lmbd1000 attempt=1932; retrying in 300s
START gemma-4b lmbd1000 GPUs=0,1,2,3 attempt=1933 2026-08-03T13:41:43-04:00
FAILED gemma-4b lmbd1000 attempt=1933; retrying in 300s
START gemma-4b lmbd1000 GPUs=0,1,2,3 attempt=1934 2026-08-03T13:46:48-04:00
FAILED gemma-4b lmbd1000 attempt=1934; retrying in 300s
START gemma-4b lmbd1000 GPUs=0,1,2,3 attempt=1935 2026-08-03T13:51:53-04:00
FAILED gemma-4b lmbd1000 attempt=1935; retrying in 300s
START gemma-4b lmbd1000 GPUs=0,1,2,3 attempt=1936 2026-08-03T13:56:58-04:00
FAILED gemma-4b lmbd1000 attempt=1936; retrying in 300s
START gemma-4b lmbd1000 GPUs=0,1,2,3 attempt=1937 2026-08-03T14:02:03-04:00
FAILED gemma-4b lmbd1000 attempt=1937; retrying in 300s
START gemma-4b lmbd1000 GPUs=0,1,2,3 attempt=1938 2026-08-03T14:07:08-04:00
FAILED gemma-4b lmbd1000 attempt=1938; retrying in 300s
START gemma-4b lmbd1000 GPUs=0,1,2,3 attempt=1939 2026-08-03T14:12:13-04:00
FAILED gemma-4b lmbd1000 attempt=1939; retrying in 300s
START gemma-4b lmbd1000 GPUs=0,1,2,3 attempt=1940 2026-08-03T14:17:18-04:00
FAILED gemma-4b lmbd1000 attempt=1940; retrying in 300s
START gemma-4b lmbd1000 GPUs=0,1,2,3 attempt=1941 2026-08-03T14:22:23-04:00
FAILED gemma-4b lmbd1000 attempt=1941; retrying in 300s
START gemma-4b lmbd1000 GPUs=0,1,2,3 attempt=1942 2026-08-03T14:27:28-04:00
FAILED gemma-4b lmbd1000 attempt=1942; retrying in 300s
START gemma-4b lmbd1000 GPUs=0,1,2,3 attempt=1943 2026-08-03T14:32:33-04:00
FAILED gemma-4b lmbd1000 attempt=1943; retrying in 300s
START gemma-4b lmbd1000 GPUs=0,1,2,3 attempt=1944 2026-08-03T14:37:38-04:00
FAILED gemma-4b lmbd1000 attempt=1944; retrying in 300s
START gemma-4b lmbd1000 GPUs=0,1,2,3 attempt=1945 2026-08-03T14:42:43-04:00
FAILED gemma-4b lmbd1000 attempt=1945; retrying in 300s
START gemma-4b lmbd1000 GPUs=0,1,2,3 attempt=1946 2026-08-03T14:47:48-04:00
FAILED gemma-4b lmbd1000 attempt=1946; retrying in 300s
START gemma-4b lmbd1000 GPUs=0,1,2,3 attempt=1947 2026-08-03T14:52:53-04:00
FAILED gemma-4b lmbd1000 attempt=1947; retrying in 300s
START gemma-4b lmbd1000 GPUs=0,1,2,3 attempt=1948 2026-08-03T14:57:58-04:00
FAILED gemma-4b lmbd1000 attempt=1948; retrying in 300s
START gemma-4b lmbd1000 GPUs=0,1,2,3 attempt=1949 2026-08-03T15:03:04-04:00
FAILED gemma-4b lmbd1000 attempt=1949; retrying in 300s
START gemma-4b lmbd1000 GPUs=0,1,2,3 attempt=1950 2026-08-03T15:08:09-04:00
FAILED gemma-4b lmbd1000 attempt=1950; retrying in 300s
START gemma-4b lmbd1000 GPUs=0,1,2,3 attempt=1951 2026-08-03T15:13:14-04:00
FAILED gemma-4b lmbd1000 attempt=1951; retrying in 300s
START gemma-4b lmbd1000 GPUs=0,1,2,3 attempt=1952 2026-08-03T15:18:19-04:00
FAILED gemma-4b lmbd1000 attempt=1952; retrying in 300s
START gemma-4b lmbd1000 GPUs=0,1,2,3 attempt=1953 2026-08-03T15:23:24-04:00
FAILED gemma-4b lmbd1000 attempt=1953; retrying in 300s
START gemma-4b lmbd1000 GPUs=0,1,2,3 attempt=1954 2026-08-03T15:28:29-04:00
FAILED gemma-4b lmbd1000 attempt=1954; retrying in 300s
START gemma-4b lmbd1000 GPUs=0,1,2,3 attempt=1955 2026-08-03T15:33:34-04:00
FAILED gemma-4b lmbd1000 attempt=1955; retrying in 300s
START gemma-4b lmbd1000 GPUs=0,1,2,3 attempt=1956 2026-08-03T15:38:39-04:00
FAILED gemma-4b lmbd1000 attempt=1956; retrying in 300s
START gemma-4b lmbd1000 GPUs=0,1,2,3 attempt=1957 2026-08-03T15:43:44-04:00
FAILED gemma-4b lmbd1000 attempt=1957; retrying in 300s
START gemma-4b lmbd1000 GPUs=0,1,2,3 attempt=1958 2026-08-03T15:48:49-04:00
FAILED gemma-4b lmbd1000 attempt=1958; retrying in 300s
START gemma-4b lmbd1000 GPUs=0,1,2,3 attempt=1959 2026-08-03T15:53:54-04:00
FAILED gemma-4b lmbd1000 attempt=1959; retrying in 300s
START gemma-4b lmbd1000 GPUs=0,1,2,3 attempt=1960 2026-08-03T15:58:59-04:00
FAILED gemma-4b lmbd1000 attempt=1960; retrying in 300s
START gemma-4b lmbd1000 GPUs=0,1,2,3 attempt=1961 2026-08-03T16:04:04-04:00
FAILED gemma-4b lmbd1000 attempt=1961; retrying in 300s
START gemma-4b lmbd1000 GPUs=0,1,2,3 attempt=1962 2026-08-03T16:09:09-04:00
FAILED gemma-4b lmbd1000 attempt=1962; retrying in 300s
START gemma-4b lmbd1000 GPUs=0,1,2,3 attempt=1963 2026-08-03T16:14:14-04:00
FAILED gemma-4b lmbd1000 attempt=1963; retrying in 300s
START gemma-4b lmbd1000 GPUs=0,1,2,3 attempt=1964 2026-08-03T16:19:19-04:00
FAILED gemma-4b lmbd1000 attempt=1964; retrying in 300s
START gemma-4b lmbd1000 GPUs=0,1,2,3 attempt=1965 2026-08-03T16:24:24-04:00
FAILED gemma-4b lmbd1000 attempt=1965; retrying in 300s
START gemma-4b lmbd1000 GPUs=0,1,2,3 attempt=1966 2026-08-03T16:29:29-04:00
FAILED gemma-4b lmbd1000 attempt=1966; retrying in 300s
START gemma-4b lmbd1000 GPUs=0,1,2,3 attempt=1967 2026-08-03T16:34:34-04:00
FAILED gemma-4b lmbd1000 attempt=1967; retrying in 300s
START gemma-4b lmbd1000 GPUs=0,1,2,3 attempt=1968 2026-08-03T16:39:43-04:00
FAILED gemma-4b lmbd1000 attempt=1968; retrying in 300s
START gemma-4b lmbd1000 GPUs=0,1,2,3 attempt=1969 2026-08-03T16:44:48-04:00
FAILED gemma-4b lmbd1000 attempt=1969; retrying in 300s
START gemma-4b lmbd1000 GPUs=0,1,2,3 attempt=1970 2026-08-03T16:49:53-04:00
FAILED gemma-4b lmbd1000 attempt=1970; retrying in 300s
START gemma-4b lmbd1000 GPUs=0,1,2,3 attempt=1971 2026-08-03T16:54:58-04:00
FAILED gemma-4b lmbd1000 attempt=1971; retrying in 300s
START gemma-4b lmbd1000 GPUs=0,1,2,3 attempt=1972 2026-08-03T17:00:03-04:00
FAILED gemma-4b lmbd1000 attempt=1972; retrying in 300s
START gemma-4b lmbd1000 GPUs=0,1,2,3 attempt=1973 2026-08-03T17:05:08-04:00
FAILED gemma-4b lmbd1000 attempt=1973; retrying in 300s
START gemma-4b lmbd1000 GPUs=0,1,2,3 attempt=1974 2026-08-03T17:10:13-04:00
FAILED gemma-4b lmbd1000 attempt=1974; retrying in 300s
START gemma-4b lmbd1000 GPUs=0,1,2,3 attempt=1975 2026-08-03T17:15:18-04:00
FAILED gemma-4b lmbd1000 attempt=1975; retrying in 300s
START gemma-4b lmbd1000 GPUs=0,1,2,3 attempt=1976 2026-08-03T17:20:23-04:00
FAILED gemma-4b lmbd1000 attempt=1976; retrying in 300s
START gemma-4b lmbd1000 GPUs=0,1,2,3 attempt=1977 2026-08-03T17:25:28-04:00
FAILED gemma-4b lmbd1000 attempt=1977; retrying in 300s
START gemma-4b lmbd1000 GPUs=0,1,2,3 attempt=1978 2026-08-03T17:30:33-04:00
FAILED gemma-4b lmbd1000 attempt=1978; retrying in 300s
START gemma-4b lmbd1000 GPUs=0,1,2,3 attempt=1979 2026-08-03T17:35:38-04:00
FAILED gemma-4b lmbd1000 attempt=1979; retrying in 300s
START gemma-4b lmbd1000 GPUs=0,1,2,3 attempt=1980 2026-08-03T17:40:43-04:00
FAILED gemma-4b lmbd1000 attempt=1980; retrying in 300s
START gemma-4b lmbd1000 GPUs=0,1,2,3 attempt=1981 2026-08-03T17:45:48-04:00
FAILED gemma-4b lmbd1000 attempt=1981; retrying in 300s
START gemma-4b lmbd1000 GPUs=0,1,2,3 attempt=1982 2026-08-03T17:50:53-04:00
FAILED gemma-4b lmbd1000 attempt=1982; retrying in 300s
START gemma-4b lmbd1000 GPUs=0,1,2,3 attempt=1983 2026-08-03T17:55:58-04:00
FAILED gemma-4b lmbd1000 attempt=1983; retrying in 300s
START gemma-4b lmbd1000 GPUs=0,1,2,3 attempt=1984 2026-08-03T18:01:03-04:00
FAILED gemma-4b lmbd1000 attempt=1984; retrying in 300s
START gemma-4b lmbd1000 GPUs=0,1,2,3 attempt=1985 2026-08-03T18:06:08-04:00
FAILED gemma-4b lmbd1000 attempt=1985; retrying in 300s
START gemma-4b lmbd1000 GPUs=0,1,2,3 attempt=1986 2026-08-03T18:11:13-04:00
FAILED gemma-4b lmbd1000 attempt=1986; retrying in 300s
START gemma-4b lmbd1000 GPUs=0,1,2,3 attempt=1987 2026-08-03T18:16:18-04:00
FAILED gemma-4b lmbd1000 attempt=1987; retrying in 300s
START gemma-4b lmbd1000 GPUs=0,1,2,3 attempt=1988 2026-08-03T18:21:23-04:00
FAILED gemma-4b lmbd1000 attempt=1988; retrying in 300s
START gemma-4b lmbd1000 GPUs=0,1,2,3 attempt=1989 2026-08-03T18:26:28-04:00
FAILED gemma-4b lmbd1000 attempt=1989; retrying in 300s
START gemma-4b lmbd1000 GPUs=0,1,2,3 attempt=1990 2026-08-03T18:31:33-04:00
FAILED gemma-4b lmbd1000 attempt=1990; retrying in 300s
START gemma-4b lmbd1000 GPUs=0,1,2,3 attempt=1991 2026-08-03T18:36:38-04:00
FAILED gemma-4b lmbd1000 attempt=1991; retrying in 300s
START gemma-4b lmbd1000 GPUs=0,1,2,3 attempt=1992 2026-08-03T18:41:43-04:00
FAILED gemma-4b lmbd1000 attempt=1992; retrying in 300s
START gemma-4b lmbd1000 GPUs=0,1,2,3 attempt=1993 2026-08-03T18:46:49-04:00
FAILED gemma-4b lmbd1000 attempt=1993; retrying in 300s
START gemma-4b lmbd1000 GPUs=0,1,2,3 attempt=1994 2026-08-03T18:51:54-04:00
FAILED gemma-4b lmbd1000 attempt=1994; retrying in 300s
START gemma-4b lmbd1000 GPUs=0,1,2,3 attempt=1995 2026-08-03T18:56:59-04:00
FAILED gemma-4b lmbd1000 attempt=1995; retrying in 300s
START gemma-4b lmbd1000 GPUs=0,1,2,3 attempt=1996 2026-08-03T19:02:04-04:00
FAILED gemma-4b lmbd1000 attempt=1996; retrying in 300s
START gemma-4b lmbd1000 GPUs=0,1,2,3 attempt=1997 2026-08-03T19:07:09-04:00
FAILED gemma-4b lmbd1000 attempt=1997; retrying in 300s
START gemma-4b lmbd1000 GPUs=0,1,2,3 attempt=1998 2026-08-03T19:12:14-04:00
FAILED gemma-4b lmbd1000 attempt=1998; retrying in 300s
START gemma-4b lmbd1000 GPUs=0,1,2,3 attempt=1999 2026-08-03T19:17:19-04:00
FAILED gemma-4b lmbd1000 attempt=1999; retrying in 300s
START gemma-4b lmbd1000 GPUs=0,1,2,3 attempt=2000 2026-08-03T19:22:24-04:00
FAILED gemma-4b lmbd1000 attempt=2000; retrying in 300s
START gemma-4b lmbd1000 GPUs=0,1,2,3 attempt=2001 2026-08-03T19:27:29-04:00
FAILED gemma-4b lmbd1000 attempt=2001; retrying in 300s
START gemma-4b lmbd1000 GPUs=0,1,2,3 attempt=2002 2026-08-03T19:32:34-04:00
FAILED gemma-4b lmbd1000 attempt=2002; retrying in 300s
START gemma-4b lmbd1000 GPUs=0,1,2,3 attempt=2003 2026-08-03T19:37:39-04:00
FAILED gemma-4b lmbd1000 attempt=2003; retrying in 300s
START gemma-4b lmbd1000 GPUs=0,1,2,3 attempt=2004 2026-08-03T19:42:44-04:00
FAILED gemma-4b lmbd1000 attempt=2004; retrying in 300s
START gemma-4b lmbd1000 GPUs=0,1,2,3 attempt=2005 2026-08-03T19:47:49-04:00
FAILED gemma-4b lmbd1000 attempt=2005; retrying in 300s
START gemma-4b lmbd1000 GPUs=0,1,2,3 attempt=2006 2026-08-03T19:52:54-04:00
FAILED gemma-4b lmbd1000 attempt=2006; retrying in 300s
START gemma-4b lmbd1000 GPUs=0,1,2,3 attempt=2007 2026-08-03T19:57:59-04:00
FAILED gemma-4b lmbd1000 attempt=2007; retrying in 300s
START gemma-4b lmbd1000 GPUs=0,1,2,3 attempt=2008 2026-08-03T20:03:04-04:00
FAILED gemma-4b lmbd1000 attempt=2008; retrying in 300s
START gemma-4b lmbd1000 GPUs=0,1,2,3 attempt=2009 2026-08-03T20:08:09-04:00
FAILED gemma-4b lmbd1000 attempt=2009; retrying in 300s
START gemma-4b lmbd1000 GPUs=0,1,2,3 attempt=2010 2026-08-03T20:13:14-04:00
FAILED gemma-4b lmbd1000 attempt=2010; retrying in 300s
START gemma-4b lmbd1000 GPUs=0,1,2,3 attempt=2011 2026-08-03T20:18:19-04:00
FAILED gemma-4b lmbd1000 attempt=2011; retrying in 300s
START gemma-4b lmbd1000 GPUs=0,1,2,3 attempt=2012 2026-08-03T20:23:24-04:00
FAILED gemma-4b lmbd1000 attempt=2012; retrying in 300s
START gemma-4b lmbd1000 GPUs=0,1,2,3 attempt=2013 2026-08-03T20:28:29-04:00
FAILED gemma-4b lmbd1000 attempt=2013; retrying in 300s
START gemma-4b lmbd1000 GPUs=0,1,2,3 attempt=2014 2026-08-03T20:33:34-04:00
FAILED gemma-4b lmbd1000 attempt=2014; retrying in 300s
START gemma-4b lmbd1000 GPUs=0,1,2,3 attempt=2015 2026-08-03T20:38:39-04:00
FAILED gemma-4b lmbd1000 attempt=2015; retrying in 300s
START gemma-4b lmbd1000 GPUs=0,1,2,3 attempt=2016 2026-08-03T20:43:44-04:00
FAILED gemma-4b lmbd1000 attempt=2016; retrying in 300s
START gemma-4b lmbd1000 GPUs=0,1,2,3 attempt=2017 2026-08-03T20:48:49-04:00
FAILED gemma-4b lmbd1000 attempt=2017; retrying in 300s
START gemma-4b lmbd1000 GPUs=0,1,2,3 attempt=2018 2026-08-03T20:53:54-04:00
FAILED gemma-4b lmbd1000 attempt=2018; retrying in 300s
START gemma-4b lmbd1000 GPUs=0,1,2,3 attempt=2019 2026-08-03T20:58:59-04:00
FAILED gemma-4b lmbd1000 attempt=2019; retrying in 300s
START gemma-4b lmbd1000 GPUs=0,1,2,3 attempt=2020 2026-08-03T21:04:04-04:00
FAILED gemma-4b lmbd1000 attempt=2020; retrying in 300s
START gemma-4b lmbd1000 GPUs=0,1,2,3 attempt=2021 2026-08-03T21:09:09-04:00
FAILED gemma-4b lmbd1000 attempt=2021; retrying in 300s
START gemma-4b lmbd1000 GPUs=0,1,2,3 attempt=2022 2026-08-03T21:14:14-04:00
FAILED gemma-4b lmbd1000 attempt=2022; retrying in 300s
START gemma-4b lmbd1000 GPUs=0,1,2,3 attempt=2023 2026-08-03T21:19:20-04:00
FAILED gemma-4b lmbd1000 attempt=2023; retrying in 300s
START gemma-4b lmbd1000 GPUs=0,1,2,3 attempt=2024 2026-08-03T21:24:25-04:00
FAILED gemma-4b lmbd1000 attempt=2024; retrying in 300s
START gemma-4b lmbd1000 GPUs=0,1,2,3 attempt=2025 2026-08-03T21:29:30-04:00
FAILED gemma-4b lmbd1000 attempt=2025; retrying in 300s
START gemma-4b lmbd1000 GPUs=0,1,2,3 attempt=2026 2026-08-03T21:34:35-04:00
FAILED gemma-4b lmbd1000 attempt=2026; retrying in 300s
START gemma-4b lmbd1000 GPUs=0,1,2,3 attempt=2027 2026-08-03T21:39:40-04:00
FAILED gemma-4b lmbd1000 attempt=2027; retrying in 300s
START gemma-4b lmbd1000 GPUs=0,1,2,3 attempt=2028 2026-08-03T21:44:45-04:00
FAILED gemma-4b lmbd1000 attempt=2028; retrying in 300s
START gemma-4b lmbd1000 GPUs=0,1,2,3 attempt=2029 2026-08-03T21:49:50-04:00
FAILED gemma-4b lmbd1000 attempt=2029; retrying in 300s
START gemma-4b lmbd1000 GPUs=0,1,2,3 attempt=2030 2026-08-03T21:54:55-04:00
FAILED gemma-4b lmbd1000 attempt=2030; retrying in 300s
START gemma-4b lmbd1000 GPUs=0,1,2,3 attempt=2031 2026-08-03T22:00:00-04:00
FAILED gemma-4b lmbd1000 attempt=2031; retrying in 300s
START gemma-4b lmbd1000 GPUs=0,1,2,3 attempt=2032 2026-08-03T22:05:05-04:00
FAILED gemma-4b lmbd1000 attempt=2032; retrying in 300s
START gemma-4b lmbd1000 GPUs=0,1,2,3 attempt=2033 2026-08-03T22:10:10-04:00
FAILED gemma-4b lmbd1000 attempt=2033; retrying in 300s
START gemma-4b lmbd1000 GPUs=0,1,2,3 attempt=2034 2026-08-03T22:15:15-04:00
FAILED gemma-4b lmbd1000 attempt=2034; retrying in 300s
START gemma-4b lmbd1000 GPUs=0,1,2,3 attempt=2035 2026-08-03T22:20:20-04:00
FAILED gemma-4b lmbd1000 attempt=2035; retrying in 300s
START gemma-4b lmbd1000 GPUs=0,1,2,3 attempt=2036 2026-08-03T22:25:25-04:00
FAILED gemma-4b lmbd1000 attempt=2036; retrying in 300s
START gemma-4b lmbd1000 GPUs=0,1,2,3 attempt=2037 2026-08-03T22:30:30-04:00
FAILED gemma-4b lmbd1000 attempt=2037; retrying in 300s
START gemma-4b lmbd1000 GPUs=0,1,2,3 attempt=2038 2026-08-03T22:35:35-04:00
FAILED gemma-4b lmbd1000 attempt=2038; retrying in 300s
START gemma-4b lmbd1000 GPUs=0,1,2,3 attempt=2039 2026-08-03T22:40:40-04:00
FAILED gemma-4b lmbd1000 attempt=2039; retrying in 300s
START gemma-4b lmbd1000 GPUs=0,1,2,3 attempt=2040 2026-08-03T22:45:45-04:00
FAILED gemma-4b lmbd1000 attempt=2040; retrying in 300s
START gemma-4b lmbd1000 GPUs=0,1,2,3 attempt=2041 2026-08-03T22:50:51-04:00
FAILED gemma-4b lmbd1000 attempt=2041; retrying in 300s
START gemma-4b lmbd1000 GPUs=0,1,2,3 attempt=2042 2026-08-03T22:55:56-04:00
FAILED gemma-4b lmbd1000 attempt=2042; retrying in 300s
START gemma-4b lmbd1000 GPUs=0,1,2,3 attempt=2043 2026-08-03T23:01:01-04:00
FAILED gemma-4b lmbd1000 attempt=2043; retrying in 300s
START gemma-4b lmbd1000 GPUs=0,1,2,3 attempt=2044 2026-08-03T23:06:06-04:00
FAILED gemma-4b lmbd1000 attempt=2044; retrying in 300s
START gemma-4b lmbd1000 GPUs=0,1,2,3 attempt=2045 2026-08-03T23:11:11-04:00
FAILED gemma-4b lmbd1000 attempt=2045; retrying in 300s
START gemma-4b lmbd1000 GPUs=0,1,2,3 attempt=2046 2026-08-03T23:16:16-04:00
FAILED gemma-4b lmbd1000 attempt=2046; retrying in 300s
START gemma-4b lmbd1000 GPUs=0,1,2,3 attempt=2047 2026-08-03T23:21:21-04:00
FAILED gemma-4b lmbd1000 attempt=2047; retrying in 300s
START gemma-4b lmbd1000 GPUs=0,1,2,3 attempt=2048 2026-08-03T23:26:26-04:00
FAILED gemma-4b lmbd1000 attempt=2048; retrying in 300s
START gemma-4b lmbd1000 GPUs=0,1,2,3 attempt=2049 2026-08-03T23:31:31-04:00
FAILED gemma-4b lmbd1000 attempt=2049; retrying in 300s
START gemma-4b lmbd1000 GPUs=0,1,2,3 attempt=2050 2026-08-03T23:36:36-04:00
FAILED gemma-4b lmbd1000 attempt=2050; retrying in 300s
START gemma-4b lmbd1000 GPUs=0,1,2,3 attempt=2051 2026-08-03T23:41:41-04:00
FAILED gemma-4b lmbd1000 attempt=2051; retrying in 300s
START gemma-4b lmbd1000 GPUs=0,1,2,3 attempt=2052 2026-08-03T23:46:46-04:00
FAILED gemma-4b lmbd1000 attempt=2052; retrying in 300s
START gemma-4b lmbd1000 GPUs=0,1,2,3 attempt=2053 2026-08-03T23:51:51-04:00
FAILED gemma-4b lmbd1000 attempt=2053; retrying in 300s
START gemma-4b lmbd1000 GPUs=0,1,2,3 attempt=2054 2026-08-03T23:56:56-04:00
FAILED gemma-4b lmbd1000 attempt=2054; retrying in 300s
START gemma-4b lmbd1000 GPUs=0,1,2,3 attempt=2055 2026-08-04T00:02:02-04:00
FAILED gemma-4b lmbd1000 attempt=2055; retrying in 300s
START gemma-4b lmbd1000 GPUs=0,1,2,3 attempt=2056 2026-08-04T00:07:07-04:00
FAILED gemma-4b lmbd1000 attempt=2056; retrying in 300s
START gemma-4b lmbd1000 GPUs=0,1,2,3 attempt=2057 2026-08-04T00:12:12-04:00
FAILED gemma-4b lmbd1000 attempt=2057; retrying in 300s
START gemma-4b lmbd1000 GPUs=0,1,2,3 attempt=2058 2026-08-04T00:17:17-04:00
FAILED gemma-4b lmbd1000 attempt=2058; retrying in 300s
START gemma-4b lmbd1000 GPUs=0,1,2,3 attempt=2059 2026-08-04T00:22:22-04:00
FAILED gemma-4b lmbd1000 attempt=2059; retrying in 300s
START gemma-4b lmbd1000 GPUs=0,1,2,3 attempt=2060 2026-08-04T00:27:27-04:00
FAILED gemma-4b lmbd1000 attempt=2060; retrying in 300s
START gemma-4b lmbd1000 GPUs=0,1,2,3 attempt=2061 2026-08-04T00:32:32-04:00
FAILED gemma-4b lmbd1000 attempt=2061; retrying in 300s
START gemma-4b lmbd1000 GPUs=0,1,2,3 attempt=2062 2026-08-04T00:37:37-04:00
FAILED gemma-4b lmbd1000 attempt=2062; retrying in 300s
START gemma-4b lmbd1000 GPUs=0,1,2,3 attempt=2063 2026-08-04T00:42:42-04:00
FAILED gemma-4b lmbd1000 attempt=2063; retrying in 300s
START gemma-4b lmbd1000 GPUs=0,1,2,3 attempt=2064 2026-08-04T00:47:47-04:00
FAILED gemma-4b lmbd1000 attempt=2064; retrying in 300s
START gemma-4b lmbd1000 GPUs=0,1,2,3 attempt=2065 2026-08-04T00:52:52-04:00
FAILED gemma-4b lmbd1000 attempt=2065; retrying in 300s
START gemma-4b lmbd1000 GPUs=0,1,2,3 attempt=2066 2026-08-04T00:57:57-04:00
FAILED gemma-4b lmbd1000 attempt=2066; retrying in 300s
START gemma-4b lmbd1000 GPUs=0,1,2,3 attempt=2067 2026-08-04T01:03:02-04:00
FAILED gemma-4b lmbd1000 attempt=2067; retrying in 300s
START gemma-4b lmbd1000 GPUs=0,1,2,3 attempt=2068 2026-08-04T01:08:07-04:00
FAILED gemma-4b lmbd1000 attempt=2068; retrying in 300s
START gemma-4b lmbd1000 GPUs=0,1,2,3 attempt=2069 2026-08-04T01:13:12-04:00
FAILED gemma-4b lmbd1000 attempt=2069; retrying in 300s
START gemma-4b lmbd1000 GPUs=0,1,2,3 attempt=2070 2026-08-04T01:18:17-04:00
FAILED gemma-4b lmbd1000 attempt=2070; retrying in 300s
START gemma-4b lmbd1000 GPUs=0,1,2,3 attempt=2071 2026-08-04T01:23:22-04:00
FAILED gemma-4b lmbd1000 attempt=2071; retrying in 300s
START gemma-4b lmbd1000 GPUs=0,1,2,3 attempt=2072 2026-08-04T01:28:28-04:00
FAILED gemma-4b lmbd1000 attempt=2072; retrying in 300s
START gemma-4b lmbd1000 GPUs=0,1,2,3 attempt=2073 2026-08-04T01:33:33-04:00
FAILED gemma-4b lmbd1000 attempt=2073; retrying in 300s
START gemma-4b lmbd1000 GPUs=0,1,2,3 attempt=2074 2026-08-04T01:38:38-04:00
FAILED gemma-4b lmbd1000 attempt=2074; retrying in 300s
START gemma-4b lmbd1000 GPUs=0,1,2,3 attempt=2075 2026-08-04T01:43:43-04:00
FAILED gemma-4b lmbd1000 attempt=2075; retrying in 300s
START gemma-4b lmbd1000 GPUs=0,1,2,3 attempt=2076 2026-08-04T01:48:48-04:00
FAILED gemma-4b lmbd1000 attempt=2076; retrying in 300s
START gemma-4b lmbd1000 GPUs=0,1,2,3 attempt=2077 2026-08-04T01:53:53-04:00
FAILED gemma-4b lmbd1000 attempt=2077; retrying in 300s
START gemma-4b lmbd1000 GPUs=0,1,2,3 attempt=2078 2026-08-04T01:58:58-04:00
FAILED gemma-4b lmbd1000 attempt=2078; retrying in 300s
START gemma-4b lmbd1000 GPUs=0,1,2,3 attempt=2079 2026-08-04T02:04:03-04:00
FAILED gemma-4b lmbd1000 attempt=2079; retrying in 300s
START gemma-4b lmbd1000 GPUs=0,1,2,3 attempt=2080 2026-08-04T02:09:08-04:00
FAILED gemma-4b lmbd1000 attempt=2080; retrying in 300s
START gemma-4b lmbd1000 GPUs=0,1,2,3 attempt=2081 2026-08-04T02:14:13-04:00
FAILED gemma-4b lmbd1000 attempt=2081; retrying in 300s
START gemma-4b lmbd1000 GPUs=0,1,2,3 attempt=2082 2026-08-04T02:19:18-04:00
FAILED gemma-4b lmbd1000 attempt=2082; retrying in 300s
START gemma-4b lmbd1000 GPUs=0,1,2,3 attempt=2083 2026-08-04T02:24:23-04:00
FAILED gemma-4b lmbd1000 attempt=2083; retrying in 300s
START gemma-4b lmbd1000 GPUs=0,1,2,3 attempt=2084 2026-08-04T02:29:28-04:00
FAILED gemma-4b lmbd1000 attempt=2084; retrying in 300s
START gemma-4b lmbd1000 GPUs=0,1,2,3 attempt=2085 2026-08-04T02:34:33-04:00
FAILED gemma-4b lmbd1000 attempt=2085; retrying in 300s
START gemma-4b lmbd1000 GPUs=0,1,2,3 attempt=2086 2026-08-04T02:39:38-04:00
FAILED gemma-4b lmbd1000 attempt=2086; retrying in 300s
START gemma-4b lmbd1000 GPUs=0,1,2,3 attempt=2087 2026-08-04T02:44:43-04:00
FAILED gemma-4b lmbd1000 attempt=2087; retrying in 300s
START gemma-4b lmbd1000 GPUs=0,1,2,3 attempt=2088 2026-08-04T02:49:48-04:00
FAILED gemma-4b lmbd1000 attempt=2088; retrying in 300s
START gemma-4b lmbd1000 GPUs=0,1,2,3 attempt=2089 2026-08-04T02:54:53-04:00
FAILED gemma-4b lmbd1000 attempt=2089; retrying in 300s
START gemma-4b lmbd1000 GPUs=0,1,2,3 attempt=2090 2026-08-04T02:59:58-04:00
FAILED gemma-4b lmbd1000 attempt=2090; retrying in 300s
START gemma-4b lmbd1000 GPUs=0,1,2,3 attempt=2091 2026-08-04T03:05:03-04:00
FAILED gemma-4b lmbd1000 attempt=2091; retrying in 300s
START gemma-4b lmbd1000 GPUs=0,1,2,3 attempt=2092 2026-08-04T03:10:08-04:00
FAILED gemma-4b lmbd1000 attempt=2092; retrying in 300s
START gemma-4b lmbd1000 GPUs=0,1,2,3 attempt=2093 2026-08-04T03:15:13-04:00
FAILED gemma-4b lmbd1000 attempt=2093; retrying in 300s
START gemma-4b lmbd1000 GPUs=0,1,2,3 attempt=2094 2026-08-04T03:20:18-04:00
FAILED gemma-4b lmbd1000 attempt=2094; retrying in 300s
START gemma-4b lmbd1000 GPUs=0,1,2,3 attempt=2095 2026-08-04T03:25:23-04:00
FAILED gemma-4b lmbd1000 attempt=2095; retrying in 300s
START gemma-4b lmbd1000 GPUs=0,1,2,3 attempt=2096 2026-08-04T03:30:28-04:00
FAILED gemma-4b lmbd1000 attempt=2096; retrying in 300s
START gemma-4b lmbd1000 GPUs=0,1,2,3 attempt=2097 2026-08-04T03:35:33-04:00
FAILED gemma-4b lmbd1000 attempt=2097; retrying in 300s
START gemma-4b lmbd1000 GPUs=0,1,2,3 attempt=2098 2026-08-04T03:40:38-04:00
FAILED gemma-4b lmbd1000 attempt=2098; retrying in 300s
START gemma-4b lmbd1000 GPUs=0,1,2,3 attempt=2099 2026-08-04T03:45:43-04:00
FAILED gemma-4b lmbd1000 attempt=2099; retrying in 300s
START gemma-4b lmbd1000 GPUs=0,1,2,3 attempt=2100 2026-08-04T03:50:48-04:00
FAILED gemma-4b lmbd1000 attempt=2100; retrying in 300s
START gemma-4b lmbd1000 GPUs=0,1,2,3 attempt=2101 2026-08-04T03:55:53-04:00
FAILED gemma-4b lmbd1000 attempt=2101; retrying in 300s
START gemma-4b lmbd1000 GPUs=0,1,2,3 attempt=2102 2026-08-04T04:00:58-04:00
FAILED gemma-4b lmbd1000 attempt=2102; retrying in 300s
START gemma-4b lmbd1000 GPUs=0,1,2,3 attempt=2103 2026-08-04T04:06:04-04:00
FAILED gemma-4b lmbd1000 attempt=2103; retrying in 300s
START gemma-4b lmbd1000 GPUs=0,1,2,3 attempt=2104 2026-08-04T04:11:09-04:00
FAILED gemma-4b lmbd1000 attempt=2104; retrying in 300s
START gemma-4b lmbd1000 GPUs=0,1,2,3 attempt=2105 2026-08-04T04:16:14-04:00
FAILED gemma-4b lmbd1000 attempt=2105; retrying in 300s
START gemma-4b lmbd1000 GPUs=0,1,2,3 attempt=2106 2026-08-04T04:21:19-04:00
FAILED gemma-4b lmbd1000 attempt=2106; retrying in 300s
START gemma-4b lmbd1000 GPUs=0,1,2,3 attempt=2107 2026-08-04T04:26:24-04:00
FAILED gemma-4b lmbd1000 attempt=2107; retrying in 300s
START gemma-4b lmbd1000 GPUs=0,1,2,3 attempt=2108 2026-08-04T04:31:29-04:00
FAILED gemma-4b lmbd1000 attempt=2108; retrying in 300s
START gemma-4b lmbd1000 GPUs=0,1,2,3 attempt=2109 2026-08-04T04:36:34-04:00
FAILED gemma-4b lmbd1000 attempt=2109; retrying in 300s
START gemma-4b lmbd1000 GPUs=0,1,2,3 attempt=2110 2026-08-04T04:41:39-04:00
FAILED gemma-4b lmbd1000 attempt=2110; retrying in 300s
START gemma-4b lmbd1000 GPUs=0,1,2,3 attempt=2111 2026-08-04T04:46:44-04:00
FAILED gemma-4b lmbd1000 attempt=2111; retrying in 300s
START gemma-4b lmbd1000 GPUs=0,1,2,3 attempt=2112 2026-08-04T04:51:49-04:00
FAILED gemma-4b lmbd1000 attempt=2112; retrying in 300s
START gemma-4b lmbd1000 GPUs=0,1,2,3 attempt=2113 2026-08-04T04:56:54-04:00
FAILED gemma-4b lmbd1000 attempt=2113; retrying in 300s
START gemma-4b lmbd1000 GPUs=0,1,2,3 attempt=2114 2026-08-04T05:01:59-04:00
FAILED gemma-4b lmbd1000 attempt=2114; retrying in 300s
START gemma-4b lmbd1000 GPUs=0,1,2,3 attempt=2115 2026-08-04T05:07:04-04:00
FAILED gemma-4b lmbd1000 attempt=2115; retrying in 300s
START gemma-4b lmbd1000 GPUs=0,1,2,3 attempt=2116 2026-08-04T05:12:09-04:00
FAILED gemma-4b lmbd1000 attempt=2116; retrying in 300s
START gemma-4b lmbd1000 GPUs=0,1,2,3 attempt=2117 2026-08-04T05:17:14-04:00
FAILED gemma-4b lmbd1000 attempt=2117; retrying in 300s
START gemma-4b lmbd1000 GPUs=0,1,2,3 attempt=2118 2026-08-04T05:22:19-04:00
FAILED gemma-4b lmbd1000 attempt=2118; retrying in 300s
START gemma-4b lmbd1000 GPUs=0,1,2,3 attempt=2119 2026-08-04T05:27:24-04:00
FAILED gemma-4b lmbd1000 attempt=2119; retrying in 300s
START gemma-4b lmbd1000 GPUs=0,1,2,3 attempt=2120 2026-08-04T05:32:29-04:00
FAILED gemma-4b lmbd1000 attempt=2120; retrying in 300s
START gemma-4b lmbd1000 GPUs=0,1,2,3 attempt=2121 2026-08-04T05:37:34-04:00
FAILED gemma-4b lmbd1000 attempt=2121; retrying in 300s
START gemma-4b lmbd1000 GPUs=0,1,2,3 attempt=2122 2026-08-04T05:42:39-04:00
FAILED gemma-4b lmbd1000 attempt=2122; retrying in 300s
START gemma-4b lmbd1000 GPUs=0,1,2,3 attempt=2123 2026-08-04T05:47:44-04:00
FAILED gemma-4b lmbd1000 attempt=2123; retrying in 300s
START gemma-4b lmbd1000 GPUs=0,1,2,3 attempt=2124 2026-08-04T05:52:49-04:00
FAILED gemma-4b lmbd1000 attempt=2124; retrying in 300s
START gemma-4b lmbd1000 GPUs=0,1,2,3 attempt=2125 2026-08-04T05:57:55-04:00
FAILED gemma-4b lmbd1000 attempt=2125; retrying in 300s
START gemma-4b lmbd1000 GPUs=0,1,2,3 attempt=2126 2026-08-04T06:03:00-04:00
FAILED gemma-4b lmbd1000 attempt=2126; retrying in 300s
START gemma-4b lmbd1000 GPUs=0,1,2,3 attempt=2127 2026-08-04T06:08:05-04:00
FAILED gemma-4b lmbd1000 attempt=2127; retrying in 300s
START gemma-4b lmbd1000 GPUs=0,1,2,3 attempt=2128 2026-08-04T06:13:10-04:00
FAILED gemma-4b lmbd1000 attempt=2128; retrying in 300s
START gemma-4b lmbd1000 GPUs=0,1,2,3 attempt=2129 2026-08-04T06:18:15-04:00
FAILED gemma-4b lmbd1000 attempt=2129; retrying in 300s
START gemma-4b lmbd1000 GPUs=0,1,2,3 attempt=2130 2026-08-04T06:23:20-04:00
FAILED gemma-4b lmbd1000 attempt=2130; retrying in 300s
START gemma-4b lmbd1000 GPUs=0,1,2,3 attempt=2131 2026-08-04T06:28:25-04:00
FAILED gemma-4b lmbd1000 attempt=2131; retrying in 300s
START gemma-4b lmbd1000 GPUs=0,1,2,3 attempt=2132 2026-08-04T06:33:30-04:00
FAILED gemma-4b lmbd1000 attempt=2132; retrying in 300s
START gemma-4b lmbd1000 GPUs=0,1,2,3 attempt=2133 2026-08-04T06:38:35-04:00
FAILED gemma-4b lmbd1000 attempt=2133; retrying in 300s
START gemma-4b lmbd1000 GPUs=0,1,2,3 attempt=2134 2026-08-04T06:43:40-04:00
FAILED gemma-4b lmbd1000 attempt=2134; retrying in 300s
START gemma-4b lmbd1000 GPUs=0,1,2,3 attempt=2135 2026-08-04T06:48:45-04:00
FAILED gemma-4b lmbd1000 attempt=2135; retrying in 300s
START gemma-4b lmbd1000 GPUs=0,1,2,3 attempt=2136 2026-08-04T06:53:50-04:00
FAILED gemma-4b lmbd1000 attempt=2136; retrying in 300s
START gemma-4b lmbd1000 GPUs=0,1,2,3 attempt=2137 2026-08-04T06:58:55-04:00
FAILED gemma-4b lmbd1000 attempt=2137; retrying in 300s
START gemma-4b lmbd1000 GPUs=0,1,2,3 attempt=2138 2026-08-04T07:04:00-04:00
FAILED gemma-4b lmbd1000 attempt=2138; retrying in 300s
START gemma-4b lmbd1000 GPUs=0,1,2,3 attempt=2139 2026-08-04T07:09:05-04:00
FAILED gemma-4b lmbd1000 attempt=2139; retrying in 300s
START gemma-4b lmbd1000 GPUs=0,1,2,3 attempt=2140 2026-08-04T07:14:10-04:00
FAILED gemma-4b lmbd1000 attempt=2140; retrying in 300s
START gemma-4b lmbd1000 GPUs=0,1,2,3 attempt=2141 2026-08-04T07:19:15-04:00
FAILED gemma-4b lmbd1000 attempt=2141; retrying in 300s
START gemma-4b lmbd1000 GPUs=0,1,2,3 attempt=2142 2026-08-04T07:24:20-04:00
FAILED gemma-4b lmbd1000 attempt=2142; retrying in 300s
START gemma-4b lmbd1000 GPUs=0,1,2,3 attempt=2143 2026-08-04T07:29:26-04:00
FAILED gemma-4b lmbd1000 attempt=2143; retrying in 300s
START gemma-4b lmbd1000 GPUs=0,1,2,3 attempt=2144 2026-08-04T07:34:31-04:00
FAILED gemma-4b lmbd1000 attempt=2144; retrying in 300s
START gemma-4b lmbd1000 GPUs=0,1,2,3 attempt=2145 2026-08-04T07:39:36-04:00
FAILED gemma-4b lmbd1000 attempt=2145; retrying in 300s
START gemma-4b lmbd1000 GPUs=0,1,2,3 attempt=2146 2026-08-04T07:44:41-04:00
FAILED gemma-4b lmbd1000 attempt=2146; retrying in 300s
START gemma-4b lmbd1000 GPUs=0,1,2,3 attempt=2147 2026-08-04T07:49:46-04:00
FAILED gemma-4b lmbd1000 attempt=2147; retrying in 300s
START gemma-4b lmbd1000 GPUs=0,1,2,3 attempt=2148 2026-08-04T07:54:51-04:00
FAILED gemma-4b lmbd1000 attempt=2148; retrying in 300s
START gemma-4b lmbd1000 GPUs=0,1,2,3 attempt=2149 2026-08-04T07:59:56-04:00
FAILED gemma-4b lmbd1000 attempt=2149; retrying in 300s
START gemma-4b lmbd1000 GPUs=0,1,2,3 attempt=2150 2026-08-04T08:05:01-04:00
FAILED gemma-4b lmbd1000 attempt=2150; retrying in 300s
START gemma-4b lmbd1000 GPUs=0,1,2,3 attempt=2151 2026-08-04T08:10:06-04:00
FAILED gemma-4b lmbd1000 attempt=2151; retrying in 300s
START gemma-4b lmbd1000 GPUs=0,1,2,3 attempt=2152 2026-08-04T08:15:11-04:00
FAILED gemma-4b lmbd1000 attempt=2152; retrying in 300s
START gemma-4b lmbd1000 GPUs=0,1,2,3 attempt=2153 2026-08-04T08:20:16-04:00
FAILED gemma-4b lmbd1000 attempt=2153; retrying in 300s
START gemma-4b lmbd1000 GPUs=0,1,2,3 attempt=2154 2026-08-04T08:25:21-04:00
FAILED gemma-4b lmbd1000 attempt=2154; retrying in 300s
START gemma-4b lmbd1000 GPUs=0,1,2,3 attempt=2155 2026-08-04T08:30:26-04:00
FAILED gemma-4b lmbd1000 attempt=2155; retrying in 300s
START gemma-4b lmbd1000 GPUs=0,1,2,3 attempt=2156 2026-08-04T08:35:31-04:00
FAILED gemma-4b lmbd1000 attempt=2156; retrying in 300s
START gemma-4b lmbd1000 GPUs=0,1,2,3 attempt=2157 2026-08-04T08:40:36-04:00
FAILED gemma-4b lmbd1000 attempt=2157; retrying in 300s
START gemma-4b lmbd1000 GPUs=0,1,2,3 attempt=2158 2026-08-04T08:45:41-04:00
FAILED gemma-4b lmbd1000 attempt=2158; retrying in 300s
START gemma-4b lmbd1000 GPUs=0,1,2,3 attempt=2159 2026-08-04T08:50:46-04:00
FAILED gemma-4b lmbd1000 attempt=2159; retrying in 300s
START gemma-4b lmbd1000 GPUs=0,1,2,3 attempt=2160 2026-08-04T08:55:51-04:00
FAILED gemma-4b lmbd1000 attempt=2160; retrying in 300s
START gemma-4b lmbd1000 GPUs=0,1,2,3 attempt=2161 2026-08-04T09:00:56-04:00
FAILED gemma-4b lmbd1000 attempt=2161; retrying in 300s
START gemma-4b lmbd1000 GPUs=0,1,2,3 attempt=2162 2026-08-04T09:06:01-04:00
FAILED gemma-4b lmbd1000 attempt=2162; retrying in 300s
START gemma-4b lmbd1000 GPUs=0,1,2,3 attempt=2163 2026-08-04T09:11:06-04:00
FAILED gemma-4b lmbd1000 attempt=2163; retrying in 300s
START gemma-4b lmbd1000 GPUs=0,1,2,3 attempt=2164 2026-08-04T09:16:11-04:00
FAILED gemma-4b lmbd1000 attempt=2164; retrying in 300s
START gemma-4b lmbd1000 GPUs=0,1,2,3 attempt=2165 2026-08-04T09:21:17-04:00
FAILED gemma-4b lmbd1000 attempt=2165; retrying in 300s
START gemma-4b lmbd1000 GPUs=0,1,2,3 attempt=2166 2026-08-04T09:26:22-04:00
FAILED gemma-4b lmbd1000 attempt=2166; retrying in 300s
START gemma-4b lmbd1000 GPUs=0,1,2,3 attempt=2167 2026-08-04T09:31:27-04:00
FAILED gemma-4b lmbd1000 attempt=2167; retrying in 300s
START gemma-4b lmbd1000 GPUs=0,1,2,3 attempt=2168 2026-08-04T09:36:32-04:00
FAILED gemma-4b lmbd1000 attempt=2168; retrying in 300s
START gemma-4b lmbd1000 GPUs=0,1,2,3 attempt=2169 2026-08-04T09:41:37-04:00
FAILED gemma-4b lmbd1000 attempt=2169; retrying in 300s
START gemma-4b lmbd1000 GPUs=0,1,2,3 attempt=2170 2026-08-04T09:46:42-04:00
FAILED gemma-4b lmbd1000 attempt=2170; retrying in 300s
START gemma-4b lmbd1000 GPUs=0,1,2,3 attempt=2171 2026-08-04T09:51:47-04:00
FAILED gemma-4b lmbd1000 attempt=2171; retrying in 300s
START gemma-4b lmbd1000 GPUs=0,1,2,3 attempt=2172 2026-08-04T09:56:52-04:00
FAILED gemma-4b lmbd1000 attempt=2172; retrying in 300s
START gemma-4b lmbd1000 GPUs=0,1,2,3 attempt=2173 2026-08-04T10:01:57-04:00
FAILED gemma-4b lmbd1000 attempt=2173; retrying in 300s
START gemma-4b lmbd1000 GPUs=0,1,2,3 attempt=2174 2026-08-04T10:07:02-04:00
FAILED gemma-4b lmbd1000 attempt=2174; retrying in 300s
START gemma-4b lmbd1000 GPUs=0,1,2,3 attempt=2175 2026-08-04T10:12:07-04:00
FAILED gemma-4b lmbd1000 attempt=2175; retrying in 300s
START gemma-4b lmbd1000 GPUs=0,1,2,3 attempt=2176 2026-08-04T10:17:13-04:00
FAILED gemma-4b lmbd1000 attempt=2176; retrying in 300s
START gemma-4b lmbd1000 GPUs=0,1,2,3 attempt=2177 2026-08-04T10:22:18-04:00
FAILED gemma-4b lmbd1000 attempt=2177; retrying in 300s
START gemma-4b lmbd1000 GPUs=0,1,2,3 attempt=2178 2026-08-04T10:27:23-04:00
FAILED gemma-4b lmbd1000 attempt=2178; retrying in 300s
START gemma-4b lmbd1000 GPUs=0,1,2,3 attempt=2179 2026-08-04T10:32:28-04:00
FAILED gemma-4b lmbd1000 attempt=2179; retrying in 300s
START gemma-4b lmbd1000 GPUs=0,1,2,3 attempt=2180 2026-08-04T10:37:33-04:00
FAILED gemma-4b lmbd1000 attempt=2180; retrying in 300s
START gemma-4b lmbd1000 GPUs=0,1,2,3 attempt=2181 2026-08-04T10:42:38-04:00
FAILED gemma-4b lmbd1000 attempt=2181; retrying in 300s
START gemma-4b lmbd1000 GPUs=0,1,2,3 attempt=2182 2026-08-04T10:47:43-04:00
FAILED gemma-4b lmbd1000 attempt=2182; retrying in 300s
START gemma-4b lmbd1000 GPUs=0,1,2,3 attempt=2183 2026-08-04T10:52:48-04:00
FAILED gemma-4b lmbd1000 attempt=2183; retrying in 300s
START gemma-4b lmbd1000 GPUs=0,1,2,3 attempt=2184 2026-08-04T10:57:53-04:00
FAILED gemma-4b lmbd1000 attempt=2184; retrying in 300s
START gemma-4b lmbd1000 GPUs=0,1,2,3 attempt=2185 2026-08-04T11:02:58-04:00
FAILED gemma-4b lmbd1000 attempt=2185; retrying in 300s
START gemma-4b lmbd1000 GPUs=0,1,2,3 attempt=2186 2026-08-04T11:08:03-04:00
FAILED gemma-4b lmbd1000 attempt=2186; retrying in 300s
START gemma-4b lmbd1000 GPUs=0,1,2,3 attempt=2187 2026-08-04T11:13:08-04:00
FAILED gemma-4b lmbd1000 attempt=2187; retrying in 300s
START gemma-4b lmbd1000 GPUs=0,1,2,3 attempt=2188 2026-08-04T11:18:13-04:00
FAILED gemma-4b lmbd1000 attempt=2188; retrying in 300s
START gemma-4b lmbd1000 GPUs=0,1,2,3 attempt=2189 2026-08-04T11:23:18-04:00
FAILED gemma-4b lmbd1000 attempt=2189; retrying in 300s
START gemma-4b lmbd1000 GPUs=0,1,2,3 attempt=2190 2026-08-04T11:28:23-04:00
FAILED gemma-4b lmbd1000 attempt=2190; retrying in 300s
START gemma-4b lmbd1000 GPUs=0,1,2,3 attempt=2191 2026-08-04T11:33:28-04:00
FAILED gemma-4b lmbd1000 attempt=2191; retrying in 300s
START gemma-4b lmbd1000 GPUs=0,1,2,3 attempt=2192 2026-08-04T11:38:33-04:00
FAILED gemma-4b lmbd1000 attempt=2192; retrying in 300s
START gemma-4b lmbd1000 GPUs=0,1,2,3 attempt=2193 2026-08-04T11:43:38-04:00
FAILED gemma-4b lmbd1000 attempt=2193; retrying in 300s
START gemma-4b lmbd1000 GPUs=0,1,2,3 attempt=2194 2026-08-04T11:48:43-04:00
FAILED gemma-4b lmbd1000 attempt=2194; retrying in 300s
START gemma-4b lmbd1000 GPUs=0,1,2,3 attempt=2195 2026-08-04T11:53:48-04:00
FAILED gemma-4b lmbd1000 attempt=2195; retrying in 300s
START gemma-4b lmbd1000 GPUs=0,1,2,3 attempt=2196 2026-08-04T11:58:53-04:00
FAILED gemma-4b lmbd1000 attempt=2196; retrying in 300s
START gemma-4b lmbd1000 GPUs=0,1,2,3 attempt=2197 2026-08-04T12:03:58-04:00
FAILED gemma-4b lmbd1000 attempt=2197; retrying in 300s
START gemma-4b lmbd1000 GPUs=0,1,2,3 attempt=2198 2026-08-04T12:09:04-04:00
FAILED gemma-4b lmbd1000 attempt=2198; retrying in 300s
START gemma-4b lmbd1000 GPUs=0,1,2,3 attempt=2199 2026-08-04T12:14:09-04:00
FAILED gemma-4b lmbd1000 attempt=2199; retrying in 300s
START gemma-4b lmbd1000 GPUs=0,1,2,3 attempt=2200 2026-08-04T12:19:14-04:00
FAILED gemma-4b lmbd1000 attempt=2200; retrying in 300s
START gemma-4b lmbd1000 GPUs=0,1,2,3 attempt=2201 2026-08-04T12:24:19-04:00
FAILED gemma-4b lmbd1000 attempt=2201; retrying in 300s
START gemma-4b lmbd1000 GPUs=0,1,2,3 attempt=2202 2026-08-04T12:29:24-04:00
FAILED gemma-4b lmbd1000 attempt=2202; retrying in 300s
START gemma-4b lmbd1000 GPUs=0,1,2,3 attempt=2203 2026-08-04T12:34:29-04:00
FAILED gemma-4b lmbd1000 attempt=2203; retrying in 300s
START gemma-4b lmbd1000 GPUs=0,1,2,3 attempt=2204 2026-08-04T12:39:34-04:00
FAILED gemma-4b lmbd1000 attempt=2204; retrying in 300s
START gemma-4b lmbd1000 GPUs=0,1,2,3 attempt=2205 2026-08-04T12:44:39-04:00
FAILED gemma-4b lmbd1000 attempt=2205; retrying in 300s
START gemma-4b lmbd1000 GPUs=0,1,2,3 attempt=2206 2026-08-04T12:49:44-04:00
FAILED gemma-4b lmbd1000 attempt=2206; retrying in 300s
START gemma-4b lmbd1000 GPUs=0,1,2,3 attempt=2207 2026-08-04T12:54:49-04:00
FAILED gemma-4b lmbd1000 attempt=2207; retrying in 300s
START gemma-4b lmbd1000 GPUs=0,1,2,3 attempt=2208 2026-08-04T12:59:54-04:00
FAILED gemma-4b lmbd1000 attempt=2208; retrying in 300s
START gemma-4b lmbd1000 GPUs=0,1,2,3 attempt=2209 2026-08-04T13:04:59-04:00
FAILED gemma-4b lmbd1000 attempt=2209; retrying in 300s
START gemma-4b lmbd1000 GPUs=0,1,2,3 attempt=2210 2026-08-04T13:10:04-04:00
FAILED gemma-4b lmbd1000 attempt=2210; retrying in 300s
START gemma-4b lmbd1000 GPUs=0,1,2,3 attempt=2211 2026-08-04T13:15:09-04:00
FAILED gemma-4b lmbd1000 attempt=2211; retrying in 300s
START gemma-4b lmbd1000 GPUs=0,1,2,3 attempt=2212 2026-08-04T13:20:14-04:00
FAILED gemma-4b lmbd1000 attempt=2212; retrying in 300s
START gemma-4b lmbd1000 GPUs=0,1,2,3 attempt=2213 2026-08-04T13:25:19-04:00
FAILED gemma-4b lmbd1000 attempt=2213; retrying in 300s
START gemma-4b lmbd1000 GPUs=0,1,2,3 attempt=2214 2026-08-04T13:30:24-04:00
FAILED gemma-4b lmbd1000 attempt=2214; retrying in 300s
START gemma-4b lmbd1000 GPUs=0,1,2,3 attempt=2215 2026-08-04T13:35:29-04:00
FAILED gemma-4b lmbd1000 attempt=2215; retrying in 300s
START gemma-4b lmbd1000 GPUs=0,1,2,3 attempt=2216 2026-08-04T13:40:35-04:00
FAILED gemma-4b lmbd1000 attempt=2216; retrying in 300s
START gemma-4b lmbd1000 GPUs=0,1,2,3 attempt=2217 2026-08-04T13:45:40-04:00
FAILED gemma-4b lmbd1000 attempt=2217; retrying in 300s
START gemma-4b lmbd1000 GPUs=0,1,2,3 attempt=2218 2026-08-04T13:50:45-04:00
FAILED gemma-4b lmbd1000 attempt=2218; retrying in 300s
START gemma-4b lmbd1000 GPUs=0,1,2,3 attempt=2219 2026-08-04T13:55:50-04:00
FAILED gemma-4b lmbd1000 attempt=2219; retrying in 300s
START gemma-4b lmbd1000 GPUs=0,1,2,3 attempt=2220 2026-08-04T14:00:55-04:00
FAILED gemma-4b lmbd1000 attempt=2220; retrying in 300s
START gemma-4b lmbd1000 GPUs=0,1,2,3 attempt=2221 2026-08-04T14:06:00-04:00
FAILED gemma-4b lmbd1000 attempt=2221; retrying in 300s
START gemma-4b lmbd1000 GPUs=0,1,2,3 attempt=2222 2026-08-04T14:11:05-04:00
FAILED gemma-4b lmbd1000 attempt=2222; retrying in 300s
START gemma-4b lmbd1000 GPUs=0,1,2,3 attempt=2223 2026-08-04T14:16:10-04:00
FAILED gemma-4b lmbd1000 attempt=2223; retrying in 300s
START gemma-4b lmbd1000 GPUs=0,1,2,3 attempt=2224 2026-08-04T14:21:15-04:00
FAILED gemma-4b lmbd1000 attempt=2224; retrying in 300s
START gemma-4b lmbd1000 GPUs=0,1,2,3 attempt=2225 2026-08-04T14:26:20-04:00
FAILED gemma-4b lmbd1000 attempt=2225; retrying in 300s
START gemma-4b lmbd1000 GPUs=0,1,2,3 attempt=2226 2026-08-04T14:31:25-04:00
FAILED gemma-4b lmbd1000 attempt=2226; retrying in 300s
START gemma-4b lmbd1000 GPUs=0,1,2,3 attempt=2227 2026-08-04T14:36:30-04:00
FAILED gemma-4b lmbd1000 attempt=2227; retrying in 300s
START gemma-4b lmbd1000 GPUs=0,1,2,3 attempt=2228 2026-08-04T14:41:35-04:00
FAILED gemma-4b lmbd1000 attempt=2228; retrying in 300s
START gemma-4b lmbd1000 GPUs=0,1,2,3 attempt=2229 2026-08-04T14:46:40-04:00
FAILED gemma-4b lmbd1000 attempt=2229; retrying in 300s
START gemma-4b lmbd1000 GPUs=0,1,2,3 attempt=2230 2026-08-04T14:51:45-04:00
FAILED gemma-4b lmbd1000 attempt=2230; retrying in 300s
START gemma-4b lmbd1000 GPUs=0,1,2,3 attempt=2231 2026-08-04T14:56:50-04:00
FAILED gemma-4b lmbd1000 attempt=2231; retrying in 300s
START gemma-4b lmbd1000 GPUs=0,1,2,3 attempt=2232 2026-08-04T15:01:55-04:00
FAILED gemma-4b lmbd1000 attempt=2232; retrying in 300s
START gemma-4b lmbd1000 GPUs=0,1,2,3 attempt=2233 2026-08-04T15:07:01-04:00
FAILED gemma-4b lmbd1000 attempt=2233; retrying in 300s
START gemma-4b lmbd1000 GPUs=0,1,2,3 attempt=2234 2026-08-04T15:12:06-04:00
FAILED gemma-4b lmbd1000 attempt=2234; retrying in 300s
START gemma-4b lmbd1000 GPUs=0,1,2,3 attempt=2235 2026-08-04T15:17:11-04:00
FAILED gemma-4b lmbd1000 attempt=2235; retrying in 300s
START gemma-4b lmbd1000 GPUs=0,1,2,3 attempt=2236 2026-08-04T15:22:16-04:00
FAILED gemma-4b lmbd1000 attempt=2236; retrying in 300s
START gemma-4b lmbd1000 GPUs=0,1,2,3 attempt=2237 2026-08-04T15:27:21-04:00
FAILED gemma-4b lmbd1000 attempt=2237; retrying in 300s
START gemma-4b lmbd1000 GPUs=0,1,2,3 attempt=2238 2026-08-04T15:32:26-04:00
FAILED gemma-4b lmbd1000 attempt=2238; retrying in 300s
START gemma-4b lmbd1000 GPUs=0,1,2,3 attempt=2239 2026-08-04T15:37:31-04:00
FAILED gemma-4b lmbd1000 attempt=2239; retrying in 300s
START gemma-4b lmbd1000 GPUs=0,1,2,3 attempt=2240 2026-08-04T15:42:36-04:00
FAILED gemma-4b lmbd1000 attempt=2240; retrying in 300s
START gemma-4b lmbd1000 GPUs=0,1,2,3 attempt=2241 2026-08-04T15:47:41-04:00
FAILED gemma-4b lmbd1000 attempt=2241; retrying in 300s
START gemma-4b lmbd1000 GPUs=0,1,2,3 attempt=2242 2026-08-04T15:52:46-04:00
FAILED gemma-4b lmbd1000 attempt=2242; retrying in 300s
START gemma-4b lmbd1000 GPUs=0,1,2,3 attempt=2243 2026-08-04T15:57:51-04:00
FAILED gemma-4b lmbd1000 attempt=2243; retrying in 300s
START gemma-4b lmbd1000 GPUs=0,1,2,3 attempt=2244 2026-08-04T16:02:56-04:00
FAILED gemma-4b lmbd1000 attempt=2244; retrying in 300s
START gemma-4b lmbd1000 GPUs=0,1,2,3 attempt=2245 2026-08-04T16:08:01-04:00
FAILED gemma-4b lmbd1000 attempt=2245; retrying in 300s
START gemma-4b lmbd1000 GPUs=0,1,2,3 attempt=2246 2026-08-04T16:13:06-04:00
FAILED gemma-4b lmbd1000 attempt=2246; retrying in 300s
START gemma-4b lmbd1000 GPUs=0,1,2,3 attempt=2247 2026-08-04T16:18:11-04:00
FAILED gemma-4b lmbd1000 attempt=2247; retrying in 300s
START gemma-4b lmbd1000 GPUs=0,1,2,3 attempt=2248 2026-08-04T16:23:17-04:00
FAILED gemma-4b lmbd1000 attempt=2248; retrying in 300s
START gemma-4b lmbd1000 GPUs=0,1,2,3 attempt=2249 2026-08-04T16:28:22-04:00
FAILED gemma-4b lmbd1000 attempt=2249; retrying in 300s
START gemma-4b lmbd1000 GPUs=0,1,2,3 attempt=2250 2026-08-04T16:33:27-04:00
FAILED gemma-4b lmbd1000 attempt=2250; retrying in 300s
START gemma-4b lmbd1000 GPUs=0,1,2,3 attempt=2251 2026-08-04T16:38:32-04:00
FAILED gemma-4b lmbd1000 attempt=2251; retrying in 300s
START gemma-4b lmbd1000 GPUs=0,1,2,3 attempt=2252 2026-08-04T16:43:37-04:00
FAILED gemma-4b lmbd1000 attempt=2252; retrying in 300s
START gemma-4b lmbd1000 GPUs=0,1,2,3 attempt=2253 2026-08-04T16:48:42-04:00
FAILED gemma-4b lmbd1000 attempt=2253; retrying in 300s
START gemma-4b lmbd1000 GPUs=0,1,2,3 attempt=2254 2026-08-04T16:53:47-04:00
FAILED gemma-4b lmbd1000 attempt=2254; retrying in 300s
START gemma-4b lmbd1000 GPUs=0,1,2,3 attempt=2255 2026-08-04T16:58:52-04:00
FAILED gemma-4b lmbd1000 attempt=2255; retrying in 300s
START gemma-4b lmbd1000 GPUs=0,1,2,3 attempt=2256 2026-08-04T17:03:57-04:00
FAILED gemma-4b lmbd1000 attempt=2256; retrying in 300s
START gemma-4b lmbd1000 GPUs=0,1,2,3 attempt=2257 2026-08-04T17:09:02-04:00
FAILED gemma-4b lmbd1000 attempt=2257; retrying in 300s
START gemma-4b lmbd1000 GPUs=0,1,2,3 attempt=2258 2026-08-04T17:14:07-04:00
FAILED gemma-4b lmbd1000 attempt=2258; retrying in 300s
START gemma-4b lmbd1000 GPUs=0,1,2,3 attempt=2259 2026-08-04T17:19:12-04:00
FAILED gemma-4b lmbd1000 attempt=2259; retrying in 300s
START gemma-4b lmbd1000 GPUs=0,1,2,3 attempt=2260 2026-08-04T17:24:17-04:00
FAILED gemma-4b lmbd1000 attempt=2260; retrying in 300s
START gemma-4b lmbd1000 GPUs=0,1,2,3 attempt=2261 2026-08-04T17:29:22-04:00
FAILED gemma-4b lmbd1000 attempt=2261; retrying in 300s
START gemma-4b lmbd1000 GPUs=0,1,2,3 attempt=2262 2026-08-04T17:34:27-04:00
FAILED gemma-4b lmbd1000 attempt=2262; retrying in 300s
START gemma-4b lmbd1000 GPUs=0,1,2,3 attempt=2263 2026-08-04T17:39:32-04:00
FAILED gemma-4b lmbd1000 attempt=2263; retrying in 300s
START gemma-4b lmbd1000 GPUs=0,1,2,3 attempt=2264 2026-08-04T17:44:37-04:00
FAILED gemma-4b lmbd1000 attempt=2264; retrying in 300s
START gemma-4b lmbd1000 GPUs=0,1,2,3 attempt=2265 2026-08-04T17:49:42-04:00
FAILED gemma-4b lmbd1000 attempt=2265; retrying in 300s
START gemma-4b lmbd1000 GPUs=0,1,2,3 attempt=2266 2026-08-04T17:54:47-04:00
FAILED gemma-4b lmbd1000 attempt=2266; retrying in 300s
START gemma-4b lmbd1000 GPUs=0,1,2,3 attempt=2267 2026-08-04T17:59:52-04:00
FAILED gemma-4b lmbd1000 attempt=2267; retrying in 300s
START gemma-4b lmbd1000 GPUs=0,1,2,3 attempt=2268 2026-08-04T18:04:57-04:00
FAILED gemma-4b lmbd1000 attempt=2268; retrying in 300s
START gemma-4b lmbd1000 GPUs=0,1,2,3 attempt=2269 2026-08-04T18:10:02-04:00
FAILED gemma-4b lmbd1000 attempt=2269; retrying in 300s
START gemma-4b lmbd1000 GPUs=0,1,2,3 attempt=2270 2026-08-04T18:15:07-04:00
FAILED gemma-4b lmbd1000 attempt=2270; retrying in 300s
START gemma-4b lmbd1000 GPUs=0,1,2,3 attempt=2271 2026-08-04T18:20:12-04:00
FAILED gemma-4b lmbd1000 attempt=2271; retrying in 300s
START gemma-4b lmbd1000 GPUs=0,1,2,3 attempt=2272 2026-08-04T18:25:17-04:00
FAILED gemma-4b lmbd1000 attempt=2272; retrying in 300s
START gemma-4b lmbd1000 GPUs=0,1,2,3 attempt=2273 2026-08-04T18:30:22-04:00
FAILED gemma-4b lmbd1000 attempt=2273; retrying in 300s
START gemma-4b lmbd1000 GPUs=0,1,2,3 attempt=2274 2026-08-04T18:35:27-04:00
FAILED gemma-4b lmbd1000 attempt=2274; retrying in 300s
START gemma-4b lmbd1000 GPUs=0,1,2,3 attempt=2275 2026-08-04T18:40:32-04:00
FAILED gemma-4b lmbd1000 attempt=2275; retrying in 300s
START gemma-4b lmbd1000 GPUs=0,1,2,3 attempt=2276 2026-08-04T18:45:37-04:00
FAILED gemma-4b lmbd1000 attempt=2276; retrying in 300s
START gemma-4b lmbd1000 GPUs=0,1,2,3 attempt=2277 2026-08-04T18:50:42-04:00
FAILED gemma-4b lmbd1000 attempt=2277; retrying in 300s
START gemma-4b lmbd1000 GPUs=0,1,2,3 attempt=2278 2026-08-04T18:55:48-04:00
FAILED gemma-4b lmbd1000 attempt=2278; retrying in 300s
START gemma-4b lmbd1000 GPUs=0,1,2,3 attempt=2279 2026-08-04T19:00:53-04:00
FAILED gemma-4b lmbd1000 attempt=2279; retrying in 300s
START gemma-4b lmbd1000 GPUs=0,1,2,3 attempt=2280 2026-08-04T19:05:58-04:00
FAILED gemma-4b lmbd1000 attempt=2280; retrying in 300s
START gemma-4b lmbd1000 GPUs=0,1,2,3 attempt=2281 2026-08-04T19:11:03-04:00
FAILED gemma-4b lmbd1000 attempt=2281; retrying in 300s
START gemma-4b lmbd1000 GPUs=0,1,2,3 attempt=2282 2026-08-04T19:16:08-04:00
FAILED gemma-4b lmbd1000 attempt=2282; retrying in 300s
START gemma-4b lmbd1000 GPUs=0,1,2,3 attempt=2283 2026-08-04T19:21:13-04:00
FAILED gemma-4b lmbd1000 attempt=2283; retrying in 300s
START gemma-4b lmbd1000 GPUs=0,1,2,3 attempt=2284 2026-08-04T19:26:18-04:00
FAILED gemma-4b lmbd1000 attempt=2284; retrying in 300s
START gemma-4b lmbd1000 GPUs=0,1,2,3 attempt=2285 2026-08-04T19:31:23-04:00
FAILED gemma-4b lmbd1000 attempt=2285; retrying in 300s
START gemma-4b lmbd1000 GPUs=0,1,2,3 attempt=2286 2026-08-04T19:36:28-04:00
FAILED gemma-4b lmbd1000 attempt=2286; retrying in 300s
START gemma-4b lmbd1000 GPUs=0,1,2,3 attempt=2287 2026-08-04T19:41:33-04:00
FAILED gemma-4b lmbd1000 attempt=2287; retrying in 300s
START gemma-4b lmbd1000 GPUs=0,1,2,3 attempt=2288 2026-08-04T19:46:38-04:00
FAILED gemma-4b lmbd1000 attempt=2288; retrying in 300s
START gemma-4b lmbd1000 GPUs=0,1,2,3 attempt=2289 2026-08-04T19:51:43-04:00
FAILED gemma-4b lmbd1000 attempt=2289; retrying in 300s
START gemma-4b lmbd1000 GPUs=0,1,2,3 attempt=2290 2026-08-04T19:56:48-04:00
FAILED gemma-4b lmbd1000 attempt=2290; retrying in 300s
START gemma-4b lmbd1000 GPUs=0,1,2,3 attempt=2291 2026-08-04T20:01:53-04:00
FAILED gemma-4b lmbd1000 attempt=2291; retrying in 300s
START gemma-4b lmbd1000 GPUs=0,1,2,3 attempt=2292 2026-08-04T20:06:58-04:00
FAILED gemma-4b lmbd1000 attempt=2292; retrying in 300s
START gemma-4b lmbd1000 GPUs=0,1,2,3 attempt=2293 2026-08-04T20:12:03-04:00
FAILED gemma-4b lmbd1000 attempt=2293; retrying in 300s
START gemma-4b lmbd1000 GPUs=0,1,2,3 attempt=2294 2026-08-04T20:17:08-04:00
FAILED gemma-4b lmbd1000 attempt=2294; retrying in 300s
START gemma-4b lmbd1000 GPUs=0,1,2,3 attempt=2295 2026-08-04T20:22:13-04:00
FAILED gemma-4b lmbd1000 attempt=2295; retrying in 300s
START gemma-4b lmbd1000 GPUs=0,1,2,3 attempt=2296 2026-08-04T20:27:18-04:00
FAILED gemma-4b lmbd1000 attempt=2296; retrying in 300s
START gemma-4b lmbd1000 GPUs=0,1,2,3 attempt=2297 2026-08-04T20:32:23-04:00
FAILED gemma-4b lmbd1000 attempt=2297; retrying in 300s
START gemma-4b lmbd1000 GPUs=0,1,2,3 attempt=2298 2026-08-04T20:37:28-04:00
FAILED gemma-4b lmbd1000 attempt=2298; retrying in 300s
START gemma-4b lmbd1000 GPUs=0,1,2,3 attempt=2299 2026-08-04T20:42:33-04:00
FAILED gemma-4b lmbd1000 attempt=2299; retrying in 300s
START gemma-4b lmbd1000 GPUs=0,1,2,3 attempt=2300 2026-08-04T20:47:38-04:00
FAILED gemma-4b lmbd1000 attempt=2300; retrying in 300s
START gemma-4b lmbd1000 GPUs=0,1,2,3 attempt=2301 2026-08-04T20:52:43-04:00
FAILED gemma-4b lmbd1000 attempt=2301; retrying in 300s
START gemma-4b lmbd1000 GPUs=0,1,2,3 attempt=2302 2026-08-04T20:57:48-04:00
FAILED gemma-4b lmbd1000 attempt=2302; retrying in 300s
START gemma-4b lmbd1000 GPUs=0,1,2,3 attempt=2303 2026-08-04T21:02:53-04:00
FAILED gemma-4b lmbd1000 attempt=2303; retrying in 300s
START gemma-4b lmbd1000 GPUs=0,1,2,3 attempt=2304 2026-08-04T21:07:58-04:00
FAILED gemma-4b lmbd1000 attempt=2304; retrying in 300s
START gemma-4b lmbd1000 GPUs=0,1,2,3 attempt=2305 2026-08-04T21:13:03-04:00
FAILED gemma-4b lmbd1000 attempt=2305; retrying in 300s
START gemma-4b lmbd1000 GPUs=0,1,2,3 attempt=2306 2026-08-04T21:18:08-04:00
FAILED gemma-4b lmbd1000 attempt=2306; retrying in 300s
START gemma-4b lmbd1000 GPUs=0,1,2,3 attempt=2307 2026-08-04T21:23:13-04:00
FAILED gemma-4b lmbd1000 attempt=2307; retrying in 300s
START gemma-4b lmbd1000 GPUs=0,1,2,3 attempt=2308 2026-08-04T21:28:18-04:00
FAILED gemma-4b lmbd1000 attempt=2308; retrying in 300s
START gemma-4b lmbd1000 GPUs=0,1,2,3 attempt=2309 2026-08-04T21:33:24-04:00
FAILED gemma-4b lmbd1000 attempt=2309; retrying in 300s
START gemma-4b lmbd1000 GPUs=0,1,2,3 attempt=2310 2026-08-04T21:38:29-04:00
FAILED gemma-4b lmbd1000 attempt=2310; retrying in 300s
START gemma-4b lmbd1000 GPUs=0,1,2,3 attempt=2311 2026-08-04T21:43:34-04:00
FAILED gemma-4b lmbd1000 attempt=2311; retrying in 300s
START gemma-4b lmbd1000 GPUs=0,1,2,3 attempt=2312 2026-08-04T21:48:39-04:00
FAILED gemma-4b lmbd1000 attempt=2312; retrying in 300s
START gemma-4b lmbd1000 GPUs=0,1,2,3 attempt=2313 2026-08-04T21:53:44-04:00
FAILED gemma-4b lmbd1000 attempt=2313; retrying in 300s
START gemma-4b lmbd1000 GPUs=0,1,2,3 attempt=2314 2026-08-04T21:58:49-04:00
FAILED gemma-4b lmbd1000 attempt=2314; retrying in 300s
START gemma-4b lmbd1000 GPUs=0,1,2,3 attempt=2315 2026-08-04T22:03:54-04:00
FAILED gemma-4b lmbd1000 attempt=2315; retrying in 300s
START gemma-4b lmbd1000 GPUs=0,1,2,3 attempt=2316 2026-08-04T22:08:59-04:00
FAILED gemma-4b lmbd1000 attempt=2316; retrying in 300s
START gemma-4b lmbd1000 GPUs=0,1,2,3 attempt=2317 2026-08-04T22:14:04-04:00
FAILED gemma-4b lmbd1000 attempt=2317; retrying in 300s
START gemma-4b lmbd1000 GPUs=0,1,2,3 attempt=2318 2026-08-04T22:19:09-04:00
FAILED gemma-4b lmbd1000 attempt=2318; retrying in 300s
START gemma-4b lmbd1000 GPUs=0,1,2,3 attempt=2319 2026-08-04T22:24:14-04:00
FAILED gemma-4b lmbd1000 attempt=2319; retrying in 300s
START gemma-4b lmbd1000 GPUs=0,1,2,3 attempt=2320 2026-08-04T22:29:19-04:00
FAILED gemma-4b lmbd1000 attempt=2320; retrying in 300s
START gemma-4b lmbd1000 GPUs=0,1,2,3 attempt=2321 2026-08-04T22:34:24-04:00
FAILED gemma-4b lmbd1000 attempt=2321; retrying in 300s
START gemma-4b lmbd1000 GPUs=0,1,2,3 attempt=2322 2026-08-04T22:39:29-04:00
FAILED gemma-4b lmbd1000 attempt=2322; retrying in 300s
START gemma-4b lmbd1000 GPUs=0,1,2,3 attempt=2323 2026-08-04T22:44:35-04:00
FAILED gemma-4b lmbd1000 attempt=2323; retrying in 300s
START gemma-4b lmbd1000 GPUs=0,1,2,3 attempt=2324 2026-08-04T22:49:40-04:00
FAILED gemma-4b lmbd1000 attempt=2324; retrying in 300s
START gemma-4b lmbd1000 GPUs=0,1,2,3 attempt=2325 2026-08-04T22:54:45-04:00
FAILED gemma-4b lmbd1000 attempt=2325; retrying in 300s
START gemma-4b lmbd1000 GPUs=0,1,2,3 attempt=2326 2026-08-04T22:59:50-04:00
FAILED gemma-4b lmbd1000 attempt=2326; retrying in 300s
START gemma-4b lmbd1000 GPUs=0,1,2,3 attempt=2327 2026-08-04T23:04:55-04:00
FAILED gemma-4b lmbd1000 attempt=2327; retrying in 300s
START gemma-4b lmbd1000 GPUs=0,1,2,3 attempt=2328 2026-08-04T23:10:00-04:00
FAILED gemma-4b lmbd1000 attempt=2328; retrying in 300s
START gemma-4b lmbd1000 GPUs=0,1,2,3 attempt=2329 2026-08-04T23:15:05-04:00
FAILED gemma-4b lmbd1000 attempt=2329; retrying in 300s
START gemma-4b lmbd1000 GPUs=0,1,2,3 attempt=2330 2026-08-04T23:20:10-04:00
FAILED gemma-4b lmbd1000 attempt=2330; retrying in 300s
START gemma-4b lmbd1000 GPUs=0,1,2,3 attempt=2331 2026-08-04T23:25:15-04:00
FAILED gemma-4b lmbd1000 attempt=2331; retrying in 300s
START gemma-4b lmbd1000 GPUs=0,1,2,3 attempt=2332 2026-08-04T23:30:20-04:00
FAILED gemma-4b lmbd1000 attempt=2332; retrying in 300s
START gemma-4b lmbd1000 GPUs=0,1,2,3 attempt=2333 2026-08-04T23:35:25-04:00
FAILED gemma-4b lmbd1000 attempt=2333; retrying in 300s
START gemma-4b lmbd1000 GPUs=0,1,2,3 attempt=2334 2026-08-04T23:40:30-04:00
FAILED gemma-4b lmbd1000 attempt=2334; retrying in 300s
START gemma-4b lmbd1000 GPUs=0,1,2,3 attempt=2335 2026-08-04T23:45:35-04:00
FAILED gemma-4b lmbd1000 attempt=2335; retrying in 300s
START gemma-4b lmbd1000 GPUs=0,1,2,3 attempt=2336 2026-08-04T23:50:40-04:00
FAILED gemma-4b lmbd1000 attempt=2336; retrying in 300s
START gemma-4b lmbd1000 GPUs=0,1,2,3 attempt=2337 2026-08-04T23:55:45-04:00
FAILED gemma-4b lmbd1000 attempt=2337; retrying in 300s
START gemma-4b lmbd1000 GPUs=0,1,2,3 attempt=2338 2026-08-05T00:00:51-04:00
FAILED gemma-4b lmbd1000 attempt=2338; retrying in 300s
START gemma-4b lmbd1000 GPUs=0,1,2,3 attempt=2339 2026-08-05T00:05:56-04:00
FAILED gemma-4b lmbd1000 attempt=2339; retrying in 300s
START gemma-4b lmbd1000 GPUs=0,1,2,3 attempt=2340 2026-08-05T00:11:01-04:00
FAILED gemma-4b lmbd1000 attempt=2340; retrying in 300s
START gemma-4b lmbd1000 GPUs=0,1,2,3 attempt=2341 2026-08-05T00:16:06-04:00
FAILED gemma-4b lmbd1000 attempt=2341; retrying in 300s
START gemma-4b lmbd1000 GPUs=0,1,2,3 attempt=2342 2026-08-05T00:21:11-04:00
FAILED gemma-4b lmbd1000 attempt=2342; retrying in 300s
START gemma-4b lmbd1000 GPUs=0,1,2,3 attempt=2343 2026-08-05T00:26:16-04:00
FAILED gemma-4b lmbd1000 attempt=2343; retrying in 300s
START gemma-4b lmbd1000 GPUs=0,1,2,3 attempt=2344 2026-08-05T00:31:21-04:00
FAILED gemma-4b lmbd1000 attempt=2344; retrying in 300s
START gemma-4b lmbd1000 GPUs=0,1,2,3 attempt=2345 2026-08-05T00:36:26-04:00
FAILED gemma-4b lmbd1000 attempt=2345; retrying in 300s
START gemma-4b lmbd1000 GPUs=0,1,2,3 attempt=2346 2026-08-05T00:41:31-04:00
FAILED gemma-4b lmbd1000 attempt=2346; retrying in 300s
START gemma-4b lmbd1000 GPUs=0,1,2,3 attempt=2347 2026-08-05T00:46:36-04:00
FAILED gemma-4b lmbd1000 attempt=2347; retrying in 300s
START gemma-4b lmbd1000 GPUs=0,1,2,3 attempt=2348 2026-08-05T00:51:41-04:00
FAILED gemma-4b lmbd1000 attempt=2348; retrying in 300s
START gemma-4b lmbd1000 GPUs=0,1,2,3 attempt=2349 2026-08-05T00:56:46-04:00
FAILED gemma-4b lmbd1000 attempt=2349; retrying in 300s
START gemma-4b lmbd1000 GPUs=0,1,2,3 attempt=2350 2026-08-05T01:01:51-04:00
FAILED gemma-4b lmbd1000 attempt=2350; retrying in 300s
START gemma-4b lmbd1000 GPUs=0,1,2,3 attempt=2351 2026-08-05T01:06:56-04:00
FAILED gemma-4b lmbd1000 attempt=2351; retrying in 300s
START gemma-4b lmbd1000 GPUs=0,1,2,3 attempt=2352 2026-08-05T01:12:01-04:00
FAILED gemma-4b lmbd1000 attempt=2352; retrying in 300s
START gemma-4b lmbd1000 GPUs=0,1,2,3 attempt=2353 2026-08-05T01:17:06-04:00
FAILED gemma-4b lmbd1000 attempt=2353; retrying in 300s
START gemma-4b lmbd1000 GPUs=0,1,2,3 attempt=2354 2026-08-05T01:22:12-04:00
FAILED gemma-4b lmbd1000 attempt=2354; retrying in 300s
START gemma-4b lmbd1000 GPUs=0,1,2,3 attempt=2355 2026-08-05T01:27:17-04:00
FAILED gemma-4b lmbd1000 attempt=2355; retrying in 300s
START gemma-4b lmbd1000 GPUs=0,1,2,3 attempt=2356 2026-08-05T01:32:22-04:00
FAILED gemma-4b lmbd1000 attempt=2356; retrying in 300s
START gemma-4b lmbd1000 GPUs=0,1,2,3 attempt=2357 2026-08-05T01:37:27-04:00
FAILED gemma-4b lmbd1000 attempt=2357; retrying in 300s
START gemma-4b lmbd1000 GPUs=0,1,2,3 attempt=2358 2026-08-05T01:42:32-04:00
FAILED gemma-4b lmbd1000 attempt=2358; retrying in 300s
START gemma-4b lmbd1000 GPUs=0,1,2,3 attempt=2359 2026-08-05T01:47:37-04:00
FAILED gemma-4b lmbd1000 attempt=2359; retrying in 300s
START gemma-4b lmbd1000 GPUs=0,1,2,3 attempt=2360 2026-08-05T01:52:42-04:00
FAILED gemma-4b lmbd1000 attempt=2360; retrying in 300s
START gemma-4b lmbd1000 GPUs=0,1,2,3 attempt=2361 2026-08-05T01:57:47-04:00
FAILED gemma-4b lmbd1000 attempt=2361; retrying in 300s
START gemma-4b lmbd1000 GPUs=0,1,2,3 attempt=2362 2026-08-05T02:02:52-04:00
FAILED gemma-4b lmbd1000 attempt=2362; retrying in 300s
START gemma-4b lmbd1000 GPUs=0,1,2,3 attempt=2363 2026-08-05T02:07:57-04:00
FAILED gemma-4b lmbd1000 attempt=2363; retrying in 300s
START gemma-4b lmbd1000 GPUs=0,1,2,3 attempt=2364 2026-08-05T02:13:02-04:00
FAILED gemma-4b lmbd1000 attempt=2364; retrying in 300s
START gemma-4b lmbd1000 GPUs=0,1,2,3 attempt=2365 2026-08-05T02:18:07-04:00
FAILED gemma-4b lmbd1000 attempt=2365; retrying in 300s
START gemma-4b lmbd1000 GPUs=0,1,2,3 attempt=2366 2026-08-05T02:23:12-04:00
FAILED gemma-4b lmbd1000 attempt=2366; retrying in 300s
START gemma-4b lmbd1000 GPUs=0,1,2,3 attempt=2367 2026-08-05T02:28:17-04:00
FAILED gemma-4b lmbd1000 attempt=2367; retrying in 300s
START gemma-4b lmbd1000 GPUs=0,1,2,3 attempt=2368 2026-08-05T02:33:22-04:00
FAILED gemma-4b lmbd1000 attempt=2368; retrying in 300s
START gemma-4b lmbd1000 GPUs=0,1,2,3 attempt=2369 2026-08-05T02:38:28-04:00
FAILED gemma-4b lmbd1000 attempt=2369; retrying in 300s
START gemma-4b lmbd1000 GPUs=0,1,2,3 attempt=2370 2026-08-05T02:43:33-04:00
FAILED gemma-4b lmbd1000 attempt=2370; retrying in 300s
START gemma-4b lmbd1000 GPUs=0,1,2,3 attempt=2371 2026-08-05T02:48:38-04:00
FAILED gemma-4b lmbd1000 attempt=2371; retrying in 300s
START gemma-4b lmbd1000 GPUs=0,1,2,3 attempt=2372 2026-08-05T02:53:43-04:00
FAILED gemma-4b lmbd1000 attempt=2372; retrying in 300s
START gemma-4b lmbd1000 GPUs=0,1,2,3 attempt=2373 2026-08-05T02:58:48-04:00
FAILED gemma-4b lmbd1000 attempt=2373; retrying in 300s
START gemma-4b lmbd1000 GPUs=0,1,2,3 attempt=2374 2026-08-05T03:03:53-04:00
FAILED gemma-4b lmbd1000 attempt=2374; retrying in 300s
START gemma-4b lmbd1000 GPUs=0,1,2,3 attempt=2375 2026-08-05T03:08:58-04:00
FAILED gemma-4b lmbd1000 attempt=2375; retrying in 300s
START gemma-4b lmbd1000 GPUs=0,1,2,3 attempt=2376 2026-08-05T03:14:03-04:00
FAILED gemma-4b lmbd1000 attempt=2376; retrying in 300s
START gemma-4b lmbd1000 GPUs=0,1,2,3 attempt=2377 2026-08-05T03:19:08-04:00
FAILED gemma-4b lmbd1000 attempt=2377; retrying in 300s
START gemma-4b lmbd1000 GPUs=0,1,2,3 attempt=2378 2026-08-05T03:24:13-04:00
FAILED gemma-4b lmbd1000 attempt=2378; retrying in 300s
START gemma-4b lmbd1000 GPUs=0,1,2,3 attempt=2379 2026-08-05T03:29:18-04:00
FAILED gemma-4b lmbd1000 attempt=2379; retrying in 300s
START gemma-4b lmbd1000 GPUs=0,1,2,3 attempt=2380 2026-08-05T03:34:23-04:00
FAILED gemma-4b lmbd1000 attempt=2380; retrying in 300s
START gemma-4b lmbd1000 GPUs=0,1,2,3 attempt=2381 2026-08-05T03:39:28-04:00
FAILED gemma-4b lmbd1000 attempt=2381; retrying in 300s
START gemma-4b lmbd1000 GPUs=0,1,2,3 attempt=2382 2026-08-05T03:44:33-04:00
FAILED gemma-4b lmbd1000 attempt=2382; retrying in 300s
START gemma-4b lmbd1000 GPUs=0,1,2,3 attempt=2383 2026-08-05T03:49:38-04:00
FAILED gemma-4b lmbd1000 attempt=2383; retrying in 300s
START gemma-4b lmbd1000 GPUs=0,1,2,3 attempt=2384 2026-08-05T03:54:43-04:00
FAILED gemma-4b lmbd1000 attempt=2384; retrying in 300s
START gemma-4b lmbd1000 GPUs=0,1,2,3 attempt=2385 2026-08-05T03:59:49-04:00
FAILED gemma-4b lmbd1000 attempt=2385; retrying in 300s
START gemma-4b lmbd1000 GPUs=0,1,2,3 attempt=2386 2026-08-05T04:04:54-04:00
FAILED gemma-4b lmbd1000 attempt=2386; retrying in 300s
START gemma-4b lmbd1000 GPUs=0,1,2,3 attempt=2387 2026-08-05T04:09:59-04:00
FAILED gemma-4b lmbd1000 attempt=2387; retrying in 300s
START gemma-4b lmbd1000 GPUs=0,1,2,3 attempt=2388 2026-08-05T04:15:04-04:00
FAILED gemma-4b lmbd1000 attempt=2388; retrying in 300s
START gemma-4b lmbd1000 GPUs=0,1,2,3 attempt=2389 2026-08-05T04:20:09-04:00
FAILED gemma-4b lmbd1000 attempt=2389; retrying in 300s
START gemma-4b lmbd1000 GPUs=0,1,2,3 attempt=2390 2026-08-05T04:25:14-04:00
FAILED gemma-4b lmbd1000 attempt=2390; retrying in 300s
START gemma-4b lmbd1000 GPUs=0,1,2,3 attempt=2391 2026-08-05T04:30:19-04:00
FAILED gemma-4b lmbd1000 attempt=2391; retrying in 300s
START gemma-4b lmbd1000 GPUs=0,1,2,3 attempt=2392 2026-08-05T04:35:24-04:00
FAILED gemma-4b lmbd1000 attempt=2392; retrying in 300s
START gemma-4b lmbd1000 GPUs=0,1,2,3 attempt=2393 2026-08-05T04:40:29-04:00
FAILED gemma-4b lmbd1000 attempt=2393; retrying in 300s
START gemma-4b lmbd1000 GPUs=0,1,2,3 attempt=2394 2026-08-05T04:45:34-04:00
FAILED gemma-4b lmbd1000 attempt=2394; retrying in 300s
START gemma-4b lmbd1000 GPUs=0,1,2,3 attempt=2395 2026-08-05T04:50:39-04:00
FAILED gemma-4b lmbd1000 attempt=2395; retrying in 300s
START gemma-4b lmbd1000 GPUs=0,1,2,3 attempt=2396 2026-08-05T04:55:45-04:00
FAILED gemma-4b lmbd1000 attempt=2396; retrying in 300s
START gemma-4b lmbd1000 GPUs=0,1,2,3 attempt=2397 2026-08-05T05:00:50-04:00
FAILED gemma-4b lmbd1000 attempt=2397; retrying in 300s
START gemma-4b lmbd1000 GPUs=0,1,2,3 attempt=2398 2026-08-05T05:05:56-04:00
FAILED gemma-4b lmbd1000 attempt=2398; retrying in 300s
START gemma-4b lmbd1000 GPUs=0,1,2,3 attempt=2399 2026-08-05T05:11:01-04:00
FAILED gemma-4b lmbd1000 attempt=2399; retrying in 300s
START gemma-4b lmbd1000 GPUs=0,1,2,3 attempt=2400 2026-08-05T05:16:06-04:00
FAILED gemma-4b lmbd1000 attempt=2400; retrying in 300s
START gemma-4b lmbd1000 GPUs=0,1,2,3 attempt=2401 2026-08-05T05:21:11-04:00
FAILED gemma-4b lmbd1000 attempt=2401; retrying in 300s
START gemma-4b lmbd1000 GPUs=0,1,2,3 attempt=2402 2026-08-05T05:26:16-04:00
FAILED gemma-4b lmbd1000 attempt=2402; retrying in 300s
START gemma-4b lmbd1000 GPUs=0,1,2,3 attempt=2403 2026-08-05T05:31:21-04:00
FAILED gemma-4b lmbd1000 attempt=2403; retrying in 300s
START gemma-4b lmbd1000 GPUs=0,1,2,3 attempt=2404 2026-08-05T05:36:26-04:00
FAILED gemma-4b lmbd1000 attempt=2404; retrying in 300s
START gemma-4b lmbd1000 GPUs=0,1,2,3 attempt=2405 2026-08-05T05:41:31-04:00
FAILED gemma-4b lmbd1000 attempt=2405; retrying in 300s
START gemma-4b lmbd1000 GPUs=0,1,2,3 attempt=2406 2026-08-05T05:46:36-04:00
FAILED gemma-4b lmbd1000 attempt=2406; retrying in 300s
START gemma-4b lmbd1000 GPUs=0,1,2,3 attempt=2407 2026-08-05T05:51:41-04:00
FAILED gemma-4b lmbd1000 attempt=2407; retrying in 300s
START gemma-4b lmbd1000 GPUs=0,1,2,3 attempt=2408 2026-08-05T05:56:46-04:00
FAILED gemma-4b lmbd1000 attempt=2408; retrying in 300s
START gemma-4b lmbd1000 GPUs=0,1,2,3 attempt=2409 2026-08-05T06:01:51-04:00
FAILED gemma-4b lmbd1000 attempt=2409; retrying in 300s
START gemma-4b lmbd1000 GPUs=0,1,2,3 attempt=2410 2026-08-05T06:06:57-04:00
FAILED gemma-4b lmbd1000 attempt=2410; retrying in 300s
START gemma-4b lmbd1000 GPUs=0,1,2,3 attempt=2411 2026-08-05T06:12:02-04:00
FAILED gemma-4b lmbd1000 attempt=2411; retrying in 300s
START gemma-4b lmbd1000 GPUs=0,1,2,3 attempt=2412 2026-08-05T06:17:07-04:00
FAILED gemma-4b lmbd1000 attempt=2412; retrying in 300s
START gemma-4b lmbd1000 GPUs=0,1,2,3 attempt=2413 2026-08-05T06:22:12-04:00
FAILED gemma-4b lmbd1000 attempt=2413; retrying in 300s
START gemma-4b lmbd1000 GPUs=0,1,2,3 attempt=2414 2026-08-05T06:27:17-04:00
FAILED gemma-4b lmbd1000 attempt=2414; retrying in 300s
START gemma-4b lmbd1000 GPUs=0,1,2,3 attempt=2415 2026-08-05T06:32:22-04:00
FAILED gemma-4b lmbd1000 attempt=2415; retrying in 300s
START gemma-4b lmbd1000 GPUs=0,1,2,3 attempt=2416 2026-08-05T06:37:27-04:00
FAILED gemma-4b lmbd1000 attempt=2416; retrying in 300s
START gemma-4b lmbd1000 GPUs=0,1,2,3 attempt=2417 2026-08-05T06:42:32-04:00
FAILED gemma-4b lmbd1000 attempt=2417; retrying in 300s
START gemma-4b lmbd1000 GPUs=0,1,2,3 attempt=2418 2026-08-05T06:47:37-04:00
FAILED gemma-4b lmbd1000 attempt=2418; retrying in 300s
START gemma-4b lmbd1000 GPUs=0,1,2,3 attempt=2419 2026-08-05T06:52:42-04:00
FAILED gemma-4b lmbd1000 attempt=2419; retrying in 300s
START gemma-4b lmbd1000 GPUs=0,1,2,3 attempt=2420 2026-08-05T06:57:47-04:00
FAILED gemma-4b lmbd1000 attempt=2420; retrying in 300s
START gemma-4b lmbd1000 GPUs=0,1,2,3 attempt=2421 2026-08-05T07:02:52-04:00
FAILED gemma-4b lmbd1000 attempt=2421; retrying in 300s
START gemma-4b lmbd1000 GPUs=0,1,2,3 attempt=2422 2026-08-05T07:07:57-04:00
FAILED gemma-4b lmbd1000 attempt=2422; retrying in 300s
START gemma-4b lmbd1000 GPUs=0,1,2,3 attempt=2423 2026-08-05T07:13:02-04:00
FAILED gemma-4b lmbd1000 attempt=2423; retrying in 300s
START gemma-4b lmbd1000 GPUs=0,1,2,3 attempt=2424 2026-08-05T07:18:08-04:00
FAILED gemma-4b lmbd1000 attempt=2424; retrying in 300s
START gemma-4b lmbd1000 GPUs=0,1,2,3 attempt=2425 2026-08-05T07:23:13-04:00
FAILED gemma-4b lmbd1000 attempt=2425; retrying in 300s
START gemma-4b lmbd1000 GPUs=0,1,2,3 attempt=2426 2026-08-05T07:28:18-04:00
FAILED gemma-4b lmbd1000 attempt=2426; retrying in 300s
START gemma-4b lmbd1000 GPUs=0,1,2,3 attempt=2427 2026-08-05T07:33:23-04:00
FAILED gemma-4b lmbd1000 attempt=2427; retrying in 300s
START gemma-4b lmbd1000 GPUs=0,1,2,3 attempt=2428 2026-08-05T07:38:28-04:00
FAILED gemma-4b lmbd1000 attempt=2428; retrying in 300s
START gemma-4b lmbd1000 GPUs=0,1,2,3 attempt=2429 2026-08-05T07:43:33-04:00
FAILED gemma-4b lmbd1000 attempt=2429; retrying in 300s
START gemma-4b lmbd1000 GPUs=0,1,2,3 attempt=2430 2026-08-05T07:48:38-04:00
FAILED gemma-4b lmbd1000 attempt=2430; retrying in 300s
START gemma-4b lmbd1000 GPUs=0,1,2,3 attempt=2431 2026-08-05T07:53:43-04:00
FAILED gemma-4b lmbd1000 attempt=2431; retrying in 300s
START gemma-4b lmbd1000 GPUs=0,1,2,3 attempt=2432 2026-08-05T07:58:48-04:00
FAILED gemma-4b lmbd1000 attempt=2432; retrying in 300s
START gemma-4b lmbd1000 GPUs=0,1,2,3 attempt=2433 2026-08-05T08:03:53-04:00
FAILED gemma-4b lmbd1000 attempt=2433; retrying in 300s
START gemma-4b lmbd1000 GPUs=0,1,2,3 attempt=2434 2026-08-05T08:08:58-04:00
FAILED gemma-4b lmbd1000 attempt=2434; retrying in 300s
START gemma-4b lmbd1000 GPUs=0,1,2,3 attempt=2435 2026-08-05T08:14:03-04:00
FAILED gemma-4b lmbd1000 attempt=2435; retrying in 300s
START gemma-4b lmbd1000 GPUs=0,1,2,3 attempt=2436 2026-08-05T08:19:08-04:00
FAILED gemma-4b lmbd1000 attempt=2436; retrying in 300s
START gemma-4b lmbd1000 GPUs=0,1,2,3 attempt=2437 2026-08-05T08:24:13-04:00
FAILED gemma-4b lmbd1000 attempt=2437; retrying in 300s
START gemma-4b lmbd1000 GPUs=0,1,2,3 attempt=2438 2026-08-05T08:29:18-04:00
FAILED gemma-4b lmbd1000 attempt=2438; retrying in 300s
START gemma-4b lmbd1000 GPUs=0,1,2,3 attempt=2439 2026-08-05T08:34:24-04:00
FAILED gemma-4b lmbd1000 attempt=2439; retrying in 300s
START gemma-4b lmbd1000 GPUs=0,1,2,3 attempt=2440 2026-08-05T08:39:29-04:00
FAILED gemma-4b lmbd1000 attempt=2440; retrying in 300s
START gemma-4b lmbd1000 GPUs=0,1,2,3 attempt=2441 2026-08-05T08:44:34-04:00
FAILED gemma-4b lmbd1000 attempt=2441; retrying in 300s
START gemma-4b lmbd1000 GPUs=0,1,2,3 attempt=2442 2026-08-05T08:49:39-04:00
FAILED gemma-4b lmbd1000 attempt=2442; retrying in 300s
START gemma-4b lmbd1000 GPUs=0,1,2,3 attempt=2443 2026-08-05T08:54:44-04:00
FAILED gemma-4b lmbd1000 attempt=2443; retrying in 300s
START gemma-4b lmbd1000 GPUs=0,1,2,3 attempt=2444 2026-08-05T08:59:49-04:00
FAILED gemma-4b lmbd1000 attempt=2444; retrying in 300s
START gemma-4b lmbd1000 GPUs=0,1,2,3 attempt=2445 2026-08-05T09:04:54-04:00
FAILED gemma-4b lmbd1000 attempt=2445; retrying in 300s
START gemma-4b lmbd1000 GPUs=0,1,2,3 attempt=2446 2026-08-05T09:09:59-04:00
FAILED gemma-4b lmbd1000 attempt=2446; retrying in 300s
START gemma-4b lmbd1000 GPUs=0,1,2,3 attempt=2447 2026-08-05T09:15:04-04:00
FAILED gemma-4b lmbd1000 attempt=2447; retrying in 300s
START gemma-4b lmbd1000 GPUs=0,1,2,3 attempt=2448 2026-08-05T09:20:09-04:00
FAILED gemma-4b lmbd1000 attempt=2448; retrying in 300s
START gemma-4b lmbd1000 GPUs=0,1,2,3 attempt=2449 2026-08-05T09:25:14-04:00
FAILED gemma-4b lmbd1000 attempt=2449; retrying in 300s
START gemma-4b lmbd1000 GPUs=0,1,2,3 attempt=2450 2026-08-05T09:30:19-04:00
FAILED gemma-4b lmbd1000 attempt=2450; retrying in 300s
START gemma-4b lmbd1000 GPUs=0,1,2,3 attempt=2451 2026-08-05T09:35:24-04:00
FAILED gemma-4b lmbd1000 attempt=2451; retrying in 300s
START gemma-4b lmbd1000 GPUs=0,1,2,3 attempt=2452 2026-08-05T09:40:29-04:00
FAILED gemma-4b lmbd1000 attempt=2452; retrying in 300s
START gemma-4b lmbd1000 GPUs=0,1,2,3 attempt=2453 2026-08-05T09:45:34-04:00
FAILED gemma-4b lmbd1000 attempt=2453; retrying in 300s
START gemma-4b lmbd1000 GPUs=0,1,2,3 attempt=2454 2026-08-05T09:50:40-04:00
FAILED gemma-4b lmbd1000 attempt=2454; retrying in 300s
START gemma-4b lmbd1000 GPUs=0,1,2,3 attempt=2455 2026-08-05T09:55:45-04:00
FAILED gemma-4b lmbd1000 attempt=2455; retrying in 300s
START gemma-4b lmbd1000 GPUs=0,1,2,3 attempt=2456 2026-08-05T10:00:50-04:00
FAILED gemma-4b lmbd1000 attempt=2456; retrying in 300s
START gemma-4b lmbd1000 GPUs=0,1,2,3 attempt=2457 2026-08-05T10:05:55-04:00
FAILED gemma-4b lmbd1000 attempt=2457; retrying in 300s
START gemma-4b lmbd1000 GPUs=0,1,2,3 attempt=2458 2026-08-05T10:11:00-04:00
FAILED gemma-4b lmbd1000 attempt=2458; retrying in 300s
START gemma-4b lmbd1000 GPUs=0,1,2,3 attempt=2459 2026-08-05T10:16:05-04:00
FAILED gemma-4b lmbd1000 attempt=2459; retrying in 300s
START gemma-4b lmbd1000 GPUs=0,1,2,3 attempt=2460 2026-08-05T10:21:10-04:00
FAILED gemma-4b lmbd1000 attempt=2460; retrying in 300s
START gemma-4b lmbd1000 GPUs=0,1,2,3 attempt=2461 2026-08-05T10:26:15-04:00
FAILED gemma-4b lmbd1000 attempt=2461; retrying in 300s
START gemma-4b lmbd1000 GPUs=0,1,2,3 attempt=2462 2026-08-05T10:31:20-04:00
FAILED gemma-4b lmbd1000 attempt=2462; retrying in 300s
START gemma-4b lmbd1000 GPUs=0,1,2,3 attempt=2463 2026-08-05T10:36:25-04:00
FAILED gemma-4b lmbd1000 attempt=2463; retrying in 300s
START gemma-4b lmbd1000 GPUs=0,1,2,3 attempt=2464 2026-08-05T10:41:30-04:00
FAILED gemma-4b lmbd1000 attempt=2464; retrying in 300s
START gemma-4b lmbd1000 GPUs=0,1,2,3 attempt=2465 2026-08-05T10:46:35-04:00
FAILED gemma-4b lmbd1000 attempt=2465; retrying in 300s
START gemma-4b lmbd1000 GPUs=0,1,2,3 attempt=2466 2026-08-05T10:51:40-04:00
FAILED gemma-4b lmbd1000 attempt=2466; retrying in 300s
START gemma-4b lmbd1000 GPUs=0,1,2,3 attempt=2467 2026-08-05T10:56:46-04:00
FAILED gemma-4b lmbd1000 attempt=2467; retrying in 300s
START gemma-4b lmbd1000 GPUs=0,1,2,3 attempt=2468 2026-08-05T11:01:51-04:00
FAILED gemma-4b lmbd1000 attempt=2468; retrying in 300s
START gemma-4b lmbd1000 GPUs=0,1,2,3 attempt=2469 2026-08-05T11:06:56-04:00
FAILED gemma-4b lmbd1000 attempt=2469; retrying in 300s
START gemma-4b lmbd1000 GPUs=0,1,2,3 attempt=2470 2026-08-05T11:12:01-04:00
FAILED gemma-4b lmbd1000 attempt=2470; retrying in 300s
START gemma-4b lmbd1000 GPUs=0,1,2,3 attempt=2471 2026-08-05T11:17:06-04:00
FAILED gemma-4b lmbd1000 attempt=2471; retrying in 300s
START gemma-4b lmbd1000 GPUs=0,1,2,3 attempt=2472 2026-08-05T11:22:11-04:00
FAILED gemma-4b lmbd1000 attempt=2472; retrying in 300s
START gemma-4b lmbd1000 GPUs=0,1,2,3 attempt=2473 2026-08-05T11:27:16-04:00
FAILED gemma-4b lmbd1000 attempt=2473; retrying in 300s
START gemma-4b lmbd1000 GPUs=0,1,2,3 attempt=2474 2026-08-05T11:32:21-04:00
FAILED gemma-4b lmbd1000 attempt=2474; retrying in 300s
START gemma-4b lmbd1000 GPUs=0,1,2,3 attempt=2475 2026-08-05T11:37:26-04:00
FAILED gemma-4b lmbd1000 attempt=2475; retrying in 300s
START gemma-4b lmbd1000 GPUs=0,1,2,3 attempt=2476 2026-08-05T11:42:31-04:00
FAILED gemma-4b lmbd1000 attempt=2476; retrying in 300s
START gemma-4b lmbd1000 GPUs=0,1,2,3 attempt=2477 2026-08-05T11:47:36-04:00
FAILED gemma-4b lmbd1000 attempt=2477; retrying in 300s
START gemma-4b lmbd1000 GPUs=0,1,2,3 attempt=2478 2026-08-05T11:52:41-04:00
FAILED gemma-4b lmbd1000 attempt=2478; retrying in 300s
START gemma-4b lmbd1000 GPUs=0,1,2,3 attempt=2479 2026-08-05T11:57:46-04:00
FAILED gemma-4b lmbd1000 attempt=2479; retrying in 300s
START gemma-4b lmbd1000 GPUs=0,1,2,3 attempt=2480 2026-08-05T12:02:51-04:00
FAILED gemma-4b lmbd1000 attempt=2480; retrying in 300s
START gemma-4b lmbd1000 GPUs=0,1,2,3 attempt=2481 2026-08-05T12:07:56-04:00
FAILED gemma-4b lmbd1000 attempt=2481; retrying in 300s
START gemma-4b lmbd1000 GPUs=0,1,2,3 attempt=2482 2026-08-05T12:13:02-04:00
FAILED gemma-4b lmbd1000 attempt=2482; retrying in 300s
START gemma-4b lmbd1000 GPUs=0,1,2,3 attempt=2483 2026-08-05T12:18:07-04:00
FAILED gemma-4b lmbd1000 attempt=2483; retrying in 300s
START gemma-4b lmbd1000 GPUs=0,1,2,3 attempt=2484 2026-08-05T12:23:12-04:00
FAILED gemma-4b lmbd1000 attempt=2484; retrying in 300s
START gemma-4b lmbd1000 GPUs=0,1,2,3 attempt=2485 2026-08-05T12:28:17-04:00
FAILED gemma-4b lmbd1000 attempt=2485; retrying in 300s
START gemma-4b lmbd1000 GPUs=0,1,2,3 attempt=2486 2026-08-05T12:33:22-04:00
FAILED gemma-4b lmbd1000 attempt=2486; retrying in 300s
START gemma-4b lmbd1000 GPUs=0,1,2,3 attempt=2487 2026-08-05T12:38:27-04:00
FAILED gemma-4b lmbd1000 attempt=2487; retrying in 300s
START gemma-4b lmbd1000 GPUs=0,1,2,3 attempt=2488 2026-08-05T12:43:32-04:00
FAILED gemma-4b lmbd1000 attempt=2488; retrying in 300s
START gemma-4b lmbd1000 GPUs=0,1,2,3 attempt=2489 2026-08-05T12:48:37-04:00
FAILED gemma-4b lmbd1000 attempt=2489; retrying in 300s
START gemma-4b lmbd1000 GPUs=0,1,2,3 attempt=2490 2026-08-05T12:53:42-04:00
FAILED gemma-4b lmbd1000 attempt=2490; retrying in 300s
START gemma-4b lmbd1000 GPUs=0,1,2,3 attempt=2491 2026-08-05T12:58:47-04:00
FAILED gemma-4b lmbd1000 attempt=2491; retrying in 300s
START gemma-4b lmbd1000 GPUs=0,1,2,3 attempt=2492 2026-08-05T13:03:52-04:00
FAILED gemma-4b lmbd1000 attempt=2492; retrying in 300s
START gemma-4b lmbd1000 GPUs=0,1,2,3 attempt=2493 2026-08-05T13:08:57-04:00
FAILED gemma-4b lmbd1000 attempt=2493; retrying in 300s
START gemma-4b lmbd1000 GPUs=0,1,2,3 attempt=2494 2026-08-05T13:14:02-04:00
FAILED gemma-4b lmbd1000 attempt=2494; retrying in 300s
START gemma-4b lmbd1000 GPUs=0,1,2,3 attempt=2495 2026-08-05T13:19:08-04:00
FAILED gemma-4b lmbd1000 attempt=2495; retrying in 300s
START gemma-4b lmbd1000 GPUs=0,1,2,3 attempt=2496 2026-08-05T13:24:13-04:00
FAILED gemma-4b lmbd1000 attempt=2496; retrying in 300s
START gemma-4b lmbd1000 GPUs=0,1,2,3 attempt=2497 2026-08-05T13:29:18-04:00
FAILED gemma-4b lmbd1000 attempt=2497; retrying in 300s
START gemma-4b lmbd1000 GPUs=0,1,2,3 attempt=2498 2026-08-05T13:34:23-04:00
FAILED gemma-4b lmbd1000 attempt=2498; retrying in 300s
START gemma-4b lmbd1000 GPUs=0,1,2,3 attempt=2499 2026-08-05T13:39:28-04:00
FAILED gemma-4b lmbd1000 attempt=2499; retrying in 300s
START gemma-4b lmbd1000 GPUs=0,1,2,3 attempt=2500 2026-08-05T13:44:33-04:00
FAILED gemma-4b lmbd1000 attempt=2500; retrying in 300s
START gemma-4b lmbd1000 GPUs=0,1,2,3 attempt=2501 2026-08-05T13:49:38-04:00
FAILED gemma-4b lmbd1000 attempt=2501; retrying in 300s
START gemma-4b lmbd1000 GPUs=0,1,2,3 attempt=2502 2026-08-05T13:54:43-04:00
FAILED gemma-4b lmbd1000 attempt=2502; retrying in 300s
START gemma-4b lmbd1000 GPUs=0,1,2,3 attempt=2503 2026-08-05T13:59:48-04:00
FAILED gemma-4b lmbd1000 attempt=2503; retrying in 300s
START gemma-4b lmbd1000 GPUs=0,1,2,3 attempt=2504 2026-08-05T14:04:53-04:00
FAILED gemma-4b lmbd1000 attempt=2504; retrying in 300s
START gemma-4b lmbd1000 GPUs=0,1,2,3 attempt=2505 2026-08-05T14:09:58-04:00
FAILED gemma-4b lmbd1000 attempt=2505; retrying in 300s
START gemma-4b lmbd1000 GPUs=0,1,2,3 attempt=2506 2026-08-05T14:15:03-04:00
FAILED gemma-4b lmbd1000 attempt=2506; retrying in 300s
START gemma-4b lmbd1000 GPUs=0,1,2,3 attempt=2507 2026-08-05T14:20:08-04:00
FAILED gemma-4b lmbd1000 attempt=2507; retrying in 300s
START gemma-4b lmbd1000 GPUs=0,1,2,3 attempt=2508 2026-08-05T14:25:13-04:00
FAILED gemma-4b lmbd1000 attempt=2508; retrying in 300s
START gemma-4b lmbd1000 GPUs=0,1,2,3 attempt=2509 2026-08-05T14:30:18-04:00
FAILED gemma-4b lmbd1000 attempt=2509; retrying in 300s
START gemma-4b lmbd1000 GPUs=0,1,2,3 attempt=2510 2026-08-05T14:35:23-04:00
FAILED gemma-4b lmbd1000 attempt=2510; retrying in 300s
START gemma-4b lmbd1000 GPUs=0,1,2,3 attempt=2511 2026-08-05T14:40:28-04:00
FAILED gemma-4b lmbd1000 attempt=2511; retrying in 300s
START gemma-4b lmbd1000 GPUs=0,1,2,3 attempt=2512 2026-08-05T14:45:34-04:00
FAILED gemma-4b lmbd1000 attempt=2512; retrying in 300s
START gemma-4b lmbd1000 GPUs=0,1,2,3 attempt=2513 2026-08-05T14:50:39-04:00
FAILED gemma-4b lmbd1000 attempt=2513; retrying in 300s
START gemma-4b lmbd1000 GPUs=0,1,2,3 attempt=2514 2026-08-05T14:55:44-04:00
FAILED gemma-4b lmbd1000 attempt=2514; retrying in 300s
START gemma-4b lmbd1000 GPUs=0,1,2,3 attempt=2515 2026-08-05T15:00:49-04:00
FAILED gemma-4b lmbd1000 attempt=2515; retrying in 300s
START gemma-4b lmbd1000 GPUs=0,1,2,3 attempt=2516 2026-08-05T15:05:54-04:00
FAILED gemma-4b lmbd1000 attempt=2516; retrying in 300s
START gemma-4b lmbd1000 GPUs=0,1,2,3 attempt=2517 2026-08-05T15:10:59-04:00
FAILED gemma-4b lmbd1000 attempt=2517; retrying in 300s
START gemma-4b lmbd1000 GPUs=0,1,2,3 attempt=2518 2026-08-05T15:16:04-04:00
FAILED gemma-4b lmbd1000 attempt=2518; retrying in 300s
START gemma-4b lmbd1000 GPUs=0,1,2,3 attempt=2519 2026-08-05T15:21:09-04:00
FAILED gemma-4b lmbd1000 attempt=2519; retrying in 300s
START gemma-4b lmbd1000 GPUs=0,1,2,3 attempt=2520 2026-08-05T15:26:14-04:00
FAILED gemma-4b lmbd1000 attempt=2520; retrying in 300s
START gemma-4b lmbd1000 GPUs=0,1,2,3 attempt=2521 2026-08-05T15:31:19-04:00
FAILED gemma-4b lmbd1000 attempt=2521; retrying in 300s
START gemma-4b lmbd1000 GPUs=0,1,2,3 attempt=2522 2026-08-05T15:36:24-04:00
FAILED gemma-4b lmbd1000 attempt=2522; retrying in 300s
START gemma-4b lmbd1000 GPUs=0,1,2,3 attempt=2523 2026-08-05T15:41:30-04:00
FAILED gemma-4b lmbd1000 attempt=2523; retrying in 300s
START gemma-4b lmbd1000 GPUs=0,1,2,3 attempt=2524 2026-08-05T15:46:35-04:00
FAILED gemma-4b lmbd1000 attempt=2524; retrying in 300s
START gemma-4b lmbd1000 GPUs=0,1,2,3 attempt=2525 2026-08-05T15:51:40-04:00
FAILED gemma-4b lmbd1000 attempt=2525; retrying in 300s
START gemma-4b lmbd1000 GPUs=0,1,2,3 attempt=2526 2026-08-05T15:56:45-04:00
FAILED gemma-4b lmbd1000 attempt=2526; retrying in 300s
START gemma-4b lmbd1000 GPUs=0,1,2,3 attempt=2527 2026-08-05T16:01:50-04:00
FAILED gemma-4b lmbd1000 attempt=2527; retrying in 300s
START gemma-4b lmbd1000 GPUs=0,1,2,3 attempt=2528 2026-08-05T16:06:55-04:00
FAILED gemma-4b lmbd1000 attempt=2528; retrying in 300s
START gemma-4b lmbd1000 GPUs=0,1,2,3 attempt=2529 2026-08-05T16:12:00-04:00
FAILED gemma-4b lmbd1000 attempt=2529; retrying in 300s
START gemma-4b lmbd1000 GPUs=0,1,2,3 attempt=2530 2026-08-05T16:17:05-04:00
FAILED gemma-4b lmbd1000 attempt=2530; retrying in 300s
START gemma-4b lmbd1000 GPUs=0,1,2,3 attempt=2531 2026-08-05T16:22:10-04:00
FAILED gemma-4b lmbd1000 attempt=2531; retrying in 300s
START gemma-4b lmbd1000 GPUs=0,1,2,3 attempt=2532 2026-08-05T16:27:15-04:00
FAILED gemma-4b lmbd1000 attempt=2532; retrying in 300s
START gemma-4b lmbd1000 GPUs=0,1,2,3 attempt=2533 2026-08-05T16:32:20-04:00
FAILED gemma-4b lmbd1000 attempt=2533; retrying in 300s
START gemma-4b lmbd1000 GPUs=0,1,2,3 attempt=2534 2026-08-05T16:37:25-04:00
FAILED gemma-4b lmbd1000 attempt=2534; retrying in 300s
START gemma-4b lmbd1000 GPUs=0,1,2,3 attempt=2535 2026-08-05T16:42:30-04:00
FAILED gemma-4b lmbd1000 attempt=2535; retrying in 300s
START gemma-4b lmbd1000 GPUs=0,1,2,3 attempt=2536 2026-08-05T16:47:35-04:00
FAILED gemma-4b lmbd1000 attempt=2536; retrying in 300s
START gemma-4b lmbd1000 GPUs=0,1,2,3 attempt=2537 2026-08-05T16:52:40-04:00
FAILED gemma-4b lmbd1000 attempt=2537; retrying in 300s
START gemma-4b lmbd1000 GPUs=0,1,2,3 attempt=2538 2026-08-05T16:57:45-04:00
FAILED gemma-4b lmbd1000 attempt=2538; retrying in 300s
START gemma-4b lmbd1000 GPUs=0,1,2,3 attempt=2539 2026-08-05T17:02:50-04:00
FAILED gemma-4b lmbd1000 attempt=2539; retrying in 300s
START gemma-4b lmbd1000 GPUs=0,1,2,3 attempt=2540 2026-08-05T17:07:55-04:00
FAILED gemma-4b lmbd1000 attempt=2540; retrying in 300s
START gemma-4b lmbd1000 GPUs=0,1,2,3 attempt=2541 2026-08-05T17:13:00-04:00
FAILED gemma-4b lmbd1000 attempt=2541; retrying in 300s
START gemma-4b lmbd1000 GPUs=0,1,2,3 attempt=2542 2026-08-05T17:18:05-04:00
FAILED gemma-4b lmbd1000 attempt=2542; retrying in 300s
START gemma-4b lmbd1000 GPUs=0,1,2,3 attempt=2543 2026-08-05T17:23:11-04:00
FAILED gemma-4b lmbd1000 attempt=2543; retrying in 300s
START gemma-4b lmbd1000 GPUs=0,1,2,3 attempt=2544 2026-08-05T17:28:16-04:00
FAILED gemma-4b lmbd1000 attempt=2544; retrying in 300s
START gemma-4b lmbd1000 GPUs=0,1,2,3 attempt=2545 2026-08-05T17:33:21-04:00
FAILED gemma-4b lmbd1000 attempt=2545; retrying in 300s
START gemma-4b lmbd1000 GPUs=0,1,2,3 attempt=2546 2026-08-05T17:38:26-04:00
FAILED gemma-4b lmbd1000 attempt=2546; retrying in 300s
START gemma-4b lmbd1000 GPUs=0,1,2,3 attempt=2547 2026-08-05T17:43:31-04:00
FAILED gemma-4b lmbd1000 attempt=2547; retrying in 300s
START gemma-4b lmbd1000 GPUs=0,1,2,3 attempt=2548 2026-08-05T17:48:36-04:00
FAILED gemma-4b lmbd1000 attempt=2548; retrying in 300s
START gemma-4b lmbd1000 GPUs=0,1,2,3 attempt=2549 2026-08-05T17:53:41-04:00
FAILED gemma-4b lmbd1000 attempt=2549; retrying in 300s
START gemma-4b lmbd1000 GPUs=0,1,2,3 attempt=2550 2026-08-05T17:58:46-04:00
FAILED gemma-4b lmbd1000 attempt=2550; retrying in 300s
START gemma-4b lmbd1000 GPUs=0,1,2,3 attempt=2551 2026-08-05T18:03:51-04:00
FAILED gemma-4b lmbd1000 attempt=2551; retrying in 300s
START gemma-4b lmbd1000 GPUs=0,1,2,3 attempt=2552 2026-08-05T18:08:56-04:00
FAILED gemma-4b lmbd1000 attempt=2552; retrying in 300s
START gemma-4b lmbd1000 GPUs=0,1,2,3 attempt=2553 2026-08-05T18:14:01-04:00
FAILED gemma-4b lmbd1000 attempt=2553; retrying in 300s
START gemma-4b lmbd1000 GPUs=0,1,2,3 attempt=2554 2026-08-05T18:19:06-04:00
FAILED gemma-4b lmbd1000 attempt=2554; retrying in 300s
START gemma-4b lmbd1000 GPUs=0,1,2,3 attempt=2555 2026-08-05T18:24:11-04:00
FAILED gemma-4b lmbd1000 attempt=2555; retrying in 300s
START gemma-4b lmbd1000 GPUs=0,1,2,3 attempt=2556 2026-08-05T18:29:16-04:00
FAILED gemma-4b lmbd1000 attempt=2556; retrying in 300s
START gemma-4b lmbd1000 GPUs=0,1,2,3 attempt=2557 2026-08-05T18:34:21-04:00
FAILED gemma-4b lmbd1000 attempt=2557; retrying in 300s
START gemma-4b lmbd1000 GPUs=0,1,2,3 attempt=2558 2026-08-05T18:39:26-04:00
FAILED gemma-4b lmbd1000 attempt=2558; retrying in 300s
START gemma-4b lmbd1000 GPUs=0,1,2,3 attempt=2559 2026-08-05T18:44:32-04:00
FAILED gemma-4b lmbd1000 attempt=2559; retrying in 300s
START gemma-4b lmbd1000 GPUs=0,1,2,3 attempt=2560 2026-08-05T18:49:37-04:00
FAILED gemma-4b lmbd1000 attempt=2560; retrying in 300s
START gemma-4b lmbd1000 GPUs=0,1,2,3 attempt=2561 2026-08-05T18:54:42-04:00
FAILED gemma-4b lmbd1000 attempt=2561; retrying in 300s
START gemma-4b lmbd1000 GPUs=0,1,2,3 attempt=2562 2026-08-05T18:59:47-04:00
FAILED gemma-4b lmbd1000 attempt=2562; retrying in 300s
START gemma-4b lmbd1000 GPUs=0,1,2,3 attempt=2563 2026-08-05T19:04:52-04:00
FAILED gemma-4b lmbd1000 attempt=2563; retrying in 300s
START gemma-4b lmbd1000 GPUs=0,1,2,3 attempt=2564 2026-08-05T19:09:57-04:00
FAILED gemma-4b lmbd1000 attempt=2564; retrying in 300s
START gemma-4b lmbd1000 GPUs=0,1,2,3 attempt=2565 2026-08-05T19:15:02-04:00
FAILED gemma-4b lmbd1000 attempt=2565; retrying in 300s
START gemma-4b lmbd1000 GPUs=0,1,2,3 attempt=2566 2026-08-05T19:20:07-04:00
FAILED gemma-4b lmbd1000 attempt=2566; retrying in 300s
START gemma-4b lmbd1000 GPUs=0,1,2,3 attempt=2567 2026-08-05T19:25:12-04:00
FAILED gemma-4b lmbd1000 attempt=2567; retrying in 300s
START gemma-4b lmbd1000 GPUs=0,1,2,3 attempt=2568 2026-08-05T19:30:17-04:00
FAILED gemma-4b lmbd1000 attempt=2568; retrying in 300s
START gemma-4b lmbd1000 GPUs=0,1,2,3 attempt=2569 2026-08-05T19:35:22-04:00
FAILED gemma-4b lmbd1000 attempt=2569; retrying in 300s
START gemma-4b lmbd1000 GPUs=0,1,2,3 attempt=2570 2026-08-05T19:40:27-04:00
FAILED gemma-4b lmbd1000 attempt=2570; retrying in 300s
START gemma-4b lmbd1000 GPUs=0,1,2,3 attempt=2571 2026-08-05T19:45:32-04:00
FAILED gemma-4b lmbd1000 attempt=2571; retrying in 300s
START gemma-4b lmbd1000 GPUs=0,1,2,3 attempt=2572 2026-08-05T19:50:38-04:00
FAILED gemma-4b lmbd1000 attempt=2572; retrying in 300s
START gemma-4b lmbd1000 GPUs=0,1,2,3 attempt=2573 2026-08-05T19:55:43-04:00
FAILED gemma-4b lmbd1000 attempt=2573; retrying in 300s
START gemma-4b lmbd1000 GPUs=0,1,2,3 attempt=2574 2026-08-05T20:00:48-04:00
FAILED gemma-4b lmbd1000 attempt=2574; retrying in 300s
START gemma-4b lmbd1000 GPUs=0,1,2,3 attempt=2575 2026-08-05T20:05:53-04:00
FAILED gemma-4b lmbd1000 attempt=2575; retrying in 300s
START gemma-4b lmbd1000 GPUs=0,1,2,3 attempt=2576 2026-08-05T20:10:58-04:00
FAILED gemma-4b lmbd1000 attempt=2576; retrying in 300s
START gemma-4b lmbd1000 GPUs=0,1,2,3 attempt=2577 2026-08-05T20:16:03-04:00
FAILED gemma-4b lmbd1000 attempt=2577; retrying in 300s
START gemma-4b lmbd1000 GPUs=0,1,2,3 attempt=2578 2026-08-05T20:21:08-04:00
FAILED gemma-4b lmbd1000 attempt=2578; retrying in 300s
START gemma-4b lmbd1000 GPUs=0,1,2,3 attempt=2579 2026-08-05T20:26:13-04:00
FAILED gemma-4b lmbd1000 attempt=2579; retrying in 300s
START gemma-4b lmbd1000 GPUs=0,1,2,3 attempt=2580 2026-08-05T20:31:18-04:00
FAILED gemma-4b lmbd1000 attempt=2580; retrying in 300s
START gemma-4b lmbd1000 GPUs=0,1,2,3 attempt=2581 2026-08-05T20:36:23-04:00
FAILED gemma-4b lmbd1000 attempt=2581; retrying in 300s
START gemma-4b lmbd1000 GPUs=0,1,2,3 attempt=2582 2026-08-05T20:41:28-04:00
FAILED gemma-4b lmbd1000 attempt=2582; retrying in 300s
START gemma-4b lmbd1000 GPUs=0,1,2,3 attempt=2583 2026-08-05T20:46:33-04:00
FAILED gemma-4b lmbd1000 attempt=2583; retrying in 300s
START gemma-4b lmbd1000 GPUs=0,1,2,3 attempt=2584 2026-08-05T20:51:38-04:00
FAILED gemma-4b lmbd1000 attempt=2584; retrying in 300s
START gemma-4b lmbd1000 GPUs=0,1,2,3 attempt=2585 2026-08-05T20:56:43-04:00
FAILED gemma-4b lmbd1000 attempt=2585; retrying in 300s
START gemma-4b lmbd1000 GPUs=0,1,2,3 attempt=2586 2026-08-05T21:01:48-04:00
FAILED gemma-4b lmbd1000 attempt=2586; retrying in 300s
START gemma-4b lmbd1000 GPUs=0,1,2,3 attempt=2587 2026-08-05T21:06:54-04:00
FAILED gemma-4b lmbd1000 attempt=2587; retrying in 300s
START gemma-4b lmbd1000 GPUs=0,1,2,3 attempt=2588 2026-08-05T21:11:59-04:00
FAILED gemma-4b lmbd1000 attempt=2588; retrying in 300s
START gemma-4b lmbd1000 GPUs=0,1,2,3 attempt=2589 2026-08-05T21:17:04-04:00
FAILED gemma-4b lmbd1000 attempt=2589; retrying in 300s
START gemma-4b lmbd1000 GPUs=0,1,2,3 attempt=2590 2026-08-05T21:22:09-04:00
FAILED gemma-4b lmbd1000 attempt=2590; retrying in 300s
START gemma-4b lmbd1000 GPUs=0,1,2,3 attempt=2591 2026-08-05T21:27:14-04:00
FAILED gemma-4b lmbd1000 attempt=2591; retrying in 300s
START gemma-4b lmbd1000 GPUs=0,1,2,3 attempt=2592 2026-08-05T21:32:19-04:00
FAILED gemma-4b lmbd1000 attempt=2592; retrying in 300s
START gemma-4b lmbd1000 GPUs=0,1,2,3 attempt=2593 2026-08-05T21:37:24-04:00
FAILED gemma-4b lmbd1000 attempt=2593; retrying in 300s
START gemma-4b lmbd1000 GPUs=0,1,2,3 attempt=2594 2026-08-05T21:42:29-04:00
FAILED gemma-4b lmbd1000 attempt=2594; retrying in 300s
START gemma-4b lmbd1000 GPUs=0,1,2,3 attempt=2595 2026-08-05T21:47:34-04:00
FAILED gemma-4b lmbd1000 attempt=2595; retrying in 300s
START gemma-4b lmbd1000 GPUs=0,1,2,3 attempt=2596 2026-08-05T21:52:39-04:00
FAILED gemma-4b lmbd1000 attempt=2596; retrying in 300s
START gemma-4b lmbd1000 GPUs=0,1,2,3 attempt=2597 2026-08-05T21:57:44-04:00
FAILED gemma-4b lmbd1000 attempt=2597; retrying in 300s
START gemma-4b lmbd1000 GPUs=0,1,2,3 attempt=2598 2026-08-05T22:02:49-04:00
FAILED gemma-4b lmbd1000 attempt=2598; retrying in 300s
START gemma-4b lmbd1000 GPUs=0,1,2,3 attempt=2599 2026-08-05T22:07:54-04:00
FAILED gemma-4b lmbd1000 attempt=2599; retrying in 300s
START gemma-4b lmbd1000 GPUs=0,1,2,3 attempt=2600 2026-08-05T22:12:59-04:00
FAILED gemma-4b lmbd1000 attempt=2600; retrying in 300s
START gemma-4b lmbd1000 GPUs=0,1,2,3 attempt=2601 2026-08-05T22:18:05-04:00
FAILED gemma-4b lmbd1000 attempt=2601; retrying in 300s
START gemma-4b lmbd1000 GPUs=0,1,2,3 attempt=2602 2026-08-05T22:23:10-04:00
FAILED gemma-4b lmbd1000 attempt=2602; retrying in 300s
START gemma-4b lmbd1000 GPUs=0,1,2,3 attempt=2603 2026-08-05T22:28:15-04:00
FAILED gemma-4b lmbd1000 attempt=2603; retrying in 300s
START gemma-4b lmbd1000 GPUs=0,1,2,3 attempt=2604 2026-08-05T22:33:20-04:00
FAILED gemma-4b lmbd1000 attempt=2604; retrying in 300s
START gemma-4b lmbd1000 GPUs=0,1,2,3 attempt=2605 2026-08-05T22:38:25-04:00
FAILED gemma-4b lmbd1000 attempt=2605; retrying in 300s
START gemma-4b lmbd1000 GPUs=0,1,2,3 attempt=2606 2026-08-05T22:43:30-04:00
FAILED gemma-4b lmbd1000 attempt=2606; retrying in 300s
START gemma-4b lmbd1000 GPUs=0,1,2,3 attempt=2607 2026-08-05T22:48:35-04:00
FAILED gemma-4b lmbd1000 attempt=2607; retrying in 300s
START gemma-4b lmbd1000 GPUs=0,1,2,3 attempt=2608 2026-08-05T22:53:40-04:00
FAILED gemma-4b lmbd1000 attempt=2608; retrying in 300s
START gemma-4b lmbd1000 GPUs=0,1,2,3 attempt=2609 2026-08-05T22:58:45-04:00
FAILED gemma-4b lmbd1000 attempt=2609; retrying in 300s
START gemma-4b lmbd1000 GPUs=0,1,2,3 attempt=2610 2026-08-05T23:03:50-04:00
FAILED gemma-4b lmbd1000 attempt=2610; retrying in 300s
START gemma-4b lmbd1000 GPUs=0,1,2,3 attempt=2611 2026-08-05T23:08:55-04:00
FAILED gemma-4b lmbd1000 attempt=2611; retrying in 300s
START gemma-4b lmbd1000 GPUs=0,1,2,3 attempt=2612 2026-08-05T23:14:00-04:00
FAILED gemma-4b lmbd1000 attempt=2612; retrying in 300s
START gemma-4b lmbd1000 GPUs=0,1,2,3 attempt=2613 2026-08-05T23:19:05-04:00
FAILED gemma-4b lmbd1000 attempt=2613; retrying in 300s
START gemma-4b lmbd1000 GPUs=0,1,2,3 attempt=2614 2026-08-05T23:24:10-04:00
FAILED gemma-4b lmbd1000 attempt=2614; retrying in 300s
START gemma-4b lmbd1000 GPUs=0,1,2,3 attempt=2615 2026-08-05T23:29:15-04:00
FAILED gemma-4b lmbd1000 attempt=2615; retrying in 300s
START gemma-4b lmbd1000 GPUs=0,1,2,3 attempt=2616 2026-08-05T23:34:20-04:00
FAILED gemma-4b lmbd1000 attempt=2616; retrying in 300s
START gemma-4b lmbd1000 GPUs=0,1,2,3 attempt=2617 2026-08-05T23:39:25-04:00
FAILED gemma-4b lmbd1000 attempt=2617; retrying in 300s
START gemma-4b lmbd1000 GPUs=0,1,2,3 attempt=2618 2026-08-05T23:44:31-04:00
FAILED gemma-4b lmbd1000 attempt=2618; retrying in 300s
START gemma-4b lmbd1000 GPUs=0,1,2,3 attempt=2619 2026-08-05T23:49:36-04:00
FAILED gemma-4b lmbd1000 attempt=2619; retrying in 300s
START gemma-4b lmbd1000 GPUs=0,1,2,3 attempt=2620 2026-08-05T23:54:41-04:00
FAILED gemma-4b lmbd1000 attempt=2620; retrying in 300s
START gemma-4b lmbd1000 GPUs=0,1,2,3 attempt=2621 2026-08-05T23:59:46-04:00
FAILED gemma-4b lmbd1000 attempt=2621; retrying in 300s
START gemma-4b lmbd1000 GPUs=0,1,2,3 attempt=2622 2026-08-06T00:04:51-04:00
FAILED gemma-4b lmbd1000 attempt=2622; retrying in 300s
START gemma-4b lmbd1000 GPUs=0,1,2,3 attempt=2623 2026-08-06T00:09:56-04:00
FAILED gemma-4b lmbd1000 attempt=2623; retrying in 300s
START gemma-4b lmbd1000 GPUs=0,1,2,3 attempt=2624 2026-08-06T00:15:01-04:00
FAILED gemma-4b lmbd1000 attempt=2624; retrying in 300s
START gemma-4b lmbd1000 GPUs=0,1,2,3 attempt=2625 2026-08-06T00:20:06-04:00
FAILED gemma-4b lmbd1000 attempt=2625; retrying in 300s
START gemma-4b lmbd1000 GPUs=0,1,2,3 attempt=2626 2026-08-06T00:25:11-04:00
FAILED gemma-4b lmbd1000 attempt=2626; retrying in 300s
START gemma-4b lmbd1000 GPUs=0,1,2,3 attempt=2627 2026-08-06T00:30:16-04:00
FAILED gemma-4b lmbd1000 attempt=2627; retrying in 300s
START gemma-4b lmbd1000 GPUs=0,1,2,3 attempt=2628 2026-08-06T00:35:21-04:00
FAILED gemma-4b lmbd1000 attempt=2628; retrying in 300s
START gemma-4b lmbd1000 GPUs=0,1,2,3 attempt=2629 2026-08-06T00:40:26-04:00
FAILED gemma-4b lmbd1000 attempt=2629; retrying in 300s
START gemma-4b lmbd1000 GPUs=0,1,2,3 attempt=2630 2026-08-06T00:45:31-04:00
FAILED gemma-4b lmbd1000 attempt=2630; retrying in 300s
START gemma-4b lmbd1000 GPUs=0,1,2,3 attempt=2631 2026-08-06T00:50:36-04:00
FAILED gemma-4b lmbd1000 attempt=2631; retrying in 300s
START gemma-4b lmbd1000 GPUs=0,1,2,3 attempt=2632 2026-08-06T00:55:41-04:00
FAILED gemma-4b lmbd1000 attempt=2632; retrying in 300s
START gemma-4b lmbd1000 GPUs=0,1,2,3 attempt=2633 2026-08-06T01:00:47-04:00
FAILED gemma-4b lmbd1000 attempt=2633; retrying in 300s
START gemma-4b lmbd1000 GPUs=0,1,2,3 attempt=2634 2026-08-06T01:05:52-04:00
FAILED gemma-4b lmbd1000 attempt=2634; retrying in 300s
START gemma-4b lmbd1000 GPUs=0,1,2,3 attempt=2635 2026-08-06T01:10:57-04:00
FAILED gemma-4b lmbd1000 attempt=2635; retrying in 300s
START gemma-4b lmbd1000 GPUs=0,1,2,3 attempt=2636 2026-08-06T01:16:02-04:00
FAILED gemma-4b lmbd1000 attempt=2636; retrying in 300s
START gemma-4b lmbd1000 GPUs=0,1,2,3 attempt=2637 2026-08-06T01:21:07-04:00
FAILED gemma-4b lmbd1000 attempt=2637; retrying in 300s
START gemma-4b lmbd1000 GPUs=0,1,2,3 attempt=2638 2026-08-06T01:26:12-04:00
FAILED gemma-4b lmbd1000 attempt=2638; retrying in 300s
START gemma-4b lmbd1000 GPUs=0,1,2,3 attempt=2639 2026-08-06T01:31:17-04:00
FAILED gemma-4b lmbd1000 attempt=2639; retrying in 300s
START gemma-4b lmbd1000 GPUs=0,1,2,3 attempt=2640 2026-08-06T01:36:22-04:00
FAILED gemma-4b lmbd1000 attempt=2640; retrying in 300s
START gemma-4b lmbd1000 GPUs=0,1,2,3 attempt=2641 2026-08-06T01:41:27-04:00
FAILED gemma-4b lmbd1000 attempt=2641; retrying in 300s
START gemma-4b lmbd1000 GPUs=0,1,2,3 attempt=2642 2026-08-06T01:46:32-04:00
FAILED gemma-4b lmbd1000 attempt=2642; retrying in 300s
START gemma-4b lmbd1000 GPUs=0,1,2,3 attempt=2643 2026-08-06T01:51:37-04:00
FAILED gemma-4b lmbd1000 attempt=2643; retrying in 300s
START gemma-4b lmbd1000 GPUs=0,1,2,3 attempt=2644 2026-08-06T01:56:42-04:00
FAILED gemma-4b lmbd1000 attempt=2644; retrying in 300s
START gemma-4b lmbd1000 GPUs=0,1,2,3 attempt=2645 2026-08-06T02:01:47-04:00
FAILED gemma-4b lmbd1000 attempt=2645; retrying in 300s
START gemma-4b lmbd1000 GPUs=0,1,2,3 attempt=2646 2026-08-06T02:06:52-04:00
FAILED gemma-4b lmbd1000 attempt=2646; retrying in 300s
START gemma-4b lmbd1000 GPUs=0,1,2,3 attempt=2647 2026-08-06T02:11:57-04:00
FAILED gemma-4b lmbd1000 attempt=2647; retrying in 300s
START gemma-4b lmbd1000 GPUs=0,1,2,3 attempt=2648 2026-08-06T02:17:02-04:00
FAILED gemma-4b lmbd1000 attempt=2648; retrying in 300s
START gemma-4b lmbd1000 GPUs=0,1,2,3 attempt=2649 2026-08-06T02:22:08-04:00
FAILED gemma-4b lmbd1000 attempt=2649; retrying in 300s
START gemma-4b lmbd1000 GPUs=0,1,2,3 attempt=2650 2026-08-06T02:27:13-04:00
FAILED gemma-4b lmbd1000 attempt=2650; retrying in 300s
START gemma-4b lmbd1000 GPUs=0,1,2,3 attempt=2651 2026-08-06T02:32:18-04:00
FAILED gemma-4b lmbd1000 attempt=2651; retrying in 300s
START gemma-4b lmbd1000 GPUs=0,1,2,3 attempt=2652 2026-08-06T02:37:23-04:00
FAILED gemma-4b lmbd1000 attempt=2652; retrying in 300s
START gemma-4b lmbd1000 GPUs=0,1,2,3 attempt=2653 2026-08-06T02:42:28-04:00
FAILED gemma-4b lmbd1000 attempt=2653; retrying in 300s
START gemma-4b lmbd1000 GPUs=0,1,2,3 attempt=2654 2026-08-06T02:47:33-04:00
FAILED gemma-4b lmbd1000 attempt=2654; retrying in 300s
START gemma-4b lmbd1000 GPUs=0,1,2,3 attempt=2655 2026-08-06T02:52:38-04:00
FAILED gemma-4b lmbd1000 attempt=2655; retrying in 300s
START gemma-4b lmbd1000 GPUs=0,1,2,3 attempt=2656 2026-08-06T02:57:43-04:00
FAILED gemma-4b lmbd1000 attempt=2656; retrying in 300s
START gemma-4b lmbd1000 GPUs=0,1,2,3 attempt=2657 2026-08-06T03:02:48-04:00
FAILED gemma-4b lmbd1000 attempt=2657; retrying in 300s
START gemma-4b lmbd1000 GPUs=0,1,2,3 attempt=2658 2026-08-06T03:07:53-04:00
FAILED gemma-4b lmbd1000 attempt=2658; retrying in 300s
START gemma-4b lmbd1000 GPUs=0,1,2,3 attempt=2659 2026-08-06T03:12:58-04:00
FAILED gemma-4b lmbd1000 attempt=2659; retrying in 300s
START gemma-4b lmbd1000 GPUs=0,1,2,3 attempt=2660 2026-08-06T03:18:03-04:00
FAILED gemma-4b lmbd1000 attempt=2660; retrying in 300s
START gemma-4b lmbd1000 GPUs=0,1,2,3 attempt=2661 2026-08-06T03:23:09-04:00
FAILED gemma-4b lmbd1000 attempt=2661; retrying in 300s
START gemma-4b lmbd1000 GPUs=0,1,2,3 attempt=2662 2026-08-06T03:28:14-04:00
FAILED gemma-4b lmbd1000 attempt=2662; retrying in 300s
START gemma-4b lmbd1000 GPUs=0,1,2,3 attempt=2663 2026-08-06T03:33:19-04:00
FAILED gemma-4b lmbd1000 attempt=2663; retrying in 300s
START gemma-4b lmbd1000 GPUs=0,1,2,3 attempt=2664 2026-08-06T03:38:24-04:00
FAILED gemma-4b lmbd1000 attempt=2664; retrying in 300s
START gemma-4b lmbd1000 GPUs=0,1,2,3 attempt=2665 2026-08-06T03:43:29-04:00
FAILED gemma-4b lmbd1000 attempt=2665; retrying in 300s
START gemma-4b lmbd1000 GPUs=0,1,2,3 attempt=2666 2026-08-06T03:48:34-04:00
FAILED gemma-4b lmbd1000 attempt=2666; retrying in 300s
START gemma-4b lmbd1000 GPUs=0,1,2,3 attempt=2667 2026-08-06T03:53:39-04:00
FAILED gemma-4b lmbd1000 attempt=2667; retrying in 300s
START gemma-4b lmbd1000 GPUs=0,1,2,3 attempt=2668 2026-08-06T03:58:44-04:00
FAILED gemma-4b lmbd1000 attempt=2668; retrying in 300s
START gemma-4b lmbd1000 GPUs=0,1,2,3 attempt=2669 2026-08-06T04:03:49-04:00
FAILED gemma-4b lmbd1000 attempt=2669; retrying in 300s
START gemma-4b lmbd1000 GPUs=0,1,2,3 attempt=2670 2026-08-06T04:08:54-04:00
FAILED gemma-4b lmbd1000 attempt=2670; retrying in 300s
START gemma-4b lmbd1000 GPUs=0,1,2,3 attempt=2671 2026-08-06T04:13:59-04:00
FAILED gemma-4b lmbd1000 attempt=2671; retrying in 300s
START gemma-4b lmbd1000 GPUs=0,1,2,3 attempt=2672 2026-08-06T04:19:04-04:00
FAILED gemma-4b lmbd1000 attempt=2672; retrying in 300s
START gemma-4b lmbd1000 GPUs=0,1,2,3 attempt=2673 2026-08-06T04:24:09-04:00
FAILED gemma-4b lmbd1000 attempt=2673; retrying in 300s
START gemma-4b lmbd1000 GPUs=0,1,2,3 attempt=2674 2026-08-06T04:29:14-04:00
FAILED gemma-4b lmbd1000 attempt=2674; retrying in 300s
START gemma-4b lmbd1000 GPUs=0,1,2,3 attempt=2675 2026-08-06T04:34:19-04:00
FAILED gemma-4b lmbd1000 attempt=2675; retrying in 300s
START gemma-4b lmbd1000 GPUs=0,1,2,3 attempt=2676 2026-08-06T04:39:25-04:00
FAILED gemma-4b lmbd1000 attempt=2676; retrying in 300s
START gemma-4b lmbd1000 GPUs=0,1,2,3 attempt=2677 2026-08-06T04:44:30-04:00
FAILED gemma-4b lmbd1000 attempt=2677; retrying in 300s
START gemma-4b lmbd1000 GPUs=0,1,2,3 attempt=2678 2026-08-06T04:49:35-04:00
FAILED gemma-4b lmbd1000 attempt=2678; retrying in 300s
START gemma-4b lmbd1000 GPUs=0,1,2,3 attempt=2679 2026-08-06T04:54:40-04:00
FAILED gemma-4b lmbd1000 attempt=2679; retrying in 300s
START gemma-4b lmbd1000 GPUs=0,1,2,3 attempt=2680 2026-08-06T04:59:45-04:00
FAILED gemma-4b lmbd1000 attempt=2680; retrying in 300s
START gemma-4b lmbd1000 GPUs=0,1,2,3 attempt=2681 2026-08-06T05:04:50-04:00
FAILED gemma-4b lmbd1000 attempt=2681; retrying in 300s
START gemma-4b lmbd1000 GPUs=0,1,2,3 attempt=2682 2026-08-06T05:09:55-04:00
FAILED gemma-4b lmbd1000 attempt=2682; retrying in 300s
START gemma-4b lmbd1000 GPUs=0,1,2,3 attempt=2683 2026-08-06T05:15:00-04:00
FAILED gemma-4b lmbd1000 attempt=2683; retrying in 300s
START gemma-4b lmbd1000 GPUs=0,1,2,3 attempt=2684 2026-08-06T05:20:05-04:00
FAILED gemma-4b lmbd1000 attempt=2684; retrying in 300s
START gemma-4b lmbd1000 GPUs=0,1,2,3 attempt=2685 2026-08-06T05:25:11-04:00
FAILED gemma-4b lmbd1000 attempt=2685; retrying in 300s
START gemma-4b lmbd1000 GPUs=0,1,2,3 attempt=2686 2026-08-06T05:30:16-04:00
FAILED gemma-4b lmbd1000 attempt=2686; retrying in 300s
START gemma-4b lmbd1000 GPUs=0,1,2,3 attempt=2687 2026-08-06T05:35:21-04:00
FAILED gemma-4b lmbd1000 attempt=2687; retrying in 300s
START gemma-4b lmbd1000 GPUs=0,1,2,3 attempt=2688 2026-08-06T05:40:26-04:00
FAILED gemma-4b lmbd1000 attempt=2688; retrying in 300s
START gemma-4b lmbd1000 GPUs=0,1,2,3 attempt=2689 2026-08-06T05:45:31-04:00
FAILED gemma-4b lmbd1000 attempt=2689; retrying in 300s
START gemma-4b lmbd1000 GPUs=0,1,2,3 attempt=2690 2026-08-06T05:50:36-04:00
FAILED gemma-4b lmbd1000 attempt=2690; retrying in 300s
START gemma-4b lmbd1000 GPUs=0,1,2,3 attempt=2691 2026-08-06T05:55:41-04:00
FAILED gemma-4b lmbd1000 attempt=2691; retrying in 300s
START gemma-4b lmbd1000 GPUs=0,1,2,3 attempt=2692 2026-08-06T06:00:46-04:00
FAILED gemma-4b lmbd1000 attempt=2692; retrying in 300s
START gemma-4b lmbd1000 GPUs=0,1,2,3 attempt=2693 2026-08-06T06:05:51-04:00
FAILED gemma-4b lmbd1000 attempt=2693; retrying in 300s
START gemma-4b lmbd1000 GPUs=0,1,2,3 attempt=2694 2026-08-06T06:10:56-04:00
FAILED gemma-4b lmbd1000 attempt=2694; retrying in 300s
START gemma-4b lmbd1000 GPUs=0,1,2,3 attempt=2695 2026-08-06T06:16:01-04:00
FAILED gemma-4b lmbd1000 attempt=2695; retrying in 300s
START gemma-4b lmbd1000 GPUs=0,1,2,3 attempt=2696 2026-08-06T06:21:07-04:00
FAILED gemma-4b lmbd1000 attempt=2696; retrying in 300s
START gemma-4b lmbd1000 GPUs=0,1,2,3 attempt=2697 2026-08-06T06:26:12-04:00
FAILED gemma-4b lmbd1000 attempt=2697; retrying in 300s
START gemma-4b lmbd1000 GPUs=0,1,2,3 attempt=2698 2026-08-06T06:31:17-04:00
FAILED gemma-4b lmbd1000 attempt=2698; retrying in 300s
START gemma-4b lmbd1000 GPUs=0,1,2,3 attempt=2699 2026-08-06T06:36:22-04:00
FAILED gemma-4b lmbd1000 attempt=2699; retrying in 300s
START gemma-4b lmbd1000 GPUs=0,1,2,3 attempt=2700 2026-08-06T06:41:27-04:00
FAILED gemma-4b lmbd1000 attempt=2700; retrying in 300s
START gemma-4b lmbd1000 GPUs=0,1,2,3 attempt=2701 2026-08-06T06:46:32-04:00
FAILED gemma-4b lmbd1000 attempt=2701; retrying in 300s
START gemma-4b lmbd1000 GPUs=0,1,2,3 attempt=2702 2026-08-06T06:51:37-04:00
FAILED gemma-4b lmbd1000 attempt=2702; retrying in 300s
START gemma-4b lmbd1000 GPUs=0,1,2,3 attempt=2703 2026-08-06T06:56:42-04:00
FAILED gemma-4b lmbd1000 attempt=2703; retrying in 300s
START gemma-4b lmbd1000 GPUs=0,1,2,3 attempt=2704 2026-08-06T07:01:47-04:00
FAILED gemma-4b lmbd1000 attempt=2704; retrying in 300s
START gemma-4b lmbd1000 GPUs=0,1,2,3 attempt=2705 2026-08-06T07:06:52-04:00
FAILED gemma-4b lmbd1000 attempt=2705; retrying in 300s
START gemma-4b lmbd1000 GPUs=0,1,2,3 attempt=2706 2026-08-06T07:11:57-04:00
FAILED gemma-4b lmbd1000 attempt=2706; retrying in 300s
START gemma-4b lmbd1000 GPUs=0,1,2,3 attempt=2707 2026-08-06T07:17:02-04:00
FAILED gemma-4b lmbd1000 attempt=2707; retrying in 300s
START gemma-4b lmbd1000 GPUs=0,1,2,3 attempt=2708 2026-08-06T07:22:07-04:00
FAILED gemma-4b lmbd1000 attempt=2708; retrying in 300s
START gemma-4b lmbd1000 GPUs=0,1,2,3 attempt=2709 2026-08-06T07:27:21-04:00
FAILED gemma-4b lmbd1000 attempt=2709; retrying in 300s
START gemma-4b lmbd1000 GPUs=0,1,2,3 attempt=2710 2026-08-06T07:32:26-04:00
FAILED gemma-4b lmbd1000 attempt=2710; retrying in 300s
START gemma-4b lmbd1000 GPUs=0,1,2,3 attempt=2711 2026-08-06T07:37:31-04:00
FAILED gemma-4b lmbd1000 attempt=2711; retrying in 300s
START gemma-4b lmbd1000 GPUs=0,1,2,3 attempt=2712 2026-08-06T07:42:36-04:00
FAILED gemma-4b lmbd1000 attempt=2712; retrying in 300s
START gemma-4b lmbd1000 GPUs=0,1,2,3 attempt=2713 2026-08-06T07:47:41-04:00
FAILED gemma-4b lmbd1000 attempt=2713; retrying in 300s
START gemma-4b lmbd1000 GPUs=0,1,2,3 attempt=2714 2026-08-06T07:52:46-04:00
FAILED gemma-4b lmbd1000 attempt=2714; retrying in 300s
START gemma-4b lmbd1000 GPUs=0,1,2,3 attempt=2715 2026-08-06T07:57:51-04:00
FAILED gemma-4b lmbd1000 attempt=2715; retrying in 300s
START gemma-4b lmbd1000 GPUs=0,1,2,3 attempt=2716 2026-08-06T08:02:56-04:00
FAILED gemma-4b lmbd1000 attempt=2716; retrying in 300s
START gemma-4b lmbd1000 GPUs=0,1,2,3 attempt=2717 2026-08-06T08:08:01-04:00
FAILED gemma-4b lmbd1000 attempt=2717; retrying in 300s
START gemma-4b lmbd1000 GPUs=0,1,2,3 attempt=2718 2026-08-06T08:13:06-04:00
FAILED gemma-4b lmbd1000 attempt=2718; retrying in 300s
START gemma-4b lmbd1000 GPUs=0,1,2,3 attempt=2719 2026-08-06T08:18:11-04:00
FAILED gemma-4b lmbd1000 attempt=2719; retrying in 300s
START gemma-4b lmbd1000 GPUs=0,1,2,3 attempt=2720 2026-08-06T08:23:16-04:00
FAILED gemma-4b lmbd1000 attempt=2720; retrying in 300s
START gemma-4b lmbd1000 GPUs=0,1,2,3 attempt=2721 2026-08-06T08:28:22-04:00
FAILED gemma-4b lmbd1000 attempt=2721; retrying in 300s
START gemma-4b lmbd1000 GPUs=0,1,2,3 attempt=2722 2026-08-06T08:33:27-04:00
FAILED gemma-4b lmbd1000 attempt=2722; retrying in 300s
START gemma-4b lmbd1000 GPUs=0,1,2,3 attempt=2723 2026-08-06T08:38:32-04:00
FAILED gemma-4b lmbd1000 attempt=2723; retrying in 300s
START gemma-4b lmbd1000 GPUs=0,1,2,3 attempt=2724 2026-08-06T08:43:37-04:00
FAILED gemma-4b lmbd1000 attempt=2724; retrying in 300s
START gemma-4b lmbd1000 GPUs=0,1,2,3 attempt=2725 2026-08-06T08:48:42-04:00
FAILED gemma-4b lmbd1000 attempt=2725; retrying in 300s
START gemma-4b lmbd1000 GPUs=0,1,2,3 attempt=2726 2026-08-06T08:53:47-04:00
FAILED gemma-4b lmbd1000 attempt=2726; retrying in 300s
START gemma-4b lmbd1000 GPUs=0,1,2,3 attempt=2727 2026-08-06T08:58:52-04:00
FAILED gemma-4b lmbd1000 attempt=2727; retrying in 300s
START gemma-4b lmbd1000 GPUs=0,1,2,3 attempt=2728 2026-08-06T09:03:57-04:00
FAILED gemma-4b lmbd1000 attempt=2728; retrying in 300s
START gemma-4b lmbd1000 GPUs=0,1,2,3 attempt=2729 2026-08-06T09:09:02-04:00
FAILED gemma-4b lmbd1000 attempt=2729; retrying in 300s
START gemma-4b lmbd1000 GPUs=0,1,2,3 attempt=2730 2026-08-06T09:14:07-04:00
FAILED gemma-4b lmbd1000 attempt=2730; retrying in 300s
START gemma-4b lmbd1000 GPUs=0,1,2,3 attempt=2731 2026-08-06T09:19:12-04:00
FAILED gemma-4b lmbd1000 attempt=2731; retrying in 300s
START gemma-4b lmbd1000 GPUs=0,1,2,3 attempt=2732 2026-08-06T09:24:17-04:00
FAILED gemma-4b lmbd1000 attempt=2732; retrying in 300s
START gemma-4b lmbd1000 GPUs=0,1,2,3 attempt=2733 2026-08-06T09:29:22-04:00
FAILED gemma-4b lmbd1000 attempt=2733; retrying in 300s
START gemma-4b lmbd1000 GPUs=0,1,2,3 attempt=2734 2026-08-06T09:34:28-04:00
FAILED gemma-4b lmbd1000 attempt=2734; retrying in 300s
START gemma-4b lmbd1000 GPUs=0,1,2,3 attempt=2735 2026-08-06T09:39:33-04:00
FAILED gemma-4b lmbd1000 attempt=2735; retrying in 300s
START gemma-4b lmbd1000 GPUs=0,1,2,3 attempt=2736 2026-08-06T09:44:38-04:00
FAILED gemma-4b lmbd1000 attempt=2736; retrying in 300s
START gemma-4b lmbd1000 GPUs=0,1,2,3 attempt=2737 2026-08-06T09:49:43-04:00
FAILED gemma-4b lmbd1000 attempt=2737; retrying in 300s
START gemma-4b lmbd1000 GPUs=0,1,2,3 attempt=2738 2026-08-06T09:54:48-04:00
FAILED gemma-4b lmbd1000 attempt=2738; retrying in 300s
START gemma-4b lmbd1000 GPUs=0,1,2,3 attempt=2739 2026-08-06T09:59:53-04:00
FAILED gemma-4b lmbd1000 attempt=2739; retrying in 300s
START gemma-4b lmbd1000 GPUs=0,1,2,3 attempt=2740 2026-08-06T10:04:58-04:00
FAILED gemma-4b lmbd1000 attempt=2740; retrying in 300s
START gemma-4b lmbd1000 GPUs=0,1,2,3 attempt=2741 2026-08-06T10:10:03-04:00
FAILED gemma-4b lmbd1000 attempt=2741; retrying in 300s
START gemma-4b lmbd1000 GPUs=0,1,2,3 attempt=2742 2026-08-06T10:15:08-04:00
FAILED gemma-4b lmbd1000 attempt=2742; retrying in 300s
START gemma-4b lmbd1000 GPUs=0,1,2,3 attempt=2743 2026-08-06T10:20:13-04:00
FAILED gemma-4b lmbd1000 attempt=2743; retrying in 300s
START gemma-4b lmbd1000 GPUs=0,1,2,3 attempt=2744 2026-08-06T10:25:18-04:00
FAILED gemma-4b lmbd1000 attempt=2744; retrying in 300s
START gemma-4b lmbd1000 GPUs=0,1,2,3 attempt=2745 2026-08-06T10:30:23-04:00
FAILED gemma-4b lmbd1000 attempt=2745; retrying in 300s
START gemma-4b lmbd1000 GPUs=0,1,2,3 attempt=2746 2026-08-06T10:35:28-04:00
FAILED gemma-4b lmbd1000 attempt=2746; retrying in 300s
START gemma-4b lmbd1000 GPUs=0,1,2,3 attempt=2747 2026-08-06T10:40:33-04:00
FAILED gemma-4b lmbd1000 attempt=2747; retrying in 300s
START gemma-4b lmbd1000 GPUs=0,1,2,3 attempt=2748 2026-08-06T10:45:39-04:00
FAILED gemma-4b lmbd1000 attempt=2748; retrying in 300s
START gemma-4b lmbd1000 GPUs=0,1,2,3 attempt=2749 2026-08-06T10:50:44-04:00
FAILED gemma-4b lmbd1000 attempt=2749; retrying in 300s
START gemma-4b lmbd1000 GPUs=0,1,2,3 attempt=2750 2026-08-06T10:55:49-04:00
FAILED gemma-4b lmbd1000 attempt=2750; retrying in 300s
START gemma-4b lmbd1000 GPUs=0,1,2,3 attempt=2751 2026-08-06T11:00:54-04:00
FAILED gemma-4b lmbd1000 attempt=2751; retrying in 300s
START gemma-4b lmbd1000 GPUs=0,1,2,3 attempt=2752 2026-08-06T11:05:59-04:00
FAILED gemma-4b lmbd1000 attempt=2752; retrying in 300s
START gemma-4b lmbd1000 GPUs=0,1,2,3 attempt=2753 2026-08-06T11:11:04-04:00
FAILED gemma-4b lmbd1000 attempt=2753; retrying in 300s
START gemma-4b lmbd1000 GPUs=0,1,2,3 attempt=2754 2026-08-06T11:16:09-04:00
FAILED gemma-4b lmbd1000 attempt=2754; retrying in 300s
START gemma-4b lmbd1000 GPUs=0,1,2,3 attempt=2755 2026-08-06T11:21:14-04:00
FAILED gemma-4b lmbd1000 attempt=2755; retrying in 300s
START gemma-4b lmbd1000 GPUs=0,1,2,3 attempt=2756 2026-08-06T11:26:19-04:00
FAILED gemma-4b lmbd1000 attempt=2756; retrying in 300s
START gemma-4b lmbd1000 GPUs=0,1,2,3 attempt=2757 2026-08-06T11:31:24-04:00
FAILED gemma-4b lmbd1000 attempt=2757; retrying in 300s
START gemma-4b lmbd1000 GPUs=0,1,2,3 attempt=2758 2026-08-06T11:36:29-04:00
FAILED gemma-4b lmbd1000 attempt=2758; retrying in 300s
START gemma-4b lmbd1000 GPUs=0,1,2,3 attempt=2759 2026-08-06T11:41:34-04:00
FAILED gemma-4b lmbd1000 attempt=2759; retrying in 300s
START gemma-4b lmbd1000 GPUs=0,1,2,3 attempt=2760 2026-08-06T11:46:40-04:00
FAILED gemma-4b lmbd1000 attempt=2760; retrying in 300s
START gemma-4b lmbd1000 GPUs=0,1,2,3 attempt=2761 2026-08-06T11:51:45-04:00
FAILED gemma-4b lmbd1000 attempt=2761; retrying in 300s
START gemma-4b lmbd1000 GPUs=0,1,2,3 attempt=2762 2026-08-06T11:56:50-04:00
FAILED gemma-4b lmbd1000 attempt=2762; retrying in 300s
START gemma-4b lmbd1000 GPUs=0,1,2,3 attempt=2763 2026-08-06T12:01:55-04:00
FAILED gemma-4b lmbd1000 attempt=2763; retrying in 300s
START gemma-4b lmbd1000 GPUs=0,1,2,3 attempt=2764 2026-08-06T12:07:00-04:00
FAILED gemma-4b lmbd1000 attempt=2764; retrying in 300s
START gemma-4b lmbd1000 GPUs=0,1,2,3 attempt=2765 2026-08-06T12:12:05-04:00
FAILED gemma-4b lmbd1000 attempt=2765; retrying in 300s
START gemma-4b lmbd1000 GPUs=0,1,2,3 attempt=2766 2026-08-06T12:17:10-04:00
FAILED gemma-4b lmbd1000 attempt=2766; retrying in 300s
START gemma-4b lmbd1000 GPUs=0,1,2,3 attempt=2767 2026-08-06T12:22:15-04:00
FAILED gemma-4b lmbd1000 attempt=2767; retrying in 300s
START gemma-4b lmbd1000 GPUs=0,1,2,3 attempt=2768 2026-08-06T12:27:20-04:00
FAILED gemma-4b lmbd1000 attempt=2768; retrying in 300s
START gemma-4b lmbd1000 GPUs=0,1,2,3 attempt=2769 2026-08-06T12:32:25-04:00
FAILED gemma-4b lmbd1000 attempt=2769; retrying in 300s
START gemma-4b lmbd1000 GPUs=0,1,2,3 attempt=2770 2026-08-06T12:37:30-04:00
FAILED gemma-4b lmbd1000 attempt=2770; retrying in 300s
START gemma-4b lmbd1000 GPUs=0,1,2,3 attempt=2771 2026-08-06T12:42:35-04:00
FAILED gemma-4b lmbd1000 attempt=2771; retrying in 300s
START gemma-4b lmbd1000 GPUs=0,1,2,3 attempt=2772 2026-08-06T12:47:41-04:00
FAILED gemma-4b lmbd1000 attempt=2772; retrying in 300s
START gemma-4b lmbd1000 GPUs=0,1,2,3 attempt=2773 2026-08-06T12:52:46-04:00
FAILED gemma-4b lmbd1000 attempt=2773; retrying in 300s
START gemma-4b lmbd1000 GPUs=0,1,2,3 attempt=2774 2026-08-06T12:57:51-04:00
FAILED gemma-4b lmbd1000 attempt=2774; retrying in 300s
START gemma-4b lmbd1000 GPUs=0,1,2,3 attempt=2775 2026-08-06T13:02:56-04:00
FAILED gemma-4b lmbd1000 attempt=2775; retrying in 300s
START gemma-4b lmbd1000 GPUs=0,1,2,3 attempt=2776 2026-08-06T13:08:01-04:00
FAILED gemma-4b lmbd1000 attempt=2776; retrying in 300s
START gemma-4b lmbd1000 GPUs=0,1,2,3 attempt=2777 2026-08-06T13:13:06-04:00
FAILED gemma-4b lmbd1000 attempt=2777; retrying in 300s
START gemma-4b lmbd1000 GPUs=0,1,2,3 attempt=2778 2026-08-06T13:18:11-04:00
FAILED gemma-4b lmbd1000 attempt=2778; retrying in 300s
START gemma-4b lmbd1000 GPUs=0,1,2,3 attempt=2779 2026-08-06T13:23:16-04:00
FAILED gemma-4b lmbd1000 attempt=2779; retrying in 300s
START gemma-4b lmbd1000 GPUs=0,1,2,3 attempt=2780 2026-08-06T13:28:21-04:00
FAILED gemma-4b lmbd1000 attempt=2780; retrying in 300s
START gemma-4b lmbd1000 GPUs=0,1,2,3 attempt=2781 2026-08-06T13:33:26-04:00
FAILED gemma-4b lmbd1000 attempt=2781; retrying in 300s
START gemma-4b lmbd1000 GPUs=0,1,2,3 attempt=2782 2026-08-06T13:38:31-04:00
FAILED gemma-4b lmbd1000 attempt=2782; retrying in 300s
START gemma-4b lmbd1000 GPUs=0,1,2,3 attempt=2783 2026-08-06T13:43:36-04:00
FAILED gemma-4b lmbd1000 attempt=2783; retrying in 300s
START gemma-4b lmbd1000 GPUs=0,1,2,3 attempt=2784 2026-08-06T13:48:42-04:00
FAILED gemma-4b lmbd1000 attempt=2784; retrying in 300s
START gemma-4b lmbd1000 GPUs=0,1,2,3 attempt=2785 2026-08-06T13:53:47-04:00
FAILED gemma-4b lmbd1000 attempt=2785; retrying in 300s
START gemma-4b lmbd1000 GPUs=0,1,2,3 attempt=2786 2026-08-06T13:58:52-04:00
FAILED gemma-4b lmbd1000 attempt=2786; retrying in 300s
START gemma-4b lmbd1000 GPUs=0,1,2,3 attempt=2787 2026-08-06T14:03:57-04:00
FAILED gemma-4b lmbd1000 attempt=2787; retrying in 300s
START gemma-4b lmbd1000 GPUs=0,1,2,3 attempt=2788 2026-08-06T14:09:02-04:00
FAILED gemma-4b lmbd1000 attempt=2788; retrying in 300s
START gemma-4b lmbd1000 GPUs=0,1,2,3 attempt=2789 2026-08-06T14:14:07-04:00
FAILED gemma-4b lmbd1000 attempt=2789; retrying in 300s
START gemma-4b lmbd1000 GPUs=0,1,2,3 attempt=2790 2026-08-06T14:19:12-04:00
FAILED gemma-4b lmbd1000 attempt=2790; retrying in 300s
START gemma-4b lmbd1000 GPUs=0,1,2,3 attempt=2791 2026-08-06T14:24:17-04:00
FAILED gemma-4b lmbd1000 attempt=2791; retrying in 300s
START gemma-4b lmbd1000 GPUs=0,1,2,3 attempt=2792 2026-08-06T14:29:22-04:00
FAILED gemma-4b lmbd1000 attempt=2792; retrying in 300s
START gemma-4b lmbd1000 GPUs=0,1,2,3 attempt=2793 2026-08-06T14:34:27-04:00
FAILED gemma-4b lmbd1000 attempt=2793; retrying in 300s
START gemma-4b lmbd1000 GPUs=0,1,2,3 attempt=2794 2026-08-06T14:39:32-04:00
FAILED gemma-4b lmbd1000 attempt=2794; retrying in 300s
START gemma-4b lmbd1000 GPUs=0,1,2,3 attempt=2795 2026-08-06T14:44:37-04:00
FAILED gemma-4b lmbd1000 attempt=2795; retrying in 300s
START gemma-4b lmbd1000 GPUs=0,1,2,3 attempt=2796 2026-08-06T14:49:52-04:00
FAILED gemma-4b lmbd1000 attempt=2796; retrying in 300s
START gemma-4b lmbd1000 GPUs=0,1,2,3 attempt=2797 2026-08-06T14:54:58-04:00
FAILED gemma-4b lmbd1000 attempt=2797; retrying in 300s
START gemma-4b lmbd1000 GPUs=0,1,2,3 attempt=2798 2026-08-06T15:00:03-04:00
FAILED gemma-4b lmbd1000 attempt=2798; retrying in 300s
START gemma-4b lmbd1000 GPUs=0,1,2,3 attempt=2799 2026-08-06T15:05:08-04:00
FAILED gemma-4b lmbd1000 attempt=2799; retrying in 300s
START gemma-4b lmbd1000 GPUs=0,1,2,3 attempt=2800 2026-08-06T15:10:13-04:00
FAILED gemma-4b lmbd1000 attempt=2800; retrying in 300s
START gemma-4b lmbd1000 GPUs=0,1,2,3 attempt=2801 2026-08-06T15:15:18-04:00
FAILED gemma-4b lmbd1000 attempt=2801; retrying in 300s
START gemma-4b lmbd1000 GPUs=0,1,2,3 attempt=2802 2026-08-06T15:20:23-04:00
FAILED gemma-4b lmbd1000 attempt=2802; retrying in 300s
START gemma-4b lmbd1000 GPUs=0,1,2,3 attempt=2803 2026-08-06T15:25:28-04:00
FAILED gemma-4b lmbd1000 attempt=2803; retrying in 300s
START gemma-4b lmbd1000 GPUs=0,1,2,3 attempt=2804 2026-08-06T15:30:33-04:00
FAILED gemma-4b lmbd1000 attempt=2804; retrying in 300s
START gemma-4b lmbd1000 GPUs=0,1,2,3 attempt=2805 2026-08-06T15:35:38-04:00
FAILED gemma-4b lmbd1000 attempt=2805; retrying in 300s
START gemma-4b lmbd1000 GPUs=0,1,2,3 attempt=2806 2026-08-06T15:40:43-04:00
FAILED gemma-4b lmbd1000 attempt=2806; retrying in 300s
START gemma-4b lmbd1000 GPUs=0,1,2,3 attempt=2807 2026-08-06T15:45:48-04:00
FAILED gemma-4b lmbd1000 attempt=2807; retrying in 300s
START gemma-4b lmbd1000 GPUs=0,1,2,3 attempt=2808 2026-08-06T15:50:53-04:00
FAILED gemma-4b lmbd1000 attempt=2808; retrying in 300s
START gemma-4b lmbd1000 GPUs=0,1,2,3 attempt=2809 2026-08-06T15:55:59-04:00
FAILED gemma-4b lmbd1000 attempt=2809; retrying in 300s
START gemma-4b lmbd1000 GPUs=0,1,2,3 attempt=2810 2026-08-06T16:01:04-04:00
FAILED gemma-4b lmbd1000 attempt=2810; retrying in 300s
START gemma-4b lmbd1000 GPUs=0,1,2,3 attempt=2811 2026-08-06T16:06:09-04:00
FAILED gemma-4b lmbd1000 attempt=2811; retrying in 300s
START gemma-4b lmbd1000 GPUs=0,1,2,3 attempt=2812 2026-08-06T16:11:14-04:00
FAILED gemma-4b lmbd1000 attempt=2812; retrying in 300s
START gemma-4b lmbd1000 GPUs=0,1,2,3 attempt=2813 2026-08-06T16:16:19-04:00
FAILED gemma-4b lmbd1000 attempt=2813; retrying in 300s
START gemma-4b lmbd1000 GPUs=0,1,2,3 attempt=2814 2026-08-06T16:21:24-04:00
FAILED gemma-4b lmbd1000 attempt=2814; retrying in 300s
START gemma-4b lmbd1000 GPUs=0,1,2,3 attempt=2815 2026-08-06T16:26:29-04:00
FAILED gemma-4b lmbd1000 attempt=2815; retrying in 300s
START gemma-4b lmbd1000 GPUs=0,1,2,3 attempt=2816 2026-08-06T16:31:34-04:00
FAILED gemma-4b lmbd1000 attempt=2816; retrying in 300s
START gemma-4b lmbd1000 GPUs=0,1,2,3 attempt=2817 2026-08-06T16:36:39-04:00
FAILED gemma-4b lmbd1000 attempt=2817; retrying in 300s
START gemma-4b lmbd1000 GPUs=0,1,2,3 attempt=2818 2026-08-06T16:41:44-04:00
FAILED gemma-4b lmbd1000 attempt=2818; retrying in 300s
START gemma-4b lmbd1000 GPUs=0,1,2,3 attempt=2819 2026-08-06T16:46:49-04:00
FAILED gemma-4b lmbd1000 attempt=2819; retrying in 300s
START gemma-4b lmbd1000 GPUs=0,1,2,3 attempt=2820 2026-08-06T16:51:54-04:00
FAILED gemma-4b lmbd1000 attempt=2820; retrying in 300s
START gemma-4b lmbd1000 GPUs=0,1,2,3 attempt=2821 2026-08-06T16:56:59-04:00
FAILED gemma-4b lmbd1000 attempt=2821; retrying in 300s
START gemma-4b lmbd1000 GPUs=0,1,2,3 attempt=2822 2026-08-06T17:02:04-04:00
FAILED gemma-4b lmbd1000 attempt=2822; retrying in 300s
START gemma-4b lmbd1000 GPUs=0,1,2,3 attempt=2823 2026-08-06T17:07:10-04:00
FAILED gemma-4b lmbd1000 attempt=2823; retrying in 300s
START gemma-4b lmbd1000 GPUs=0,1,2,3 attempt=2824 2026-08-06T17:12:15-04:00
FAILED gemma-4b lmbd1000 attempt=2824; retrying in 300s
START gemma-4b lmbd1000 GPUs=0,1,2,3 attempt=2825 2026-08-06T17:17:20-04:00
FAILED gemma-4b lmbd1000 attempt=2825; retrying in 300s
START gemma-4b lmbd1000 GPUs=0,1,2,3 attempt=2826 2026-08-06T17:22:25-04:00
FAILED gemma-4b lmbd1000 attempt=2826; retrying in 300s
START gemma-4b lmbd1000 GPUs=0,1,2,3 attempt=2827 2026-08-06T17:27:30-04:00
FAILED gemma-4b lmbd1000 attempt=2827; retrying in 300s
START gemma-4b lmbd1000 GPUs=0,1,2,3 attempt=2828 2026-08-06T17:32:35-04:00
FAILED gemma-4b lmbd1000 attempt=2828; retrying in 300s
START gemma-4b lmbd1000 GPUs=0,1,2,3 attempt=2829 2026-08-06T17:37:43-04:00
FAILED gemma-4b lmbd1000 attempt=2829; retrying in 300s
START gemma-4b lmbd1000 GPUs=0,1,2,3 attempt=2830 2026-08-06T17:42:48-04:00
FAILED gemma-4b lmbd1000 attempt=2830; retrying in 300s
START gemma-4b lmbd1000 GPUs=0,1,2,3 attempt=2831 2026-08-06T17:47:53-04:00
FAILED gemma-4b lmbd1000 attempt=2831; retrying in 300s
START gemma-4b lmbd1000 GPUs=0,1,2,3 attempt=2832 2026-08-06T17:52:58-04:00
FAILED gemma-4b lmbd1000 attempt=2832; retrying in 300s
START gemma-4b lmbd1000 GPUs=0,1,2,3 attempt=2833 2026-08-06T17:58:03-04:00
FAILED gemma-4b lmbd1000 attempt=2833; retrying in 300s
START gemma-4b lmbd1000 GPUs=0,1,2,3 attempt=2834 2026-08-06T18:03:08-04:00
FAILED gemma-4b lmbd1000 attempt=2834; retrying in 300s
START gemma-4b lmbd1000 GPUs=0,1,2,3 attempt=2835 2026-08-06T18:08:13-04:00
FAILED gemma-4b lmbd1000 attempt=2835; retrying in 300s
START gemma-4b lmbd1000 GPUs=0,1,2,3 attempt=2836 2026-08-06T18:13:18-04:00
FAILED gemma-4b lmbd1000 attempt=2836; retrying in 300s
START gemma-4b lmbd1000 GPUs=0,1,2,3 attempt=2837 2026-08-06T18:18:23-04:00
FAILED gemma-4b lmbd1000 attempt=2837; retrying in 300s
START gemma-4b lmbd1000 GPUs=0,1,2,3 attempt=2838 2026-08-06T18:23:28-04:00
FAILED gemma-4b lmbd1000 attempt=2838; retrying in 300s
START gemma-4b lmbd1000 GPUs=0,1,2,3 attempt=2839 2026-08-06T18:28:33-04:00
FAILED gemma-4b lmbd1000 attempt=2839; retrying in 300s
START gemma-4b lmbd1000 GPUs=0,1,2,3 attempt=2840 2026-08-06T18:33:38-04:00
FAILED gemma-4b lmbd1000 attempt=2840; retrying in 300s
START gemma-4b lmbd1000 GPUs=0,1,2,3 attempt=2841 2026-08-06T18:38:43-04:00
FAILED gemma-4b lmbd1000 attempt=2841; retrying in 300s
START gemma-4b lmbd1000 GPUs=0,1,2,3 attempt=2842 2026-08-06T18:43:48-04:00
FAILED gemma-4b lmbd1000 attempt=2842; retrying in 300s
START gemma-4b lmbd1000 GPUs=0,1,2,3 attempt=2843 2026-08-06T18:48:54-04:00
FAILED gemma-4b lmbd1000 attempt=2843; retrying in 300s
START gemma-4b lmbd1000 GPUs=0,1,2,3 attempt=2844 2026-08-06T18:53:59-04:00
FAILED gemma-4b lmbd1000 attempt=2844; retrying in 300s
START gemma-4b lmbd1000 GPUs=0,1,2,3 attempt=2845 2026-08-06T18:59:04-04:00
FAILED gemma-4b lmbd1000 attempt=2845; retrying in 300s
START gemma-4b lmbd1000 GPUs=0,1,2,3 attempt=2846 2026-08-06T19:04:09-04:00
FAILED gemma-4b lmbd1000 attempt=2846; retrying in 300s
START gemma-4b lmbd1000 GPUs=0,1,2,3 attempt=2847 2026-08-06T19:09:14-04:00
FAILED gemma-4b lmbd1000 attempt=2847; retrying in 300s
START gemma-4b lmbd1000 GPUs=0,1,2,3 attempt=2848 2026-08-06T19:14:19-04:00
FAILED gemma-4b lmbd1000 attempt=2848; retrying in 300s
START gemma-4b lmbd1000 GPUs=0,1,2,3 attempt=2849 2026-08-06T19:19:24-04:00
FAILED gemma-4b lmbd1000 attempt=2849; retrying in 300s
START gemma-4b lmbd1000 GPUs=0,1,2,3 attempt=2850 2026-08-06T19:24:29-04:00
FAILED gemma-4b lmbd1000 attempt=2850; retrying in 300s
START gemma-4b lmbd1000 GPUs=0,1,2,3 attempt=2851 2026-08-06T19:29:34-04:00
FAILED gemma-4b lmbd1000 attempt=2851; retrying in 300s
START gemma-4b lmbd1000 GPUs=0,1,2,3 attempt=2852 2026-08-06T19:34:39-04:00
FAILED gemma-4b lmbd1000 attempt=2852; retrying in 300s
START gemma-4b lmbd1000 GPUs=0,1,2,3 attempt=2853 2026-08-06T19:39:44-04:00
FAILED gemma-4b lmbd1000 attempt=2853; retrying in 300s
START gemma-4b lmbd1000 GPUs=0,1,2,3 attempt=2854 2026-08-06T19:44:50-04:00
FAILED gemma-4b lmbd1000 attempt=2854; retrying in 300s
START gemma-4b lmbd1000 GPUs=0,1,2,3 attempt=2855 2026-08-06T19:49:55-04:00
FAILED gemma-4b lmbd1000 attempt=2855; retrying in 300s
START gemma-4b lmbd1000 GPUs=0,1,2,3 attempt=2856 2026-08-06T19:55:00-04:00
FAILED gemma-4b lmbd1000 attempt=2856; retrying in 300s
START gemma-4b lmbd1000 GPUs=0,1,2,3 attempt=2857 2026-08-06T20:00:05-04:00
FAILED gemma-4b lmbd1000 attempt=2857; retrying in 300s
START gemma-4b lmbd1000 GPUs=0,1,2,3 attempt=2858 2026-08-06T20:05:10-04:00
FAILED gemma-4b lmbd1000 attempt=2858; retrying in 300s
START gemma-4b lmbd1000 GPUs=0,1,2,3 attempt=2859 2026-08-06T20:10:15-04:00
FAILED gemma-4b lmbd1000 attempt=2859; retrying in 300s
START gemma-4b lmbd1000 GPUs=0,1,2,3 attempt=2860 2026-08-06T20:15:20-04:00
FAILED gemma-4b lmbd1000 attempt=2860; retrying in 300s
START gemma-4b lmbd1000 GPUs=0,1,2,3 attempt=2861 2026-08-06T20:20:25-04:00
FAILED gemma-4b lmbd1000 attempt=2861; retrying in 300s
START gemma-4b lmbd1000 GPUs=0,1,2,3 attempt=2862 2026-08-06T20:25:30-04:00
FAILED gemma-4b lmbd1000 attempt=2862; retrying in 300s
START gemma-4b lmbd1000 GPUs=0,1,2,3 attempt=2863 2026-08-06T20:30:35-04:00
FAILED gemma-4b lmbd1000 attempt=2863; retrying in 300s
START gemma-4b lmbd1000 GPUs=0,1,2,3 attempt=2864 2026-08-06T20:35:40-04:00
FAILED gemma-4b lmbd1000 attempt=2864; retrying in 300s
START gemma-4b lmbd1000 GPUs=0,1,2,3 attempt=2865 2026-08-06T20:40:45-04:00
FAILED gemma-4b lmbd1000 attempt=2865; retrying in 300s
START gemma-4b lmbd1000 GPUs=0,1,2,3 attempt=2866 2026-08-06T20:45:50-04:00
FAILED gemma-4b lmbd1000 attempt=2866; retrying in 300s
START gemma-4b lmbd1000 GPUs=0,1,2,3 attempt=2867 2026-08-06T20:50:55-04:00
FAILED gemma-4b lmbd1000 attempt=2867; retrying in 300s
START gemma-4b lmbd1000 GPUs=0,1,2,3 attempt=2868 2026-08-06T20:56:01-04:00
FAILED gemma-4b lmbd1000 attempt=2868; retrying in 300s
START gemma-4b lmbd1000 GPUs=0,1,2,3 attempt=2869 2026-08-06T21:01:06-04:00
FAILED gemma-4b lmbd1000 attempt=2869; retrying in 300s
START gemma-4b lmbd1000 GPUs=0,1,2,3 attempt=2870 2026-08-06T21:06:11-04:00
FAILED gemma-4b lmbd1000 attempt=2870; retrying in 300s
START gemma-4b lmbd1000 GPUs=0,1,2,3 attempt=2871 2026-08-06T21:11:16-04:00
FAILED gemma-4b lmbd1000 attempt=2871; retrying in 300s
START gemma-4b lmbd1000 GPUs=0,1,2,3 attempt=2872 2026-08-06T21:16:21-04:00
FAILED gemma-4b lmbd1000 attempt=2872; retrying in 300s
START gemma-4b lmbd1000 GPUs=0,1,2,3 attempt=2873 2026-08-06T21:21:26-04:00
FAILED gemma-4b lmbd1000 attempt=2873; retrying in 300s
START gemma-4b lmbd1000 GPUs=0,1,2,3 attempt=2874 2026-08-06T21:26:31-04:00
FAILED gemma-4b lmbd1000 attempt=2874; retrying in 300s
START gemma-4b lmbd1000 GPUs=0,1,2,3 attempt=2875 2026-08-06T21:31:36-04:00
FAILED gemma-4b lmbd1000 attempt=2875; retrying in 300s
START gemma-4b lmbd1000 GPUs=0,1,2,3 attempt=2876 2026-08-06T21:36:41-04:00
FAILED gemma-4b lmbd1000 attempt=2876; retrying in 300s
START gemma-4b lmbd1000 GPUs=0,1,2,3 attempt=2877 2026-08-06T21:41:46-04:00
FAILED gemma-4b lmbd1000 attempt=2877; retrying in 300s
START gemma-4b lmbd1000 GPUs=0,1,2,3 attempt=2878 2026-08-06T21:46:51-04:00
FAILED gemma-4b lmbd1000 attempt=2878; retrying in 300s
START gemma-4b lmbd1000 GPUs=0,1,2,3 attempt=2879 2026-08-06T21:51:57-04:00
FAILED gemma-4b lmbd1000 attempt=2879; retrying in 300s
START gemma-4b lmbd1000 GPUs=0,1,2,3 attempt=2880 2026-08-06T21:57:02-04:00
FAILED gemma-4b lmbd1000 attempt=2880; retrying in 300s
START gemma-4b lmbd1000 GPUs=0,1,2,3 attempt=2881 2026-08-06T22:02:07-04:00
FAILED gemma-4b lmbd1000 attempt=2881; retrying in 300s
START gemma-4b lmbd1000 GPUs=0,1,2,3 attempt=2882 2026-08-06T22:07:12-04:00
FAILED gemma-4b lmbd1000 attempt=2882; retrying in 300s
START gemma-4b lmbd1000 GPUs=0,1,2,3 attempt=2883 2026-08-06T22:12:17-04:00
FAILED gemma-4b lmbd1000 attempt=2883; retrying in 300s
START gemma-4b lmbd1000 GPUs=0,1,2,3 attempt=2884 2026-08-06T22:17:22-04:00
FAILED gemma-4b lmbd1000 attempt=2884; retrying in 300s
START gemma-4b lmbd1000 GPUs=0,1,2,3 attempt=2885 2026-08-06T22:22:27-04:00
FAILED gemma-4b lmbd1000 attempt=2885; retrying in 300s
START gemma-4b lmbd1000 GPUs=0,1,2,3 attempt=2886 2026-08-06T22:27:32-04:00
FAILED gemma-4b lmbd1000 attempt=2886; retrying in 300s
START gemma-4b lmbd1000 GPUs=0,1,2,3 attempt=2887 2026-08-06T22:32:37-04:00
FAILED gemma-4b lmbd1000 attempt=2887; retrying in 300s
START gemma-4b lmbd1000 GPUs=0,1,2,3 attempt=2888 2026-08-06T22:37:42-04:00
FAILED gemma-4b lmbd1000 attempt=2888; retrying in 300s
START gemma-4b lmbd1000 GPUs=0,1,2,3 attempt=2889 2026-08-06T22:42:47-04:00
FAILED gemma-4b lmbd1000 attempt=2889; retrying in 300s
START gemma-4b lmbd1000 GPUs=0,1,2,3 attempt=2890 2026-08-06T22:47:52-04:00
FAILED gemma-4b lmbd1000 attempt=2890; retrying in 300s
START gemma-4b lmbd1000 GPUs=0,1,2,3 attempt=2891 2026-08-06T22:52:58-04:00
FAILED gemma-4b lmbd1000 attempt=2891; retrying in 300s
START gemma-4b lmbd1000 GPUs=0,1,2,3 attempt=2892 2026-08-06T22:58:03-04:00
FAILED gemma-4b lmbd1000 attempt=2892; retrying in 300s
START gemma-4b lmbd1000 GPUs=0,1,2,3 attempt=2893 2026-08-06T23:03:08-04:00
FAILED gemma-4b lmbd1000 attempt=2893; retrying in 300s
START gemma-4b lmbd1000 GPUs=0,1,2,3 attempt=2894 2026-08-06T23:08:13-04:00
FAILED gemma-4b lmbd1000 attempt=2894; retrying in 300s
START gemma-4b lmbd1000 GPUs=0,1,2,3 attempt=2895 2026-08-06T23:13:18-04:00
FAILED gemma-4b lmbd1000 attempt=2895; retrying in 300s
START gemma-4b lmbd1000 GPUs=0,1,2,3 attempt=2896 2026-08-06T23:18:23-04:00
FAILED gemma-4b lmbd1000 attempt=2896; retrying in 300s
START gemma-4b lmbd1000 GPUs=0,1,2,3 attempt=2897 2026-08-06T23:23:28-04:00
FAILED gemma-4b lmbd1000 attempt=2897; retrying in 300s
START gemma-4b lmbd1000 GPUs=0,1,2,3 attempt=2898 2026-08-06T23:28:33-04:00
FAILED gemma-4b lmbd1000 attempt=2898; retrying in 300s
START gemma-4b lmbd1000 GPUs=0,1,2,3 attempt=2899 2026-08-06T23:33:38-04:00
FAILED gemma-4b lmbd1000 attempt=2899; retrying in 300s
START gemma-4b lmbd1000 GPUs=0,1,2,3 attempt=2900 2026-08-06T23:38:43-04:00
FAILED gemma-4b lmbd1000 attempt=2900; retrying in 300s
START gemma-4b lmbd1000 GPUs=0,1,2,3 attempt=2901 2026-08-06T23:43:48-04:00
FAILED gemma-4b lmbd1000 attempt=2901; retrying in 300s
START gemma-4b lmbd1000 GPUs=0,1,2,3 attempt=2902 2026-08-06T23:48:53-04:00
FAILED gemma-4b lmbd1000 attempt=2902; retrying in 300s
START gemma-4b lmbd1000 GPUs=0,1,2,3 attempt=2903 2026-08-06T23:53:59-04:00
FAILED gemma-4b lmbd1000 attempt=2903; retrying in 300s
START gemma-4b lmbd1000 GPUs=0,1,2,3 attempt=2904 2026-08-06T23:59:04-04:00
FAILED gemma-4b lmbd1000 attempt=2904; retrying in 300s
START gemma-4b lmbd1000 GPUs=0,1,2,3 attempt=2905 2026-08-07T00:04:09-04:00
FAILED gemma-4b lmbd1000 attempt=2905; retrying in 300s
START gemma-4b lmbd1000 GPUs=0,1,2,3 attempt=2906 2026-08-07T00:09:14-04:00
FAILED gemma-4b lmbd1000 attempt=2906; retrying in 300s
START gemma-4b lmbd1000 GPUs=0,1,2,3 attempt=2907 2026-08-07T00:14:19-04:00
FAILED gemma-4b lmbd1000 attempt=2907; retrying in 300s
START gemma-4b lmbd1000 GPUs=0,1,2,3 attempt=2908 2026-08-07T00:19:24-04:00
FAILED gemma-4b lmbd1000 attempt=2908; retrying in 300s
START gemma-4b lmbd1000 GPUs=0,1,2,3 attempt=2909 2026-08-07T00:24:29-04:00
FAILED gemma-4b lmbd1000 attempt=2909; retrying in 300s
START gemma-4b lmbd1000 GPUs=0,1,2,3 attempt=2910 2026-08-07T00:29:34-04:00
FAILED gemma-4b lmbd1000 attempt=2910; retrying in 300s
START gemma-4b lmbd1000 GPUs=0,1,2,3 attempt=2911 2026-08-07T00:34:39-04:00
FAILED gemma-4b lmbd1000 attempt=2911; retrying in 300s
START gemma-4b lmbd1000 GPUs=0,1,2,3 attempt=2912 2026-08-07T00:39:44-04:00
FAILED gemma-4b lmbd1000 attempt=2912; retrying in 300s
START gemma-4b lmbd1000 GPUs=0,1,2,3 attempt=2913 2026-08-07T00:44:49-04:00
FAILED gemma-4b lmbd1000 attempt=2913; retrying in 300s
START gemma-4b lmbd1000 GPUs=0,1,2,3 attempt=2914 2026-08-07T00:49:54-04:00
FAILED gemma-4b lmbd1000 attempt=2914; retrying in 300s
START gemma-4b lmbd1000 GPUs=0,1,2,3 attempt=2915 2026-08-07T00:54:59-04:00
FAILED gemma-4b lmbd1000 attempt=2915; retrying in 300s
START gemma-4b lmbd1000 GPUs=0,1,2,3 attempt=2916 2026-08-07T01:00:04-04:00
FAILED gemma-4b lmbd1000 attempt=2916; retrying in 300s
START gemma-4b lmbd1000 GPUs=0,1,2,3 attempt=2917 2026-08-07T01:05:09-04:00
FAILED gemma-4b lmbd1000 attempt=2917; retrying in 300s
START gemma-4b lmbd1000 GPUs=0,1,2,3 attempt=2918 2026-08-07T01:10:14-04:00
FAILED gemma-4b lmbd1000 attempt=2918; retrying in 300s
START gemma-4b lmbd1000 GPUs=0,1,2,3 attempt=2919 2026-08-07T01:15:19-04:00
FAILED gemma-4b lmbd1000 attempt=2919; retrying in 300s
START gemma-4b lmbd1000 GPUs=0,1,2,3 attempt=2920 2026-08-07T01:20:25-04:00
FAILED gemma-4b lmbd1000 attempt=2920; retrying in 300s
START gemma-4b lmbd1000 GPUs=0,1,2,3 attempt=2921 2026-08-07T01:25:30-04:00
FAILED gemma-4b lmbd1000 attempt=2921; retrying in 300s
START gemma-4b lmbd1000 GPUs=0,1,2,3 attempt=2922 2026-08-07T01:30:35-04:00
FAILED gemma-4b lmbd1000 attempt=2922; retrying in 300s
START gemma-4b lmbd1000 GPUs=0,1,2,3 attempt=2923 2026-08-07T01:35:40-04:00
FAILED gemma-4b lmbd1000 attempt=2923; retrying in 300s
START gemma-4b lmbd1000 GPUs=0,1,2,3 attempt=2924 2026-08-07T01:40:45-04:00
FAILED gemma-4b lmbd1000 attempt=2924; retrying in 300s
START gemma-4b lmbd1000 GPUs=0,1,2,3 attempt=2925 2026-08-07T01:45:50-04:00
FAILED gemma-4b lmbd1000 attempt=2925; retrying in 300s
START gemma-4b lmbd1000 GPUs=0,1,2,3 attempt=2926 2026-08-07T01:50:55-04:00
FAILED gemma-4b lmbd1000 attempt=2926; retrying in 300s
START gemma-4b lmbd1000 GPUs=0,1,2,3 attempt=2927 2026-08-07T01:56:00-04:00
FAILED gemma-4b lmbd1000 attempt=2927; retrying in 300s
START gemma-4b lmbd1000 GPUs=0,1,2,3 attempt=2928 2026-08-07T02:01:05-04:00
FAILED gemma-4b lmbd1000 attempt=2928; retrying in 300s
START gemma-4b lmbd1000 GPUs=0,1,2,3 attempt=2929 2026-08-07T02:06:10-04:00
FAILED gemma-4b lmbd1000 attempt=2929; retrying in 300s
START gemma-4b lmbd1000 GPUs=0,1,2,3 attempt=2930 2026-08-07T02:11:15-04:00
FAILED gemma-4b lmbd1000 attempt=2930; retrying in 300s
START gemma-4b lmbd1000 GPUs=0,1,2,3 attempt=2931 2026-08-07T02:16:20-04:00
FAILED gemma-4b lmbd1000 attempt=2931; retrying in 300s
START gemma-4b lmbd1000 GPUs=0,1,2,3 attempt=2932 2026-08-07T02:21:25-04:00
FAILED gemma-4b lmbd1000 attempt=2932; retrying in 300s
START gemma-4b lmbd1000 GPUs=0,1,2,3 attempt=2933 2026-08-07T02:26:30-04:00
FAILED gemma-4b lmbd1000 attempt=2933; retrying in 300s
START gemma-4b lmbd1000 GPUs=0,1,2,3 attempt=2934 2026-08-07T02:31:35-04:00
FAILED gemma-4b lmbd1000 attempt=2934; retrying in 300s
START gemma-4b lmbd1000 GPUs=0,1,2,3 attempt=2935 2026-08-07T02:36:40-04:00
FAILED gemma-4b lmbd1000 attempt=2935; retrying in 300s
START gemma-4b lmbd1000 GPUs=0,1,2,3 attempt=2936 2026-08-07T02:41:45-04:00
FAILED gemma-4b lmbd1000 attempt=2936; retrying in 300s
START gemma-4b lmbd1000 GPUs=0,1,2,3 attempt=2937 2026-08-07T02:46:50-04:00
FAILED gemma-4b lmbd1000 attempt=2937; retrying in 300s
START gemma-4b lmbd1000 GPUs=0,1,2,3 attempt=2938 2026-08-07T02:51:56-04:00
FAILED gemma-4b lmbd1000 attempt=2938; retrying in 300s
START gemma-4b lmbd1000 GPUs=0,1,2,3 attempt=2939 2026-08-07T02:57:01-04:00
FAILED gemma-4b lmbd1000 attempt=2939; retrying in 300s
START gemma-4b lmbd1000 GPUs=0,1,2,3 attempt=2940 2026-08-07T03:02:06-04:00
FAILED gemma-4b lmbd1000 attempt=2940; retrying in 300s
START gemma-4b lmbd1000 GPUs=0,1,2,3 attempt=2941 2026-08-07T03:07:11-04:00
FAILED gemma-4b lmbd1000 attempt=2941; retrying in 300s
START gemma-4b lmbd1000 GPUs=0,1,2,3 attempt=2942 2026-08-07T03:12:16-04:00
FAILED gemma-4b lmbd1000 attempt=2942; retrying in 300s
START gemma-4b lmbd1000 GPUs=0,1,2,3 attempt=2943 2026-08-07T03:17:21-04:00
FAILED gemma-4b lmbd1000 attempt=2943; retrying in 300s
START gemma-4b lmbd1000 GPUs=0,1,2,3 attempt=2944 2026-08-07T03:22:26-04:00
FAILED gemma-4b lmbd1000 attempt=2944; retrying in 300s
START gemma-4b lmbd1000 GPUs=0,1,2,3 attempt=2945 2026-08-07T03:27:31-04:00
FAILED gemma-4b lmbd1000 attempt=2945; retrying in 300s
START gemma-4b lmbd1000 GPUs=0,1,2,3 attempt=2946 2026-08-07T03:32:36-04:00
FAILED gemma-4b lmbd1000 attempt=2946; retrying in 300s
START gemma-4b lmbd1000 GPUs=0,1,2,3 attempt=2947 2026-08-07T03:37:41-04:00
FAILED gemma-4b lmbd1000 attempt=2947; retrying in 300s
START gemma-4b lmbd1000 GPUs=0,1,2,3 attempt=2948 2026-08-07T03:42:46-04:00
FAILED gemma-4b lmbd1000 attempt=2948; retrying in 300s
START gemma-4b lmbd1000 GPUs=0,1,2,3 attempt=2949 2026-08-07T03:47:51-04:00
FAILED gemma-4b lmbd1000 attempt=2949; retrying in 300s
START gemma-4b lmbd1000 GPUs=0,1,2,3 attempt=2950 2026-08-07T03:52:56-04:00
FAILED gemma-4b lmbd1000 attempt=2950; retrying in 300s
START gemma-4b lmbd1000 GPUs=0,1,2,3 attempt=2951 2026-08-07T03:58:01-04:00
FAILED gemma-4b lmbd1000 attempt=2951; retrying in 300s
START gemma-4b lmbd1000 GPUs=0,1,2,3 attempt=2952 2026-08-07T04:03:06-04:00
FAILED gemma-4b lmbd1000 attempt=2952; retrying in 300s
START gemma-4b lmbd1000 GPUs=0,1,2,3 attempt=2953 2026-08-07T04:08:11-04:00
FAILED gemma-4b lmbd1000 attempt=2953; retrying in 300s
START gemma-4b lmbd1000 GPUs=0,1,2,3 attempt=2954 2026-08-07T04:13:17-04:00
FAILED gemma-4b lmbd1000 attempt=2954; retrying in 300s
START gemma-4b lmbd1000 GPUs=0,1,2,3 attempt=2955 2026-08-07T04:18:22-04:00
FAILED gemma-4b lmbd1000 attempt=2955; retrying in 300s
START gemma-4b lmbd1000 GPUs=0,1,2,3 attempt=2956 2026-08-07T04:23:27-04:00
FAILED gemma-4b lmbd1000 attempt=2956; retrying in 300s
START gemma-4b lmbd1000 GPUs=0,1,2,3 attempt=2957 2026-08-07T04:28:32-04:00
FAILED gemma-4b lmbd1000 attempt=2957; retrying in 300s
START gemma-4b lmbd1000 GPUs=0,1,2,3 attempt=2958 2026-08-07T04:33:37-04:00
FAILED gemma-4b lmbd1000 attempt=2958; retrying in 300s
START gemma-4b lmbd1000 GPUs=0,1,2,3 attempt=2959 2026-08-07T04:38:42-04:00
FAILED gemma-4b lmbd1000 attempt=2959; retrying in 300s
START gemma-4b lmbd1000 GPUs=0,1,2,3 attempt=2960 2026-08-07T04:43:47-04:00
FAILED gemma-4b lmbd1000 attempt=2960; retrying in 300s
START gemma-4b lmbd1000 GPUs=0,1,2,3 attempt=2961 2026-08-07T04:48:52-04:00
FAILED gemma-4b lmbd1000 attempt=2961; retrying in 300s
START gemma-4b lmbd1000 GPUs=0,1,2,3 attempt=2962 2026-08-07T04:53:57-04:00
FAILED gemma-4b lmbd1000 attempt=2962; retrying in 300s
START gemma-4b lmbd1000 GPUs=0,1,2,3 attempt=2963 2026-08-07T04:59:02-04:00
FAILED gemma-4b lmbd1000 attempt=2963; retrying in 300s
START gemma-4b lmbd1000 GPUs=0,1,2,3 attempt=2964 2026-08-07T05:04:08-04:00
FAILED gemma-4b lmbd1000 attempt=2964; retrying in 300s
START gemma-4b lmbd1000 GPUs=0,1,2,3 attempt=2965 2026-08-07T05:09:13-04:00
FAILED gemma-4b lmbd1000 attempt=2965; retrying in 300s
START gemma-4b lmbd1000 GPUs=0,1,2,3 attempt=2966 2026-08-07T05:14:18-04:00
FAILED gemma-4b lmbd1000 attempt=2966; retrying in 300s
START gemma-4b lmbd1000 GPUs=0,1,2,3 attempt=2967 2026-08-07T05:19:23-04:00
FAILED gemma-4b lmbd1000 attempt=2967; retrying in 300s
START gemma-4b lmbd1000 GPUs=0,1,2,3 attempt=2968 2026-08-07T05:24:28-04:00
FAILED gemma-4b lmbd1000 attempt=2968; retrying in 300s
START gemma-4b lmbd1000 GPUs=0,1,2,3 attempt=2969 2026-08-07T05:29:33-04:00
FAILED gemma-4b lmbd1000 attempt=2969; retrying in 300s
START gemma-4b lmbd1000 GPUs=0,1,2,3 attempt=2970 2026-08-07T05:34:38-04:00
FAILED gemma-4b lmbd1000 attempt=2970; retrying in 300s
START gemma-4b lmbd1000 GPUs=0,1,2,3 attempt=2971 2026-08-07T05:39:43-04:00
FAILED gemma-4b lmbd1000 attempt=2971; retrying in 300s
START gemma-4b lmbd1000 GPUs=0,1,2,3 attempt=2972 2026-08-07T05:44:48-04:00
FAILED gemma-4b lmbd1000 attempt=2972; retrying in 300s
START gemma-4b lmbd1000 GPUs=0,1,2,3 attempt=2973 2026-08-07T05:49:53-04:00
FAILED gemma-4b lmbd1000 attempt=2973; retrying in 300s
START gemma-4b lmbd1000 GPUs=0,1,2,3 attempt=2974 2026-08-07T05:54:58-04:00
FAILED gemma-4b lmbd1000 attempt=2974; retrying in 300s
START gemma-4b lmbd1000 GPUs=0,1,2,3 attempt=2975 2026-08-07T06:00:03-04:00
FAILED gemma-4b lmbd1000 attempt=2975; retrying in 300s
START gemma-4b lmbd1000 GPUs=0,1,2,3 attempt=2976 2026-08-07T06:05:08-04:00
FAILED gemma-4b lmbd1000 attempt=2976; retrying in 300s
START gemma-4b lmbd1000 GPUs=0,1,2,3 attempt=2977 2026-08-07T06:10:13-04:00
FAILED gemma-4b lmbd1000 attempt=2977; retrying in 300s
START gemma-4b lmbd1000 GPUs=0,1,2,3 attempt=2978 2026-08-07T06:15:18-04:00
FAILED gemma-4b lmbd1000 attempt=2978; retrying in 300s
START gemma-4b lmbd1000 GPUs=0,1,2,3 attempt=2979 2026-08-07T06:20:24-04:00
FAILED gemma-4b lmbd1000 attempt=2979; retrying in 300s
START gemma-4b lmbd1000 GPUs=0,1,2,3 attempt=2980 2026-08-07T06:25:29-04:00
FAILED gemma-4b lmbd1000 attempt=2980; retrying in 300s
START gemma-4b lmbd1000 GPUs=0,1,2,3 attempt=2981 2026-08-07T06:30:34-04:00
FAILED gemma-4b lmbd1000 attempt=2981; retrying in 300s
START gemma-4b lmbd1000 GPUs=0,1,2,3 attempt=2982 2026-08-07T06:35:39-04:00
FAILED gemma-4b lmbd1000 attempt=2982; retrying in 300s
START gemma-4b lmbd1000 GPUs=0,1,2,3 attempt=2983 2026-08-07T06:40:44-04:00
FAILED gemma-4b lmbd1000 attempt=2983; retrying in 300s
START gemma-4b lmbd1000 GPUs=0,1,2,3 attempt=2984 2026-08-07T06:45:49-04:00
FAILED gemma-4b lmbd1000 attempt=2984; retrying in 300s
START gemma-4b lmbd1000 GPUs=0,1,2,3 attempt=2985 2026-08-07T06:50:54-04:00
FAILED gemma-4b lmbd1000 attempt=2985; retrying in 300s
START gemma-4b lmbd1000 GPUs=0,1,2,3 attempt=2986 2026-08-07T06:55:59-04:00
FAILED gemma-4b lmbd1000 attempt=2986; retrying in 300s
START gemma-4b lmbd1000 GPUs=0,1,2,3 attempt=2987 2026-08-07T07:01:04-04:00
FAILED gemma-4b lmbd1000 attempt=2987; retrying in 300s
START gemma-4b lmbd1000 GPUs=0,1,2,3 attempt=2988 2026-08-07T07:06:09-04:00
FAILED gemma-4b lmbd1000 attempt=2988; retrying in 300s
START gemma-4b lmbd1000 GPUs=0,1,2,3 attempt=2989 2026-08-07T07:11:14-04:00
FAILED gemma-4b lmbd1000 attempt=2989; retrying in 300s
START gemma-4b lmbd1000 GPUs=0,1,2,3 attempt=2990 2026-08-07T07:16:20-04:00
FAILED gemma-4b lmbd1000 attempt=2990; retrying in 300s
START gemma-4b lmbd1000 GPUs=0,1,2,3 attempt=2991 2026-08-07T07:21:25-04:00
FAILED gemma-4b lmbd1000 attempt=2991; retrying in 300s
START gemma-4b lmbd1000 GPUs=0,1,2,3 attempt=2992 2026-08-07T07:26:30-04:00
FAILED gemma-4b lmbd1000 attempt=2992; retrying in 300s
START gemma-4b lmbd1000 GPUs=0,1,2,3 attempt=2993 2026-08-07T07:31:35-04:00
FAILED gemma-4b lmbd1000 attempt=2993; retrying in 300s
START gemma-4b lmbd1000 GPUs=0,1,2,3 attempt=2994 2026-08-07T07:36:40-04:00
FAILED gemma-4b lmbd1000 attempt=2994; retrying in 300s
START gemma-4b lmbd1000 GPUs=0,1,2,3 attempt=2995 2026-08-07T07:41:45-04:00
FAILED gemma-4b lmbd1000 attempt=2995; retrying in 300s
START gemma-4b lmbd1000 GPUs=0,1,2,3 attempt=2996 2026-08-07T07:46:50-04:00
FAILED gemma-4b lmbd1000 attempt=2996; retrying in 300s
START gemma-4b lmbd1000 GPUs=0,1,2,3 attempt=2997 2026-08-07T07:51:55-04:00
FAILED gemma-4b lmbd1000 attempt=2997; retrying in 300s
START gemma-4b lmbd1000 GPUs=0,1,2,3 attempt=2998 2026-08-07T07:57:00-04:00
FAILED gemma-4b lmbd1000 attempt=2998; retrying in 300s
START gemma-4b lmbd1000 GPUs=0,1,2,3 attempt=2999 2026-08-07T08:02:05-04:00
FAILED gemma-4b lmbd1000 attempt=2999; retrying in 300s
START gemma-4b lmbd1000 GPUs=0,1,2,3 attempt=3000 2026-08-07T08:07:10-04:00
FAILED gemma-4b lmbd1000 attempt=3000; retrying in 300s
START gemma-4b lmbd1000 GPUs=0,1,2,3 attempt=3001 2026-08-07T08:12:15-04:00
FAILED gemma-4b lmbd1000 attempt=3001; retrying in 300s
START gemma-4b lmbd1000 GPUs=0,1,2,3 attempt=3002 2026-08-07T08:17:20-04:00
FAILED gemma-4b lmbd1000 attempt=3002; retrying in 300s
START gemma-4b lmbd1000 GPUs=0,1,2,3 attempt=3003 2026-08-07T08:22:25-04:00
FAILED gemma-4b lmbd1000 attempt=3003; retrying in 300s
START gemma-4b lmbd1000 GPUs=0,1,2,3 attempt=3004 2026-08-07T08:27:31-04:00
FAILED gemma-4b lmbd1000 attempt=3004; retrying in 300s
START gemma-4b lmbd1000 GPUs=0,1,2,3 attempt=3005 2026-08-07T08:32:36-04:00
FAILED gemma-4b lmbd1000 attempt=3005; retrying in 300s
START gemma-4b lmbd1000 GPUs=0,1,2,3 attempt=3006 2026-08-07T08:37:41-04:00
FAILED gemma-4b lmbd1000 attempt=3006; retrying in 300s
START gemma-4b lmbd1000 GPUs=0,1,2,3 attempt=3007 2026-08-07T08:42:46-04:00
FAILED gemma-4b lmbd1000 attempt=3007; retrying in 300s
START gemma-4b lmbd1000 GPUs=0,1,2,3 attempt=3008 2026-08-07T08:47:51-04:00
FAILED gemma-4b lmbd1000 attempt=3008; retrying in 300s
START gemma-4b lmbd1000 GPUs=0,1,2,3 attempt=3009 2026-08-07T08:52:56-04:00
FAILED gemma-4b lmbd1000 attempt=3009; retrying in 300s
START gemma-4b lmbd1000 GPUs=0,1,2,3 attempt=3010 2026-08-07T08:58:01-04:00
FAILED gemma-4b lmbd1000 attempt=3010; retrying in 300s
START gemma-4b lmbd1000 GPUs=0,1,2,3 attempt=3011 2026-08-07T09:03:06-04:00
FAILED gemma-4b lmbd1000 attempt=3011; retrying in 300s
START gemma-4b lmbd1000 GPUs=0,1,2,3 attempt=3012 2026-08-07T09:08:11-04:00
FAILED gemma-4b lmbd1000 attempt=3012; retrying in 300s
START gemma-4b lmbd1000 GPUs=0,1,2,3 attempt=3013 2026-08-07T09:13:16-04:00
FAILED gemma-4b lmbd1000 attempt=3013; retrying in 300s
START gemma-4b lmbd1000 GPUs=0,1,2,3 attempt=3014 2026-08-07T09:18:21-04:00
FAILED gemma-4b lmbd1000 attempt=3014; retrying in 300s
START gemma-4b lmbd1000 GPUs=0,1,2,3 attempt=3015 2026-08-07T09:23:26-04:00
FAILED gemma-4b lmbd1000 attempt=3015; retrying in 300s
START gemma-4b lmbd1000 GPUs=0,1,2,3 attempt=3016 2026-08-07T09:28:31-04:00
FAILED gemma-4b lmbd1000 attempt=3016; retrying in 300s
START gemma-4b lmbd1000 GPUs=0,1,2,3 attempt=3017 2026-08-07T09:33:37-04:00
FAILED gemma-4b lmbd1000 attempt=3017; retrying in 300s
START gemma-4b lmbd1000 GPUs=0,1,2,3 attempt=3018 2026-08-07T09:38:42-04:00
FAILED gemma-4b lmbd1000 attempt=3018; retrying in 300s
START gemma-4b lmbd1000 GPUs=0,1,2,3 attempt=3019 2026-08-07T09:43:47-04:00
FAILED gemma-4b lmbd1000 attempt=3019; retrying in 300s
START gemma-4b lmbd1000 GPUs=0,1,2,3 attempt=3020 2026-08-07T09:48:52-04:00
FAILED gemma-4b lmbd1000 attempt=3020; retrying in 300s
START gemma-4b lmbd1000 GPUs=0,1,2,3 attempt=3021 2026-08-07T09:53:57-04:00
FAILED gemma-4b lmbd1000 attempt=3021; retrying in 300s
START gemma-4b lmbd1000 GPUs=0,1,2,3 attempt=3022 2026-08-07T09:59:02-04:00
FAILED gemma-4b lmbd1000 attempt=3022; retrying in 300s
START gemma-4b lmbd1000 GPUs=0,1,2,3 attempt=3023 2026-08-07T10:04:07-04:00
FAILED gemma-4b lmbd1000 attempt=3023; retrying in 300s
START gemma-4b lmbd1000 GPUs=0,1,2,3 attempt=3024 2026-08-07T10:09:12-04:00
FAILED gemma-4b lmbd1000 attempt=3024; retrying in 300s
START gemma-4b lmbd1000 GPUs=0,1,2,3 attempt=3025 2026-08-07T10:14:17-04:00
FAILED gemma-4b lmbd1000 attempt=3025; retrying in 300s
START gemma-4b lmbd1000 GPUs=0,1,2,3 attempt=3026 2026-08-07T10:19:22-04:00
FAILED gemma-4b lmbd1000 attempt=3026; retrying in 300s
START gemma-4b lmbd1000 GPUs=0,1,2,3 attempt=3027 2026-08-07T10:24:27-04:00
FAILED gemma-4b lmbd1000 attempt=3027; retrying in 300s
START gemma-4b lmbd1000 GPUs=0,1,2,3 attempt=3028 2026-08-07T10:29:32-04:00
FAILED gemma-4b lmbd1000 attempt=3028; retrying in 300s
START gemma-4b lmbd1000 GPUs=0,1,2,3 attempt=3029 2026-08-07T10:34:37-04:00
FAILED gemma-4b lmbd1000 attempt=3029; retrying in 300s
START gemma-4b lmbd1000 GPUs=0,1,2,3 attempt=3030 2026-08-07T10:39:42-04:00
FAILED gemma-4b lmbd1000 attempt=3030; retrying in 300s
START gemma-4b lmbd1000 GPUs=0,1,2,3 attempt=3031 2026-08-07T10:44:47-04:00
FAILED gemma-4b lmbd1000 attempt=3031; retrying in 300s
START gemma-4b lmbd1000 GPUs=0,1,2,3 attempt=3032 2026-08-07T10:49:52-04:00
FAILED gemma-4b lmbd1000 attempt=3032; retrying in 300s
START gemma-4b lmbd1000 GPUs=0,1,2,3 attempt=3033 2026-08-07T10:54:58-04:00
FAILED gemma-4b lmbd1000 attempt=3033; retrying in 300s
START gemma-4b lmbd1000 GPUs=0,1,2,3 attempt=3034 2026-08-07T11:00:03-04:00
FAILED gemma-4b lmbd1000 attempt=3034; retrying in 300s
START gemma-4b lmbd1000 GPUs=0,1,2,3 attempt=3035 2026-08-07T11:05:08-04:00
FAILED gemma-4b lmbd1000 attempt=3035; retrying in 300s
START gemma-4b lmbd1000 GPUs=0,1,2,3 attempt=3036 2026-08-07T11:10:13-04:00
FAILED gemma-4b lmbd1000 attempt=3036; retrying in 300s
START gemma-4b lmbd1000 GPUs=0,1,2,3 attempt=3037 2026-08-07T11:15:18-04:00
FAILED gemma-4b lmbd1000 attempt=3037; retrying in 300s
START gemma-4b lmbd1000 GPUs=0,1,2,3 attempt=3038 2026-08-07T11:20:23-04:00
FAILED gemma-4b lmbd1000 attempt=3038; retrying in 300s
START gemma-4b lmbd1000 GPUs=0,1,2,3 attempt=3039 2026-08-07T11:25:28-04:00
FAILED gemma-4b lmbd1000 attempt=3039; retrying in 300s
START gemma-4b lmbd1000 GPUs=0,1,2,3 attempt=3040 2026-08-07T11:30:33-04:00
FAILED gemma-4b lmbd1000 attempt=3040; retrying in 300s
START gemma-4b lmbd1000 GPUs=0,1,2,3 attempt=3041 2026-08-07T11:35:38-04:00
FAILED gemma-4b lmbd1000 attempt=3041; retrying in 300s
START gemma-4b lmbd1000 GPUs=0,1,2,3 attempt=3042 2026-08-07T11:40:43-04:00
FAILED gemma-4b lmbd1000 attempt=3042; retrying in 300s
START gemma-4b lmbd1000 GPUs=0,1,2,3 attempt=3043 2026-08-07T11:45:48-04:00
FAILED gemma-4b lmbd1000 attempt=3043; retrying in 300s
START gemma-4b lmbd1000 GPUs=0,1,2,3 attempt=3044 2026-08-07T11:50:53-04:00
FAILED gemma-4b lmbd1000 attempt=3044; retrying in 300s
START gemma-4b lmbd1000 GPUs=0,1,2,3 attempt=3045 2026-08-07T11:55:59-04:00
FAILED gemma-4b lmbd1000 attempt=3045; retrying in 300s
START gemma-4b lmbd1000 GPUs=0,1,2,3 attempt=3046 2026-08-07T12:01:04-04:00
FAILED gemma-4b lmbd1000 attempt=3046; retrying in 300s
START gemma-4b lmbd1000 GPUs=0,1,2,3 attempt=3047 2026-08-07T12:06:09-04:00
FAILED gemma-4b lmbd1000 attempt=3047; retrying in 300s
START gemma-4b lmbd1000 GPUs=0,1,2,3 attempt=3048 2026-08-07T12:11:14-04:00
FAILED gemma-4b lmbd1000 attempt=3048; retrying in 300s
START gemma-4b lmbd1000 GPUs=0,1,2,3 attempt=3049 2026-08-07T12:16:19-04:00
FAILED gemma-4b lmbd1000 attempt=3049; retrying in 300s
START gemma-4b lmbd1000 GPUs=0,1,2,3 attempt=3050 2026-08-07T12:21:24-04:00
FAILED gemma-4b lmbd1000 attempt=3050; retrying in 300s
START gemma-4b lmbd1000 GPUs=0,1,2,3 attempt=3051 2026-08-07T12:26:29-04:00
FAILED gemma-4b lmbd1000 attempt=3051; retrying in 300s
START gemma-4b lmbd1000 GPUs=0,1,2,3 attempt=3052 2026-08-07T12:31:34-04:00
FAILED gemma-4b lmbd1000 attempt=3052; retrying in 300s
START gemma-4b lmbd1000 GPUs=0,1,2,3 attempt=3053 2026-08-07T12:36:39-04:00
FAILED gemma-4b lmbd1000 attempt=3053; retrying in 300s
START gemma-4b lmbd1000 GPUs=0,1,2,3 attempt=3054 2026-08-07T12:41:44-04:00
FAILED gemma-4b lmbd1000 attempt=3054; retrying in 300s
START gemma-4b lmbd1000 GPUs=0,1,2,3 attempt=3055 2026-08-07T12:46:49-04:00
FAILED gemma-4b lmbd1000 attempt=3055; retrying in 300s
START gemma-4b lmbd1000 GPUs=0,1,2,3 attempt=3056 2026-08-07T12:51:54-04:00
FAILED gemma-4b lmbd1000 attempt=3056; retrying in 300s
START gemma-4b lmbd1000 GPUs=0,1,2,3 attempt=3057 2026-08-07T12:56:59-04:00
FAILED gemma-4b lmbd1000 attempt=3057; retrying in 300s
START gemma-4b lmbd1000 GPUs=0,1,2,3 attempt=3058 2026-08-07T13:02:04-04:00
FAILED gemma-4b lmbd1000 attempt=3058; retrying in 300s
START gemma-4b lmbd1000 GPUs=0,1,2,3 attempt=3059 2026-08-07T13:07:09-04:00
FAILED gemma-4b lmbd1000 attempt=3059; retrying in 300s
START gemma-4b lmbd1000 GPUs=0,1,2,3 attempt=3060 2026-08-07T13:12:15-04:00
FAILED gemma-4b lmbd1000 attempt=3060; retrying in 300s
START gemma-4b lmbd1000 GPUs=0,1,2,3 attempt=3061 2026-08-07T13:17:20-04:00
FAILED gemma-4b lmbd1000 attempt=3061; retrying in 300s
START gemma-4b lmbd1000 GPUs=0,1,2,3 attempt=3062 2026-08-07T13:22:25-04:00
FAILED gemma-4b lmbd1000 attempt=3062; retrying in 300s
START gemma-4b lmbd1000 GPUs=0,1,2,3 attempt=3063 2026-08-07T13:27:30-04:00
FAILED gemma-4b lmbd1000 attempt=3063; retrying in 300s
START gemma-4b lmbd1000 GPUs=0,1,2,3 attempt=3064 2026-08-07T13:32:35-04:00
FAILED gemma-4b lmbd1000 attempt=3064; retrying in 300s
START gemma-4b lmbd1000 GPUs=0,1,2,3 attempt=3065 2026-08-07T13:37:40-04:00
FAILED gemma-4b lmbd1000 attempt=3065; retrying in 300s
START gemma-4b lmbd1000 GPUs=0,1,2,3 attempt=3066 2026-08-07T13:42:45-04:00
FAILED gemma-4b lmbd1000 attempt=3066; retrying in 300s
START gemma-4b lmbd1000 GPUs=0,1,2,3 attempt=3067 2026-08-07T13:47:50-04:00
FAILED gemma-4b lmbd1000 attempt=3067; retrying in 300s
START gemma-4b lmbd1000 GPUs=0,1,2,3 attempt=3068 2026-08-07T13:52:55-04:00
FAILED gemma-4b lmbd1000 attempt=3068; retrying in 300s
START gemma-4b lmbd1000 GPUs=0,1,2,3 attempt=3069 2026-08-07T13:58:00-04:00
FAILED gemma-4b lmbd1000 attempt=3069; retrying in 300s
START gemma-4b lmbd1000 GPUs=0,1,2,3 attempt=3070 2026-08-07T14:03:05-04:00
FAILED gemma-4b lmbd1000 attempt=3070; retrying in 300s
START gemma-4b lmbd1000 GPUs=0,1,2,3 attempt=3071 2026-08-07T14:08:10-04:00
FAILED gemma-4b lmbd1000 attempt=3071; retrying in 300s
START gemma-4b lmbd1000 GPUs=0,1,2,3 attempt=3072 2026-08-07T14:13:15-04:00
FAILED gemma-4b lmbd1000 attempt=3072; retrying in 300s
START gemma-4b lmbd1000 GPUs=0,1,2,3 attempt=3073 2026-08-07T14:18:21-04:00
FAILED gemma-4b lmbd1000 attempt=3073; retrying in 300s
START gemma-4b lmbd1000 GPUs=0,1,2,3 attempt=3074 2026-08-07T14:23:26-04:00
FAILED gemma-4b lmbd1000 attempt=3074; retrying in 300s
START gemma-4b lmbd1000 GPUs=0,1,2,3 attempt=3075 2026-08-07T14:28:31-04:00
FAILED gemma-4b lmbd1000 attempt=3075; retrying in 300s
START gemma-4b lmbd1000 GPUs=0,1,2,3 attempt=3076 2026-08-07T14:33:36-04:00
FAILED gemma-4b lmbd1000 attempt=3076; retrying in 300s
START gemma-4b lmbd1000 GPUs=0,1,2,3 attempt=3077 2026-08-07T14:38:41-04:00
FAILED gemma-4b lmbd1000 attempt=3077; retrying in 300s
START gemma-4b lmbd1000 GPUs=0,1,2,3 attempt=3078 2026-08-07T14:43:46-04:00
FAILED gemma-4b lmbd1000 attempt=3078; retrying in 300s
START gemma-4b lmbd1000 GPUs=0,1,2,3 attempt=3079 2026-08-07T14:48:58-04:00
FAILED gemma-4b lmbd1000 attempt=3079; retrying in 300s
START gemma-4b lmbd1000 GPUs=0,1,2,3 attempt=3080 2026-08-07T14:54:03-04:00
FAILED gemma-4b lmbd1000 attempt=3080; retrying in 300s
START gemma-4b lmbd1000 GPUs=0,1,2,3 attempt=3081 2026-08-07T14:59:09-04:00
FAILED gemma-4b lmbd1000 attempt=3081; retrying in 300s
START gemma-4b lmbd1000 GPUs=0,1,2,3 attempt=3082 2026-08-07T15:04:15-04:00
FAILED gemma-4b lmbd1000 attempt=3082; retrying in 300s
START gemma-4b lmbd1000 GPUs=0,1,2,3 attempt=3083 2026-08-07T15:09:20-04:00
FAILED gemma-4b lmbd1000 attempt=3083; retrying in 300s
START gemma-4b lmbd1000 GPUs=0,1,2,3 attempt=3084 2026-08-07T15:14:28-04:00
FAILED gemma-4b lmbd1000 attempt=3084; retrying in 300s
START gemma-4b lmbd1000 GPUs=0,1,2,3 attempt=3085 2026-08-07T15:19:36-04:00
FAILED gemma-4b lmbd1000 attempt=3085; retrying in 300s
START gemma-4b lmbd1000 GPUs=0,1,2,3 attempt=3086 2026-08-07T15:24:41-04:00
FAILED gemma-4b lmbd1000 attempt=3086; retrying in 300s
START gemma-4b lmbd1000 GPUs=0,1,2,3 attempt=3087 2026-08-07T15:29:46-04:00
FAILED gemma-4b lmbd1000 attempt=3087; retrying in 300s
START gemma-4b lmbd1000 GPUs=0,1,2,3 attempt=3088 2026-08-07T15:34:53-04:00
FAILED gemma-4b lmbd1000 attempt=3088; retrying in 300s
START gemma-4b lmbd1000 GPUs=0,1,2,3 attempt=3089 2026-08-07T15:40:01-04:00
FAILED gemma-4b lmbd1000 attempt=3089; retrying in 300s
START gemma-4b lmbd1000 GPUs=0,1,2,3 attempt=3090 2026-08-07T15:45:06-04:00
FAILED gemma-4b lmbd1000 attempt=3090; retrying in 300s
START gemma-4b lmbd1000 GPUs=0,1,2,3 attempt=3091 2026-08-07T15:50:11-04:00
FAILED gemma-4b lmbd1000 attempt=3091; retrying in 300s
START gemma-4b lmbd1000 GPUs=0,1,2,3 attempt=3092 2026-08-07T15:55:16-04:00
FAILED gemma-4b lmbd1000 attempt=3092; retrying in 300s
START gemma-4b lmbd1000 GPUs=0,1,2,3 attempt=3093 2026-08-07T16:00:21-04:00
FAILED gemma-4b lmbd1000 attempt=3093; retrying in 300s
START gemma-4b lmbd1000 GPUs=0,1,2,3 attempt=3094 2026-08-07T16:05:26-04:00
FAILED gemma-4b lmbd1000 attempt=3094; retrying in 300s
START gemma-4b lmbd1000 GPUs=0,1,2,3 attempt=3095 2026-08-07T16:10:31-04:00
FAILED gemma-4b lmbd1000 attempt=3095; retrying in 300s
START gemma-4b lmbd1000 GPUs=0,1,2,3 attempt=3096 2026-08-07T16:15:36-04:00
FAILED gemma-4b lmbd1000 attempt=3096; retrying in 300s
START gemma-4b lmbd1000 GPUs=0,1,2,3 attempt=3097 2026-08-07T16:20:41-04:00
FAILED gemma-4b lmbd1000 attempt=3097; retrying in 300s
START gemma-4b lmbd1000 GPUs=0,1,2,3 attempt=3098 2026-08-07T16:25:46-04:00
FAILED gemma-4b lmbd1000 attempt=3098; retrying in 300s
START gemma-4b lmbd1000 GPUs=0,1,2,3 attempt=3099 2026-08-07T16:30:51-04:00
FAILED gemma-4b lmbd1000 attempt=3099; retrying in 300s
START gemma-4b lmbd1000 GPUs=0,1,2,3 attempt=3100 2026-08-07T16:35:56-04:00
FAILED gemma-4b lmbd1000 attempt=3100; retrying in 300s
START gemma-4b lmbd1000 GPUs=0,1,2,3 attempt=3101 2026-08-07T16:41:01-04:00
FAILED gemma-4b lmbd1000 attempt=3101; retrying in 300s
START gemma-4b lmbd1000 GPUs=0,1,2,3 attempt=3102 2026-08-07T16:46:06-04:00
FAILED gemma-4b lmbd1000 attempt=3102; retrying in 300s
START gemma-4b lmbd1000 GPUs=0,1,2,3 attempt=3103 2026-08-07T16:51:11-04:00
FAILED gemma-4b lmbd1000 attempt=3103; retrying in 300s
START gemma-4b lmbd1000 GPUs=0,1,2,3 attempt=3104 2026-08-07T16:56:17-04:00
FAILED gemma-4b lmbd1000 attempt=3104; retrying in 300s
START gemma-4b lmbd1000 GPUs=0,1,2,3 attempt=3105 2026-08-07T17:01:22-04:00
FAILED gemma-4b lmbd1000 attempt=3105; retrying in 300s
START gemma-4b lmbd1000 GPUs=0,1,2,3 attempt=3106 2026-08-07T17:06:27-04:00
FAILED gemma-4b lmbd1000 attempt=3106; retrying in 300s
START gemma-4b lmbd1000 GPUs=0,1,2,3 attempt=3107 2026-08-07T17:11:32-04:00
FAILED gemma-4b lmbd1000 attempt=3107; retrying in 300s
START gemma-4b lmbd1000 GPUs=0,1,2,3 attempt=3108 2026-08-07T17:16:37-04:00
FAILED gemma-4b lmbd1000 attempt=3108; retrying in 300s
START gemma-4b lmbd1000 GPUs=0,1,2,3 attempt=3109 2026-08-07T17:21:42-04:00
FAILED gemma-4b lmbd1000 attempt=3109; retrying in 300s
START gemma-4b lmbd1000 GPUs=0,1,2,3 attempt=3110 2026-08-07T17:26:47-04:00
FAILED gemma-4b lmbd1000 attempt=3110; retrying in 300s
START gemma-4b lmbd1000 GPUs=0,1,2,3 attempt=3111 2026-08-07T17:31:52-04:00
FAILED gemma-4b lmbd1000 attempt=3111; retrying in 300s
START gemma-4b lmbd1000 GPUs=0,1,2,3 attempt=3112 2026-08-07T17:36:58-04:00
FAILED gemma-4b lmbd1000 attempt=3112; retrying in 300s
START gemma-4b lmbd1000 GPUs=0,1,2,3 attempt=3113 2026-08-07T17:42:03-04:00
FAILED gemma-4b lmbd1000 attempt=3113; retrying in 300s
START gemma-4b lmbd1000 GPUs=0,1,2,3 attempt=3114 2026-08-07T17:47:08-04:00
FAILED gemma-4b lmbd1000 attempt=3114; retrying in 300s
START gemma-4b lmbd1000 GPUs=0,1,2,3 attempt=3115 2026-08-07T17:52:13-04:00
FAILED gemma-4b lmbd1000 attempt=3115; retrying in 300s
START gemma-4b lmbd1000 GPUs=0,1,2,3 attempt=3116 2026-08-07T17:57:18-04:00
FAILED gemma-4b lmbd1000 attempt=3116; retrying in 300s
START gemma-4b lmbd1000 GPUs=0,1,2,3 attempt=3117 2026-08-07T18:02:23-04:00
FAILED gemma-4b lmbd1000 attempt=3117; retrying in 300s
START gemma-4b lmbd1000 GPUs=0,1,2,3 attempt=3118 2026-08-07T18:07:28-04:00
FAILED gemma-4b lmbd1000 attempt=3118; retrying in 300s
START gemma-4b lmbd1000 GPUs=0,1,2,3 attempt=3119 2026-08-07T18:12:33-04:00
FAILED gemma-4b lmbd1000 attempt=3119; retrying in 300s
START gemma-4b lmbd1000 GPUs=0,1,2,3 attempt=3120 2026-08-07T18:17:38-04:00
FAILED gemma-4b lmbd1000 attempt=3120; retrying in 300s
START gemma-4b lmbd1000 GPUs=0,1,2,3 attempt=3121 2026-08-07T18:22:43-04:00
FAILED gemma-4b lmbd1000 attempt=3121; retrying in 300s
START gemma-4b lmbd1000 GPUs=0,1,2,3 attempt=3122 2026-08-07T18:27:48-04:00
FAILED gemma-4b lmbd1000 attempt=3122; retrying in 300s
START gemma-4b lmbd1000 GPUs=0,1,2,3 attempt=3123 2026-08-07T18:32:53-04:00
FAILED gemma-4b lmbd1000 attempt=3123; retrying in 300s
START gemma-4b lmbd1000 GPUs=0,1,2,3 attempt=3124 2026-08-07T18:37:58-04:00
FAILED gemma-4b lmbd1000 attempt=3124; retrying in 300s
START gemma-4b lmbd1000 GPUs=0,1,2,3 attempt=3125 2026-08-07T18:43:04-04:00
FAILED gemma-4b lmbd1000 attempt=3125; retrying in 300s
START gemma-4b lmbd1000 GPUs=0,1,2,3 attempt=3126 2026-08-07T18:48:09-04:00
FAILED gemma-4b lmbd1000 attempt=3126; retrying in 300s
START gemma-4b lmbd1000 GPUs=0,1,2,3 attempt=3127 2026-08-07T18:53:14-04:00
FAILED gemma-4b lmbd1000 attempt=3127; retrying in 300s
START gemma-4b lmbd1000 GPUs=0,1,2,3 attempt=3128 2026-08-07T18:58:19-04:00
FAILED gemma-4b lmbd1000 attempt=3128; retrying in 300s
START gemma-4b lmbd1000 GPUs=0,1,2,3 attempt=3129 2026-08-07T19:03:24-04:00
FAILED gemma-4b lmbd1000 attempt=3129; retrying in 300s
START gemma-4b lmbd1000 GPUs=0,1,2,3 attempt=3130 2026-08-07T19:08:29-04:00
FAILED gemma-4b lmbd1000 attempt=3130; retrying in 300s
START gemma-4b lmbd1000 GPUs=0,1,2,3 attempt=3131 2026-08-07T19:13:34-04:00
FAILED gemma-4b lmbd1000 attempt=3131; retrying in 300s
START gemma-4b lmbd1000 GPUs=0,1,2,3 attempt=3132 2026-08-07T19:18:39-04:00
FAILED gemma-4b lmbd1000 attempt=3132; retrying in 300s
START gemma-4b lmbd1000 GPUs=0,1,2,3 attempt=3133 2026-08-07T19:23:44-04:00
FAILED gemma-4b lmbd1000 attempt=3133; retrying in 300s
START gemma-4b lmbd1000 GPUs=0,1,2,3 attempt=3134 2026-08-07T19:28:49-04:00
FAILED gemma-4b lmbd1000 attempt=3134; retrying in 300s
START gemma-4b lmbd1000 GPUs=0,1,2,3 attempt=3135 2026-08-07T19:33:54-04:00
FAILED gemma-4b lmbd1000 attempt=3135; retrying in 300s
START gemma-4b lmbd1000 GPUs=0,1,2,3 attempt=3136 2026-08-07T19:38:59-04:00
FAILED gemma-4b lmbd1000 attempt=3136; retrying in 300s
START gemma-4b lmbd1000 GPUs=0,1,2,3 attempt=3137 2026-08-07T19:44:04-04:00
FAILED gemma-4b lmbd1000 attempt=3137; retrying in 300s
START gemma-4b lmbd1000 GPUs=0,1,2,3 attempt=3138 2026-08-07T19:49:10-04:00
FAILED gemma-4b lmbd1000 attempt=3138; retrying in 300s
START gemma-4b lmbd1000 GPUs=0,1,2,3 attempt=3139 2026-08-07T19:54:15-04:00
FAILED gemma-4b lmbd1000 attempt=3139; retrying in 300s
START gemma-4b lmbd1000 GPUs=0,1,2,3 attempt=3140 2026-08-07T19:59:20-04:00
FAILED gemma-4b lmbd1000 attempt=3140; retrying in 300s
START gemma-4b lmbd1000 GPUs=0,1,2,3 attempt=3141 2026-08-07T20:04:25-04:00
FAILED gemma-4b lmbd1000 attempt=3141; retrying in 300s
START gemma-4b lmbd1000 GPUs=0,1,2,3 attempt=3142 2026-08-07T20:09:30-04:00
FAILED gemma-4b lmbd1000 attempt=3142; retrying in 300s
START gemma-4b lmbd1000 GPUs=0,1,2,3 attempt=3143 2026-08-07T20:14:35-04:00
FAILED gemma-4b lmbd1000 attempt=3143; retrying in 300s
START gemma-4b lmbd1000 GPUs=0,1,2,3 attempt=3144 2026-08-07T20:19:40-04:00
FAILED gemma-4b lmbd1000 attempt=3144; retrying in 300s
START gemma-4b lmbd1000 GPUs=0,1,2,3 attempt=3145 2026-08-07T20:24:45-04:00
FAILED gemma-4b lmbd1000 attempt=3145; retrying in 300s
START gemma-4b lmbd1000 GPUs=0,1,2,3 attempt=3146 2026-08-07T20:29:50-04:00
FAILED gemma-4b lmbd1000 attempt=3146; retrying in 300s
START gemma-4b lmbd1000 GPUs=0,1,2,3 attempt=3147 2026-08-07T20:34:55-04:00
FAILED gemma-4b lmbd1000 attempt=3147; retrying in 300s
START gemma-4b lmbd1000 GPUs=0,1,2,3 attempt=3148 2026-08-07T20:40:00-04:00
FAILED gemma-4b lmbd1000 attempt=3148; retrying in 300s
START gemma-4b lmbd1000 GPUs=0,1,2,3 attempt=3149 2026-08-07T20:45:05-04:00
FAILED gemma-4b lmbd1000 attempt=3149; retrying in 300s
START gemma-4b lmbd1000 GPUs=0,1,2,3 attempt=3150 2026-08-07T20:50:10-04:00
FAILED gemma-4b lmbd1000 attempt=3150; retrying in 300s
START gemma-4b lmbd1000 GPUs=0,1,2,3 attempt=3151 2026-08-07T20:55:15-04:00
FAILED gemma-4b lmbd1000 attempt=3151; retrying in 300s
START gemma-4b lmbd1000 GPUs=0,1,2,3 attempt=3152 2026-08-07T21:00:20-04:00
FAILED gemma-4b lmbd1000 attempt=3152; retrying in 300s
START gemma-4b lmbd1000 GPUs=0,1,2,3 attempt=3153 2026-08-07T21:05:25-04:00
FAILED gemma-4b lmbd1000 attempt=3153; retrying in 300s
START gemma-4b lmbd1000 GPUs=0,1,2,3 attempt=3154 2026-08-07T21:10:30-04:00
FAILED gemma-4b lmbd1000 attempt=3154; retrying in 300s
START gemma-4b lmbd1000 GPUs=0,1,2,3 attempt=3155 2026-08-07T21:15:35-04:00
FAILED gemma-4b lmbd1000 attempt=3155; retrying in 300s
START gemma-4b lmbd1000 GPUs=0,1,2,3 attempt=3156 2026-08-07T21:20:40-04:00
FAILED gemma-4b lmbd1000 attempt=3156; retrying in 300s
START gemma-4b lmbd1000 GPUs=0,1,2,3 attempt=3157 2026-08-07T21:25:45-04:00
FAILED gemma-4b lmbd1000 attempt=3157; retrying in 300s
START gemma-4b lmbd1000 GPUs=0,1,2,3 attempt=3158 2026-08-07T21:30:50-04:00
FAILED gemma-4b lmbd1000 attempt=3158; retrying in 300s
START gemma-4b lmbd1000 GPUs=0,1,2,3 attempt=3159 2026-08-07T21:35:55-04:00
FAILED gemma-4b lmbd1000 attempt=3159; retrying in 300s
START gemma-4b lmbd1000 GPUs=0,1,2,3 attempt=3160 2026-08-07T21:41:00-04:00
FAILED gemma-4b lmbd1000 attempt=3160; retrying in 300s
START gemma-4b lmbd1000 GPUs=0,1,2,3 attempt=3161 2026-08-07T21:46:05-04:00
FAILED gemma-4b lmbd1000 attempt=3161; retrying in 300s
START gemma-4b lmbd1000 GPUs=0,1,2,3 attempt=3162 2026-08-07T21:51:11-04:00
FAILED gemma-4b lmbd1000 attempt=3162; retrying in 300s
START gemma-4b lmbd1000 GPUs=0,1,2,3 attempt=3163 2026-08-07T21:56:16-04:00
FAILED gemma-4b lmbd1000 attempt=3163; retrying in 300s
START gemma-4b lmbd1000 GPUs=0,1,2,3 attempt=3164 2026-08-07T22:01:21-04:00
FAILED gemma-4b lmbd1000 attempt=3164; retrying in 300s
START gemma-4b lmbd1000 GPUs=0,1,2,3 attempt=3165 2026-08-07T22:06:26-04:00
FAILED gemma-4b lmbd1000 attempt=3165; retrying in 300s
START gemma-4b lmbd1000 GPUs=0,1,2,3 attempt=3166 2026-08-07T22:11:31-04:00
FAILED gemma-4b lmbd1000 attempt=3166; retrying in 300s
START gemma-4b lmbd1000 GPUs=0,1,2,3 attempt=3167 2026-08-07T22:16:36-04:00
FAILED gemma-4b lmbd1000 attempt=3167; retrying in 300s
START gemma-4b lmbd1000 GPUs=0,1,2,3 attempt=3168 2026-08-07T22:21:41-04:00
FAILED gemma-4b lmbd1000 attempt=3168; retrying in 300s
START gemma-4b lmbd1000 GPUs=0,1,2,3 attempt=3169 2026-08-07T22:26:46-04:00
FAILED gemma-4b lmbd1000 attempt=3169; retrying in 300s
START gemma-4b lmbd1000 GPUs=0,1,2,3 attempt=3170 2026-08-07T22:31:52-04:00
FAILED gemma-4b lmbd1000 attempt=3170; retrying in 300s
START gemma-4b lmbd1000 GPUs=0,1,2,3 attempt=3171 2026-08-07T22:36:57-04:00
FAILED gemma-4b lmbd1000 attempt=3171; retrying in 300s
START gemma-4b lmbd1000 GPUs=0,1,2,3 attempt=3172 2026-08-07T22:42:02-04:00
FAILED gemma-4b lmbd1000 attempt=3172; retrying in 300s
START gemma-4b lmbd1000 GPUs=0,1,2,3 attempt=3173 2026-08-07T22:47:07-04:00
FAILED gemma-4b lmbd1000 attempt=3173; retrying in 300s
START gemma-4b lmbd1000 GPUs=0,1,2,3 attempt=3174 2026-08-07T22:52:12-04:00
FAILED gemma-4b lmbd1000 attempt=3174; retrying in 300s
START gemma-4b lmbd1000 GPUs=0,1,2,3 attempt=3175 2026-08-07T22:57:17-04:00
FAILED gemma-4b lmbd1000 attempt=3175; retrying in 300s
START gemma-4b lmbd1000 GPUs=0,1,2,3 attempt=3176 2026-08-07T23:02:22-04:00
FAILED gemma-4b lmbd1000 attempt=3176; retrying in 300s
START gemma-4b lmbd1000 GPUs=0,1,2,3 attempt=3177 2026-08-07T23:07:28-04:00
FAILED gemma-4b lmbd1000 attempt=3177; retrying in 300s
START gemma-4b lmbd1000 GPUs=0,1,2,3 attempt=3178 2026-08-07T23:12:33-04:00
FAILED gemma-4b lmbd1000 attempt=3178; retrying in 300s
START gemma-4b lmbd1000 GPUs=0,1,2,3 attempt=3179 2026-08-07T23:17:38-04:00
FAILED gemma-4b lmbd1000 attempt=3179; retrying in 300s
START gemma-4b lmbd1000 GPUs=0,1,2,3 attempt=3180 2026-08-07T23:22:43-04:00
FAILED gemma-4b lmbd1000 attempt=3180; retrying in 300s
START gemma-4b lmbd1000 GPUs=0,1,2,3 attempt=3181 2026-08-07T23:27:48-04:00
FAILED gemma-4b lmbd1000 attempt=3181; retrying in 300s
START gemma-4b lmbd1000 GPUs=0,1,2,3 attempt=3182 2026-08-07T23:32:53-04:00
FAILED gemma-4b lmbd1000 attempt=3182; retrying in 300s
START gemma-4b lmbd1000 GPUs=0,1,2,3 attempt=3183 2026-08-07T23:37:58-04:00
FAILED gemma-4b lmbd1000 attempt=3183; retrying in 300s
START gemma-4b lmbd1000 GPUs=0,1,2,3 attempt=3184 2026-08-07T23:43:03-04:00
FAILED gemma-4b lmbd1000 attempt=3184; retrying in 300s
START gemma-4b lmbd1000 GPUs=0,1,2,3 attempt=3185 2026-08-07T23:48:08-04:00
FAILED gemma-4b lmbd1000 attempt=3185; retrying in 300s
START gemma-4b lmbd1000 GPUs=0,1,2,3 attempt=3186 2026-08-07T23:53:13-04:00
FAILED gemma-4b lmbd1000 attempt=3186; retrying in 300s
START gemma-4b lmbd1000 GPUs=0,1,2,3 attempt=3187 2026-08-07T23:58:19-04:00
FAILED gemma-4b lmbd1000 attempt=3187; retrying in 300s
START gemma-4b lmbd1000 GPUs=0,1,2,3 attempt=3188 2026-08-08T00:03:24-04:00
FAILED gemma-4b lmbd1000 attempt=3188; retrying in 300s
START gemma-4b lmbd1000 GPUs=0,1,2,3 attempt=3189 2026-08-08T00:08:29-04:00
FAILED gemma-4b lmbd1000 attempt=3189; retrying in 300s
START gemma-4b lmbd1000 GPUs=0,1,2,3 attempt=3190 2026-08-08T00:13:34-04:00
FAILED gemma-4b lmbd1000 attempt=3190; retrying in 300s
START gemma-4b lmbd1000 GPUs=0,1,2,3 attempt=3191 2026-08-08T00:18:39-04:00
FAILED gemma-4b lmbd1000 attempt=3191; retrying in 300s
START gemma-4b lmbd1000 GPUs=0,1,2,3 attempt=3192 2026-08-08T00:23:44-04:00
FAILED gemma-4b lmbd1000 attempt=3192; retrying in 300s
START gemma-4b lmbd1000 GPUs=0,1,2,3 attempt=3193 2026-08-08T00:28:49-04:00
FAILED gemma-4b lmbd1000 attempt=3193; retrying in 300s
START gemma-4b lmbd1000 GPUs=0,1,2,3 attempt=3194 2026-08-08T00:33:54-04:00
FAILED gemma-4b lmbd1000 attempt=3194; retrying in 300s
START gemma-4b lmbd1000 GPUs=0,1,2,3 attempt=3195 2026-08-08T00:38:59-04:00
FAILED gemma-4b lmbd1000 attempt=3195; retrying in 300s
START gemma-4b lmbd1000 GPUs=0,1,2,3 attempt=3196 2026-08-08T00:44:04-04:00
FAILED gemma-4b lmbd1000 attempt=3196; retrying in 300s
START gemma-4b lmbd1000 GPUs=0,1,2,3 attempt=3197 2026-08-08T00:49:09-04:00
FAILED gemma-4b lmbd1000 attempt=3197; retrying in 300s
START gemma-4b lmbd1000 GPUs=0,1,2,3 attempt=3198 2026-08-08T00:54:14-04:00
FAILED gemma-4b lmbd1000 attempt=3198; retrying in 300s
START gemma-4b lmbd1000 GPUs=0,1,2,3 attempt=3199 2026-08-08T00:59:19-04:00
FAILED gemma-4b lmbd1000 attempt=3199; retrying in 300s
START gemma-4b lmbd1000 GPUs=0,1,2,3 attempt=3200 2026-08-08T01:04:24-04:00
FAILED gemma-4b lmbd1000 attempt=3200; retrying in 300s
START gemma-4b lmbd1000 GPUs=0,1,2,3 attempt=3201 2026-08-08T01:09:29-04:00
FAILED gemma-4b lmbd1000 attempt=3201; retrying in 300s
START gemma-4b lmbd1000 GPUs=0,1,2,3 attempt=3202 2026-08-08T01:14:35-04:00
FAILED gemma-4b lmbd1000 attempt=3202; retrying in 300s
START gemma-4b lmbd1000 GPUs=0,1,2,3 attempt=3203 2026-08-08T01:19:40-04:00
FAILED gemma-4b lmbd1000 attempt=3203; retrying in 300s
START gemma-4b lmbd1000 GPUs=0,1,2,3 attempt=3204 2026-08-08T01:24:45-04:00
FAILED gemma-4b lmbd1000 attempt=3204; retrying in 300s
START gemma-4b lmbd1000 GPUs=0,1,2,3 attempt=3205 2026-08-08T01:29:50-04:00
FAILED gemma-4b lmbd1000 attempt=3205; retrying in 300s
START gemma-4b lmbd1000 GPUs=0,1,2,3 attempt=3206 2026-08-08T01:34:55-04:00
FAILED gemma-4b lmbd1000 attempt=3206; retrying in 300s
START gemma-4b lmbd1000 GPUs=0,1,2,3 attempt=3207 2026-08-08T01:40:00-04:00
FAILED gemma-4b lmbd1000 attempt=3207; retrying in 300s
START gemma-4b lmbd1000 GPUs=0,1,2,3 attempt=3208 2026-08-08T01:45:05-04:00
FAILED gemma-4b lmbd1000 attempt=3208; retrying in 300s
START gemma-4b lmbd1000 GPUs=0,1,2,3 attempt=3209 2026-08-08T01:50:10-04:00
FAILED gemma-4b lmbd1000 attempt=3209; retrying in 300s
START gemma-4b lmbd1000 GPUs=0,1,2,3 attempt=3210 2026-08-08T01:55:15-04:00
FAILED gemma-4b lmbd1000 attempt=3210; retrying in 300s
START gemma-4b lmbd1000 GPUs=0,1,2,3 attempt=3211 2026-08-08T02:00:20-04:00
FAILED gemma-4b lmbd1000 attempt=3211; retrying in 300s
START gemma-4b lmbd1000 GPUs=0,1,2,3 attempt=3212 2026-08-08T02:05:25-04:00
FAILED gemma-4b lmbd1000 attempt=3212; retrying in 300s
START gemma-4b lmbd1000 GPUs=0,1,2,3 attempt=3213 2026-08-08T02:10:31-04:00
FAILED gemma-4b lmbd1000 attempt=3213; retrying in 300s
START gemma-4b lmbd1000 GPUs=0,1,2,3 attempt=3214 2026-08-08T02:15:36-04:00
FAILED gemma-4b lmbd1000 attempt=3214; retrying in 300s
START gemma-4b lmbd1000 GPUs=0,1,2,3 attempt=3215 2026-08-08T02:20:41-04:00
FAILED gemma-4b lmbd1000 attempt=3215; retrying in 300s
START gemma-4b lmbd1000 GPUs=0,1,2,3 attempt=3216 2026-08-08T02:25:46-04:00
FAILED gemma-4b lmbd1000 attempt=3216; retrying in 300s
START gemma-4b lmbd1000 GPUs=0,1,2,3 attempt=3217 2026-08-08T02:30:51-04:00
FAILED gemma-4b lmbd1000 attempt=3217; retrying in 300s
START gemma-4b lmbd1000 GPUs=0,1,2,3 attempt=3218 2026-08-08T02:35:56-04:00
FAILED gemma-4b lmbd1000 attempt=3218; retrying in 300s
START gemma-4b lmbd1000 GPUs=0,1,2,3 attempt=3219 2026-08-08T02:41:01-04:00
FAILED gemma-4b lmbd1000 attempt=3219; retrying in 300s
START gemma-4b lmbd1000 GPUs=0,1,2,3 attempt=3220 2026-08-08T02:46:06-04:00
FAILED gemma-4b lmbd1000 attempt=3220; retrying in 300s
START gemma-4b lmbd1000 GPUs=0,1,2,3 attempt=3221 2026-08-08T02:51:11-04:00
FAILED gemma-4b lmbd1000 attempt=3221; retrying in 300s
START gemma-4b lmbd1000 GPUs=0,1,2,3 attempt=3222 2026-08-08T02:56:16-04:00
FAILED gemma-4b lmbd1000 attempt=3222; retrying in 300s
START gemma-4b lmbd1000 GPUs=0,1,2,3 attempt=3223 2026-08-08T03:01:21-04:00
FAILED gemma-4b lmbd1000 attempt=3223; retrying in 300s
START gemma-4b lmbd1000 GPUs=0,1,2,3 attempt=3224 2026-08-08T03:06:26-04:00
FAILED gemma-4b lmbd1000 attempt=3224; retrying in 300s
START gemma-4b lmbd1000 GPUs=0,1,2,3 attempt=3225 2026-08-08T03:11:31-04:00
FAILED gemma-4b lmbd1000 attempt=3225; retrying in 300s
START gemma-4b lmbd1000 GPUs=0,1,2,3 attempt=3226 2026-08-08T03:16:36-04:00
FAILED gemma-4b lmbd1000 attempt=3226; retrying in 300s
START gemma-4b lmbd1000 GPUs=0,1,2,3 attempt=3227 2026-08-08T03:21:41-04:00
FAILED gemma-4b lmbd1000 attempt=3227; retrying in 300s
START gemma-4b lmbd1000 GPUs=0,1,2,3 attempt=3228 2026-08-08T03:26:47-04:00
FAILED gemma-4b lmbd1000 attempt=3228; retrying in 300s
START gemma-4b lmbd1000 GPUs=0,1,2,3 attempt=3229 2026-08-08T03:31:52-04:00
FAILED gemma-4b lmbd1000 attempt=3229; retrying in 300s
START gemma-4b lmbd1000 GPUs=0,1,2,3 attempt=3230 2026-08-08T03:36:57-04:00
FAILED gemma-4b lmbd1000 attempt=3230; retrying in 300s
START gemma-4b lmbd1000 GPUs=0,1,2,3 attempt=3231 2026-08-08T03:42:02-04:00
FAILED gemma-4b lmbd1000 attempt=3231; retrying in 300s
START gemma-4b lmbd1000 GPUs=0,1,2,3 attempt=3232 2026-08-08T03:47:07-04:00
FAILED gemma-4b lmbd1000 attempt=3232; retrying in 300s
START gemma-4b lmbd1000 GPUs=0,1,2,3 attempt=3233 2026-08-08T03:52:12-04:00
FAILED gemma-4b lmbd1000 attempt=3233; retrying in 300s
START gemma-4b lmbd1000 GPUs=0,1,2,3 attempt=3234 2026-08-08T03:57:17-04:00
FAILED gemma-4b lmbd1000 attempt=3234; retrying in 300s
START gemma-4b lmbd1000 GPUs=0,1,2,3 attempt=3235 2026-08-08T04:02:22-04:00
FAILED gemma-4b lmbd1000 attempt=3235; retrying in 300s
START gemma-4b lmbd1000 GPUs=0,1,2,3 attempt=3236 2026-08-08T04:07:27-04:00
FAILED gemma-4b lmbd1000 attempt=3236; retrying in 300s
START gemma-4b lmbd1000 GPUs=0,1,2,3 attempt=3237 2026-08-08T04:12:32-04:00
FAILED gemma-4b lmbd1000 attempt=3237; retrying in 300s
START gemma-4b lmbd1000 GPUs=0,1,2,3 attempt=3238 2026-08-08T04:17:37-04:00
FAILED gemma-4b lmbd1000 attempt=3238; retrying in 300s
START gemma-4b lmbd1000 GPUs=0,1,2,3 attempt=3239 2026-08-08T04:22:43-04:00
FAILED gemma-4b lmbd1000 attempt=3239; retrying in 300s
START gemma-4b lmbd1000 GPUs=0,1,2,3 attempt=3240 2026-08-08T04:27:48-04:00
FAILED gemma-4b lmbd1000 attempt=3240; retrying in 300s
START gemma-4b lmbd1000 GPUs=0,1,2,3 attempt=3241 2026-08-08T04:32:53-04:00
FAILED gemma-4b lmbd1000 attempt=3241; retrying in 300s
START gemma-4b lmbd1000 GPUs=0,1,2,3 attempt=3242 2026-08-08T04:37:58-04:00
FAILED gemma-4b lmbd1000 attempt=3242; retrying in 300s
START gemma-4b lmbd1000 GPUs=0,1,2,3 attempt=3243 2026-08-08T04:43:03-04:00
FAILED gemma-4b lmbd1000 attempt=3243; retrying in 300s
START gemma-4b lmbd1000 GPUs=0,1,2,3 attempt=3244 2026-08-08T04:48:08-04:00
FAILED gemma-4b lmbd1000 attempt=3244; retrying in 300s
START gemma-4b lmbd1000 GPUs=0,1,2,3 attempt=3245 2026-08-08T04:53:13-04:00
FAILED gemma-4b lmbd1000 attempt=3245; retrying in 300s
START gemma-4b lmbd1000 GPUs=0,1,2,3 attempt=3246 2026-08-08T04:58:18-04:00
FAILED gemma-4b lmbd1000 attempt=3246; retrying in 300s
START gemma-4b lmbd1000 GPUs=0,1,2,3 attempt=3247 2026-08-08T05:03:23-04:00
FAILED gemma-4b lmbd1000 attempt=3247; retrying in 300s
START gemma-4b lmbd1000 GPUs=0,1,2,3 attempt=3248 2026-08-08T05:08:28-04:00
FAILED gemma-4b lmbd1000 attempt=3248; retrying in 300s
START gemma-4b lmbd1000 GPUs=0,1,2,3 attempt=3249 2026-08-08T05:13:33-04:00
FAILED gemma-4b lmbd1000 attempt=3249; retrying in 300s
START gemma-4b lmbd1000 GPUs=0,1,2,3 attempt=3250 2026-08-08T05:18:38-04:00
FAILED gemma-4b lmbd1000 attempt=3250; retrying in 300s
START gemma-4b lmbd1000 GPUs=0,1,2,3 attempt=3251 2026-08-08T05:23:43-04:00
FAILED gemma-4b lmbd1000 attempt=3251; retrying in 300s
START gemma-4b lmbd1000 GPUs=0,1,2,3 attempt=3252 2026-08-08T05:28:49-04:00
FAILED gemma-4b lmbd1000 attempt=3252; retrying in 300s
START gemma-4b lmbd1000 GPUs=0,1,2,3 attempt=3253 2026-08-08T05:33:54-04:00
FAILED gemma-4b lmbd1000 attempt=3253; retrying in 300s
START gemma-4b lmbd1000 GPUs=0,1,2,3 attempt=3254 2026-08-08T05:38:59-04:00
FAILED gemma-4b lmbd1000 attempt=3254; retrying in 300s
START gemma-4b lmbd1000 GPUs=0,1,2,3 attempt=3255 2026-08-08T05:44:04-04:00
FAILED gemma-4b lmbd1000 attempt=3255; retrying in 300s
START gemma-4b lmbd1000 GPUs=0,1,2,3 attempt=3256 2026-08-08T05:49:09-04:00
FAILED gemma-4b lmbd1000 attempt=3256; retrying in 300s
START gemma-4b lmbd1000 GPUs=0,1,2,3 attempt=3257 2026-08-08T05:54:14-04:00
FAILED gemma-4b lmbd1000 attempt=3257; retrying in 300s
START gemma-4b lmbd1000 GPUs=0,1,2,3 attempt=3258 2026-08-08T05:59:19-04:00
FAILED gemma-4b lmbd1000 attempt=3258; retrying in 300s
START gemma-4b lmbd1000 GPUs=0,1,2,3 attempt=3259 2026-08-08T06:04:24-04:00
FAILED gemma-4b lmbd1000 attempt=3259; retrying in 300s
START gemma-4b lmbd1000 GPUs=0,1,2,3 attempt=3260 2026-08-08T06:09:29-04:00
FAILED gemma-4b lmbd1000 attempt=3260; retrying in 300s
START gemma-4b lmbd1000 GPUs=0,1,2,3 attempt=3261 2026-08-08T06:14:34-04:00
FAILED gemma-4b lmbd1000 attempt=3261; retrying in 300s
START gemma-4b lmbd1000 GPUs=0,1,2,3 attempt=3262 2026-08-08T06:19:39-04:00
FAILED gemma-4b lmbd1000 attempt=3262; retrying in 300s
START gemma-4b lmbd1000 GPUs=0,1,2,3 attempt=3263 2026-08-08T06:24:44-04:00
FAILED gemma-4b lmbd1000 attempt=3263; retrying in 300s
START gemma-4b lmbd1000 GPUs=0,1,2,3 attempt=3264 2026-08-08T06:29:50-04:00
FAILED gemma-4b lmbd1000 attempt=3264; retrying in 300s
START gemma-4b lmbd1000 GPUs=0,1,2,3 attempt=3265 2026-08-08T06:34:55-04:00
FAILED gemma-4b lmbd1000 attempt=3265; retrying in 300s
START gemma-4b lmbd1000 GPUs=0,1,2,3 attempt=3266 2026-08-08T06:40:00-04:00
FAILED gemma-4b lmbd1000 attempt=3266; retrying in 300s
START gemma-4b lmbd1000 GPUs=0,1,2,3 attempt=3267 2026-08-08T06:45:05-04:00
FAILED gemma-4b lmbd1000 attempt=3267; retrying in 300s
START gemma-4b lmbd1000 GPUs=0,1,2,3 attempt=3268 2026-08-08T06:50:10-04:00
FAILED gemma-4b lmbd1000 attempt=3268; retrying in 300s
START gemma-4b lmbd1000 GPUs=0,1,2,3 attempt=3269 2026-08-08T06:55:15-04:00
FAILED gemma-4b lmbd1000 attempt=3269; retrying in 300s
START gemma-4b lmbd1000 GPUs=0,1,2,3 attempt=3270 2026-08-08T07:00:20-04:00
FAILED gemma-4b lmbd1000 attempt=3270; retrying in 300s
START gemma-4b lmbd1000 GPUs=0,1,2,3 attempt=3271 2026-08-08T07:05:25-04:00
FAILED gemma-4b lmbd1000 attempt=3271; retrying in 300s
START gemma-4b lmbd1000 GPUs=0,1,2,3 attempt=3272 2026-08-08T07:10:30-04:00
FAILED gemma-4b lmbd1000 attempt=3272; retrying in 300s
START gemma-4b lmbd1000 GPUs=0,1,2,3 attempt=3273 2026-08-08T07:15:35-04:00
FAILED gemma-4b lmbd1000 attempt=3273; retrying in 300s
START gemma-4b lmbd1000 GPUs=0,1,2,3 attempt=3274 2026-08-08T07:20:40-04:00
FAILED gemma-4b lmbd1000 attempt=3274; retrying in 300s
START gemma-4b lmbd1000 GPUs=0,1,2,3 attempt=3275 2026-08-08T07:25:46-04:00
FAILED gemma-4b lmbd1000 attempt=3275; retrying in 300s
START gemma-4b lmbd1000 GPUs=0,1,2,3 attempt=3276 2026-08-08T07:30:51-04:00
FAILED gemma-4b lmbd1000 attempt=3276; retrying in 300s
START gemma-4b lmbd1000 GPUs=0,1,2,3 attempt=3277 2026-08-08T07:35:56-04:00
FAILED gemma-4b lmbd1000 attempt=3277; retrying in 300s
START gemma-4b lmbd1000 GPUs=0,1,2,3 attempt=3278 2026-08-08T07:41:01-04:00
FAILED gemma-4b lmbd1000 attempt=3278; retrying in 300s
START gemma-4b lmbd1000 GPUs=0,1,2,3 attempt=3279 2026-08-08T07:46:06-04:00
FAILED gemma-4b lmbd1000 attempt=3279; retrying in 300s
START gemma-4b lmbd1000 GPUs=0,1,2,3 attempt=3280 2026-08-08T07:51:11-04:00
FAILED gemma-4b lmbd1000 attempt=3280; retrying in 300s
START gemma-4b lmbd1000 GPUs=0,1,2,3 attempt=3281 2026-08-08T07:56:16-04:00
FAILED gemma-4b lmbd1000 attempt=3281; retrying in 300s
START gemma-4b lmbd1000 GPUs=0,1,2,3 attempt=3282 2026-08-08T08:01:21-04:00
FAILED gemma-4b lmbd1000 attempt=3282; retrying in 300s
START gemma-4b lmbd1000 GPUs=0,1,2,3 attempt=3283 2026-08-08T08:06:27-04:00
FAILED gemma-4b lmbd1000 attempt=3283; retrying in 300s
START gemma-4b lmbd1000 GPUs=0,1,2,3 attempt=3284 2026-08-08T08:11:32-04:00
FAILED gemma-4b lmbd1000 attempt=3284; retrying in 300s
START gemma-4b lmbd1000 GPUs=0,1,2,3 attempt=3285 2026-08-08T08:16:37-04:00
FAILED gemma-4b lmbd1000 attempt=3285; retrying in 300s
START gemma-4b lmbd1000 GPUs=0,1,2,3 attempt=3286 2026-08-08T08:21:42-04:00
FAILED gemma-4b lmbd1000 attempt=3286; retrying in 300s
START gemma-4b lmbd1000 GPUs=0,1,2,3 attempt=3287 2026-08-08T08:26:47-04:00
FAILED gemma-4b lmbd1000 attempt=3287; retrying in 300s
START gemma-4b lmbd1000 GPUs=0,1,2,3 attempt=3288 2026-08-08T08:31:52-04:00
FAILED gemma-4b lmbd1000 attempt=3288; retrying in 300s
START gemma-4b lmbd1000 GPUs=0,1,2,3 attempt=3289 2026-08-08T08:36:57-04:00
FAILED gemma-4b lmbd1000 attempt=3289; retrying in 300s
START gemma-4b lmbd1000 GPUs=0,1,2,3 attempt=3290 2026-08-08T08:42:02-04:00
FAILED gemma-4b lmbd1000 attempt=3290; retrying in 300s
START gemma-4b lmbd1000 GPUs=0,1,2,3 attempt=3291 2026-08-08T08:47:07-04:00
FAILED gemma-4b lmbd1000 attempt=3291; retrying in 300s
START gemma-4b lmbd1000 GPUs=0,1,2,3 attempt=3292 2026-08-08T08:52:12-04:00
FAILED gemma-4b lmbd1000 attempt=3292; retrying in 300s
START gemma-4b lmbd1000 GPUs=0,1,2,3 attempt=3293 2026-08-08T08:57:17-04:00
FAILED gemma-4b lmbd1000 attempt=3293; retrying in 300s
START gemma-4b lmbd1000 GPUs=0,1,2,3 attempt=3294 2026-08-08T09:02:22-04:00
FAILED gemma-4b lmbd1000 attempt=3294; retrying in 300s
START gemma-4b lmbd1000 GPUs=0,1,2,3 attempt=3295 2026-08-08T09:07:27-04:00
FAILED gemma-4b lmbd1000 attempt=3295; retrying in 300s
START gemma-4b lmbd1000 GPUs=0,1,2,3 attempt=3296 2026-08-08T09:12:32-04:00
FAILED gemma-4b lmbd1000 attempt=3296; retrying in 300s
START gemma-4b lmbd1000 GPUs=0,1,2,3 attempt=3297 2026-08-08T09:17:38-04:00
FAILED gemma-4b lmbd1000 attempt=3297; retrying in 300s
START gemma-4b lmbd1000 GPUs=0,1,2,3 attempt=3298 2026-08-08T09:22:43-04:00
FAILED gemma-4b lmbd1000 attempt=3298; retrying in 300s
START gemma-4b lmbd1000 GPUs=0,1,2,3 attempt=3299 2026-08-08T09:27:48-04:00
FAILED gemma-4b lmbd1000 attempt=3299; retrying in 300s
START gemma-4b lmbd1000 GPUs=0,1,2,3 attempt=3300 2026-08-08T09:32:53-04:00
FAILED gemma-4b lmbd1000 attempt=3300; retrying in 300s
START gemma-4b lmbd1000 GPUs=0,1,2,3 attempt=3301 2026-08-08T09:37:58-04:00
FAILED gemma-4b lmbd1000 attempt=3301; retrying in 300s
START gemma-4b lmbd1000 GPUs=0,1,2,3 attempt=3302 2026-08-08T09:43:03-04:00
FAILED gemma-4b lmbd1000 attempt=3302; retrying in 300s
START gemma-4b lmbd1000 GPUs=0,1,2,3 attempt=3303 2026-08-08T09:48:08-04:00
FAILED gemma-4b lmbd1000 attempt=3303; retrying in 300s
START gemma-4b lmbd1000 GPUs=0,1,2,3 attempt=3304 2026-08-08T09:53:13-04:00
FAILED gemma-4b lmbd1000 attempt=3304; retrying in 300s
START gemma-4b lmbd1000 GPUs=0,1,2,3 attempt=3305 2026-08-08T09:58:18-04:00
FAILED gemma-4b lmbd1000 attempt=3305; retrying in 300s
START gemma-4b lmbd1000 GPUs=0,1,2,3 attempt=3306 2026-08-08T10:03:23-04:00
FAILED gemma-4b lmbd1000 attempt=3306; retrying in 300s
START gemma-4b lmbd1000 GPUs=0,1,2,3 attempt=3307 2026-08-08T10:08:28-04:00
FAILED gemma-4b lmbd1000 attempt=3307; retrying in 300s
START gemma-4b lmbd1000 GPUs=0,1,2,3 attempt=3308 2026-08-08T10:13:33-04:00
FAILED gemma-4b lmbd1000 attempt=3308; retrying in 300s
START gemma-4b lmbd1000 GPUs=0,1,2,3 attempt=3309 2026-08-08T10:18:39-04:00
FAILED gemma-4b lmbd1000 attempt=3309; retrying in 300s
START gemma-4b lmbd1000 GPUs=0,1,2,3 attempt=3310 2026-08-08T10:23:44-04:00
FAILED gemma-4b lmbd1000 attempt=3310; retrying in 300s
START gemma-4b lmbd1000 GPUs=0,1,2,3 attempt=3311 2026-08-08T10:28:49-04:00
FAILED gemma-4b lmbd1000 attempt=3311; retrying in 300s
START gemma-4b lmbd1000 GPUs=0,1,2,3 attempt=3312 2026-08-08T10:33:54-04:00
FAILED gemma-4b lmbd1000 attempt=3312; retrying in 300s
START gemma-4b lmbd1000 GPUs=0,1,2,3 attempt=3313 2026-08-08T10:38:59-04:00
FAILED gemma-4b lmbd1000 attempt=3313; retrying in 300s
START gemma-4b lmbd1000 GPUs=0,1,2,3 attempt=3314 2026-08-08T10:44:04-04:00
FAILED gemma-4b lmbd1000 attempt=3314; retrying in 300s
START gemma-4b lmbd1000 GPUs=0,1,2,3 attempt=3315 2026-08-08T10:49:09-04:00
FAILED gemma-4b lmbd1000 attempt=3315; retrying in 300s
START gemma-4b lmbd1000 GPUs=0,1,2,3 attempt=3316 2026-08-08T10:54:14-04:00
FAILED gemma-4b lmbd1000 attempt=3316; retrying in 300s
START gemma-4b lmbd1000 GPUs=0,1,2,3 attempt=3317 2026-08-08T10:59:19-04:00
FAILED gemma-4b lmbd1000 attempt=3317; retrying in 300s
START gemma-4b lmbd1000 GPUs=0,1,2,3 attempt=3318 2026-08-08T11:04:24-04:00
FAILED gemma-4b lmbd1000 attempt=3318; retrying in 300s
START gemma-4b lmbd1000 GPUs=0,1,2,3 attempt=3319 2026-08-08T11:09:29-04:00
FAILED gemma-4b lmbd1000 attempt=3319; retrying in 300s
START gemma-4b lmbd1000 GPUs=0,1,2,3 attempt=3320 2026-08-08T11:14:34-04:00
FAILED gemma-4b lmbd1000 attempt=3320; retrying in 300s
START gemma-4b lmbd1000 GPUs=0,1,2,3 attempt=3321 2026-08-08T11:19:40-04:00
FAILED gemma-4b lmbd1000 attempt=3321; retrying in 300s
START gemma-4b lmbd1000 GPUs=0,1,2,3 attempt=3322 2026-08-08T11:24:45-04:00
FAILED gemma-4b lmbd1000 attempt=3322; retrying in 300s
START gemma-4b lmbd1000 GPUs=0,1,2,3 attempt=3323 2026-08-08T11:29:50-04:00
FAILED gemma-4b lmbd1000 attempt=3323; retrying in 300s
START gemma-4b lmbd1000 GPUs=0,1,2,3 attempt=3324 2026-08-08T11:34:55-04:00
FAILED gemma-4b lmbd1000 attempt=3324; retrying in 300s
START gemma-4b lmbd1000 GPUs=0,1,2,3 attempt=3325 2026-08-08T11:40:00-04:00
FAILED gemma-4b lmbd1000 attempt=3325; retrying in 300s
START gemma-4b lmbd1000 GPUs=0,1,2,3 attempt=3326 2026-08-08T11:45:05-04:00
FAILED gemma-4b lmbd1000 attempt=3326; retrying in 300s
START gemma-4b lmbd1000 GPUs=0,1,2,3 attempt=3327 2026-08-08T11:50:10-04:00
FAILED gemma-4b lmbd1000 attempt=3327; retrying in 300s
START gemma-4b lmbd1000 GPUs=0,1,2,3 attempt=3328 2026-08-08T11:55:15-04:00
FAILED gemma-4b lmbd1000 attempt=3328; retrying in 300s
START gemma-4b lmbd1000 GPUs=0,1,2,3 attempt=3329 2026-08-08T12:00:20-04:00
FAILED gemma-4b lmbd1000 attempt=3329; retrying in 300s
START gemma-4b lmbd1000 GPUs=0,1,2,3 attempt=3330 2026-08-08T12:05:25-04:00
FAILED gemma-4b lmbd1000 attempt=3330; retrying in 300s
START gemma-4b lmbd1000 GPUs=0,1,2,3 attempt=3331 2026-08-08T12:10:30-04:00
FAILED gemma-4b lmbd1000 attempt=3331; retrying in 300s
START gemma-4b lmbd1000 GPUs=0,1,2,3 attempt=3332 2026-08-08T12:15:35-04:00
FAILED gemma-4b lmbd1000 attempt=3332; retrying in 300s
START gemma-4b lmbd1000 GPUs=0,1,2,3 attempt=3333 2026-08-08T12:20:41-04:00
FAILED gemma-4b lmbd1000 attempt=3333; retrying in 300s
START gemma-4b lmbd1000 GPUs=0,1,2,3 attempt=3334 2026-08-08T12:25:46-04:00
FAILED gemma-4b lmbd1000 attempt=3334; retrying in 300s
START gemma-4b lmbd1000 GPUs=0,1,2,3 attempt=3335 2026-08-08T12:30:51-04:00
FAILED gemma-4b lmbd1000 attempt=3335; retrying in 300s
START gemma-4b lmbd1000 GPUs=0,1,2,3 attempt=3336 2026-08-08T12:35:56-04:00
FAILED gemma-4b lmbd1000 attempt=3336; retrying in 300s
START gemma-4b lmbd1000 GPUs=0,1,2,3 attempt=3337 2026-08-08T12:41:01-04:00
FAILED gemma-4b lmbd1000 attempt=3337; retrying in 300s
START gemma-4b lmbd1000 GPUs=0,1,2,3 attempt=3338 2026-08-08T12:46:06-04:00
FAILED gemma-4b lmbd1000 attempt=3338; retrying in 300s
START gemma-4b lmbd1000 GPUs=0,1,2,3 attempt=3339 2026-08-08T12:51:11-04:00
FAILED gemma-4b lmbd1000 attempt=3339; retrying in 300s
START gemma-4b lmbd1000 GPUs=0,1,2,3 attempt=3340 2026-08-08T12:56:16-04:00
FAILED gemma-4b lmbd1000 attempt=3340; retrying in 300s
START gemma-4b lmbd1000 GPUs=0,1,2,3 attempt=3341 2026-08-08T13:01:21-04:00
FAILED gemma-4b lmbd1000 attempt=3341; retrying in 300s
START gemma-4b lmbd1000 GPUs=0,1,2,3 attempt=3342 2026-08-08T13:06:26-04:00
FAILED gemma-4b lmbd1000 attempt=3342; retrying in 300s
START gemma-4b lmbd1000 GPUs=0,1,2,3 attempt=3343 2026-08-08T13:11:31-04:00
FAILED gemma-4b lmbd1000 attempt=3343; retrying in 300s
START gemma-4b lmbd1000 GPUs=0,1,2,3 attempt=3344 2026-08-08T13:16:37-04:00
FAILED gemma-4b lmbd1000 attempt=3344; retrying in 300s
START gemma-4b lmbd1000 GPUs=0,1,2,3 attempt=3345 2026-08-08T13:21:42-04:00
FAILED gemma-4b lmbd1000 attempt=3345; retrying in 300s
START gemma-4b lmbd1000 GPUs=0,1,2,3 attempt=3346 2026-08-08T13:26:47-04:00
FAILED gemma-4b lmbd1000 attempt=3346; retrying in 300s
START gemma-4b lmbd1000 GPUs=0,1,2,3 attempt=3347 2026-08-08T13:31:52-04:00
FAILED gemma-4b lmbd1000 attempt=3347; retrying in 300s
START gemma-4b lmbd1000 GPUs=0,1,2,3 attempt=3348 2026-08-08T13:36:57-04:00
FAILED gemma-4b lmbd1000 attempt=3348; retrying in 300s
START gemma-4b lmbd1000 GPUs=0,1,2,3 attempt=3349 2026-08-08T13:42:02-04:00
FAILED gemma-4b lmbd1000 attempt=3349; retrying in 300s
START gemma-4b lmbd1000 GPUs=0,1,2,3 attempt=3350 2026-08-08T13:47:07-04:00
FAILED gemma-4b lmbd1000 attempt=3350; retrying in 300s
START gemma-4b lmbd1000 GPUs=0,1,2,3 attempt=3351 2026-08-08T13:52:12-04:00
FAILED gemma-4b lmbd1000 attempt=3351; retrying in 300s
START gemma-4b lmbd1000 GPUs=0,1,2,3 attempt=3352 2026-08-08T13:57:18-04:00
FAILED gemma-4b lmbd1000 attempt=3352; retrying in 300s
START gemma-4b lmbd1000 GPUs=0,1,2,3 attempt=3353 2026-08-08T14:02:23-04:00
FAILED gemma-4b lmbd1000 attempt=3353; retrying in 300s
START gemma-4b lmbd1000 GPUs=0,1,2,3 attempt=3354 2026-08-08T14:07:28-04:00
FAILED gemma-4b lmbd1000 attempt=3354; retrying in 300s
START gemma-4b lmbd1000 GPUs=0,1,2,3 attempt=3355 2026-08-08T14:12:33-04:00
FAILED gemma-4b lmbd1000 attempt=3355; retrying in 300s
START gemma-4b lmbd1000 GPUs=0,1,2,3 attempt=3356 2026-08-08T14:17:38-04:00
FAILED gemma-4b lmbd1000 attempt=3356; retrying in 300s
START gemma-4b lmbd1000 GPUs=0,1,2,3 attempt=3357 2026-08-08T14:22:43-04:00
FAILED gemma-4b lmbd1000 attempt=3357; retrying in 300s
START gemma-4b lmbd1000 GPUs=0,1,2,3 attempt=3358 2026-08-08T14:27:48-04:00
FAILED gemma-4b lmbd1000 attempt=3358; retrying in 300s
START gemma-4b lmbd1000 GPUs=0,1,2,3 attempt=3359 2026-08-08T14:32:53-04:00
FAILED gemma-4b lmbd1000 attempt=3359; retrying in 300s
START gemma-4b lmbd1000 GPUs=0,1,2,3 attempt=3360 2026-08-08T14:37:58-04:00
FAILED gemma-4b lmbd1000 attempt=3360; retrying in 300s
START gemma-4b lmbd1000 GPUs=0,1,2,3 attempt=3361 2026-08-08T14:43:03-04:00
FAILED gemma-4b lmbd1000 attempt=3361; retrying in 300s
START gemma-4b lmbd1000 GPUs=0,1,2,3 attempt=3362 2026-08-08T14:48:08-04:00
FAILED gemma-4b lmbd1000 attempt=3362; retrying in 300s
START gemma-4b lmbd1000 GPUs=0,1,2,3 attempt=3363 2026-08-08T14:53:14-04:00
FAILED gemma-4b lmbd1000 attempt=3363; retrying in 300s
START gemma-4b lmbd1000 GPUs=0,1,2,3 attempt=3364 2026-08-08T14:58:19-04:00
FAILED gemma-4b lmbd1000 attempt=3364; retrying in 300s
START gemma-4b lmbd1000 GPUs=0,1,2,3 attempt=3365 2026-08-08T15:03:24-04:00
FAILED gemma-4b lmbd1000 attempt=3365; retrying in 300s
START gemma-4b lmbd1000 GPUs=0,1,2,3 attempt=3366 2026-08-08T15:08:29-04:00
FAILED gemma-4b lmbd1000 attempt=3366; retrying in 300s
START gemma-4b lmbd1000 GPUs=0,1,2,3 attempt=3367 2026-08-08T15:13:34-04:00
FAILED gemma-4b lmbd1000 attempt=3367; retrying in 300s
START gemma-4b lmbd1000 GPUs=0,1,2,3 attempt=3368 2026-08-08T15:18:39-04:00
FAILED gemma-4b lmbd1000 attempt=3368; retrying in 300s
START gemma-4b lmbd1000 GPUs=0,1,2,3 attempt=3369 2026-08-08T15:23:44-04:00
FAILED gemma-4b lmbd1000 attempt=3369; retrying in 300s
START gemma-4b lmbd1000 GPUs=0,1,2,3 attempt=3370 2026-08-08T15:28:49-04:00
FAILED gemma-4b lmbd1000 attempt=3370; retrying in 300s
START gemma-4b lmbd1000 GPUs=0,1,2,3 attempt=3371 2026-08-08T15:33:54-04:00
FAILED gemma-4b lmbd1000 attempt=3371; retrying in 300s
START gemma-4b lmbd1000 GPUs=0,1,2,3 attempt=3372 2026-08-08T15:38:59-04:00
FAILED gemma-4b lmbd1000 attempt=3372; retrying in 300s
START gemma-4b lmbd1000 GPUs=0,1,2,3 attempt=3373 2026-08-08T15:44:04-04:00
FAILED gemma-4b lmbd1000 attempt=3373; retrying in 300s
START gemma-4b lmbd1000 GPUs=0,1,2,3 attempt=3374 2026-08-08T15:49:09-04:00
FAILED gemma-4b lmbd1000 attempt=3374; retrying in 300s
START gemma-4b lmbd1000 GPUs=0,1,2,3 attempt=3375 2026-08-08T15:54:14-04:00
FAILED gemma-4b lmbd1000 attempt=3375; retrying in 300s
START gemma-4b lmbd1000 GPUs=0,1,2,3 attempt=3376 2026-08-08T15:59:20-04:00
FAILED gemma-4b lmbd1000 attempt=3376; retrying in 300s
START gemma-4b lmbd1000 GPUs=0,1,2,3 attempt=3377 2026-08-08T16:04:25-04:00
FAILED gemma-4b lmbd1000 attempt=3377; retrying in 300s
START gemma-4b lmbd1000 GPUs=0,1,2,3 attempt=3378 2026-08-08T16:09:30-04:00
FAILED gemma-4b lmbd1000 attempt=3378; retrying in 300s
START gemma-4b lmbd1000 GPUs=0,1,2,3 attempt=3379 2026-08-08T16:14:35-04:00
FAILED gemma-4b lmbd1000 attempt=3379; retrying in 300s
START gemma-4b lmbd1000 GPUs=0,1,2,3 attempt=3380 2026-08-08T16:19:40-04:00
FAILED gemma-4b lmbd1000 attempt=3380; retrying in 300s
START gemma-4b lmbd1000 GPUs=0,1,2,3 attempt=3381 2026-08-08T16:24:45-04:00
FAILED gemma-4b lmbd1000 attempt=3381; retrying in 300s
START gemma-4b lmbd1000 GPUs=0,1,2,3 attempt=3382 2026-08-08T16:29:50-04:00
FAILED gemma-4b lmbd1000 attempt=3382; retrying in 300s
START gemma-4b lmbd1000 GPUs=0,1,2,3 attempt=3383 2026-08-08T16:34:55-04:00
FAILED gemma-4b lmbd1000 attempt=3383; retrying in 300s
START gemma-4b lmbd1000 GPUs=0,1,2,3 attempt=3384 2026-08-08T16:40:00-04:00
FAILED gemma-4b lmbd1000 attempt=3384; retrying in 300s
START gemma-4b lmbd1000 GPUs=0,1,2,3 attempt=3385 2026-08-08T16:45:05-04:00
FAILED gemma-4b lmbd1000 attempt=3385; retrying in 300s
START gemma-4b lmbd1000 GPUs=0,1,2,3 attempt=3386 2026-08-08T16:50:10-04:00
FAILED gemma-4b lmbd1000 attempt=3386; retrying in 300s
START gemma-4b lmbd1000 GPUs=0,1,2,3 attempt=3387 2026-08-08T16:55:15-04:00
FAILED gemma-4b lmbd1000 attempt=3387; retrying in 300s
START gemma-4b lmbd1000 GPUs=0,1,2,3 attempt=3388 2026-08-08T17:00:20-04:00
FAILED gemma-4b lmbd1000 attempt=3388; retrying in 300s
START gemma-4b lmbd1000 GPUs=0,1,2,3 attempt=3389 2026-08-08T17:05:26-04:00
FAILED gemma-4b lmbd1000 attempt=3389; retrying in 300s
START gemma-4b lmbd1000 GPUs=0,1,2,3 attempt=3390 2026-08-08T17:10:31-04:00
FAILED gemma-4b lmbd1000 attempt=3390; retrying in 300s
START gemma-4b lmbd1000 GPUs=0,1,2,3 attempt=3391 2026-08-08T17:15:36-04:00
FAILED gemma-4b lmbd1000 attempt=3391; retrying in 300s
START gemma-4b lmbd1000 GPUs=0,1,2,3 attempt=3392 2026-08-08T17:20:41-04:00
FAILED gemma-4b lmbd1000 attempt=3392; retrying in 300s
START gemma-4b lmbd1000 GPUs=0,1,2,3 attempt=3393 2026-08-08T17:25:46-04:00
FAILED gemma-4b lmbd1000 attempt=3393; retrying in 300s
START gemma-4b lmbd1000 GPUs=0,1,2,3 attempt=3394 2026-08-08T17:30:51-04:00
FAILED gemma-4b lmbd1000 attempt=3394; retrying in 300s
START gemma-4b lmbd1000 GPUs=0,1,2,3 attempt=3395 2026-08-08T17:35:56-04:00
FAILED gemma-4b lmbd1000 attempt=3395; retrying in 300s
START gemma-4b lmbd1000 GPUs=0,1,2,3 attempt=3396 2026-08-08T17:41:01-04:00
FAILED gemma-4b lmbd1000 attempt=3396; retrying in 300s
START gemma-4b lmbd1000 GPUs=0,1,2,3 attempt=3397 2026-08-08T17:46:06-04:00
FAILED gemma-4b lmbd1000 attempt=3397; retrying in 300s
START gemma-4b lmbd1000 GPUs=0,1,2,3 attempt=3398 2026-08-08T17:51:11-04:00
FAILED gemma-4b lmbd1000 attempt=3398; retrying in 300s
START gemma-4b lmbd1000 GPUs=0,1,2,3 attempt=3399 2026-08-08T17:56:16-04:00
FAILED gemma-4b lmbd1000 attempt=3399; retrying in 300s
START gemma-4b lmbd1000 GPUs=0,1,2,3 attempt=3400 2026-08-08T18:01:22-04:00
FAILED gemma-4b lmbd1000 attempt=3400; retrying in 300s
START gemma-4b lmbd1000 GPUs=0,1,2,3 attempt=3401 2026-08-08T18:06:27-04:00
FAILED gemma-4b lmbd1000 attempt=3401; retrying in 300s
START gemma-4b lmbd1000 GPUs=0,1,2,3 attempt=3402 2026-08-08T18:11:32-04:00
FAILED gemma-4b lmbd1000 attempt=3402; retrying in 300s
START gemma-4b lmbd1000 GPUs=0,1,2,3 attempt=3403 2026-08-08T18:16:37-04:00
FAILED gemma-4b lmbd1000 attempt=3403; retrying in 300s
START gemma-4b lmbd1000 GPUs=0,1,2,3 attempt=3404 2026-08-08T18:21:42-04:00
FAILED gemma-4b lmbd1000 attempt=3404; retrying in 300s
START gemma-4b lmbd1000 GPUs=0,1,2,3 attempt=3405 2026-08-08T18:26:47-04:00
FAILED gemma-4b lmbd1000 attempt=3405; retrying in 300s
START gemma-4b lmbd1000 GPUs=0,1,2,3 attempt=3406 2026-08-08T18:31:52-04:00
FAILED gemma-4b lmbd1000 attempt=3406; retrying in 300s
START gemma-4b lmbd1000 GPUs=0,1,2,3 attempt=3407 2026-08-08T18:36:57-04:00
FAILED gemma-4b lmbd1000 attempt=3407; retrying in 300s
START gemma-4b lmbd1000 GPUs=0,1,2,3 attempt=3408 2026-08-08T18:42:02-04:00
FAILED gemma-4b lmbd1000 attempt=3408; retrying in 300s
START gemma-4b lmbd1000 GPUs=0,1,2,3 attempt=3409 2026-08-08T18:47:07-04:00
FAILED gemma-4b lmbd1000 attempt=3409; retrying in 300s
START gemma-4b lmbd1000 GPUs=0,1,2,3 attempt=3410 2026-08-08T18:52:12-04:00
FAILED gemma-4b lmbd1000 attempt=3410; retrying in 300s
START gemma-4b lmbd1000 GPUs=0,1,2,3 attempt=3411 2026-08-08T18:57:17-04:00
FAILED gemma-4b lmbd1000 attempt=3411; retrying in 300s
START gemma-4b lmbd1000 GPUs=0,1,2,3 attempt=3412 2026-08-08T19:02:22-04:00
FAILED gemma-4b lmbd1000 attempt=3412; retrying in 300s
START gemma-4b lmbd1000 GPUs=0,1,2,3 attempt=3413 2026-08-08T19:07:28-04:00
FAILED gemma-4b lmbd1000 attempt=3413; retrying in 300s
START gemma-4b lmbd1000 GPUs=0,1,2,3 attempt=3414 2026-08-08T19:12:33-04:00
FAILED gemma-4b lmbd1000 attempt=3414; retrying in 300s
START gemma-4b lmbd1000 GPUs=0,1,2,3 attempt=3415 2026-08-08T19:17:38-04:00
FAILED gemma-4b lmbd1000 attempt=3415; retrying in 300s
START gemma-4b lmbd1000 GPUs=0,1,2,3 attempt=3416 2026-08-08T19:22:43-04:00
FAILED gemma-4b lmbd1000 attempt=3416; retrying in 300s
START gemma-4b lmbd1000 GPUs=0,1,2,3 attempt=3417 2026-08-08T19:27:48-04:00
FAILED gemma-4b lmbd1000 attempt=3417; retrying in 300s
START gemma-4b lmbd1000 GPUs=0,1,2,3 attempt=3418 2026-08-08T19:32:53-04:00
FAILED gemma-4b lmbd1000 attempt=3418; retrying in 300s
START gemma-4b lmbd1000 GPUs=0,1,2,3 attempt=3419 2026-08-08T19:37:58-04:00
FAILED gemma-4b lmbd1000 attempt=3419; retrying in 300s
START gemma-4b lmbd1000 GPUs=0,1,2,3 attempt=3420 2026-08-08T19:43:03-04:00
FAILED gemma-4b lmbd1000 attempt=3420; retrying in 300s
START gemma-4b lmbd1000 GPUs=0,1,2,3 attempt=3421 2026-08-08T19:48:08-04:00
FAILED gemma-4b lmbd1000 attempt=3421; retrying in 300s
START gemma-4b lmbd1000 GPUs=0,1,2,3 attempt=3422 2026-08-08T19:53:13-04:00
FAILED gemma-4b lmbd1000 attempt=3422; retrying in 300s
START gemma-4b lmbd1000 GPUs=0,1,2,3 attempt=3423 2026-08-08T19:58:18-04:00
FAILED gemma-4b lmbd1000 attempt=3423; retrying in 300s
START gemma-4b lmbd1000 GPUs=0,1,2,3 attempt=3424 2026-08-08T20:03:24-04:00
FAILED gemma-4b lmbd1000 attempt=3424; retrying in 300s
START gemma-4b lmbd1000 GPUs=0,1,2,3 attempt=3425 2026-08-08T20:08:29-04:00
FAILED gemma-4b lmbd1000 attempt=3425; retrying in 300s
START gemma-4b lmbd1000 GPUs=0,1,2,3 attempt=3426 2026-08-08T20:13:34-04:00
FAILED gemma-4b lmbd1000 attempt=3426; retrying in 300s
START gemma-4b lmbd1000 GPUs=0,1,2,3 attempt=3427 2026-08-08T20:18:39-04:00
FAILED gemma-4b lmbd1000 attempt=3427; retrying in 300s
START gemma-4b lmbd1000 GPUs=0,1,2,3 attempt=3428 2026-08-08T20:23:44-04:00
FAILED gemma-4b lmbd1000 attempt=3428; retrying in 300s
START gemma-4b lmbd1000 GPUs=0,1,2,3 attempt=3429 2026-08-08T20:28:49-04:00
FAILED gemma-4b lmbd1000 attempt=3429; retrying in 300s
START gemma-4b lmbd1000 GPUs=0,1,2,3 attempt=3430 2026-08-08T20:33:54-04:00
FAILED gemma-4b lmbd1000 attempt=3430; retrying in 300s
START gemma-4b lmbd1000 GPUs=0,1,2,3 attempt=3431 2026-08-08T20:38:59-04:00
FAILED gemma-4b lmbd1000 attempt=3431; retrying in 300s
START gemma-4b lmbd1000 GPUs=0,1,2,3 attempt=3432 2026-08-08T20:44:04-04:00
FAILED gemma-4b lmbd1000 attempt=3432; retrying in 300s
START gemma-4b lmbd1000 GPUs=0,1,2,3 attempt=3433 2026-08-08T20:49:09-04:00
FAILED gemma-4b lmbd1000 attempt=3433; retrying in 300s
START gemma-4b lmbd1000 GPUs=0,1,2,3 attempt=3434 2026-08-08T20:54:14-04:00
FAILED gemma-4b lmbd1000 attempt=3434; retrying in 300s
START gemma-4b lmbd1000 GPUs=0,1,2,3 attempt=3435 2026-08-08T20:59:19-04:00
FAILED gemma-4b lmbd1000 attempt=3435; retrying in 300s
START gemma-4b lmbd1000 GPUs=0,1,2,3 attempt=3436 2026-08-08T21:04:24-04:00
FAILED gemma-4b lmbd1000 attempt=3436; retrying in 300s
START gemma-4b lmbd1000 GPUs=0,1,2,3 attempt=3437 2026-08-08T21:09:29-04:00
FAILED gemma-4b lmbd1000 attempt=3437; retrying in 300s
START gemma-4b lmbd1000 GPUs=0,1,2,3 attempt=3438 2026-08-08T21:14:35-04:00
FAILED gemma-4b lmbd1000 attempt=3438; retrying in 300s
START gemma-4b lmbd1000 GPUs=0,1,2,3 attempt=3439 2026-08-08T21:19:40-04:00
FAILED gemma-4b lmbd1000 attempt=3439; retrying in 300s
START gemma-4b lmbd1000 GPUs=0,1,2,3 attempt=3440 2026-08-08T21:24:45-04:00
FAILED gemma-4b lmbd1000 attempt=3440; retrying in 300s
START gemma-4b lmbd1000 GPUs=0,1,2,3 attempt=3441 2026-08-08T21:29:50-04:00
FAILED gemma-4b lmbd1000 attempt=3441; retrying in 300s
START gemma-4b lmbd1000 GPUs=0,1,2,3 attempt=3442 2026-08-08T21:34:55-04:00
FAILED gemma-4b lmbd1000 attempt=3442; retrying in 300s
START gemma-4b lmbd1000 GPUs=0,1,2,3 attempt=3443 2026-08-08T21:40:00-04:00
FAILED gemma-4b lmbd1000 attempt=3443; retrying in 300s
START gemma-4b lmbd1000 GPUs=0,1,2,3 attempt=3444 2026-08-08T21:45:05-04:00
FAILED gemma-4b lmbd1000 attempt=3444; retrying in 300s
START gemma-4b lmbd1000 GPUs=0,1,2,3 attempt=3445 2026-08-08T21:50:10-04:00
FAILED gemma-4b lmbd1000 attempt=3445; retrying in 300s
START gemma-4b lmbd1000 GPUs=0,1,2,3 attempt=3446 2026-08-08T21:55:15-04:00
FAILED gemma-4b lmbd1000 attempt=3446; retrying in 300s
START gemma-4b lmbd1000 GPUs=0,1,2,3 attempt=3447 2026-08-08T22:00:20-04:00
FAILED gemma-4b lmbd1000 attempt=3447; retrying in 300s
START gemma-4b lmbd1000 GPUs=0,1,2,3 attempt=3448 2026-08-08T22:05:26-04:00
FAILED gemma-4b lmbd1000 attempt=3448; retrying in 300s
START gemma-4b lmbd1000 GPUs=0,1,2,3 attempt=3449 2026-08-08T22:10:31-04:00
FAILED gemma-4b lmbd1000 attempt=3449; retrying in 300s
START gemma-4b lmbd1000 GPUs=0,1,2,3 attempt=3450 2026-08-08T22:15:36-04:00
FAILED gemma-4b lmbd1000 attempt=3450; retrying in 300s
START gemma-4b lmbd1000 GPUs=0,1,2,3 attempt=3451 2026-08-08T22:20:41-04:00
FAILED gemma-4b lmbd1000 attempt=3451; retrying in 300s
START gemma-4b lmbd1000 GPUs=0,1,2,3 attempt=3452 2026-08-08T22:25:46-04:00
FAILED gemma-4b lmbd1000 attempt=3452; retrying in 300s
START gemma-4b lmbd1000 GPUs=0,1,2,3 attempt=3453 2026-08-08T22:30:51-04:00
FAILED gemma-4b lmbd1000 attempt=3453; retrying in 300s
START gemma-4b lmbd1000 GPUs=0,1,2,3 attempt=3454 2026-08-08T22:35:56-04:00
FAILED gemma-4b lmbd1000 attempt=3454; retrying in 300s
START gemma-4b lmbd1000 GPUs=0,1,2,3 attempt=3455 2026-08-08T22:41:01-04:00
FAILED gemma-4b lmbd1000 attempt=3455; retrying in 300s
START gemma-4b lmbd1000 GPUs=0,1,2,3 attempt=3456 2026-08-08T22:46:06-04:00
FAILED gemma-4b lmbd1000 attempt=3456; retrying in 300s
START gemma-4b lmbd1000 GPUs=0,1,2,3 attempt=3457 2026-08-08T22:51:11-04:00
FAILED gemma-4b lmbd1000 attempt=3457; retrying in 300s
START gemma-4b lmbd1000 GPUs=0,1,2,3 attempt=3458 2026-08-08T22:56:17-04:00
FAILED gemma-4b lmbd1000 attempt=3458; retrying in 300s
START gemma-4b lmbd1000 GPUs=0,1,2,3 attempt=3459 2026-08-08T23:01:22-04:00
FAILED gemma-4b lmbd1000 attempt=3459; retrying in 300s
START gemma-4b lmbd1000 GPUs=0,1,2,3 attempt=3460 2026-08-08T23:06:27-04:00
FAILED gemma-4b lmbd1000 attempt=3460; retrying in 300s
START gemma-4b lmbd1000 GPUs=0,1,2,3 attempt=3461 2026-08-08T23:11:32-04:00
FAILED gemma-4b lmbd1000 attempt=3461; retrying in 300s
START gemma-4b lmbd1000 GPUs=0,1,2,3 attempt=3462 2026-08-08T23:16:37-04:00
FAILED gemma-4b lmbd1000 attempt=3462; retrying in 300s
START gemma-4b lmbd1000 GPUs=0,1,2,3 attempt=3463 2026-08-08T23:21:42-04:00
FAILED gemma-4b lmbd1000 attempt=3463; retrying in 300s
START gemma-4b lmbd1000 GPUs=0,1,2,3 attempt=3464 2026-08-08T23:26:47-04:00
FAILED gemma-4b lmbd1000 attempt=3464; retrying in 300s
START gemma-4b lmbd1000 GPUs=0,1,2,3 attempt=3465 2026-08-08T23:31:52-04:00
FAILED gemma-4b lmbd1000 attempt=3465; retrying in 300s
START gemma-4b lmbd1000 GPUs=0,1,2,3 attempt=3466 2026-08-08T23:36:57-04:00
FAILED gemma-4b lmbd1000 attempt=3466; retrying in 300s
START gemma-4b lmbd1000 GPUs=0,1,2,3 attempt=3467 2026-08-08T23:42:02-04:00
FAILED gemma-4b lmbd1000 attempt=3467; retrying in 300s
START gemma-4b lmbd1000 GPUs=0,1,2,3 attempt=3468 2026-08-08T23:47:07-04:00
FAILED gemma-4b lmbd1000 attempt=3468; retrying in 300s
START gemma-4b lmbd1000 GPUs=0,1,2,3 attempt=3469 2026-08-08T23:52:13-04:00
FAILED gemma-4b lmbd1000 attempt=3469; retrying in 300s
START gemma-4b lmbd1000 GPUs=0,1,2,3 attempt=3470 2026-08-08T23:57:18-04:00
FAILED gemma-4b lmbd1000 attempt=3470; retrying in 300s
START gemma-4b lmbd1000 GPUs=0,1,2,3 attempt=3471 2026-08-09T00:02:23-04:00
FAILED gemma-4b lmbd1000 attempt=3471; retrying in 300s
START gemma-4b lmbd1000 GPUs=0,1,2,3 attempt=3472 2026-08-09T00:07:28-04:00
FAILED gemma-4b lmbd1000 attempt=3472; retrying in 300s
START gemma-4b lmbd1000 GPUs=0,1,2,3 attempt=3473 2026-08-09T00:12:33-04:00
FAILED gemma-4b lmbd1000 attempt=3473; retrying in 300s
START gemma-4b lmbd1000 GPUs=0,1,2,3 attempt=3474 2026-08-09T00:17:38-04:00
FAILED gemma-4b lmbd1000 attempt=3474; retrying in 300s
START gemma-4b lmbd1000 GPUs=0,1,2,3 attempt=3475 2026-08-09T00:22:43-04:00
FAILED gemma-4b lmbd1000 attempt=3475; retrying in 300s
START gemma-4b lmbd1000 GPUs=0,1,2,3 attempt=3476 2026-08-09T00:27:48-04:00
FAILED gemma-4b lmbd1000 attempt=3476; retrying in 300s
START gemma-4b lmbd1000 GPUs=0,1,2,3 attempt=3477 2026-08-09T00:32:53-04:00
FAILED gemma-4b lmbd1000 attempt=3477; retrying in 300s
START gemma-4b lmbd1000 GPUs=0,1,2,3 attempt=3478 2026-08-09T00:37:58-04:00
FAILED gemma-4b lmbd1000 attempt=3478; retrying in 300s
START gemma-4b lmbd1000 GPUs=0,1,2,3 attempt=3479 2026-08-09T00:43:04-04:00
FAILED gemma-4b lmbd1000 attempt=3479; retrying in 300s
START gemma-4b lmbd1000 GPUs=0,1,2,3 attempt=3480 2026-08-09T00:48:09-04:00
FAILED gemma-4b lmbd1000 attempt=3480; retrying in 300s
START gemma-4b lmbd1000 GPUs=0,1,2,3 attempt=3481 2026-08-09T00:53:14-04:00
FAILED gemma-4b lmbd1000 attempt=3481; retrying in 300s
START gemma-4b lmbd1000 GPUs=0,1,2,3 attempt=3482 2026-08-09T00:58:19-04:00
FAILED gemma-4b lmbd1000 attempt=3482; retrying in 300s
START gemma-4b lmbd1000 GPUs=0,1,2,3 attempt=3483 2026-08-09T01:03:24-04:00
FAILED gemma-4b lmbd1000 attempt=3483; retrying in 300s
START gemma-4b lmbd1000 GPUs=0,1,2,3 attempt=3484 2026-08-09T01:08:29-04:00
FAILED gemma-4b lmbd1000 attempt=3484; retrying in 300s
START gemma-4b lmbd1000 GPUs=0,1,2,3 attempt=3485 2026-08-09T01:13:34-04:00
FAILED gemma-4b lmbd1000 attempt=3485; retrying in 300s
START gemma-4b lmbd1000 GPUs=0,1,2,3 attempt=3486 2026-08-09T01:18:39-04:00
FAILED gemma-4b lmbd1000 attempt=3486; retrying in 300s
START gemma-4b lmbd1000 GPUs=0,1,2,3 attempt=3487 2026-08-09T01:23:44-04:00
FAILED gemma-4b lmbd1000 attempt=3487; retrying in 300s
START gemma-4b lmbd1000 GPUs=0,1,2,3 attempt=3488 2026-08-09T01:28:49-04:00
FAILED gemma-4b lmbd1000 attempt=3488; retrying in 300s
START gemma-4b lmbd1000 GPUs=0,1,2,3 attempt=3489 2026-08-09T01:33:54-04:00
FAILED gemma-4b lmbd1000 attempt=3489; retrying in 300s
START gemma-4b lmbd1000 GPUs=0,1,2,3 attempt=3490 2026-08-09T01:39:00-04:00
FAILED gemma-4b lmbd1000 attempt=3490; retrying in 300s
START gemma-4b lmbd1000 GPUs=0,1,2,3 attempt=3491 2026-08-09T01:44:05-04:00
FAILED gemma-4b lmbd1000 attempt=3491; retrying in 300s
START gemma-4b lmbd1000 GPUs=0,1,2,3 attempt=3492 2026-08-09T01:49:10-04:00
FAILED gemma-4b lmbd1000 attempt=3492; retrying in 300s
START gemma-4b lmbd1000 GPUs=0,1,2,3 attempt=3493 2026-08-09T01:54:15-04:00
FAILED gemma-4b lmbd1000 attempt=3493; retrying in 300s
START gemma-4b lmbd1000 GPUs=0,1,2,3 attempt=3494 2026-08-09T01:59:20-04:00
FAILED gemma-4b lmbd1000 attempt=3494; retrying in 300s
START gemma-4b lmbd1000 GPUs=0,1,2,3 attempt=3495 2026-08-09T02:04:25-04:00
FAILED gemma-4b lmbd1000 attempt=3495; retrying in 300s
START gemma-4b lmbd1000 GPUs=0,1,2,3 attempt=3496 2026-08-09T02:09:30-04:00
FAILED gemma-4b lmbd1000 attempt=3496; retrying in 300s
START gemma-4b lmbd1000 GPUs=0,1,2,3 attempt=3497 2026-08-09T02:14:35-04:00
FAILED gemma-4b lmbd1000 attempt=3497; retrying in 300s
START gemma-4b lmbd1000 GPUs=0,1,2,3 attempt=3498 2026-08-09T02:19:40-04:00
FAILED gemma-4b lmbd1000 attempt=3498; retrying in 300s
START gemma-4b lmbd1000 GPUs=0,1,2,3 attempt=3499 2026-08-09T02:24:45-04:00
FAILED gemma-4b lmbd1000 attempt=3499; retrying in 300s
START gemma-4b lmbd1000 GPUs=0,1,2,3 attempt=3500 2026-08-09T02:29:50-04:00
FAILED gemma-4b lmbd1000 attempt=3500; retrying in 300s
START gemma-4b lmbd1000 GPUs=0,1,2,3 attempt=3501 2026-08-09T02:34:55-04:00
FAILED gemma-4b lmbd1000 attempt=3501; retrying in 300s
START gemma-4b lmbd1000 GPUs=0,1,2,3 attempt=3502 2026-08-09T02:40:00-04:00
FAILED gemma-4b lmbd1000 attempt=3502; retrying in 300s
START gemma-4b lmbd1000 GPUs=0,1,2,3 attempt=3503 2026-08-09T02:45:05-04:00
FAILED gemma-4b lmbd1000 attempt=3503; retrying in 300s
START gemma-4b lmbd1000 GPUs=0,1,2,3 attempt=3504 2026-08-09T02:50:11-04:00
FAILED gemma-4b lmbd1000 attempt=3504; retrying in 300s
START gemma-4b lmbd1000 GPUs=0,1,2,3 attempt=3505 2026-08-09T02:55:16-04:00
FAILED gemma-4b lmbd1000 attempt=3505; retrying in 300s
START gemma-4b lmbd1000 GPUs=0,1,2,3 attempt=3506 2026-08-09T03:00:21-04:00
FAILED gemma-4b lmbd1000 attempt=3506; retrying in 300s
START gemma-4b lmbd1000 GPUs=0,1,2,3 attempt=3507 2026-08-09T03:05:26-04:00
FAILED gemma-4b lmbd1000 attempt=3507; retrying in 300s
START gemma-4b lmbd1000 GPUs=0,1,2,3 attempt=3508 2026-08-09T03:10:31-04:00
FAILED gemma-4b lmbd1000 attempt=3508; retrying in 300s
START gemma-4b lmbd1000 GPUs=0,1,2,3 attempt=3509 2026-08-09T03:15:36-04:00
FAILED gemma-4b lmbd1000 attempt=3509; retrying in 300s
START gemma-4b lmbd1000 GPUs=0,1,2,3 attempt=3510 2026-08-09T03:20:41-04:00
FAILED gemma-4b lmbd1000 attempt=3510; retrying in 300s
START gemma-4b lmbd1000 GPUs=0,1,2,3 attempt=3511 2026-08-09T03:25:46-04:00
FAILED gemma-4b lmbd1000 attempt=3511; retrying in 300s
START gemma-4b lmbd1000 GPUs=0,1,2,3 attempt=3512 2026-08-09T03:30:51-04:00
FAILED gemma-4b lmbd1000 attempt=3512; retrying in 300s
START gemma-4b lmbd1000 GPUs=0,1,2,3 attempt=3513 2026-08-09T03:35:56-04:00
FAILED gemma-4b lmbd1000 attempt=3513; retrying in 300s
START gemma-4b lmbd1000 GPUs=0,1,2,3 attempt=3514 2026-08-09T03:41:01-04:00
FAILED gemma-4b lmbd1000 attempt=3514; retrying in 300s
START gemma-4b lmbd1000 GPUs=0,1,2,3 attempt=3515 2026-08-09T03:46:06-04:00
FAILED gemma-4b lmbd1000 attempt=3515; retrying in 300s
START gemma-4b lmbd1000 GPUs=0,1,2,3 attempt=3516 2026-08-09T03:51:12-04:00
FAILED gemma-4b lmbd1000 attempt=3516; retrying in 300s
START gemma-4b lmbd1000 GPUs=0,1,2,3 attempt=3517 2026-08-09T03:56:17-04:00
FAILED gemma-4b lmbd1000 attempt=3517; retrying in 300s
START gemma-4b lmbd1000 GPUs=0,1,2,3 attempt=3518 2026-08-09T04:01:22-04:00
FAILED gemma-4b lmbd1000 attempt=3518; retrying in 300s
START gemma-4b lmbd1000 GPUs=0,1,2,3 attempt=3519 2026-08-09T04:06:27-04:00
FAILED gemma-4b lmbd1000 attempt=3519; retrying in 300s
START gemma-4b lmbd1000 GPUs=0,1,2,3 attempt=3520 2026-08-09T04:11:32-04:00
FAILED gemma-4b lmbd1000 attempt=3520; retrying in 300s
START gemma-4b lmbd1000 GPUs=0,1,2,3 attempt=3521 2026-08-09T04:16:37-04:00
FAILED gemma-4b lmbd1000 attempt=3521; retrying in 300s
START gemma-4b lmbd1000 GPUs=0,1,2,3 attempt=3522 2026-08-09T04:21:42-04:00
FAILED gemma-4b lmbd1000 attempt=3522; retrying in 300s
START gemma-4b lmbd1000 GPUs=0,1,2,3 attempt=3523 2026-08-09T04:26:47-04:00
FAILED gemma-4b lmbd1000 attempt=3523; retrying in 300s
START gemma-4b lmbd1000 GPUs=0,1,2,3 attempt=3524 2026-08-09T04:31:52-04:00
FAILED gemma-4b lmbd1000 attempt=3524; retrying in 300s
START gemma-4b lmbd1000 GPUs=0,1,2,3 attempt=3525 2026-08-09T04:36:58-04:00
FAILED gemma-4b lmbd1000 attempt=3525; retrying in 300s
START gemma-4b lmbd1000 GPUs=0,1,2,3 attempt=3526 2026-08-09T04:42:03-04:00
FAILED gemma-4b lmbd1000 attempt=3526; retrying in 300s
START gemma-4b lmbd1000 GPUs=0,1,2,3 attempt=3527 2026-08-09T04:47:08-04:00
FAILED gemma-4b lmbd1000 attempt=3527; retrying in 300s
START gemma-4b lmbd1000 GPUs=0,1,2,3 attempt=3528 2026-08-09T04:52:13-04:00
FAILED gemma-4b lmbd1000 attempt=3528; retrying in 300s
START gemma-4b lmbd1000 GPUs=0,1,2,3 attempt=3529 2026-08-09T04:57:18-04:00
FAILED gemma-4b lmbd1000 attempt=3529; retrying in 300s
START gemma-4b lmbd1000 GPUs=0,1,2,3 attempt=3530 2026-08-09T05:02:23-04:00
FAILED gemma-4b lmbd1000 attempt=3530; retrying in 300s
START gemma-4b lmbd1000 GPUs=0,1,2,3 attempt=3531 2026-08-09T05:07:28-04:00
FAILED gemma-4b lmbd1000 attempt=3531; retrying in 300s
START gemma-4b lmbd1000 GPUs=0,1,2,3 attempt=3532 2026-08-09T05:12:33-04:00
FAILED gemma-4b lmbd1000 attempt=3532; retrying in 300s
START gemma-4b lmbd1000 GPUs=0,1,2,3 attempt=3533 2026-08-09T05:17:39-04:00
FAILED gemma-4b lmbd1000 attempt=3533; retrying in 300s
START gemma-4b lmbd1000 GPUs=0,1,2,3 attempt=3534 2026-08-09T05:22:44-04:00
FAILED gemma-4b lmbd1000 attempt=3534; retrying in 300s
START gemma-4b lmbd1000 GPUs=0,1,2,3 attempt=3535 2026-08-09T05:27:49-04:00
FAILED gemma-4b lmbd1000 attempt=3535; retrying in 300s
START gemma-4b lmbd1000 GPUs=0,1,2,3 attempt=3536 2026-08-09T05:32:54-04:00
FAILED gemma-4b lmbd1000 attempt=3536; retrying in 300s
START gemma-4b lmbd1000 GPUs=0,1,2,3 attempt=3537 2026-08-09T05:37:59-04:00
FAILED gemma-4b lmbd1000 attempt=3537; retrying in 300s
START gemma-4b lmbd1000 GPUs=0,1,2,3 attempt=3538 2026-08-09T05:43:04-04:00
FAILED gemma-4b lmbd1000 attempt=3538; retrying in 300s
START gemma-4b lmbd1000 GPUs=0,1,2,3 attempt=3539 2026-08-09T05:48:09-04:00
FAILED gemma-4b lmbd1000 attempt=3539; retrying in 300s
START gemma-4b lmbd1000 GPUs=0,1,2,3 attempt=3540 2026-08-09T05:53:14-04:00
FAILED gemma-4b lmbd1000 attempt=3540; retrying in 300s
START gemma-4b lmbd1000 GPUs=0,1,2,3 attempt=3541 2026-08-09T05:58:19-04:00
FAILED gemma-4b lmbd1000 attempt=3541; retrying in 300s
START gemma-4b lmbd1000 GPUs=0,1,2,3 attempt=3542 2026-08-09T06:03:24-04:00
FAILED gemma-4b lmbd1000 attempt=3542; retrying in 300s
START gemma-4b lmbd1000 GPUs=0,1,2,3 attempt=3543 2026-08-09T06:08:30-04:00
FAILED gemma-4b lmbd1000 attempt=3543; retrying in 300s
START gemma-4b lmbd1000 GPUs=0,1,2,3 attempt=3544 2026-08-09T06:13:35-04:00
FAILED gemma-4b lmbd1000 attempt=3544; retrying in 300s
START gemma-4b lmbd1000 GPUs=0,1,2,3 attempt=3545 2026-08-09T06:18:40-04:00
FAILED gemma-4b lmbd1000 attempt=3545; retrying in 300s
START gemma-4b lmbd1000 GPUs=0,1,2,3 attempt=3546 2026-08-09T06:23:45-04:00
FAILED gemma-4b lmbd1000 attempt=3546; retrying in 300s
START gemma-4b lmbd1000 GPUs=0,1,2,3 attempt=3547 2026-08-09T06:28:50-04:00
FAILED gemma-4b lmbd1000 attempt=3547; retrying in 300s
START gemma-4b lmbd1000 GPUs=0,1,2,3 attempt=3548 2026-08-09T06:33:55-04:00
FAILED gemma-4b lmbd1000 attempt=3548; retrying in 300s
START gemma-4b lmbd1000 GPUs=0,1,2,3 attempt=3549 2026-08-09T06:39:00-04:00
FAILED gemma-4b lmbd1000 attempt=3549; retrying in 300s
START gemma-4b lmbd1000 GPUs=0,1,2,3 attempt=3550 2026-08-09T06:44:05-04:00
FAILED gemma-4b lmbd1000 attempt=3550; retrying in 300s
START gemma-4b lmbd1000 GPUs=0,1,2,3 attempt=3551 2026-08-09T06:49:10-04:00
FAILED gemma-4b lmbd1000 attempt=3551; retrying in 300s
START gemma-4b lmbd1000 GPUs=0,1,2,3 attempt=3552 2026-08-09T06:54:15-04:00
FAILED gemma-4b lmbd1000 attempt=3552; retrying in 300s
START gemma-4b lmbd1000 GPUs=0,1,2,3 attempt=3553 2026-08-09T06:59:21-04:00
FAILED gemma-4b lmbd1000 attempt=3553; retrying in 300s
START gemma-4b lmbd1000 GPUs=0,1,2,3 attempt=3554 2026-08-09T07:04:26-04:00
FAILED gemma-4b lmbd1000 attempt=3554; retrying in 300s
START gemma-4b lmbd1000 GPUs=0,1,2,3 attempt=3555 2026-08-09T07:09:31-04:00
FAILED gemma-4b lmbd1000 attempt=3555; retrying in 300s
START gemma-4b lmbd1000 GPUs=0,1,2,3 attempt=3556 2026-08-09T07:14:36-04:00
FAILED gemma-4b lmbd1000 attempt=3556; retrying in 300s
START gemma-4b lmbd1000 GPUs=0,1,2,3 attempt=3557 2026-08-09T07:19:41-04:00
FAILED gemma-4b lmbd1000 attempt=3557; retrying in 300s
START gemma-4b lmbd1000 GPUs=0,1,2,3 attempt=3558 2026-08-09T07:24:46-04:00
FAILED gemma-4b lmbd1000 attempt=3558; retrying in 300s
START gemma-4b lmbd1000 GPUs=0,1,2,3 attempt=3559 2026-08-09T07:29:51-04:00
FAILED gemma-4b lmbd1000 attempt=3559; retrying in 300s
START gemma-4b lmbd1000 GPUs=0,1,2,3 attempt=3560 2026-08-09T07:34:56-04:00
FAILED gemma-4b lmbd1000 attempt=3560; retrying in 300s
START gemma-4b lmbd1000 GPUs=0,1,2,3 attempt=3561 2026-08-09T07:40:01-04:00
FAILED gemma-4b lmbd1000 attempt=3561; retrying in 300s
START gemma-4b lmbd1000 GPUs=0,1,2,3 attempt=3562 2026-08-09T07:45:06-04:00
FAILED gemma-4b lmbd1000 attempt=3562; retrying in 300s
START gemma-4b lmbd1000 GPUs=0,1,2,3 attempt=3563 2026-08-09T07:50:12-04:00
FAILED gemma-4b lmbd1000 attempt=3563; retrying in 300s
START gemma-4b lmbd1000 GPUs=0,1,2,3 attempt=3564 2026-08-09T07:55:17-04:00
FAILED gemma-4b lmbd1000 attempt=3564; retrying in 300s
START gemma-4b lmbd1000 GPUs=0,1,2,3 attempt=3565 2026-08-09T08:00:22-04:00
FAILED gemma-4b lmbd1000 attempt=3565; retrying in 300s
START gemma-4b lmbd1000 GPUs=0,1,2,3 attempt=3566 2026-08-09T08:05:27-04:00
FAILED gemma-4b lmbd1000 attempt=3566; retrying in 300s
START gemma-4b lmbd1000 GPUs=0,1,2,3 attempt=3567 2026-08-09T08:10:32-04:00
FAILED gemma-4b lmbd1000 attempt=3567; retrying in 300s
START gemma-4b lmbd1000 GPUs=0,1,2,3 attempt=3568 2026-08-09T08:15:37-04:00
FAILED gemma-4b lmbd1000 attempt=3568; retrying in 300s
START gemma-4b lmbd1000 GPUs=0,1,2,3 attempt=3569 2026-08-09T08:20:42-04:00
FAILED gemma-4b lmbd1000 attempt=3569; retrying in 300s
START gemma-4b lmbd1000 GPUs=0,1,2,3 attempt=3570 2026-08-09T08:25:47-04:00
FAILED gemma-4b lmbd1000 attempt=3570; retrying in 300s
START gemma-4b lmbd1000 GPUs=0,1,2,3 attempt=3571 2026-08-09T08:30:52-04:00
FAILED gemma-4b lmbd1000 attempt=3571; retrying in 300s
START gemma-4b lmbd1000 GPUs=0,1,2,3 attempt=3572 2026-08-09T08:35:57-04:00
FAILED gemma-4b lmbd1000 attempt=3572; retrying in 300s
START gemma-4b lmbd1000 GPUs=0,1,2,3 attempt=3573 2026-08-09T08:41:02-04:00
FAILED gemma-4b lmbd1000 attempt=3573; retrying in 300s
START gemma-4b lmbd1000 GPUs=0,1,2,3 attempt=3574 2026-08-09T08:46:08-04:00
FAILED gemma-4b lmbd1000 attempt=3574; retrying in 300s
START gemma-4b lmbd1000 GPUs=0,1,2,3 attempt=3575 2026-08-09T08:51:13-04:00
FAILED gemma-4b lmbd1000 attempt=3575; retrying in 300s
START gemma-4b lmbd1000 GPUs=0,1,2,3 attempt=3576 2026-08-09T08:56:18-04:00
FAILED gemma-4b lmbd1000 attempt=3576; retrying in 300s
START gemma-4b lmbd1000 GPUs=0,1,2,3 attempt=3577 2026-08-09T09:01:23-04:00
FAILED gemma-4b lmbd1000 attempt=3577; retrying in 300s
START gemma-4b lmbd1000 GPUs=0,1,2,3 attempt=3578 2026-08-09T09:06:28-04:00
FAILED gemma-4b lmbd1000 attempt=3578; retrying in 300s
START gemma-4b lmbd1000 GPUs=0,1,2,3 attempt=3579 2026-08-09T09:11:33-04:00
FAILED gemma-4b lmbd1000 attempt=3579; retrying in 300s
START gemma-4b lmbd1000 GPUs=0,1,2,3 attempt=3580 2026-08-09T09:16:38-04:00
FAILED gemma-4b lmbd1000 attempt=3580; retrying in 300s
START gemma-4b lmbd1000 GPUs=0,1,2,3 attempt=3581 2026-08-09T09:21:43-04:00
FAILED gemma-4b lmbd1000 attempt=3581; retrying in 300s
START gemma-4b lmbd1000 GPUs=0,1,2,3 attempt=3582 2026-08-09T09:26:48-04:00
FAILED gemma-4b lmbd1000 attempt=3582; retrying in 300s
START gemma-4b lmbd1000 GPUs=0,1,2,3 attempt=3583 2026-08-09T09:31:53-04:00
FAILED gemma-4b lmbd1000 attempt=3583; retrying in 300s
START gemma-4b lmbd1000 GPUs=0,1,2,3 attempt=3584 2026-08-09T09:36:58-04:00
FAILED gemma-4b lmbd1000 attempt=3584; retrying in 300s
START gemma-4b lmbd1000 GPUs=0,1,2,3 attempt=3585 2026-08-09T09:42:03-04:00
FAILED gemma-4b lmbd1000 attempt=3585; retrying in 300s
START gemma-4b lmbd1000 GPUs=0,1,2,3 attempt=3586 2026-08-09T09:47:08-04:00
FAILED gemma-4b lmbd1000 attempt=3586; retrying in 300s
START gemma-4b lmbd1000 GPUs=0,1,2,3 attempt=3587 2026-08-09T09:52:13-04:00
FAILED gemma-4b lmbd1000 attempt=3587; retrying in 300s
START gemma-4b lmbd1000 GPUs=0,1,2,3 attempt=3588 2026-08-09T09:57:19-04:00
FAILED gemma-4b lmbd1000 attempt=3588; retrying in 300s
START gemma-4b lmbd1000 GPUs=0,1,2,3 attempt=3589 2026-08-09T10:02:24-04:00
FAILED gemma-4b lmbd1000 attempt=3589; retrying in 300s
START gemma-4b lmbd1000 GPUs=0,1,2,3 attempt=3590 2026-08-09T10:07:29-04:00
FAILED gemma-4b lmbd1000 attempt=3590; retrying in 300s
START gemma-4b lmbd1000 GPUs=0,1,2,3 attempt=3591 2026-08-09T10:12:34-04:00
FAILED gemma-4b lmbd1000 attempt=3591; retrying in 300s
START gemma-4b lmbd1000 GPUs=0,1,2,3 attempt=3592 2026-08-09T10:17:39-04:00
FAILED gemma-4b lmbd1000 attempt=3592; retrying in 300s
START gemma-4b lmbd1000 GPUs=0,1,2,3 attempt=3593 2026-08-09T10:22:44-04:00
FAILED gemma-4b lmbd1000 attempt=3593; retrying in 300s
START gemma-4b lmbd1000 GPUs=0,1,2,3 attempt=3594 2026-08-09T10:27:49-04:00
FAILED gemma-4b lmbd1000 attempt=3594; retrying in 300s
START gemma-4b lmbd1000 GPUs=0,1,2,3 attempt=3595 2026-08-09T10:32:54-04:00
FAILED gemma-4b lmbd1000 attempt=3595; retrying in 300s
START gemma-4b lmbd1000 GPUs=0,1,2,3 attempt=3596 2026-08-09T10:37:59-04:00
FAILED gemma-4b lmbd1000 attempt=3596; retrying in 300s
START gemma-4b lmbd1000 GPUs=0,1,2,3 attempt=3597 2026-08-09T10:43:05-04:00
FAILED gemma-4b lmbd1000 attempt=3597; retrying in 300s
START gemma-4b lmbd1000 GPUs=0,1,2,3 attempt=3598 2026-08-09T10:48:10-04:00
FAILED gemma-4b lmbd1000 attempt=3598; retrying in 300s
START gemma-4b lmbd1000 GPUs=0,1,2,3 attempt=3599 2026-08-09T10:53:15-04:00
FAILED gemma-4b lmbd1000 attempt=3599; retrying in 300s
START gemma-4b lmbd1000 GPUs=0,1,2,3 attempt=3600 2026-08-09T10:58:20-04:00
FAILED gemma-4b lmbd1000 attempt=3600; retrying in 300s
START gemma-4b lmbd1000 GPUs=0,1,2,3 attempt=3601 2026-08-09T11:03:25-04:00
FAILED gemma-4b lmbd1000 attempt=3601; retrying in 300s
START gemma-4b lmbd1000 GPUs=0,1,2,3 attempt=3602 2026-08-09T11:08:30-04:00
FAILED gemma-4b lmbd1000 attempt=3602; retrying in 300s
START gemma-4b lmbd1000 GPUs=0,1,2,3 attempt=3603 2026-08-09T11:13:35-04:00
FAILED gemma-4b lmbd1000 attempt=3603; retrying in 300s
START gemma-4b lmbd1000 GPUs=0,1,2,3 attempt=3604 2026-08-09T11:18:40-04:00
FAILED gemma-4b lmbd1000 attempt=3604; retrying in 300s
START gemma-4b lmbd1000 GPUs=0,1,2,3 attempt=3605 2026-08-09T11:23:45-04:00
FAILED gemma-4b lmbd1000 attempt=3605; retrying in 300s
START gemma-4b lmbd1000 GPUs=0,1,2,3 attempt=3606 2026-08-09T11:28:50-04:00
FAILED gemma-4b lmbd1000 attempt=3606; retrying in 300s
START gemma-4b lmbd1000 GPUs=0,1,2,3 attempt=3607 2026-08-09T11:33:55-04:00
FAILED gemma-4b lmbd1000 attempt=3607; retrying in 300s
START gemma-4b lmbd1000 GPUs=0,1,2,3 attempt=3608 2026-08-09T11:39:01-04:00
FAILED gemma-4b lmbd1000 attempt=3608; retrying in 300s
START gemma-4b lmbd1000 GPUs=0,1,2,3 attempt=3609 2026-08-09T11:44:06-04:00
FAILED gemma-4b lmbd1000 attempt=3609; retrying in 300s
START gemma-4b lmbd1000 GPUs=0,1,2,3 attempt=3610 2026-08-09T11:49:11-04:00
FAILED gemma-4b lmbd1000 attempt=3610; retrying in 300s
START gemma-4b lmbd1000 GPUs=0,1,2,3 attempt=3611 2026-08-09T11:54:16-04:00
FAILED gemma-4b lmbd1000 attempt=3611; retrying in 300s
START gemma-4b lmbd1000 GPUs=0,1,2,3 attempt=3612 2026-08-09T11:59:21-04:00
FAILED gemma-4b lmbd1000 attempt=3612; retrying in 300s
START gemma-4b lmbd1000 GPUs=0,1,2,3 attempt=3613 2026-08-09T12:04:26-04:00
FAILED gemma-4b lmbd1000 attempt=3613; retrying in 300s
START gemma-4b lmbd1000 GPUs=0,1,2,3 attempt=3614 2026-08-09T12:09:31-04:00
FAILED gemma-4b lmbd1000 attempt=3614; retrying in 300s
START gemma-4b lmbd1000 GPUs=0,1,2,3 attempt=3615 2026-08-09T12:14:36-04:00
FAILED gemma-4b lmbd1000 attempt=3615; retrying in 300s
START gemma-4b lmbd1000 GPUs=0,1,2,3 attempt=3616 2026-08-09T12:19:41-04:00
FAILED gemma-4b lmbd1000 attempt=3616; retrying in 300s
START gemma-4b lmbd1000 GPUs=0,1,2,3 attempt=3617 2026-08-09T12:24:46-04:00
FAILED gemma-4b lmbd1000 attempt=3617; retrying in 300s
START gemma-4b lmbd1000 GPUs=0,1,2,3 attempt=3618 2026-08-09T12:29:52-04:00
FAILED gemma-4b lmbd1000 attempt=3618; retrying in 300s
START gemma-4b lmbd1000 GPUs=0,1,2,3 attempt=3619 2026-08-09T12:34:57-04:00
FAILED gemma-4b lmbd1000 attempt=3619; retrying in 300s
START gemma-4b lmbd1000 GPUs=0,1,2,3 attempt=3620 2026-08-09T12:40:02-04:00
FAILED gemma-4b lmbd1000 attempt=3620; retrying in 300s
START gemma-4b lmbd1000 GPUs=0,1,2,3 attempt=3621 2026-08-09T12:45:07-04:00
FAILED gemma-4b lmbd1000 attempt=3621; retrying in 300s
START gemma-4b lmbd1000 GPUs=0,1,2,3 attempt=3622 2026-08-09T12:50:12-04:00
FAILED gemma-4b lmbd1000 attempt=3622; retrying in 300s
START gemma-4b lmbd1000 GPUs=0,1,2,3 attempt=3623 2026-08-09T12:55:17-04:00
FAILED gemma-4b lmbd1000 attempt=3623; retrying in 300s
START gemma-4b lmbd1000 GPUs=0,1,2,3 attempt=3624 2026-08-09T13:00:22-04:00
FAILED gemma-4b lmbd1000 attempt=3624; retrying in 300s
START gemma-4b lmbd1000 GPUs=0,1,2,3 attempt=3625 2026-08-09T13:05:27-04:00
FAILED gemma-4b lmbd1000 attempt=3625; retrying in 300s
START gemma-4b lmbd1000 GPUs=0,1,2,3 attempt=3626 2026-08-09T13:10:32-04:00
FAILED gemma-4b lmbd1000 attempt=3626; retrying in 300s
START gemma-4b lmbd1000 GPUs=0,1,2,3 attempt=3627 2026-08-09T13:15:38-04:00
FAILED gemma-4b lmbd1000 attempt=3627; retrying in 300s
START gemma-4b lmbd1000 GPUs=0,1,2,3 attempt=3628 2026-08-09T13:20:43-04:00
FAILED gemma-4b lmbd1000 attempt=3628; retrying in 300s
START gemma-4b lmbd1000 GPUs=0,1,2,3 attempt=3629 2026-08-09T13:25:48-04:00
FAILED gemma-4b lmbd1000 attempt=3629; retrying in 300s
START gemma-4b lmbd1000 GPUs=0,1,2,3 attempt=3630 2026-08-09T13:30:53-04:00
FAILED gemma-4b lmbd1000 attempt=3630; retrying in 300s
START gemma-4b lmbd1000 GPUs=0,1,2,3 attempt=3631 2026-08-09T13:35:58-04:00
FAILED gemma-4b lmbd1000 attempt=3631; retrying in 300s
START gemma-4b lmbd1000 GPUs=0,1,2,3 attempt=3632 2026-08-09T13:41:03-04:00
FAILED gemma-4b lmbd1000 attempt=3632; retrying in 300s
START gemma-4b lmbd1000 GPUs=0,1,2,3 attempt=3633 2026-08-09T13:46:08-04:00
FAILED gemma-4b lmbd1000 attempt=3633; retrying in 300s
START gemma-4b lmbd1000 GPUs=0,1,2,3 attempt=3634 2026-08-09T13:51:13-04:00
FAILED gemma-4b lmbd1000 attempt=3634; retrying in 300s
START gemma-4b lmbd1000 GPUs=0,1,2,3 attempt=3635 2026-08-09T13:56:18-04:00
FAILED gemma-4b lmbd1000 attempt=3635; retrying in 300s
START gemma-4b lmbd1000 GPUs=0,1,2,3 attempt=3636 2026-08-09T14:01:24-04:00
FAILED gemma-4b lmbd1000 attempt=3636; retrying in 300s
START gemma-4b lmbd1000 GPUs=0,1,2,3 attempt=3637 2026-08-09T14:06:29-04:00
FAILED gemma-4b lmbd1000 attempt=3637; retrying in 300s
START gemma-4b lmbd1000 GPUs=0,1,2,3 attempt=3638 2026-08-09T14:11:34-04:00
FAILED gemma-4b lmbd1000 attempt=3638; retrying in 300s
START gemma-4b lmbd1000 GPUs=0,1,2,3 attempt=3639 2026-08-09T14:16:39-04:00
FAILED gemma-4b lmbd1000 attempt=3639; retrying in 300s
START gemma-4b lmbd1000 GPUs=0,1,2,3 attempt=3640 2026-08-09T14:21:44-04:00
FAILED gemma-4b lmbd1000 attempt=3640; retrying in 300s
START gemma-4b lmbd1000 GPUs=0,1,2,3 attempt=3641 2026-08-09T14:26:49-04:00
FAILED gemma-4b lmbd1000 attempt=3641; retrying in 300s
START gemma-4b lmbd1000 GPUs=0,1,2,3 attempt=3642 2026-08-09T14:31:54-04:00
FAILED gemma-4b lmbd1000 attempt=3642; retrying in 300s
START gemma-4b lmbd1000 GPUs=0,1,2,3 attempt=3643 2026-08-09T14:36:59-04:00
FAILED gemma-4b lmbd1000 attempt=3643; retrying in 300s
START gemma-4b lmbd1000 GPUs=0,1,2,3 attempt=3644 2026-08-09T14:42:04-04:00
FAILED gemma-4b lmbd1000 attempt=3644; retrying in 300s
START gemma-4b lmbd1000 GPUs=0,1,2,3 attempt=3645 2026-08-09T14:47:09-04:00
FAILED gemma-4b lmbd1000 attempt=3645; retrying in 300s
START gemma-4b lmbd1000 GPUs=0,1,2,3 attempt=3646 2026-08-09T14:52:15-04:00
FAILED gemma-4b lmbd1000 attempt=3646; retrying in 300s
START gemma-4b lmbd1000 GPUs=0,1,2,3 attempt=3647 2026-08-09T14:57:20-04:00
FAILED gemma-4b lmbd1000 attempt=3647; retrying in 300s
START gemma-4b lmbd1000 GPUs=0,1,2,3 attempt=3648 2026-08-09T15:02:25-04:00
FAILED gemma-4b lmbd1000 attempt=3648; retrying in 300s
START gemma-4b lmbd1000 GPUs=0,1,2,3 attempt=3649 2026-08-09T15:07:30-04:00
FAILED gemma-4b lmbd1000 attempt=3649; retrying in 300s
START gemma-4b lmbd1000 GPUs=0,1,2,3 attempt=3650 2026-08-09T15:12:35-04:00
FAILED gemma-4b lmbd1000 attempt=3650; retrying in 300s
START gemma-4b lmbd1000 GPUs=0,1,2,3 attempt=3651 2026-08-09T15:17:40-04:00
FAILED gemma-4b lmbd1000 attempt=3651; retrying in 300s
START gemma-4b lmbd1000 GPUs=0,1,2,3 attempt=3652 2026-08-09T15:22:45-04:00
FAILED gemma-4b lmbd1000 attempt=3652; retrying in 300s
START gemma-4b lmbd1000 GPUs=0,1,2,3 attempt=3653 2026-08-09T15:27:50-04:00
FAILED gemma-4b lmbd1000 attempt=3653; retrying in 300s
START gemma-4b lmbd1000 GPUs=0,1,2,3 attempt=3654 2026-08-09T15:32:55-04:00
FAILED gemma-4b lmbd1000 attempt=3654; retrying in 300s
START gemma-4b lmbd1000 GPUs=0,1,2,3 attempt=3655 2026-08-09T15:38:01-04:00
FAILED gemma-4b lmbd1000 attempt=3655; retrying in 300s
START gemma-4b lmbd1000 GPUs=0,1,2,3 attempt=3656 2026-08-09T15:43:06-04:00
FAILED gemma-4b lmbd1000 attempt=3656; retrying in 300s
START gemma-4b lmbd1000 GPUs=0,1,2,3 attempt=3657 2026-08-09T15:48:11-04:00
FAILED gemma-4b lmbd1000 attempt=3657; retrying in 300s
START gemma-4b lmbd1000 GPUs=0,1,2,3 attempt=3658 2026-08-09T15:53:16-04:00
FAILED gemma-4b lmbd1000 attempt=3658; retrying in 300s
START gemma-4b lmbd1000 GPUs=0,1,2,3 attempt=3659 2026-08-09T15:58:21-04:00
FAILED gemma-4b lmbd1000 attempt=3659; retrying in 300s
START gemma-4b lmbd1000 GPUs=0,1,2,3 attempt=3660 2026-08-09T16:03:26-04:00
FAILED gemma-4b lmbd1000 attempt=3660; retrying in 300s
START gemma-4b lmbd1000 GPUs=0,1,2,3 attempt=3661 2026-08-09T16:08:31-04:00
FAILED gemma-4b lmbd1000 attempt=3661; retrying in 300s
START gemma-4b lmbd1000 GPUs=0,1,2,3 attempt=3662 2026-08-09T16:13:36-04:00
FAILED gemma-4b lmbd1000 attempt=3662; retrying in 300s
START gemma-4b lmbd1000 GPUs=0,1,2,3 attempt=3663 2026-08-09T16:18:41-04:00
FAILED gemma-4b lmbd1000 attempt=3663; retrying in 300s
START gemma-4b lmbd1000 GPUs=0,1,2,3 attempt=3664 2026-08-09T16:23:47-04:00
FAILED gemma-4b lmbd1000 attempt=3664; retrying in 300s
START gemma-4b lmbd1000 GPUs=0,1,2,3 attempt=3665 2026-08-09T16:28:52-04:00
FAILED gemma-4b lmbd1000 attempt=3665; retrying in 300s
START gemma-4b lmbd1000 GPUs=0,1,2,3 attempt=3666 2026-08-09T16:33:57-04:00
FAILED gemma-4b lmbd1000 attempt=3666; retrying in 300s
START gemma-4b lmbd1000 GPUs=0,1,2,3 attempt=3667 2026-08-09T16:39:02-04:00
FAILED gemma-4b lmbd1000 attempt=3667; retrying in 300s
START gemma-4b lmbd1000 GPUs=0,1,2,3 attempt=3668 2026-08-09T16:44:07-04:00
FAILED gemma-4b lmbd1000 attempt=3668; retrying in 300s
START gemma-4b lmbd1000 GPUs=0,1,2,3 attempt=3669 2026-08-09T16:49:12-04:00
FAILED gemma-4b lmbd1000 attempt=3669; retrying in 300s
START gemma-4b lmbd1000 GPUs=0,1,2,3 attempt=3670 2026-08-09T16:54:17-04:00
FAILED gemma-4b lmbd1000 attempt=3670; retrying in 300s
START gemma-4b lmbd1000 GPUs=0,1,2,3 attempt=3671 2026-08-09T16:59:22-04:00
FAILED gemma-4b lmbd1000 attempt=3671; retrying in 300s
START gemma-4b lmbd1000 GPUs=0,1,2,3 attempt=3672 2026-08-09T17:04:27-04:00
FAILED gemma-4b lmbd1000 attempt=3672; retrying in 300s
START gemma-4b lmbd1000 GPUs=0,1,2,3 attempt=3673 2026-08-09T17:09:32-04:00
FAILED gemma-4b lmbd1000 attempt=3673; retrying in 300s
START gemma-4b lmbd1000 GPUs=0,1,2,3 attempt=3674 2026-08-09T17:14:38-04:00
FAILED gemma-4b lmbd1000 attempt=3674; retrying in 300s
START gemma-4b lmbd1000 GPUs=0,1,2,3 attempt=3675 2026-08-09T17:19:43-04:00
FAILED gemma-4b lmbd1000 attempt=3675; retrying in 300s
START gemma-4b lmbd1000 GPUs=0,1,2,3 attempt=3676 2026-08-09T17:24:48-04:00
FAILED gemma-4b lmbd1000 attempt=3676; retrying in 300s
START gemma-4b lmbd1000 GPUs=0,1,2,3 attempt=3677 2026-08-09T17:29:53-04:00
FAILED gemma-4b lmbd1000 attempt=3677; retrying in 300s
START gemma-4b lmbd1000 GPUs=0,1,2,3 attempt=3678 2026-08-09T17:34:58-04:00
FAILED gemma-4b lmbd1000 attempt=3678; retrying in 300s
START gemma-4b lmbd1000 GPUs=0,1,2,3 attempt=3679 2026-08-09T17:40:03-04:00
FAILED gemma-4b lmbd1000 attempt=3679; retrying in 300s
START gemma-4b lmbd1000 GPUs=0,1,2,3 attempt=3680 2026-08-09T17:45:08-04:00
FAILED gemma-4b lmbd1000 attempt=3680; retrying in 300s
START gemma-4b lmbd1000 GPUs=0,1,2,3 attempt=3681 2026-08-09T17:50:13-04:00
FAILED gemma-4b lmbd1000 attempt=3681; retrying in 300s
START gemma-4b lmbd1000 GPUs=0,1,2,3 attempt=3682 2026-08-09T17:55:18-04:00
FAILED gemma-4b lmbd1000 attempt=3682; retrying in 300s
START gemma-4b lmbd1000 GPUs=0,1,2,3 attempt=3683 2026-08-09T18:00:23-04:00
FAILED gemma-4b lmbd1000 attempt=3683; retrying in 300s
START gemma-4b lmbd1000 GPUs=0,1,2,3 attempt=3684 2026-08-09T18:05:29-04:00
FAILED gemma-4b lmbd1000 attempt=3684; retrying in 300s
START gemma-4b lmbd1000 GPUs=0,1,2,3 attempt=3685 2026-08-09T18:10:34-04:00
FAILED gemma-4b lmbd1000 attempt=3685; retrying in 300s
START gemma-4b lmbd1000 GPUs=0,1,2,3 attempt=3686 2026-08-09T18:15:39-04:00
FAILED gemma-4b lmbd1000 attempt=3686; retrying in 300s
START gemma-4b lmbd1000 GPUs=0,1,2,3 attempt=3687 2026-08-09T18:20:44-04:00
FAILED gemma-4b lmbd1000 attempt=3687; retrying in 300s
START gemma-4b lmbd1000 GPUs=0,1,2,3 attempt=3688 2026-08-09T18:25:49-04:00
FAILED gemma-4b lmbd1000 attempt=3688; retrying in 300s
START gemma-4b lmbd1000 GPUs=0,1,2,3 attempt=3689 2026-08-09T18:30:54-04:00
FAILED gemma-4b lmbd1000 attempt=3689; retrying in 300s
START gemma-4b lmbd1000 GPUs=0,1,2,3 attempt=3690 2026-08-09T18:35:59-04:00
FAILED gemma-4b lmbd1000 attempt=3690; retrying in 300s
START gemma-4b lmbd1000 GPUs=0,1,2,3 attempt=3691 2026-08-09T18:41:04-04:00
FAILED gemma-4b lmbd1000 attempt=3691; retrying in 300s
START gemma-4b lmbd1000 GPUs=0,1,2,3 attempt=3692 2026-08-09T18:46:09-04:00
FAILED gemma-4b lmbd1000 attempt=3692; retrying in 300s
START gemma-4b lmbd1000 GPUs=0,1,2,3 attempt=3693 2026-08-09T18:51:14-04:00
FAILED gemma-4b lmbd1000 attempt=3693; retrying in 300s
START gemma-4b lmbd1000 GPUs=0,1,2,3 attempt=3694 2026-08-09T18:56:20-04:00
FAILED gemma-4b lmbd1000 attempt=3694; retrying in 300s
START gemma-4b lmbd1000 GPUs=0,1,2,3 attempt=3695 2026-08-09T19:01:25-04:00
FAILED gemma-4b lmbd1000 attempt=3695; retrying in 300s
START gemma-4b lmbd1000 GPUs=0,1,2,3 attempt=3696 2026-08-09T19:06:30-04:00
FAILED gemma-4b lmbd1000 attempt=3696; retrying in 300s
START gemma-4b lmbd1000 GPUs=0,1,2,3 attempt=3697 2026-08-09T19:11:35-04:00
FAILED gemma-4b lmbd1000 attempt=3697; retrying in 300s
START gemma-4b lmbd1000 GPUs=0,1,2,3 attempt=3698 2026-08-09T19:16:40-04:00
FAILED gemma-4b lmbd1000 attempt=3698; retrying in 300s
START gemma-4b lmbd1000 GPUs=0,1,2,3 attempt=3699 2026-08-09T19:21:45-04:00
FAILED gemma-4b lmbd1000 attempt=3699; retrying in 300s
START gemma-4b lmbd1000 GPUs=0,1,2,3 attempt=3700 2026-08-09T19:26:50-04:00
FAILED gemma-4b lmbd1000 attempt=3700; retrying in 300s
START gemma-4b lmbd1000 GPUs=0,1,2,3 attempt=3701 2026-08-09T19:31:55-04:00
FAILED gemma-4b lmbd1000 attempt=3701; retrying in 300s
START gemma-4b lmbd1000 GPUs=0,1,2,3 attempt=3702 2026-08-09T19:37:00-04:00
FAILED gemma-4b lmbd1000 attempt=3702; retrying in 300s
START gemma-4b lmbd1000 GPUs=0,1,2,3 attempt=3703 2026-08-09T19:42:05-04:00
FAILED gemma-4b lmbd1000 attempt=3703; retrying in 300s
START gemma-4b lmbd1000 GPUs=0,1,2,3 attempt=3704 2026-08-09T19:47:11-04:00
FAILED gemma-4b lmbd1000 attempt=3704; retrying in 300s
START gemma-4b lmbd1000 GPUs=0,1,2,3 attempt=3705 2026-08-09T19:52:16-04:00
FAILED gemma-4b lmbd1000 attempt=3705; retrying in 300s
START gemma-4b lmbd1000 GPUs=0,1,2,3 attempt=3706 2026-08-09T19:57:21-04:00
FAILED gemma-4b lmbd1000 attempt=3706; retrying in 300s
START gemma-4b lmbd1000 GPUs=0,1,2,3 attempt=3707 2026-08-09T20:02:26-04:00
FAILED gemma-4b lmbd1000 attempt=3707; retrying in 300s
START gemma-4b lmbd1000 GPUs=0,1,2,3 attempt=3708 2026-08-09T20:07:31-04:00
FAILED gemma-4b lmbd1000 attempt=3708; retrying in 300s
START gemma-4b lmbd1000 GPUs=0,1,2,3 attempt=3709 2026-08-09T20:12:36-04:00
FAILED gemma-4b lmbd1000 attempt=3709; retrying in 300s
START gemma-4b lmbd1000 GPUs=0,1,2,3 attempt=3710 2026-08-09T20:17:41-04:00
FAILED gemma-4b lmbd1000 attempt=3710; retrying in 300s
START gemma-4b lmbd1000 GPUs=0,1,2,3 attempt=3711 2026-08-09T20:22:46-04:00
FAILED gemma-4b lmbd1000 attempt=3711; retrying in 300s
START gemma-4b lmbd1000 GPUs=0,1,2,3 attempt=3712 2026-08-09T20:27:51-04:00
FAILED gemma-4b lmbd1000 attempt=3712; retrying in 300s
START gemma-4b lmbd1000 GPUs=0,1,2,3 attempt=3713 2026-08-09T20:32:56-04:00
FAILED gemma-4b lmbd1000 attempt=3713; retrying in 300s
START gemma-4b lmbd1000 GPUs=0,1,2,3 attempt=3714 2026-08-09T20:38:02-04:00
FAILED gemma-4b lmbd1000 attempt=3714; retrying in 300s
START gemma-4b lmbd1000 GPUs=0,1,2,3 attempt=3715 2026-08-09T20:43:07-04:00
FAILED gemma-4b lmbd1000 attempt=3715; retrying in 300s
START gemma-4b lmbd1000 GPUs=0,1,2,3 attempt=3716 2026-08-09T20:48:12-04:00
FAILED gemma-4b lmbd1000 attempt=3716; retrying in 300s
START gemma-4b lmbd1000 GPUs=0,1,2,3 attempt=3717 2026-08-09T20:53:17-04:00
FAILED gemma-4b lmbd1000 attempt=3717; retrying in 300s
START gemma-4b lmbd1000 GPUs=0,1,2,3 attempt=3718 2026-08-09T20:58:22-04:00
FAILED gemma-4b lmbd1000 attempt=3718; retrying in 300s
START gemma-4b lmbd1000 GPUs=0,1,2,3 attempt=3719 2026-08-09T21:03:27-04:00
FAILED gemma-4b lmbd1000 attempt=3719; retrying in 300s
START gemma-4b lmbd1000 GPUs=0,1,2,3 attempt=3720 2026-08-09T21:08:32-04:00
FAILED gemma-4b lmbd1000 attempt=3720; retrying in 300s
START gemma-4b lmbd1000 GPUs=0,1,2,3 attempt=3721 2026-08-09T21:13:37-04:00
FAILED gemma-4b lmbd1000 attempt=3721; retrying in 300s
START gemma-4b lmbd1000 GPUs=0,1,2,3 attempt=3722 2026-08-09T21:18:42-04:00
FAILED gemma-4b lmbd1000 attempt=3722; retrying in 300s
START gemma-4b lmbd1000 GPUs=0,1,2,3 attempt=3723 2026-08-09T21:23:47-04:00
FAILED gemma-4b lmbd1000 attempt=3723; retrying in 300s
START gemma-4b lmbd1000 GPUs=0,1,2,3 attempt=3724 2026-08-09T21:28:52-04:00
FAILED gemma-4b lmbd1000 attempt=3724; retrying in 300s
START gemma-4b lmbd1000 GPUs=0,1,2,3 attempt=3725 2026-08-09T21:33:57-04:00
FAILED gemma-4b lmbd1000 attempt=3725; retrying in 300s
START gemma-4b lmbd1000 GPUs=0,1,2,3 attempt=3726 2026-08-09T21:39:02-04:00
FAILED gemma-4b lmbd1000 attempt=3726; retrying in 300s
START gemma-4b lmbd1000 GPUs=0,1,2,3 attempt=3727 2026-08-09T21:44:08-04:00
FAILED gemma-4b lmbd1000 attempt=3727; retrying in 300s
START gemma-4b lmbd1000 GPUs=0,1,2,3 attempt=3728 2026-08-09T21:49:13-04:00
FAILED gemma-4b lmbd1000 attempt=3728; retrying in 300s
START gemma-4b lmbd1000 GPUs=0,1,2,3 attempt=3729 2026-08-09T21:54:18-04:00
FAILED gemma-4b lmbd1000 attempt=3729; retrying in 300s
START gemma-4b lmbd1000 GPUs=0,1,2,3 attempt=3730 2026-08-09T21:59:23-04:00
FAILED gemma-4b lmbd1000 attempt=3730; retrying in 300s
START gemma-4b lmbd1000 GPUs=0,1,2,3 attempt=3731 2026-08-09T22:04:28-04:00
FAILED gemma-4b lmbd1000 attempt=3731; retrying in 300s
START gemma-4b lmbd1000 GPUs=0,1,2,3 attempt=3732 2026-08-09T22:09:33-04:00
FAILED gemma-4b lmbd1000 attempt=3732; retrying in 300s
START gemma-4b lmbd1000 GPUs=0,1,2,3 attempt=3733 2026-08-09T22:14:38-04:00
FAILED gemma-4b lmbd1000 attempt=3733; retrying in 300s
START gemma-4b lmbd1000 GPUs=0,1,2,3 attempt=3734 2026-08-09T22:19:43-04:00
FAILED gemma-4b lmbd1000 attempt=3734; retrying in 300s
START gemma-4b lmbd1000 GPUs=0,1,2,3 attempt=3735 2026-08-09T22:24:48-04:00
FAILED gemma-4b lmbd1000 attempt=3735; retrying in 300s
START gemma-4b lmbd1000 GPUs=0,1,2,3 attempt=3736 2026-08-09T22:29:54-04:00
FAILED gemma-4b lmbd1000 attempt=3736; retrying in 300s
START gemma-4b lmbd1000 GPUs=0,1,2,3 attempt=3737 2026-08-09T22:34:59-04:00
FAILED gemma-4b lmbd1000 attempt=3737; retrying in 300s
START gemma-4b lmbd1000 GPUs=0,1,2,3 attempt=3738 2026-08-09T22:40:04-04:00
FAILED gemma-4b lmbd1000 attempt=3738; retrying in 300s
START gemma-4b lmbd1000 GPUs=0,1,2,3 attempt=3739 2026-08-09T22:45:09-04:00
FAILED gemma-4b lmbd1000 attempt=3739; retrying in 300s
START gemma-4b lmbd1000 GPUs=0,1,2,3 attempt=3740 2026-08-09T22:50:14-04:00
FAILED gemma-4b lmbd1000 attempt=3740; retrying in 300s
START gemma-4b lmbd1000 GPUs=0,1,2,3 attempt=3741 2026-08-09T22:55:19-04:00
FAILED gemma-4b lmbd1000 attempt=3741; retrying in 300s
START gemma-4b lmbd1000 GPUs=0,1,2,3 attempt=3742 2026-08-09T23:00:24-04:00
FAILED gemma-4b lmbd1000 attempt=3742; retrying in 300s
START gemma-4b lmbd1000 GPUs=0,1,2,3 attempt=3743 2026-08-09T23:05:29-04:00
FAILED gemma-4b lmbd1000 attempt=3743; retrying in 300s
START gemma-4b lmbd1000 GPUs=0,1,2,3 attempt=3744 2026-08-09T23:10:34-04:00
FAILED gemma-4b lmbd1000 attempt=3744; retrying in 300s
START gemma-4b lmbd1000 GPUs=0,1,2,3 attempt=3745 2026-08-09T23:15:39-04:00
FAILED gemma-4b lmbd1000 attempt=3745; retrying in 300s
START gemma-4b lmbd1000 GPUs=0,1,2,3 attempt=3746 2026-08-09T23:20:44-04:00
FAILED gemma-4b lmbd1000 attempt=3746; retrying in 300s
START gemma-4b lmbd1000 GPUs=0,1,2,3 attempt=3747 2026-08-09T23:25:49-04:00
FAILED gemma-4b lmbd1000 attempt=3747; retrying in 300s
START gemma-4b lmbd1000 GPUs=0,1,2,3 attempt=3748 2026-08-09T23:30:55-04:00
FAILED gemma-4b lmbd1000 attempt=3748; retrying in 300s
START gemma-4b lmbd1000 GPUs=0,1,2,3 attempt=3749 2026-08-09T23:36:00-04:00
FAILED gemma-4b lmbd1000 attempt=3749; retrying in 300s
START gemma-4b lmbd1000 GPUs=0,1,2,3 attempt=3750 2026-08-09T23:41:05-04:00
FAILED gemma-4b lmbd1000 attempt=3750; retrying in 300s
START gemma-4b lmbd1000 GPUs=0,1,2,3 attempt=3751 2026-08-09T23:46:10-04:00
FAILED gemma-4b lmbd1000 attempt=3751; retrying in 300s
START gemma-4b lmbd1000 GPUs=0,1,2,3 attempt=3752 2026-08-09T23:51:15-04:00
FAILED gemma-4b lmbd1000 attempt=3752; retrying in 300s
START gemma-4b lmbd1000 GPUs=0,1,2,3 attempt=3753 2026-08-09T23:56:20-04:00
FAILED gemma-4b lmbd1000 attempt=3753; retrying in 300s
START gemma-4b lmbd1000 GPUs=0,1,2,3 attempt=3754 2026-08-10T00:01:26-04:00
FAILED gemma-4b lmbd1000 attempt=3754; retrying in 300s
START gemma-4b lmbd1000 GPUs=0,1,2,3 attempt=3755 2026-08-10T00:06:31-04:00
FAILED gemma-4b lmbd1000 attempt=3755; retrying in 300s
START gemma-4b lmbd1000 GPUs=0,1,2,3 attempt=3756 2026-08-10T00:11:37-04:00
FAILED gemma-4b lmbd1000 attempt=3756; retrying in 300s
START gemma-4b lmbd1000 GPUs=0,1,2,3 attempt=3757 2026-08-10T00:16:42-04:00
FAILED gemma-4b lmbd1000 attempt=3757; retrying in 300s
START gemma-4b lmbd1000 GPUs=0,1,2,3 attempt=3758 2026-08-10T00:21:47-04:00
FAILED gemma-4b lmbd1000 attempt=3758; retrying in 300s
START gemma-4b lmbd1000 GPUs=0,1,2,3 attempt=3759 2026-08-10T00:26:52-04:00
FAILED gemma-4b lmbd1000 attempt=3759; retrying in 300s
START gemma-4b lmbd1000 GPUs=0,1,2,3 attempt=3760 2026-08-10T00:31:57-04:00
FAILED gemma-4b lmbd1000 attempt=3760; retrying in 300s
START gemma-4b lmbd1000 GPUs=0,1,2,3 attempt=3761 2026-08-10T00:37:02-04:00
FAILED gemma-4b lmbd1000 attempt=3761; retrying in 300s
START gemma-4b lmbd1000 GPUs=0,1,2,3 attempt=3762 2026-08-10T00:42:07-04:00
FAILED gemma-4b lmbd1000 attempt=3762; retrying in 300s
START gemma-4b lmbd1000 GPUs=0,1,2,3 attempt=3763 2026-08-10T00:47:12-04:00
FAILED gemma-4b lmbd1000 attempt=3763; retrying in 300s
START gemma-4b lmbd1000 GPUs=0,1,2,3 attempt=3764 2026-08-10T00:52:17-04:00
FAILED gemma-4b lmbd1000 attempt=3764; retrying in 300s
START gemma-4b lmbd1000 GPUs=0,1,2,3 attempt=3765 2026-08-10T00:57:22-04:00
FAILED gemma-4b lmbd1000 attempt=3765; retrying in 300s
START gemma-4b lmbd1000 GPUs=0,1,2,3 attempt=3766 2026-08-10T01:02:27-04:00
FAILED gemma-4b lmbd1000 attempt=3766; retrying in 300s
START gemma-4b lmbd1000 GPUs=0,1,2,3 attempt=3767 2026-08-10T01:07:32-04:00
FAILED gemma-4b lmbd1000 attempt=3767; retrying in 300s
START gemma-4b lmbd1000 GPUs=0,1,2,3 attempt=3768 2026-08-10T01:12:37-04:00
FAILED gemma-4b lmbd1000 attempt=3768; retrying in 300s
START gemma-4b lmbd1000 GPUs=0,1,2,3 attempt=3769 2026-08-10T01:17:42-04:00
FAILED gemma-4b lmbd1000 attempt=3769; retrying in 300s
START gemma-4b lmbd1000 GPUs=0,1,2,3 attempt=3770 2026-08-10T01:22:47-04:00
FAILED gemma-4b lmbd1000 attempt=3770; retrying in 300s
START gemma-4b lmbd1000 GPUs=0,1,2,3 attempt=3771 2026-08-10T01:27:52-04:00
FAILED gemma-4b lmbd1000 attempt=3771; retrying in 300s
START gemma-4b lmbd1000 GPUs=0,1,2,3 attempt=3772 2026-08-10T01:32:57-04:00
FAILED gemma-4b lmbd1000 attempt=3772; retrying in 300s
START gemma-4b lmbd1000 GPUs=0,1,2,3 attempt=3773 2026-08-10T01:38:03-04:00
FAILED gemma-4b lmbd1000 attempt=3773; retrying in 300s
START gemma-4b lmbd1000 GPUs=0,1,2,3 attempt=3774 2026-08-10T01:43:08-04:00
FAILED gemma-4b lmbd1000 attempt=3774; retrying in 300s
START gemma-4b lmbd1000 GPUs=0,1,2,3 attempt=3775 2026-08-10T01:48:13-04:00
FAILED gemma-4b lmbd1000 attempt=3775; retrying in 300s
START gemma-4b lmbd1000 GPUs=0,1,2,3 attempt=3776 2026-08-10T01:53:18-04:00
FAILED gemma-4b lmbd1000 attempt=3776; retrying in 300s
START gemma-4b lmbd1000 GPUs=0,1,2,3 attempt=3777 2026-08-10T01:58:23-04:00
FAILED gemma-4b lmbd1000 attempt=3777; retrying in 300s
START gemma-4b lmbd1000 GPUs=0,1,2,3 attempt=3778 2026-08-10T02:03:28-04:00
FAILED gemma-4b lmbd1000 attempt=3778; retrying in 300s
START gemma-4b lmbd1000 GPUs=0,1,2,3 attempt=3779 2026-08-10T02:08:33-04:00
FAILED gemma-4b lmbd1000 attempt=3779; retrying in 300s
START gemma-4b lmbd1000 GPUs=0,1,2,3 attempt=3780 2026-08-10T02:13:38-04:00
FAILED gemma-4b lmbd1000 attempt=3780; retrying in 300s
START gemma-4b lmbd1000 GPUs=0,1,2,3 attempt=3781 2026-08-10T02:18:43-04:00
FAILED gemma-4b lmbd1000 attempt=3781; retrying in 300s
START gemma-4b lmbd1000 GPUs=0,1,2,3 attempt=3782 2026-08-10T02:23:48-04:00
FAILED gemma-4b lmbd1000 attempt=3782; retrying in 300s
START gemma-4b lmbd1000 GPUs=0,1,2,3 attempt=3783 2026-08-10T02:28:53-04:00
FAILED gemma-4b lmbd1000 attempt=3783; retrying in 300s
START gemma-4b lmbd1000 GPUs=0,1,2,3 attempt=3784 2026-08-10T02:33:58-04:00
FAILED gemma-4b lmbd1000 attempt=3784; retrying in 300s
START gemma-4b lmbd1000 GPUs=0,1,2,3 attempt=3785 2026-08-10T02:39:03-04:00
FAILED gemma-4b lmbd1000 attempt=3785; retrying in 300s
START gemma-4b lmbd1000 GPUs=0,1,2,3 attempt=3786 2026-08-10T02:44:08-04:00
FAILED gemma-4b lmbd1000 attempt=3786; retrying in 300s
START gemma-4b lmbd1000 GPUs=0,1,2,3 attempt=3787 2026-08-10T02:49:13-04:00
FAILED gemma-4b lmbd1000 attempt=3787; retrying in 300s
START gemma-4b lmbd1000 GPUs=0,1,2,3 attempt=3788 2026-08-10T02:54:18-04:00
FAILED gemma-4b lmbd1000 attempt=3788; retrying in 300s
START gemma-4b lmbd1000 GPUs=0,1,2,3 attempt=3789 2026-08-10T02:59:23-04:00
FAILED gemma-4b lmbd1000 attempt=3789; retrying in 300s
START gemma-4b lmbd1000 GPUs=0,1,2,3 attempt=3790 2026-08-10T03:04:28-04:00
FAILED gemma-4b lmbd1000 attempt=3790; retrying in 300s
START gemma-4b lmbd1000 GPUs=0,1,2,3 attempt=3791 2026-08-10T03:09:33-04:00
FAILED gemma-4b lmbd1000 attempt=3791; retrying in 300s
START gemma-4b lmbd1000 GPUs=0,1,2,3 attempt=3792 2026-08-10T03:14:38-04:00
FAILED gemma-4b lmbd1000 attempt=3792; retrying in 300s
START gemma-4b lmbd1000 GPUs=0,1,2,3 attempt=3793 2026-08-10T03:19:43-04:00
FAILED gemma-4b lmbd1000 attempt=3793; retrying in 300s
START gemma-4b lmbd1000 GPUs=0,1,2,3 attempt=3794 2026-08-10T03:24:48-04:00
FAILED gemma-4b lmbd1000 attempt=3794; retrying in 300s
START gemma-4b lmbd1000 GPUs=0,1,2,3 attempt=3795 2026-08-10T03:29:53-04:00
FAILED gemma-4b lmbd1000 attempt=3795; retrying in 300s
START gemma-4b lmbd1000 GPUs=0,1,2,3 attempt=3796 2026-08-10T03:34:58-04:00
FAILED gemma-4b lmbd1000 attempt=3796; retrying in 300s
START gemma-4b lmbd1000 GPUs=0,1,2,3 attempt=3797 2026-08-10T03:40:03-04:00
FAILED gemma-4b lmbd1000 attempt=3797; retrying in 300s
START gemma-4b lmbd1000 GPUs=0,1,2,3 attempt=3798 2026-08-10T03:45:08-04:00
FAILED gemma-4b lmbd1000 attempt=3798; retrying in 300s
START gemma-4b lmbd1000 GPUs=0,1,2,3 attempt=3799 2026-08-10T03:50:13-04:00
FAILED gemma-4b lmbd1000 attempt=3799; retrying in 300s
START gemma-4b lmbd1000 GPUs=0,1,2,3 attempt=3800 2026-08-10T03:55:18-04:00
FAILED gemma-4b lmbd1000 attempt=3800; retrying in 300s
START gemma-4b lmbd1000 GPUs=0,1,2,3 attempt=3801 2026-08-10T04:00:24-04:00
FAILED gemma-4b lmbd1000 attempt=3801; retrying in 300s
START gemma-4b lmbd1000 GPUs=0,1,2,3 attempt=3802 2026-08-10T04:05:29-04:00
FAILED gemma-4b lmbd1000 attempt=3802; retrying in 300s
START gemma-4b lmbd1000 GPUs=0,1,2,3 attempt=3803 2026-08-10T04:10:34-04:00
FAILED gemma-4b lmbd1000 attempt=3803; retrying in 300s
START gemma-4b lmbd1000 GPUs=0,1,2,3 attempt=3804 2026-08-10T04:15:39-04:00
FAILED gemma-4b lmbd1000 attempt=3804; retrying in 300s
START gemma-4b lmbd1000 GPUs=0,1,2,3 attempt=3805 2026-08-10T04:20:44-04:00
FAILED gemma-4b lmbd1000 attempt=3805; retrying in 300s
START gemma-4b lmbd1000 GPUs=0,1,2,3 attempt=3806 2026-08-10T04:25:49-04:00
FAILED gemma-4b lmbd1000 attempt=3806; retrying in 300s
START gemma-4b lmbd1000 GPUs=0,1,2,3 attempt=3807 2026-08-10T04:30:54-04:00
FAILED gemma-4b lmbd1000 attempt=3807; retrying in 300s
START gemma-4b lmbd1000 GPUs=0,1,2,3 attempt=3808 2026-08-10T04:35:59-04:00
FAILED gemma-4b lmbd1000 attempt=3808; retrying in 300s
START gemma-4b lmbd1000 GPUs=0,1,2,3 attempt=3809 2026-08-10T04:41:04-04:00
FAILED gemma-4b lmbd1000 attempt=3809; retrying in 300s
START gemma-4b lmbd1000 GPUs=0,1,2,3 attempt=3810 2026-08-10T04:46:10-04:00
FAILED gemma-4b lmbd1000 attempt=3810; retrying in 300s
START gemma-4b lmbd1000 GPUs=0,1,2,3 attempt=3811 2026-08-10T04:51:15-04:00
FAILED gemma-4b lmbd1000 attempt=3811; retrying in 300s
START gemma-4b lmbd1000 GPUs=0,1,2,3 attempt=3812 2026-08-10T04:56:20-04:00
FAILED gemma-4b lmbd1000 attempt=3812; retrying in 300s
START gemma-4b lmbd1000 GPUs=0,1,2,3 attempt=3813 2026-08-10T05:01:25-04:00
FAILED gemma-4b lmbd1000 attempt=3813; retrying in 300s
START gemma-4b lmbd1000 GPUs=0,1,2,3 attempt=3814 2026-08-10T05:06:30-04:00
FAILED gemma-4b lmbd1000 attempt=3814; retrying in 300s
START gemma-4b lmbd1000 GPUs=0,1,2,3 attempt=3815 2026-08-10T05:11:35-04:00
FAILED gemma-4b lmbd1000 attempt=3815; retrying in 300s
START gemma-4b lmbd1000 GPUs=0,1,2,3 attempt=3816 2026-08-10T05:16:40-04:00
FAILED gemma-4b lmbd1000 attempt=3816; retrying in 300s
START gemma-4b lmbd1000 GPUs=0,1,2,3 attempt=3817 2026-08-10T05:21:45-04:00
FAILED gemma-4b lmbd1000 attempt=3817; retrying in 300s
START gemma-4b lmbd1000 GPUs=0,1,2,3 attempt=3818 2026-08-10T05:26:50-04:00
FAILED gemma-4b lmbd1000 attempt=3818; retrying in 300s
START gemma-4b lmbd1000 GPUs=0,1,2,3 attempt=3819 2026-08-10T05:31:55-04:00
FAILED gemma-4b lmbd1000 attempt=3819; retrying in 300s
START gemma-4b lmbd1000 GPUs=0,1,2,3 attempt=3820 2026-08-10T05:37:00-04:00
FAILED gemma-4b lmbd1000 attempt=3820; retrying in 300s
START gemma-4b lmbd1000 GPUs=0,1,2,3 attempt=3821 2026-08-10T05:42:06-04:00
FAILED gemma-4b lmbd1000 attempt=3821; retrying in 300s
START gemma-4b lmbd1000 GPUs=0,1,2,3 attempt=3822 2026-08-10T05:47:11-04:00
FAILED gemma-4b lmbd1000 attempt=3822; retrying in 300s
START gemma-4b lmbd1000 GPUs=0,1,2,3 attempt=3823 2026-08-10T05:52:16-04:00
FAILED gemma-4b lmbd1000 attempt=3823; retrying in 300s
START gemma-4b lmbd1000 GPUs=0,1,2,3 attempt=3824 2026-08-10T05:57:21-04:00
FAILED gemma-4b lmbd1000 attempt=3824; retrying in 300s
START gemma-4b lmbd1000 GPUs=0,1,2,3 attempt=3825 2026-08-10T06:02:26-04:00
FAILED gemma-4b lmbd1000 attempt=3825; retrying in 300s
START gemma-4b lmbd1000 GPUs=0,1,2,3 attempt=3826 2026-08-10T06:07:31-04:00
FAILED gemma-4b lmbd1000 attempt=3826; retrying in 300s
START gemma-4b lmbd1000 GPUs=0,1,2,3 attempt=3827 2026-08-10T06:12:36-04:00
FAILED gemma-4b lmbd1000 attempt=3827; retrying in 300s
START gemma-4b lmbd1000 GPUs=0,1,2,3 attempt=3828 2026-08-10T06:17:41-04:00
FAILED gemma-4b lmbd1000 attempt=3828; retrying in 300s
START gemma-4b lmbd1000 GPUs=0,1,2,3 attempt=3829 2026-08-10T06:22:46-04:00
FAILED gemma-4b lmbd1000 attempt=3829; retrying in 300s
START gemma-4b lmbd1000 GPUs=0,1,2,3 attempt=3830 2026-08-10T06:27:52-04:00
FAILED gemma-4b lmbd1000 attempt=3830; retrying in 300s
START gemma-4b lmbd1000 GPUs=0,1,2,3 attempt=3831 2026-08-10T06:32:57-04:00
FAILED gemma-4b lmbd1000 attempt=3831; retrying in 300s
START gemma-4b lmbd1000 GPUs=0,1,2,3 attempt=3832 2026-08-10T06:38:02-04:00
FAILED gemma-4b lmbd1000 attempt=3832; retrying in 300s
START gemma-4b lmbd1000 GPUs=0,1,2,3 attempt=3833 2026-08-10T06:43:07-04:00
FAILED gemma-4b lmbd1000 attempt=3833; retrying in 300s
START gemma-4b lmbd1000 GPUs=0,1,2,3 attempt=3834 2026-08-10T06:48:12-04:00
FAILED gemma-4b lmbd1000 attempt=3834; retrying in 300s
START gemma-4b lmbd1000 GPUs=0,1,2,3 attempt=3835 2026-08-10T06:53:17-04:00
FAILED gemma-4b lmbd1000 attempt=3835; retrying in 300s
START gemma-4b lmbd1000 GPUs=0,1,2,3 attempt=3836 2026-08-10T06:58:22-04:00
FAILED gemma-4b lmbd1000 attempt=3836; retrying in 300s
START gemma-4b lmbd1000 GPUs=0,1,2,3 attempt=3837 2026-08-10T07:03:27-04:00
FAILED gemma-4b lmbd1000 attempt=3837; retrying in 300s
START gemma-4b lmbd1000 GPUs=0,1,2,3 attempt=3838 2026-08-10T07:08:32-04:00
FAILED gemma-4b lmbd1000 attempt=3838; retrying in 300s
START gemma-4b lmbd1000 GPUs=0,1,2,3 attempt=3839 2026-08-10T07:13:38-04:00
FAILED gemma-4b lmbd1000 attempt=3839; retrying in 300s
START gemma-4b lmbd1000 GPUs=0,1,2,3 attempt=3840 2026-08-10T07:18:43-04:00
FAILED gemma-4b lmbd1000 attempt=3840; retrying in 300s
START gemma-4b lmbd1000 GPUs=0,1,2,3 attempt=3841 2026-08-10T07:23:48-04:00
FAILED gemma-4b lmbd1000 attempt=3841; retrying in 300s
START gemma-4b lmbd1000 GPUs=0,1,2,3 attempt=3842 2026-08-10T07:28:53-04:00
FAILED gemma-4b lmbd1000 attempt=3842; retrying in 300s
START gemma-4b lmbd1000 GPUs=0,1,2,3 attempt=3843 2026-08-10T07:33:58-04:00
FAILED gemma-4b lmbd1000 attempt=3843; retrying in 300s
START gemma-4b lmbd1000 GPUs=0,1,2,3 attempt=3844 2026-08-10T07:39:03-04:00
FAILED gemma-4b lmbd1000 attempt=3844; retrying in 300s
START gemma-4b lmbd1000 GPUs=0,1,2,3 attempt=3845 2026-08-10T07:44:08-04:00
FAILED gemma-4b lmbd1000 attempt=3845; retrying in 300s
START gemma-4b lmbd1000 GPUs=0,1,2,3 attempt=3846 2026-08-10T07:49:13-04:00
FAILED gemma-4b lmbd1000 attempt=3846; retrying in 300s
START gemma-4b lmbd1000 GPUs=0,1,2,3 attempt=3847 2026-08-10T07:54:18-04:00
FAILED gemma-4b lmbd1000 attempt=3847; retrying in 300s
START gemma-4b lmbd1000 GPUs=0,1,2,3 attempt=3848 2026-08-10T07:59:24-04:00
FAILED gemma-4b lmbd1000 attempt=3848; retrying in 300s
START gemma-4b lmbd1000 GPUs=0,1,2,3 attempt=3849 2026-08-10T08:04:29-04:00
FAILED gemma-4b lmbd1000 attempt=3849; retrying in 300s
START gemma-4b lmbd1000 GPUs=0,1,2,3 attempt=3850 2026-08-10T08:09:34-04:00
FAILED gemma-4b lmbd1000 attempt=3850; retrying in 300s
START gemma-4b lmbd1000 GPUs=0,1,2,3 attempt=3851 2026-08-10T08:14:39-04:00
FAILED gemma-4b lmbd1000 attempt=3851; retrying in 300s
START gemma-4b lmbd1000 GPUs=0,1,2,3 attempt=3852 2026-08-10T08:19:44-04:00
FAILED gemma-4b lmbd1000 attempt=3852; retrying in 300s
START gemma-4b lmbd1000 GPUs=0,1,2,3 attempt=3853 2026-08-10T08:24:49-04:00
FAILED gemma-4b lmbd1000 attempt=3853; retrying in 300s
START gemma-4b lmbd1000 GPUs=0,1,2,3 attempt=3854 2026-08-10T08:29:54-04:00
FAILED gemma-4b lmbd1000 attempt=3854; retrying in 300s
START gemma-4b lmbd1000 GPUs=0,1,2,3 attempt=3855 2026-08-10T08:34:59-04:00
FAILED gemma-4b lmbd1000 attempt=3855; retrying in 300s
START gemma-4b lmbd1000 GPUs=0,1,2,3 attempt=3856 2026-08-10T08:40:04-04:00
FAILED gemma-4b lmbd1000 attempt=3856; retrying in 300s
START gemma-4b lmbd1000 GPUs=0,1,2,3 attempt=3857 2026-08-10T08:45:10-04:00
FAILED gemma-4b lmbd1000 attempt=3857; retrying in 300s
START gemma-4b lmbd1000 GPUs=0,1,2,3 attempt=3858 2026-08-10T08:50:15-04:00
FAILED gemma-4b lmbd1000 attempt=3858; retrying in 300s
START gemma-4b lmbd1000 GPUs=0,1,2,3 attempt=3859 2026-08-10T08:55:20-04:00
FAILED gemma-4b lmbd1000 attempt=3859; retrying in 300s
START gemma-4b lmbd1000 GPUs=0,1,2,3 attempt=3860 2026-08-10T09:00:25-04:00
FAILED gemma-4b lmbd1000 attempt=3860; retrying in 300s
START gemma-4b lmbd1000 GPUs=0,1,2,3 attempt=3861 2026-08-10T09:05:30-04:00
FAILED gemma-4b lmbd1000 attempt=3861; retrying in 300s
START gemma-4b lmbd1000 GPUs=0,1,2,3 attempt=3862 2026-08-10T09:10:35-04:00
FAILED gemma-4b lmbd1000 attempt=3862; retrying in 300s
START gemma-4b lmbd1000 GPUs=0,1,2,3 attempt=3863 2026-08-10T09:15:40-04:00
FAILED gemma-4b lmbd1000 attempt=3863; retrying in 300s
START gemma-4b lmbd1000 GPUs=0,1,2,3 attempt=3864 2026-08-10T09:20:45-04:00
FAILED gemma-4b lmbd1000 attempt=3864; retrying in 300s
START gemma-4b lmbd1000 GPUs=0,1,2,3 attempt=3865 2026-08-10T09:25:50-04:00
FAILED gemma-4b lmbd1000 attempt=3865; retrying in 300s
START gemma-4b lmbd1000 GPUs=0,1,2,3 attempt=3866 2026-08-10T09:30:55-04:00
FAILED gemma-4b lmbd1000 attempt=3866; retrying in 300s
START gemma-4b lmbd1000 GPUs=0,1,2,3 attempt=3867 2026-08-10T09:36:01-04:00
FAILED gemma-4b lmbd1000 attempt=3867; retrying in 300s
START gemma-4b lmbd1000 GPUs=0,1,2,3 attempt=3868 2026-08-10T09:41:06-04:00
FAILED gemma-4b lmbd1000 attempt=3868; retrying in 300s
START gemma-4b lmbd1000 GPUs=0,1,2,3 attempt=3869 2026-08-10T09:46:11-04:00
FAILED gemma-4b lmbd1000 attempt=3869; retrying in 300s
START gemma-4b lmbd1000 GPUs=0,1,2,3 attempt=3870 2026-08-10T09:51:16-04:00
FAILED gemma-4b lmbd1000 attempt=3870; retrying in 300s
START gemma-4b lmbd1000 GPUs=0,1,2,3 attempt=3871 2026-08-10T09:56:21-04:00
FAILED gemma-4b lmbd1000 attempt=3871; retrying in 300s
START gemma-4b lmbd1000 GPUs=0,1,2,3 attempt=3872 2026-08-10T10:01:26-04:00
FAILED gemma-4b lmbd1000 attempt=3872; retrying in 300s
START gemma-4b lmbd1000 GPUs=0,1,2,3 attempt=3873 2026-08-10T10:06:31-04:00
FAILED gemma-4b lmbd1000 attempt=3873; retrying in 300s
START gemma-4b lmbd1000 GPUs=0,1,2,3 attempt=3874 2026-08-10T10:11:36-04:00
FAILED gemma-4b lmbd1000 attempt=3874; retrying in 300s
START gemma-4b lmbd1000 GPUs=0,1,2,3 attempt=3875 2026-08-10T10:16:41-04:00
FAILED gemma-4b lmbd1000 attempt=3875; retrying in 300s
START gemma-4b lmbd1000 GPUs=0,1,2,3 attempt=3876 2026-08-10T10:21:46-04:00
FAILED gemma-4b lmbd1000 attempt=3876; retrying in 300s
START gemma-4b lmbd1000 GPUs=0,1,2,3 attempt=3877 2026-08-10T10:26:51-04:00
FAILED gemma-4b lmbd1000 attempt=3877; retrying in 300s
START gemma-4b lmbd1000 GPUs=0,1,2,3 attempt=3878 2026-08-10T10:31:57-04:00
FAILED gemma-4b lmbd1000 attempt=3878; retrying in 300s
START gemma-4b lmbd1000 GPUs=0,1,2,3 attempt=3879 2026-08-10T10:37:02-04:00
FAILED gemma-4b lmbd1000 attempt=3879; retrying in 300s
START gemma-4b lmbd1000 GPUs=0,1,2,3 attempt=3880 2026-08-10T10:42:07-04:00
FAILED gemma-4b lmbd1000 attempt=3880; retrying in 300s
START gemma-4b lmbd1000 GPUs=0,1,2,3 attempt=3881 2026-08-10T10:47:12-04:00
FAILED gemma-4b lmbd1000 attempt=3881; retrying in 300s
START gemma-4b lmbd1000 GPUs=0,1,2,3 attempt=3882 2026-08-10T10:52:17-04:00
FAILED gemma-4b lmbd1000 attempt=3882; retrying in 300s
START gemma-4b lmbd1000 GPUs=0,1,2,3 attempt=3883 2026-08-10T10:57:22-04:00
FAILED gemma-4b lmbd1000 attempt=3883; retrying in 300s
START gemma-4b lmbd1000 GPUs=0,1,2,3 attempt=3884 2026-08-10T11:02:27-04:00
FAILED gemma-4b lmbd1000 attempt=3884; retrying in 300s
START gemma-4b lmbd1000 GPUs=0,1,2,3 attempt=3885 2026-08-10T11:07:32-04:00
FAILED gemma-4b lmbd1000 attempt=3885; retrying in 300s
START gemma-4b lmbd1000 GPUs=0,1,2,3 attempt=3886 2026-08-10T11:12:37-04:00
FAILED gemma-4b lmbd1000 attempt=3886; retrying in 300s
START gemma-4b lmbd1000 GPUs=0,1,2,3 attempt=3887 2026-08-10T11:17:42-04:00
FAILED gemma-4b lmbd1000 attempt=3887; retrying in 300s
START gemma-4b lmbd1000 GPUs=0,1,2,3 attempt=3888 2026-08-10T11:22:47-04:00
FAILED gemma-4b lmbd1000 attempt=3888; retrying in 300s
START gemma-4b lmbd1000 GPUs=0,1,2,3 attempt=3889 2026-08-10T11:27:52-04:00
FAILED gemma-4b lmbd1000 attempt=3889; retrying in 300s
START gemma-4b lmbd1000 GPUs=0,1,2,3 attempt=3890 2026-08-10T11:32:57-04:00
FAILED gemma-4b lmbd1000 attempt=3890; retrying in 300s
START gemma-4b lmbd1000 GPUs=0,1,2,3 attempt=3891 2026-08-10T11:38:03-04:00
FAILED gemma-4b lmbd1000 attempt=3891; retrying in 300s
START gemma-4b lmbd1000 GPUs=0,1,2,3 attempt=3892 2026-08-10T11:43:08-04:00
FAILED gemma-4b lmbd1000 attempt=3892; retrying in 300s
START gemma-4b lmbd1000 GPUs=0,1,2,3 attempt=3893 2026-08-10T11:48:13-04:00
FAILED gemma-4b lmbd1000 attempt=3893; retrying in 300s
START gemma-4b lmbd1000 GPUs=0,1,2,3 attempt=3894 2026-08-10T11:53:18-04:00
FAILED gemma-4b lmbd1000 attempt=3894; retrying in 300s
START gemma-4b lmbd1000 GPUs=0,1,2,3 attempt=3895 2026-08-10T11:58:23-04:00
FAILED gemma-4b lmbd1000 attempt=3895; retrying in 300s
START gemma-4b lmbd1000 GPUs=0,1,2,3 attempt=3896 2026-08-10T12:03:28-04:00
FAILED gemma-4b lmbd1000 attempt=3896; retrying in 300s
START gemma-4b lmbd1000 GPUs=0,1,2,3 attempt=3897 2026-08-10T12:08:33-04:00
FAILED gemma-4b lmbd1000 attempt=3897; retrying in 300s
START gemma-4b lmbd1000 GPUs=0,1,2,3 attempt=3898 2026-08-10T12:13:38-04:00
FAILED gemma-4b lmbd1000 attempt=3898; retrying in 300s
START gemma-4b lmbd1000 GPUs=0,1,2,3 attempt=3899 2026-08-10T12:18:43-04:00
FAILED gemma-4b lmbd1000 attempt=3899; retrying in 300s
START gemma-4b lmbd1000 GPUs=0,1,2,3 attempt=3900 2026-08-10T12:23:49-04:00
FAILED gemma-4b lmbd1000 attempt=3900; retrying in 300s
START gemma-4b lmbd1000 GPUs=0,1,2,3 attempt=3901 2026-08-10T12:28:54-04:00
FAILED gemma-4b lmbd1000 attempt=3901; retrying in 300s
START gemma-4b lmbd1000 GPUs=0,1,2,3 attempt=3902 2026-08-10T12:33:59-04:00
FAILED gemma-4b lmbd1000 attempt=3902; retrying in 300s
START gemma-4b lmbd1000 GPUs=0,1,2,3 attempt=3903 2026-08-10T12:39:04-04:00
FAILED gemma-4b lmbd1000 attempt=3903; retrying in 300s
START gemma-4b lmbd1000 GPUs=0,1,2,3 attempt=3904 2026-08-10T12:44:09-04:00
FAILED gemma-4b lmbd1000 attempt=3904; retrying in 300s
START gemma-4b lmbd1000 GPUs=0,1,2,3 attempt=3905 2026-08-10T12:49:14-04:00
FAILED gemma-4b lmbd1000 attempt=3905; retrying in 300s
START gemma-4b lmbd1000 GPUs=0,1,2,3 attempt=3906 2026-08-10T12:54:19-04:00
FAILED gemma-4b lmbd1000 attempt=3906; retrying in 300s
START gemma-4b lmbd1000 GPUs=0,1,2,3 attempt=3907 2026-08-10T12:59:24-04:00
FAILED gemma-4b lmbd1000 attempt=3907; retrying in 300s
START gemma-4b lmbd1000 GPUs=0,1,2,3 attempt=3908 2026-08-10T13:04:29-04:00
FAILED gemma-4b lmbd1000 attempt=3908; retrying in 300s
START gemma-4b lmbd1000 GPUs=0,1,2,3 attempt=3909 2026-08-10T13:09:34-04:00
FAILED gemma-4b lmbd1000 attempt=3909; retrying in 300s
START gemma-4b lmbd1000 GPUs=0,1,2,3 attempt=3910 2026-08-10T13:14:40-04:00
FAILED gemma-4b lmbd1000 attempt=3910; retrying in 300s
START gemma-4b lmbd1000 GPUs=0,1,2,3 attempt=3911 2026-08-10T13:19:45-04:00
FAILED gemma-4b lmbd1000 attempt=3911; retrying in 300s
START gemma-4b lmbd1000 GPUs=0,1,2,3 attempt=3912 2026-08-10T13:24:50-04:00
FAILED gemma-4b lmbd1000 attempt=3912; retrying in 300s
START gemma-4b lmbd1000 GPUs=0,1,2,3 attempt=3913 2026-08-10T13:29:55-04:00
FAILED gemma-4b lmbd1000 attempt=3913; retrying in 300s
START gemma-4b lmbd1000 GPUs=0,1,2,3 attempt=3914 2026-08-10T13:35:00-04:00
FAILED gemma-4b lmbd1000 attempt=3914; retrying in 300s
START gemma-4b lmbd1000 GPUs=0,1,2,3 attempt=3915 2026-08-10T13:40:05-04:00
FAILED gemma-4b lmbd1000 attempt=3915; retrying in 300s
START gemma-4b lmbd1000 GPUs=0,1,2,3 attempt=3916 2026-08-10T13:45:10-04:00
FAILED gemma-4b lmbd1000 attempt=3916; retrying in 300s
START gemma-4b lmbd1000 GPUs=0,1,2,3 attempt=3917 2026-08-10T13:50:15-04:00
FAILED gemma-4b lmbd1000 attempt=3917; retrying in 300s
START gemma-4b lmbd1000 GPUs=0,1,2,3 attempt=3918 2026-08-10T13:55:20-04:00
FAILED gemma-4b lmbd1000 attempt=3918; retrying in 300s
START gemma-4b lmbd1000 GPUs=0,1,2,3 attempt=3919 2026-08-10T14:00:25-04:00
FAILED gemma-4b lmbd1000 attempt=3919; retrying in 300s
START gemma-4b lmbd1000 GPUs=0,1,2,3 attempt=3920 2026-08-10T14:05:30-04:00
FAILED gemma-4b lmbd1000 attempt=3920; retrying in 300s
START gemma-4b lmbd1000 GPUs=0,1,2,3 attempt=3921 2026-08-10T14:10:36-04:00
FAILED gemma-4b lmbd1000 attempt=3921; retrying in 300s
START gemma-4b lmbd1000 GPUs=0,1,2,3 attempt=3922 2026-08-10T14:15:41-04:00
FAILED gemma-4b lmbd1000 attempt=3922; retrying in 300s
START gemma-4b lmbd1000 GPUs=0,1,2,3 attempt=3923 2026-08-10T14:20:46-04:00
FAILED gemma-4b lmbd1000 attempt=3923; retrying in 300s
START gemma-4b lmbd1000 GPUs=0,1,2,3 attempt=3924 2026-08-10T14:25:51-04:00
FAILED gemma-4b lmbd1000 attempt=3924; retrying in 300s
START gemma-4b lmbd1000 GPUs=0,1,2,3 attempt=3925 2026-08-10T14:30:56-04:00
FAILED gemma-4b lmbd1000 attempt=3925; retrying in 300s
START gemma-4b lmbd1000 GPUs=0,1,2,3 attempt=3926 2026-08-10T14:36:01-04:00
FAILED gemma-4b lmbd1000 attempt=3926; retrying in 300s
START gemma-4b lmbd1000 GPUs=0,1,2,3 attempt=3927 2026-08-10T14:41:06-04:00
FAILED gemma-4b lmbd1000 attempt=3927; retrying in 300s
START gemma-4b lmbd1000 GPUs=0,1,2,3 attempt=3928 2026-08-10T14:46:11-04:00
FAILED gemma-4b lmbd1000 attempt=3928; retrying in 300s
START gemma-4b lmbd1000 GPUs=0,1,2,3 attempt=3929 2026-08-10T14:51:17-04:00
FAILED gemma-4b lmbd1000 attempt=3929; retrying in 300s
START gemma-4b lmbd1000 GPUs=0,1,2,3 attempt=3930 2026-08-10T14:56:22-04:00
FAILED gemma-4b lmbd1000 attempt=3930; retrying in 300s
START gemma-4b lmbd1000 GPUs=0,1,2,3 attempt=3931 2026-08-10T15:01:27-04:00
FAILED gemma-4b lmbd1000 attempt=3931; retrying in 300s
START gemma-4b lmbd1000 GPUs=0,1,2,3 attempt=3932 2026-08-10T15:06:32-04:00
FAILED gemma-4b lmbd1000 attempt=3932; retrying in 300s
START gemma-4b lmbd1000 GPUs=0,1,2,3 attempt=3933 2026-08-10T15:11:37-04:00
FAILED gemma-4b lmbd1000 attempt=3933; retrying in 300s
START gemma-4b lmbd1000 GPUs=0,1,2,3 attempt=3934 2026-08-10T15:16:42-04:00
FAILED gemma-4b lmbd1000 attempt=3934; retrying in 300s
START gemma-4b lmbd1000 GPUs=0,1,2,3 attempt=3935 2026-08-10T15:21:47-04:00
FAILED gemma-4b lmbd1000 attempt=3935; retrying in 300s
START gemma-4b lmbd1000 GPUs=0,1,2,3 attempt=3936 2026-08-10T15:26:52-04:00
FAILED gemma-4b lmbd1000 attempt=3936; retrying in 300s
START gemma-4b lmbd1000 GPUs=0,1,2,3 attempt=3937 2026-08-10T15:31:58-04:00
FAILED gemma-4b lmbd1000 attempt=3937; retrying in 300s
START gemma-4b lmbd1000 GPUs=0,1,2,3 attempt=3938 2026-08-10T15:37:03-04:00
FAILED gemma-4b lmbd1000 attempt=3938; retrying in 300s
START gemma-4b lmbd1000 GPUs=0,1,2,3 attempt=3939 2026-08-10T15:42:08-04:00
FAILED gemma-4b lmbd1000 attempt=3939; retrying in 300s
START gemma-4b lmbd1000 GPUs=0,1,2,3 attempt=3940 2026-08-10T15:47:13-04:00
FAILED gemma-4b lmbd1000 attempt=3940; retrying in 300s
START gemma-4b lmbd1000 GPUs=0,1,2,3 attempt=3941 2026-08-10T15:52:18-04:00
FAILED gemma-4b lmbd1000 attempt=3941; retrying in 300s
START gemma-4b lmbd1000 GPUs=0,1,2,3 attempt=3942 2026-08-10T15:57:23-04:00
FAILED gemma-4b lmbd1000 attempt=3942; retrying in 300s
START gemma-4b lmbd1000 GPUs=0,1,2,3 attempt=3943 2026-08-10T16:02:28-04:00
FAILED gemma-4b lmbd1000 attempt=3943; retrying in 300s
START gemma-4b lmbd1000 GPUs=0,1,2,3 attempt=3944 2026-08-10T16:07:33-04:00
FAILED gemma-4b lmbd1000 attempt=3944; retrying in 300s
START gemma-4b lmbd1000 GPUs=0,1,2,3 attempt=3945 2026-08-10T16:12:38-04:00
FAILED gemma-4b lmbd1000 attempt=3945; retrying in 300s
START gemma-4b lmbd1000 GPUs=0,1,2,3 attempt=3946 2026-08-10T16:17:43-04:00
FAILED gemma-4b lmbd1000 attempt=3946; retrying in 300s
START gemma-4b lmbd1000 GPUs=0,1,2,3 attempt=3947 2026-08-10T16:22:48-04:00
FAILED gemma-4b lmbd1000 attempt=3947; retrying in 300s
START gemma-4b lmbd1000 GPUs=0,1,2,3 attempt=3948 2026-08-10T16:27:54-04:00
FAILED gemma-4b lmbd1000 attempt=3948; retrying in 300s
START gemma-4b lmbd1000 GPUs=0,1,2,3 attempt=3949 2026-08-10T16:32:59-04:00
FAILED gemma-4b lmbd1000 attempt=3949; retrying in 300s
START gemma-4b lmbd1000 GPUs=0,1,2,3 attempt=3950 2026-08-10T16:38:04-04:00
FAILED gemma-4b lmbd1000 attempt=3950; retrying in 300s
START gemma-4b lmbd1000 GPUs=0,1,2,3 attempt=3951 2026-08-10T16:43:09-04:00
FAILED gemma-4b lmbd1000 attempt=3951; retrying in 300s
START gemma-4b lmbd1000 GPUs=0,1,2,3 attempt=3952 2026-08-10T16:48:14-04:00
FAILED gemma-4b lmbd1000 attempt=3952; retrying in 300s
START gemma-4b lmbd1000 GPUs=0,1,2,3 attempt=3953 2026-08-10T16:53:19-04:00
FAILED gemma-4b lmbd1000 attempt=3953; retrying in 300s
START gemma-4b lmbd1000 GPUs=0,1,2,3 attempt=3954 2026-08-10T16:58:24-04:00
FAILED gemma-4b lmbd1000 attempt=3954; retrying in 300s
START gemma-4b lmbd1000 GPUs=0,1,2,3 attempt=3955 2026-08-10T17:03:29-04:00
FAILED gemma-4b lmbd1000 attempt=3955; retrying in 300s
START gemma-4b lmbd1000 GPUs=0,1,2,3 attempt=3956 2026-08-10T17:08:34-04:00
FAILED gemma-4b lmbd1000 attempt=3956; retrying in 300s
START gemma-4b lmbd1000 GPUs=0,1,2,3 attempt=3957 2026-08-10T17:13:40-04:00
FAILED gemma-4b lmbd1000 attempt=3957; retrying in 300s
START gemma-4b lmbd1000 GPUs=0,1,2,3 attempt=3958 2026-08-10T17:18:45-04:00
FAILED gemma-4b lmbd1000 attempt=3958; retrying in 300s
START gemma-4b lmbd1000 GPUs=0,1,2,3 attempt=3959 2026-08-10T17:23:50-04:00
FAILED gemma-4b lmbd1000 attempt=3959; retrying in 300s
START gemma-4b lmbd1000 GPUs=0,1,2,3 attempt=3960 2026-08-10T17:28:55-04:00
FAILED gemma-4b lmbd1000 attempt=3960; retrying in 300s
START gemma-4b lmbd1000 GPUs=0,1,2,3 attempt=3961 2026-08-10T17:34:00-04:00
FAILED gemma-4b lmbd1000 attempt=3961; retrying in 300s
START gemma-4b lmbd1000 GPUs=0,1,2,3 attempt=3962 2026-08-10T17:39:05-04:00
FAILED gemma-4b lmbd1000 attempt=3962; retrying in 300s
START gemma-4b lmbd1000 GPUs=0,1,2,3 attempt=3963 2026-08-10T17:44:10-04:00
FAILED gemma-4b lmbd1000 attempt=3963; retrying in 300s
START gemma-4b lmbd1000 GPUs=0,1,2,3 attempt=3964 2026-08-10T17:49:15-04:00
FAILED gemma-4b lmbd1000 attempt=3964; retrying in 300s
START gemma-4b lmbd1000 GPUs=0,1,2,3 attempt=3965 2026-08-10T17:54:20-04:00
FAILED gemma-4b lmbd1000 attempt=3965; retrying in 300s
START gemma-4b lmbd1000 GPUs=0,1,2,3 attempt=3966 2026-08-10T17:59:26-04:00
FAILED gemma-4b lmbd1000 attempt=3966; retrying in 300s
START gemma-4b lmbd1000 GPUs=0,1,2,3 attempt=3967 2026-08-10T18:04:31-04:00
FAILED gemma-4b lmbd1000 attempt=3967; retrying in 300s
START gemma-4b lmbd1000 GPUs=0,1,2,3 attempt=3968 2026-08-10T18:09:36-04:00
FAILED gemma-4b lmbd1000 attempt=3968; retrying in 300s
START gemma-4b lmbd1000 GPUs=0,1,2,3 attempt=3969 2026-08-10T18:14:41-04:00
FAILED gemma-4b lmbd1000 attempt=3969; retrying in 300s
START gemma-4b lmbd1000 GPUs=0,1,2,3 attempt=3970 2026-08-10T18:19:46-04:00
FAILED gemma-4b lmbd1000 attempt=3970; retrying in 300s
START gemma-4b lmbd1000 GPUs=0,1,2,3 attempt=3971 2026-08-10T18:24:51-04:00
FAILED gemma-4b lmbd1000 attempt=3971; retrying in 300s
START gemma-4b lmbd1000 GPUs=0,1,2,3 attempt=3972 2026-08-10T18:29:56-04:00
FAILED gemma-4b lmbd1000 attempt=3972; retrying in 300s
START gemma-4b lmbd1000 GPUs=0,1,2,3 attempt=3973 2026-08-10T18:35:01-04:00
FAILED gemma-4b lmbd1000 attempt=3973; retrying in 300s
START gemma-4b lmbd1000 GPUs=0,1,2,3 attempt=3974 2026-08-10T18:40:06-04:00
FAILED gemma-4b lmbd1000 attempt=3974; retrying in 300s
START gemma-4b lmbd1000 GPUs=0,1,2,3 attempt=3975 2026-08-10T18:45:12-04:00
FAILED gemma-4b lmbd1000 attempt=3975; retrying in 300s
START gemma-4b lmbd1000 GPUs=0,1,2,3 attempt=3976 2026-08-10T18:50:17-04:00
FAILED gemma-4b lmbd1000 attempt=3976; retrying in 300s
START gemma-4b lmbd1000 GPUs=0,1,2,3 attempt=3977 2026-08-10T18:55:22-04:00
FAILED gemma-4b lmbd1000 attempt=3977; retrying in 300s
START gemma-4b lmbd1000 GPUs=0,1,2,3 attempt=3978 2026-08-10T19:00:27-04:00
FAILED gemma-4b lmbd1000 attempt=3978; retrying in 300s
START gemma-4b lmbd1000 GPUs=0,1,2,3 attempt=3979 2026-08-10T19:05:32-04:00
FAILED gemma-4b lmbd1000 attempt=3979; retrying in 300s
START gemma-4b lmbd1000 GPUs=0,1,2,3 attempt=3980 2026-08-10T19:10:37-04:00
FAILED gemma-4b lmbd1000 attempt=3980; retrying in 300s
START gemma-4b lmbd1000 GPUs=0,1,2,3 attempt=3981 2026-08-10T19:15:42-04:00
FAILED gemma-4b lmbd1000 attempt=3981; retrying in 300s
START gemma-4b lmbd1000 GPUs=0,1,2,3 attempt=3982 2026-08-10T19:20:47-04:00
FAILED gemma-4b lmbd1000 attempt=3982; retrying in 300s
START gemma-4b lmbd1000 GPUs=0,1,2,3 attempt=3983 2026-08-10T19:25:52-04:00
FAILED gemma-4b lmbd1000 attempt=3983; retrying in 300s
START gemma-4b lmbd1000 GPUs=0,1,2,3 attempt=3984 2026-08-10T19:30:57-04:00
FAILED gemma-4b lmbd1000 attempt=3984; retrying in 300s
START gemma-4b lmbd1000 GPUs=0,1,2,3 attempt=3985 2026-08-10T19:36:03-04:00
FAILED gemma-4b lmbd1000 attempt=3985; retrying in 300s
START gemma-4b lmbd1000 GPUs=0,1,2,3 attempt=3986 2026-08-10T19:41:08-04:00
FAILED gemma-4b lmbd1000 attempt=3986; retrying in 300s
START gemma-4b lmbd1000 GPUs=0,1,2,3 attempt=3987 2026-08-10T19:46:13-04:00
FAILED gemma-4b lmbd1000 attempt=3987; retrying in 300s
START gemma-4b lmbd1000 GPUs=0,1,2,3 attempt=3988 2026-08-10T19:51:18-04:00
FAILED gemma-4b lmbd1000 attempt=3988; retrying in 300s
START gemma-4b lmbd1000 GPUs=0,1,2,3 attempt=3989 2026-08-10T19:56:23-04:00
FAILED gemma-4b lmbd1000 attempt=3989; retrying in 300s
START gemma-4b lmbd1000 GPUs=0,1,2,3 attempt=3990 2026-08-10T20:01:28-04:00
FAILED gemma-4b lmbd1000 attempt=3990; retrying in 300s
START gemma-4b lmbd1000 GPUs=0,1,2,3 attempt=3991 2026-08-10T20:06:33-04:00
FAILED gemma-4b lmbd1000 attempt=3991; retrying in 300s
START gemma-4b lmbd1000 GPUs=0,1,2,3 attempt=3992 2026-08-10T20:11:38-04:00
FAILED gemma-4b lmbd1000 attempt=3992; retrying in 300s
START gemma-4b lmbd1000 GPUs=0,1,2,3 attempt=3993 2026-08-10T20:16:45-04:00
FAILED gemma-4b lmbd1000 attempt=3993; retrying in 300s
START gemma-4b lmbd1000 GPUs=0,1,2,3 attempt=3994 2026-08-10T20:21:50-04:00
FAILED gemma-4b lmbd1000 attempt=3994; retrying in 300s
START gemma-4b lmbd1000 GPUs=0,1,2,3 attempt=3995 2026-08-10T20:26:55-04:00
FAILED gemma-4b lmbd1000 attempt=3995; retrying in 300s
START gemma-4b lmbd1000 GPUs=0,1,2,3 attempt=3996 2026-08-10T20:32:00-04:00
FAILED gemma-4b lmbd1000 attempt=3996; retrying in 300s
START gemma-4b lmbd1000 GPUs=0,1,2,3 attempt=3997 2026-08-10T20:37:05-04:00
FAILED gemma-4b lmbd1000 attempt=3997; retrying in 300s
START gemma-4b lmbd1000 GPUs=0,1,2,3 attempt=3998 2026-08-10T20:42:10-04:00
FAILED gemma-4b lmbd1000 attempt=3998; retrying in 300s
START gemma-4b lmbd1000 GPUs=0,1,2,3 attempt=3999 2026-08-10T20:47:15-04:00
FAILED gemma-4b lmbd1000 attempt=3999; retrying in 300s
START gemma-4b lmbd1000 GPUs=0,1,2,3 attempt=4000 2026-08-10T20:52:20-04:00
FAILED gemma-4b lmbd1000 attempt=4000; retrying in 300s
START gemma-4b lmbd1000 GPUs=0,1,2,3 attempt=4001 2026-08-10T20:57:26-04:00
FAILED gemma-4b lmbd1000 attempt=4001; retrying in 300s
START gemma-4b lmbd1000 GPUs=0,1,2,3 attempt=4002 2026-08-10T21:02:31-04:00
FAILED gemma-4b lmbd1000 attempt=4002; retrying in 300s
START gemma-4b lmbd1000 GPUs=0,1,2,3 attempt=4003 2026-08-10T21:07:36-04:00
FAILED gemma-4b lmbd1000 attempt=4003; retrying in 300s
START gemma-4b lmbd1000 GPUs=0,1,2,3 attempt=4004 2026-08-10T21:12:41-04:00
FAILED gemma-4b lmbd1000 attempt=4004; retrying in 300s
START gemma-4b lmbd1000 GPUs=0,1,2,3 attempt=4005 2026-08-10T21:17:46-04:00
FAILED gemma-4b lmbd1000 attempt=4005; retrying in 300s
START gemma-4b lmbd1000 GPUs=0,1,2,3 attempt=4006 2026-08-10T21:22:51-04:00
FAILED gemma-4b lmbd1000 attempt=4006; retrying in 300s
START gemma-4b lmbd1000 GPUs=0,1,2,3 attempt=4007 2026-08-10T21:27:56-04:00
FAILED gemma-4b lmbd1000 attempt=4007; retrying in 300s
START gemma-4b lmbd1000 GPUs=0,1,2,3 attempt=4008 2026-08-10T21:33:02-04:00
FAILED gemma-4b lmbd1000 attempt=4008; retrying in 300s
START gemma-4b lmbd1000 GPUs=0,1,2,3 attempt=4009 2026-08-10T21:38:07-04:00
FAILED gemma-4b lmbd1000 attempt=4009; retrying in 300s
START gemma-4b lmbd1000 GPUs=0,1,2,3 attempt=4010 2026-08-10T21:43:12-04:00
FAILED gemma-4b lmbd1000 attempt=4010; retrying in 300s
START gemma-4b lmbd1000 GPUs=0,1,2,3 attempt=4011 2026-08-10T21:48:17-04:00
FAILED gemma-4b lmbd1000 attempt=4011; retrying in 300s
START gemma-4b lmbd1000 GPUs=0,1,2,3 attempt=4012 2026-08-10T21:53:22-04:00
FAILED gemma-4b lmbd1000 attempt=4012; retrying in 300s
START gemma-4b lmbd1000 GPUs=0,1,2,3 attempt=4013 2026-08-10T21:58:27-04:00
FAILED gemma-4b lmbd1000 attempt=4013; retrying in 300s
START gemma-4b lmbd1000 GPUs=0,1,2,3 attempt=4014 2026-08-10T22:03:32-04:00
FAILED gemma-4b lmbd1000 attempt=4014; retrying in 300s
START gemma-4b lmbd1000 GPUs=0,1,2,3 attempt=4015 2026-08-10T22:08:37-04:00
FAILED gemma-4b lmbd1000 attempt=4015; retrying in 300s
START gemma-4b lmbd1000 GPUs=0,1,2,3 attempt=4016 2026-08-10T22:13:42-04:00
FAILED gemma-4b lmbd1000 attempt=4016; retrying in 300s
START gemma-4b lmbd1000 GPUs=0,1,2,3 attempt=4017 2026-08-10T22:18:48-04:00
FAILED gemma-4b lmbd1000 attempt=4017; retrying in 300s
START gemma-4b lmbd1000 GPUs=0,1,2,3 attempt=4018 2026-08-10T22:23:53-04:00
FAILED gemma-4b lmbd1000 attempt=4018; retrying in 300s
START gemma-4b lmbd1000 GPUs=0,1,2,3 attempt=4019 2026-08-10T22:28:58-04:00
FAILED gemma-4b lmbd1000 attempt=4019; retrying in 300s
START gemma-4b lmbd1000 GPUs=0,1,2,3 attempt=4020 2026-08-10T22:34:03-04:00
FAILED gemma-4b lmbd1000 attempt=4020; retrying in 300s
START gemma-4b lmbd1000 GPUs=0,1,2,3 attempt=4021 2026-08-10T22:39:08-04:00
FAILED gemma-4b lmbd1000 attempt=4021; retrying in 300s
START gemma-4b lmbd1000 GPUs=0,1,2,3 attempt=4022 2026-08-10T22:44:13-04:00
FAILED gemma-4b lmbd1000 attempt=4022; retrying in 300s
START gemma-4b lmbd1000 GPUs=0,1,2,3 attempt=4023 2026-08-10T22:49:18-04:00
FAILED gemma-4b lmbd1000 attempt=4023; retrying in 300s
START gemma-4b lmbd1000 GPUs=0,1,2,3 attempt=4024 2026-08-10T22:54:23-04:00
FAILED gemma-4b lmbd1000 attempt=4024; retrying in 300s
START gemma-4b lmbd1000 GPUs=0,1,2,3 attempt=4025 2026-08-10T22:59:28-04:00
FAILED gemma-4b lmbd1000 attempt=4025; retrying in 300s
START gemma-4b lmbd1000 GPUs=0,1,2,3 attempt=4026 2026-08-10T23:04:34-04:00
FAILED gemma-4b lmbd1000 attempt=4026; retrying in 300s
START gemma-4b lmbd1000 GPUs=0,1,2,3 attempt=4027 2026-08-10T23:09:39-04:00
FAILED gemma-4b lmbd1000 attempt=4027; retrying in 300s
START gemma-4b lmbd1000 GPUs=0,1,2,3 attempt=4028 2026-08-10T23:14:44-04:00
FAILED gemma-4b lmbd1000 attempt=4028; retrying in 300s
START gemma-4b lmbd1000 GPUs=0,1,2,3 attempt=4029 2026-08-10T23:19:49-04:00
FAILED gemma-4b lmbd1000 attempt=4029; retrying in 300s
START gemma-4b lmbd1000 GPUs=0,1,2,3 attempt=4030 2026-08-10T23:24:54-04:00
FAILED gemma-4b lmbd1000 attempt=4030; retrying in 300s
START gemma-4b lmbd1000 GPUs=0,1,2,3 attempt=4031 2026-08-10T23:29:59-04:00
FAILED gemma-4b lmbd1000 attempt=4031; retrying in 300s
START gemma-4b lmbd1000 GPUs=0,1,2,3 attempt=4032 2026-08-10T23:35:04-04:00
FAILED gemma-4b lmbd1000 attempt=4032; retrying in 300s
START gemma-4b lmbd1000 GPUs=0,1,2,3 attempt=4033 2026-08-10T23:40:09-04:00
FAILED gemma-4b lmbd1000 attempt=4033; retrying in 300s
START gemma-4b lmbd1000 GPUs=0,1,2,3 attempt=4034 2026-08-10T23:45:15-04:00
FAILED gemma-4b lmbd1000 attempt=4034; retrying in 300s
START gemma-4b lmbd1000 GPUs=0,1,2,3 attempt=4035 2026-08-10T23:50:20-04:00
FAILED gemma-4b lmbd1000 attempt=4035; retrying in 300s
START gemma-4b lmbd1000 GPUs=0,1,2,3 attempt=4036 2026-08-10T23:55:25-04:00
FAILED gemma-4b lmbd1000 attempt=4036; retrying in 300s
START gemma-4b lmbd1000 GPUs=0,1,2,3 attempt=4037 2026-08-11T00:00:30-04:00
FAILED gemma-4b lmbd1000 attempt=4037; retrying in 300s
START gemma-4b lmbd1000 GPUs=0,1,2,3 attempt=4038 2026-08-11T00:05:35-04:00
FAILED gemma-4b lmbd1000 attempt=4038; retrying in 300s
START gemma-4b lmbd1000 GPUs=0,1,2,3 attempt=4039 2026-08-11T00:10:40-04:00
FAILED gemma-4b lmbd1000 attempt=4039; retrying in 300s
START gemma-4b lmbd1000 GPUs=0,1,2,3 attempt=4040 2026-08-11T00:15:45-04:00
FAILED gemma-4b lmbd1000 attempt=4040; retrying in 300s
START gemma-4b lmbd1000 GPUs=0,1,2,3 attempt=4041 2026-08-11T00:20:50-04:00
FAILED gemma-4b lmbd1000 attempt=4041; retrying in 300s
START gemma-4b lmbd1000 GPUs=0,1,2,3 attempt=4042 2026-08-11T00:25:55-04:00
FAILED gemma-4b lmbd1000 attempt=4042; retrying in 300s
START gemma-4b lmbd1000 GPUs=0,1,2,3 attempt=4043 2026-08-11T00:31:01-04:00
FAILED gemma-4b lmbd1000 attempt=4043; retrying in 300s
START gemma-4b lmbd1000 GPUs=0,1,2,3 attempt=4044 2026-08-11T00:36:06-04:00
FAILED gemma-4b lmbd1000 attempt=4044; retrying in 300s
START gemma-4b lmbd1000 GPUs=0,1,2,3 attempt=4045 2026-08-11T00:41:11-04:00
FAILED gemma-4b lmbd1000 attempt=4045; retrying in 300s
START gemma-4b lmbd1000 GPUs=0,1,2,3 attempt=4046 2026-08-11T00:46:16-04:00
FAILED gemma-4b lmbd1000 attempt=4046; retrying in 300s
START gemma-4b lmbd1000 GPUs=0,1,2,3 attempt=4047 2026-08-11T00:51:21-04:00
FAILED gemma-4b lmbd1000 attempt=4047; retrying in 300s
START gemma-4b lmbd1000 GPUs=0,1,2,3 attempt=4048 2026-08-11T00:56:26-04:00
FAILED gemma-4b lmbd1000 attempt=4048; retrying in 300s
START gemma-4b lmbd1000 GPUs=0,1,2,3 attempt=4049 2026-08-11T01:01:31-04:00
FAILED gemma-4b lmbd1000 attempt=4049; retrying in 300s
START gemma-4b lmbd1000 GPUs=0,1,2,3 attempt=4050 2026-08-11T01:06:36-04:00
FAILED gemma-4b lmbd1000 attempt=4050; retrying in 300s
START gemma-4b lmbd1000 GPUs=0,1,2,3 attempt=4051 2026-08-11T01:11:41-04:00
FAILED gemma-4b lmbd1000 attempt=4051; retrying in 300s
START gemma-4b lmbd1000 GPUs=0,1,2,3 attempt=4052 2026-08-11T01:16:47-04:00
FAILED gemma-4b lmbd1000 attempt=4052; retrying in 300s
START gemma-4b lmbd1000 GPUs=0,1,2,3 attempt=4053 2026-08-11T01:21:52-04:00
FAILED gemma-4b lmbd1000 attempt=4053; retrying in 300s
START gemma-4b lmbd1000 GPUs=0,1,2,3 attempt=4054 2026-08-11T01:26:57-04:00
FAILED gemma-4b lmbd1000 attempt=4054; retrying in 300s
START gemma-4b lmbd1000 GPUs=0,1,2,3 attempt=4055 2026-08-11T01:32:02-04:00
FAILED gemma-4b lmbd1000 attempt=4055; retrying in 300s
START gemma-4b lmbd1000 GPUs=0,1,2,3 attempt=4056 2026-08-11T01:37:07-04:00
FAILED gemma-4b lmbd1000 attempt=4056; retrying in 300s
START gemma-4b lmbd1000 GPUs=0,1,2,3 attempt=4057 2026-08-11T01:42:12-04:00
FAILED gemma-4b lmbd1000 attempt=4057; retrying in 300s
START gemma-4b lmbd1000 GPUs=0,1,2,3 attempt=4058 2026-08-11T01:47:17-04:00
FAILED gemma-4b lmbd1000 attempt=4058; retrying in 300s
START gemma-4b lmbd1000 GPUs=0,1,2,3 attempt=4059 2026-08-11T01:52:22-04:00
FAILED gemma-4b lmbd1000 attempt=4059; retrying in 300s
START gemma-4b lmbd1000 GPUs=0,1,2,3 attempt=4060 2026-08-11T01:57:27-04:00
FAILED gemma-4b lmbd1000 attempt=4060; retrying in 300s
START gemma-4b lmbd1000 GPUs=0,1,2,3 attempt=4061 2026-08-11T02:02:33-04:00
FAILED gemma-4b lmbd1000 attempt=4061; retrying in 300s
START gemma-4b lmbd1000 GPUs=0,1,2,3 attempt=4062 2026-08-11T02:07:38-04:00
FAILED gemma-4b lmbd1000 attempt=4062; retrying in 300s
START gemma-4b lmbd1000 GPUs=0,1,2,3 attempt=4063 2026-08-11T02:12:43-04:00
FAILED gemma-4b lmbd1000 attempt=4063; retrying in 300s
START gemma-4b lmbd1000 GPUs=0,1,2,3 attempt=4064 2026-08-11T02:17:48-04:00
FAILED gemma-4b lmbd1000 attempt=4064; retrying in 300s
START gemma-4b lmbd1000 GPUs=0,1,2,3 attempt=4065 2026-08-11T02:22:53-04:00
FAILED gemma-4b lmbd1000 attempt=4065; retrying in 300s
START gemma-4b lmbd1000 GPUs=0,1,2,3 attempt=4066 2026-08-11T02:27:58-04:00
FAILED gemma-4b lmbd1000 attempt=4066; retrying in 300s
START gemma-4b lmbd1000 GPUs=0,1,2,3 attempt=4067 2026-08-11T02:33:03-04:00
FAILED gemma-4b lmbd1000 attempt=4067; retrying in 300s
START gemma-4b lmbd1000 GPUs=0,1,2,3 attempt=4068 2026-08-11T02:38:09-04:00
FAILED gemma-4b lmbd1000 attempt=4068; retrying in 300s
START gemma-4b lmbd1000 GPUs=0,1,2,3 attempt=4069 2026-08-11T02:43:14-04:00
FAILED gemma-4b lmbd1000 attempt=4069; retrying in 300s
START gemma-4b lmbd1000 GPUs=0,1,2,3 attempt=4070 2026-08-11T02:48:19-04:00
FAILED gemma-4b lmbd1000 attempt=4070; retrying in 300s
START gemma-4b lmbd1000 GPUs=0,1,2,3 attempt=4071 2026-08-11T02:53:25-04:00
FAILED gemma-4b lmbd1000 attempt=4071; retrying in 300s
START gemma-4b lmbd1000 GPUs=0,1,2,3 attempt=4072 2026-08-11T02:58:30-04:00
FAILED gemma-4b lmbd1000 attempt=4072; retrying in 300s
START gemma-4b lmbd1000 GPUs=0,1,2,3 attempt=4073 2026-08-11T03:03:35-04:00
FAILED gemma-4b lmbd1000 attempt=4073; retrying in 300s
START gemma-4b lmbd1000 GPUs=0,1,2,3 attempt=4074 2026-08-11T03:08:40-04:00
FAILED gemma-4b lmbd1000 attempt=4074; retrying in 300s
START gemma-4b lmbd1000 GPUs=0,1,2,3 attempt=4075 2026-08-11T03:13:45-04:00
FAILED gemma-4b lmbd1000 attempt=4075; retrying in 300s
START gemma-4b lmbd1000 GPUs=0,1,2,3 attempt=4076 2026-08-11T03:18:50-04:00
FAILED gemma-4b lmbd1000 attempt=4076; retrying in 300s
START gemma-4b lmbd1000 GPUs=0,1,2,3 attempt=4077 2026-08-11T03:23:56-04:00
FAILED gemma-4b lmbd1000 attempt=4077; retrying in 300s
START gemma-4b lmbd1000 GPUs=0,1,2,3 attempt=4078 2026-08-11T03:29:01-04:00
FAILED gemma-4b lmbd1000 attempt=4078; retrying in 300s
START gemma-4b lmbd1000 GPUs=0,1,2,3 attempt=4079 2026-08-11T03:34:06-04:00
FAILED gemma-4b lmbd1000 attempt=4079; retrying in 300s
START gemma-4b lmbd1000 GPUs=0,1,2,3 attempt=4080 2026-08-11T03:39:11-04:00
FAILED gemma-4b lmbd1000 attempt=4080; retrying in 300s
START gemma-4b lmbd1000 GPUs=0,1,2,3 attempt=4081 2026-08-11T03:44:16-04:00
FAILED gemma-4b lmbd1000 attempt=4081; retrying in 300s
START gemma-4b lmbd1000 GPUs=0,1,2,3 attempt=4082 2026-08-11T03:49:21-04:00
FAILED gemma-4b lmbd1000 attempt=4082; retrying in 300s
START gemma-4b lmbd1000 GPUs=0,1,2,3 attempt=4083 2026-08-11T03:54:27-04:00
FAILED gemma-4b lmbd1000 attempt=4083; retrying in 300s
START gemma-4b lmbd1000 GPUs=0,1,2,3 attempt=4084 2026-08-11T03:59:32-04:00
FAILED gemma-4b lmbd1000 attempt=4084; retrying in 300s
START gemma-4b lmbd1000 GPUs=0,1,2,3 attempt=4085 2026-08-11T04:04:37-04:00
FAILED gemma-4b lmbd1000 attempt=4085; retrying in 300s
START gemma-4b lmbd1000 GPUs=0,1,2,3 attempt=4086 2026-08-11T04:09:42-04:00
FAILED gemma-4b lmbd1000 attempt=4086; retrying in 300s
START gemma-4b lmbd1000 GPUs=0,1,2,3 attempt=4087 2026-08-11T04:14:47-04:00
FAILED gemma-4b lmbd1000 attempt=4087; retrying in 300s
START gemma-4b lmbd1000 GPUs=0,1,2,3 attempt=4088 2026-08-11T04:19:52-04:00
FAILED gemma-4b lmbd1000 attempt=4088; retrying in 300s
START gemma-4b lmbd1000 GPUs=0,1,2,3 attempt=4089 2026-08-11T04:24:57-04:00
FAILED gemma-4b lmbd1000 attempt=4089; retrying in 300s
START gemma-4b lmbd1000 GPUs=0,1,2,3 attempt=4090 2026-08-11T04:30:02-04:00
FAILED gemma-4b lmbd1000 attempt=4090; retrying in 300s
START gemma-4b lmbd1000 GPUs=0,1,2,3 attempt=4091 2026-08-11T04:35:07-04:00
FAILED gemma-4b lmbd1000 attempt=4091; retrying in 300s
START gemma-4b lmbd1000 GPUs=0,1,2,3 attempt=4092 2026-08-11T04:40:13-04:00
FAILED gemma-4b lmbd1000 attempt=4092; retrying in 300s
START gemma-4b lmbd1000 GPUs=0,1,2,3 attempt=4093 2026-08-11T04:45:18-04:00
FAILED gemma-4b lmbd1000 attempt=4093; retrying in 300s
START gemma-4b lmbd1000 GPUs=0,1,2,3 attempt=4094 2026-08-11T04:50:23-04:00
FAILED gemma-4b lmbd1000 attempt=4094; retrying in 300s
START gemma-4b lmbd1000 GPUs=0,1,2,3 attempt=4095 2026-08-11T04:55:28-04:00
FAILED gemma-4b lmbd1000 attempt=4095; retrying in 300s
START gemma-4b lmbd1000 GPUs=0,1,2,3 attempt=4096 2026-08-11T05:00:33-04:00
FAILED gemma-4b lmbd1000 attempt=4096; retrying in 300s
START gemma-4b lmbd1000 GPUs=0,1,2,3 attempt=4097 2026-08-11T05:05:38-04:00
FAILED gemma-4b lmbd1000 attempt=4097; retrying in 300s
START gemma-4b lmbd1000 GPUs=0,1,2,3 attempt=4098 2026-08-11T05:10:43-04:00
FAILED gemma-4b lmbd1000 attempt=4098; retrying in 300s
START gemma-4b lmbd1000 GPUs=0,1,2,3 attempt=4099 2026-08-11T05:15:49-04:00
FAILED gemma-4b lmbd1000 attempt=4099; retrying in 300s
START gemma-4b lmbd1000 GPUs=0,1,2,3 attempt=4100 2026-08-11T05:20:54-04:00
FAILED gemma-4b lmbd1000 attempt=4100; retrying in 300s
START gemma-4b lmbd1000 GPUs=0,1,2,3 attempt=4101 2026-08-11T05:25:59-04:00
FAILED gemma-4b lmbd1000 attempt=4101; retrying in 300s
START gemma-4b lmbd1000 GPUs=0,1,2,3 attempt=4102 2026-08-11T05:31:04-04:00
FAILED gemma-4b lmbd1000 attempt=4102; retrying in 300s
START gemma-4b lmbd1000 GPUs=0,1,2,3 attempt=4103 2026-08-11T05:36:09-04:00
FAILED gemma-4b lmbd1000 attempt=4103; retrying in 300s
START gemma-4b lmbd1000 GPUs=0,1,2,3 attempt=4104 2026-08-11T05:41:14-04:00
FAILED gemma-4b lmbd1000 attempt=4104; retrying in 300s
START gemma-4b lmbd1000 GPUs=0,1,2,3 attempt=4105 2026-08-11T05:46:19-04:00
FAILED gemma-4b lmbd1000 attempt=4105; retrying in 300s
START gemma-4b lmbd1000 GPUs=0,1,2,3 attempt=4106 2026-08-11T05:51:24-04:00
FAILED gemma-4b lmbd1000 attempt=4106; retrying in 300s
START gemma-4b lmbd1000 GPUs=0,1,2,3 attempt=4107 2026-08-11T05:56:30-04:00
FAILED gemma-4b lmbd1000 attempt=4107; retrying in 300s
START gemma-4b lmbd1000 GPUs=0,1,2,3 attempt=4108 2026-08-11T06:01:35-04:00
FAILED gemma-4b lmbd1000 attempt=4108; retrying in 300s
START gemma-4b lmbd1000 GPUs=0,1,2,3 attempt=4109 2026-08-11T06:06:40-04:00
FAILED gemma-4b lmbd1000 attempt=4109; retrying in 300s
START gemma-4b lmbd1000 GPUs=0,1,2,3 attempt=4110 2026-08-11T06:11:45-04:00
FAILED gemma-4b lmbd1000 attempt=4110; retrying in 300s
START gemma-4b lmbd1000 GPUs=0,1,2,3 attempt=4111 2026-08-11T06:16:50-04:00
FAILED gemma-4b lmbd1000 attempt=4111; retrying in 300s
START gemma-4b lmbd1000 GPUs=0,1,2,3 attempt=4112 2026-08-11T06:21:55-04:00
FAILED gemma-4b lmbd1000 attempt=4112; retrying in 300s
START gemma-4b lmbd1000 GPUs=0,1,2,3 attempt=4113 2026-08-11T06:27:00-04:00
FAILED gemma-4b lmbd1000 attempt=4113; retrying in 300s
START gemma-4b lmbd1000 GPUs=0,1,2,3 attempt=4114 2026-08-11T06:32:05-04:00
FAILED gemma-4b lmbd1000 attempt=4114; retrying in 300s
START gemma-4b lmbd1000 GPUs=0,1,2,3 attempt=4115 2026-08-11T06:37:10-04:00
FAILED gemma-4b lmbd1000 attempt=4115; retrying in 300s
START gemma-4b lmbd1000 GPUs=0,1,2,3 attempt=4116 2026-08-11T06:42:16-04:00
FAILED gemma-4b lmbd1000 attempt=4116; retrying in 300s
START gemma-4b lmbd1000 GPUs=0,1,2,3 attempt=4117 2026-08-11T06:47:21-04:00
FAILED gemma-4b lmbd1000 attempt=4117; retrying in 300s
START gemma-4b lmbd1000 GPUs=0,1,2,3 attempt=4118 2026-08-11T06:52:26-04:00
FAILED gemma-4b lmbd1000 attempt=4118; retrying in 300s
START gemma-4b lmbd1000 GPUs=0,1,2,3 attempt=4119 2026-08-11T06:57:31-04:00
FAILED gemma-4b lmbd1000 attempt=4119; retrying in 300s
START gemma-4b lmbd1000 GPUs=0,1,2,3 attempt=4120 2026-08-11T07:02:36-04:00
FAILED gemma-4b lmbd1000 attempt=4120; retrying in 300s
START gemma-4b lmbd1000 GPUs=0,1,2,3 attempt=4121 2026-08-11T07:07:42-04:00
FAILED gemma-4b lmbd1000 attempt=4121; retrying in 300s
START gemma-4b lmbd1000 GPUs=0,1,2,3 attempt=4122 2026-08-11T07:12:47-04:00
FAILED gemma-4b lmbd1000 attempt=4122; retrying in 300s
START gemma-4b lmbd1000 GPUs=0,1,2,3 attempt=4123 2026-08-11T07:17:52-04:00
FAILED gemma-4b lmbd1000 attempt=4123; retrying in 300s
START gemma-4b lmbd1000 GPUs=0,1,2,3 attempt=4124 2026-08-11T07:22:57-04:00
FAILED gemma-4b lmbd1000 attempt=4124; retrying in 300s
START gemma-4b lmbd1000 GPUs=0,1,2,3 attempt=4125 2026-08-11T07:28:03-04:00
FAILED gemma-4b lmbd1000 attempt=4125; retrying in 300s
START gemma-4b lmbd1000 GPUs=0,1,2,3 attempt=4126 2026-08-11T07:33:08-04:00
FAILED gemma-4b lmbd1000 attempt=4126; retrying in 300s
START gemma-4b lmbd1000 GPUs=0,1,2,3 attempt=4127 2026-08-11T07:38:13-04:00
FAILED gemma-4b lmbd1000 attempt=4127; retrying in 300s
START gemma-4b lmbd1000 GPUs=0,1,2,3 attempt=4128 2026-08-11T07:43:18-04:00
FAILED gemma-4b lmbd1000 attempt=4128; retrying in 300s
START gemma-4b lmbd1000 GPUs=0,1,2,3 attempt=4129 2026-08-11T07:48:23-04:00
FAILED gemma-4b lmbd1000 attempt=4129; retrying in 300s
START gemma-4b lmbd1000 GPUs=0,1,2,3 attempt=4130 2026-08-11T07:53:28-04:00
FAILED gemma-4b lmbd1000 attempt=4130; retrying in 300s
START gemma-4b lmbd1000 GPUs=0,1,2,3 attempt=4131 2026-08-11T07:58:33-04:00
FAILED gemma-4b lmbd1000 attempt=4131; retrying in 300s
START gemma-4b lmbd1000 GPUs=0,1,2,3 attempt=4132 2026-08-11T08:03:38-04:00
FAILED gemma-4b lmbd1000 attempt=4132; retrying in 300s
START gemma-4b lmbd1000 GPUs=0,1,2,3 attempt=4133 2026-08-11T08:08:43-04:00
FAILED gemma-4b lmbd1000 attempt=4133; retrying in 300s
START gemma-4b lmbd1000 GPUs=0,1,2,3 attempt=4134 2026-08-11T08:13:49-04:00
FAILED gemma-4b lmbd1000 attempt=4134; retrying in 300s
START gemma-4b lmbd1000 GPUs=0,1,2,3 attempt=4135 2026-08-11T08:18:54-04:00
FAILED gemma-4b lmbd1000 attempt=4135; retrying in 300s
START gemma-4b lmbd1000 GPUs=0,1,2,3 attempt=4136 2026-08-11T08:23:59-04:00
FAILED gemma-4b lmbd1000 attempt=4136; retrying in 300s
START gemma-4b lmbd1000 GPUs=0,1,2,3 attempt=4137 2026-08-11T08:29:04-04:00
FAILED gemma-4b lmbd1000 attempt=4137; retrying in 300s
START gemma-4b lmbd1000 GPUs=0,1,2,3 attempt=4138 2026-08-11T08:34:09-04:00
FAILED gemma-4b lmbd1000 attempt=4138; retrying in 300s
START gemma-4b lmbd1000 GPUs=0,1,2,3 attempt=4139 2026-08-11T08:39:14-04:00
FAILED gemma-4b lmbd1000 attempt=4139; retrying in 300s
START gemma-4b lmbd1000 GPUs=0,1,2,3 attempt=4140 2026-08-11T08:44:19-04:00
FAILED gemma-4b lmbd1000 attempt=4140; retrying in 300s
START gemma-4b lmbd1000 GPUs=0,1,2,3 attempt=4141 2026-08-11T08:49:24-04:00
FAILED gemma-4b lmbd1000 attempt=4141; retrying in 300s
START gemma-4b lmbd1000 GPUs=0,1,2,3 attempt=4142 2026-08-11T08:54:29-04:00
FAILED gemma-4b lmbd1000 attempt=4142; retrying in 300s
START gemma-4b lmbd1000 GPUs=0,1,2,3 attempt=4143 2026-08-11T08:59:35-04:00
FAILED gemma-4b lmbd1000 attempt=4143; retrying in 300s
START gemma-4b lmbd1000 GPUs=0,1,2,3 attempt=4144 2026-08-11T09:04:40-04:00
FAILED gemma-4b lmbd1000 attempt=4144; retrying in 300s
START gemma-4b lmbd1000 GPUs=0,1,2,3 attempt=4145 2026-08-11T09:09:45-04:00
FAILED gemma-4b lmbd1000 attempt=4145; retrying in 300s
START gemma-4b lmbd1000 GPUs=0,1,2,3 attempt=4146 2026-08-11T09:14:50-04:00
FAILED gemma-4b lmbd1000 attempt=4146; retrying in 300s
START gemma-4b lmbd1000 GPUs=0,1,2,3 attempt=4147 2026-08-11T09:19:55-04:00
FAILED gemma-4b lmbd1000 attempt=4147; retrying in 300s
START gemma-4b lmbd1000 GPUs=0,1,2,3 attempt=4148 2026-08-11T09:25:00-04:00
FAILED gemma-4b lmbd1000 attempt=4148; retrying in 300s
START gemma-4b lmbd1000 GPUs=0,1,2,3 attempt=4149 2026-08-11T09:30:05-04:00
FAILED gemma-4b lmbd1000 attempt=4149; retrying in 300s
START gemma-4b lmbd1000 GPUs=0,1,2,3 attempt=4150 2026-08-11T09:35:10-04:00
FAILED gemma-4b lmbd1000 attempt=4150; retrying in 300s
START gemma-4b lmbd1000 GPUs=0,1,2,3 attempt=4151 2026-08-11T09:40:15-04:00
FAILED gemma-4b lmbd1000 attempt=4151; retrying in 300s
START gemma-4b lmbd1000 GPUs=0,1,2,3 attempt=4152 2026-08-11T09:45:20-04:00
FAILED gemma-4b lmbd1000 attempt=4152; retrying in 300s
START gemma-4b lmbd1000 GPUs=0,1,2,3 attempt=4153 2026-08-11T09:50:26-04:00
FAILED gemma-4b lmbd1000 attempt=4153; retrying in 300s
START gemma-4b lmbd1000 GPUs=0,1,2,3 attempt=4154 2026-08-11T09:55:31-04:00
FAILED gemma-4b lmbd1000 attempt=4154; retrying in 300s
START gemma-4b lmbd1000 GPUs=0,1,2,3 attempt=4155 2026-08-11T10:00:36-04:00
FAILED gemma-4b lmbd1000 attempt=4155; retrying in 300s
START gemma-4b lmbd1000 GPUs=0,1,2,3 attempt=4156 2026-08-11T10:05:41-04:00
FAILED gemma-4b lmbd1000 attempt=4156; retrying in 300s
START gemma-4b lmbd1000 GPUs=0,1,2,3 attempt=4157 2026-08-11T10:10:46-04:00
FAILED gemma-4b lmbd1000 attempt=4157; retrying in 300s
START gemma-4b lmbd1000 GPUs=0,1,2,3 attempt=4158 2026-08-11T10:15:51-04:00
FAILED gemma-4b lmbd1000 attempt=4158; retrying in 300s
START gemma-4b lmbd1000 GPUs=0,1,2,3 attempt=4159 2026-08-11T10:20:56-04:00
FAILED gemma-4b lmbd1000 attempt=4159; retrying in 300s
START gemma-4b lmbd1000 GPUs=0,1,2,3 attempt=4160 2026-08-11T10:26:01-04:00
FAILED gemma-4b lmbd1000 attempt=4160; retrying in 300s
START gemma-4b lmbd1000 GPUs=0,1,2,3 attempt=4161 2026-08-11T10:31:06-04:00
FAILED gemma-4b lmbd1000 attempt=4161; retrying in 300s
START gemma-4b lmbd1000 GPUs=0,1,2,3 attempt=4162 2026-08-11T10:36:12-04:00
FAILED gemma-4b lmbd1000 attempt=4162; retrying in 300s
START gemma-4b lmbd1000 GPUs=0,1,2,3 attempt=4163 2026-08-11T10:41:17-04:00
FAILED gemma-4b lmbd1000 attempt=4163; retrying in 300s
START gemma-4b lmbd1000 GPUs=0,1,2,3 attempt=4164 2026-08-11T10:46:22-04:00
FAILED gemma-4b lmbd1000 attempt=4164; retrying in 300s
START gemma-4b lmbd1000 GPUs=0,1,2,3 attempt=4165 2026-08-11T10:51:27-04:00
FAILED gemma-4b lmbd1000 attempt=4165; retrying in 300s
START gemma-4b lmbd1000 GPUs=0,1,2,3 attempt=4166 2026-08-11T10:56:32-04:00
FAILED gemma-4b lmbd1000 attempt=4166; retrying in 300s
START gemma-4b lmbd1000 GPUs=0,1,2,3 attempt=4167 2026-08-11T11:01:37-04:00
FAILED gemma-4b lmbd1000 attempt=4167; retrying in 300s
START gemma-4b lmbd1000 GPUs=0,1,2,3 attempt=4168 2026-08-11T11:06:42-04:00
FAILED gemma-4b lmbd1000 attempt=4168; retrying in 300s
START gemma-4b lmbd1000 GPUs=0,1,2,3 attempt=4169 2026-08-11T11:11:47-04:00
FAILED gemma-4b lmbd1000 attempt=4169; retrying in 300s
START gemma-4b lmbd1000 GPUs=0,1,2,3 attempt=4170 2026-08-11T11:16:52-04:00
FAILED gemma-4b lmbd1000 attempt=4170; retrying in 300s
START gemma-4b lmbd1000 GPUs=0,1,2,3 attempt=4171 2026-08-11T11:21:58-04:00
FAILED gemma-4b lmbd1000 attempt=4171; retrying in 300s
START gemma-4b lmbd1000 GPUs=0,1,2,3 attempt=4172 2026-08-11T11:27:03-04:00
FAILED gemma-4b lmbd1000 attempt=4172; retrying in 300s
START gemma-4b lmbd1000 GPUs=0,1,2,3 attempt=4173 2026-08-11T11:32:08-04:00
FAILED gemma-4b lmbd1000 attempt=4173; retrying in 300s
START gemma-4b lmbd1000 GPUs=0,1,2,3 attempt=4174 2026-08-11T11:37:13-04:00
FAILED gemma-4b lmbd1000 attempt=4174; retrying in 300s
START gemma-4b lmbd1000 GPUs=0,1,2,3 attempt=4175 2026-08-11T11:42:18-04:00
FAILED gemma-4b lmbd1000 attempt=4175; retrying in 300s
START gemma-4b lmbd1000 GPUs=0,1,2,3 attempt=4176 2026-08-11T11:47:23-04:00
FAILED gemma-4b lmbd1000 attempt=4176; retrying in 300s
START gemma-4b lmbd1000 GPUs=0,1,2,3 attempt=4177 2026-08-11T11:52:28-04:00
FAILED gemma-4b lmbd1000 attempt=4177; retrying in 300s
START gemma-4b lmbd1000 GPUs=0,1,2,3 attempt=4178 2026-08-11T11:57:33-04:00
FAILED gemma-4b lmbd1000 attempt=4178; retrying in 300s
START gemma-4b lmbd1000 GPUs=0,1,2,3 attempt=4179 2026-08-11T12:02:38-04:00
FAILED gemma-4b lmbd1000 attempt=4179; retrying in 300s
START gemma-4b lmbd1000 GPUs=0,1,2,3 attempt=4180 2026-08-11T12:07:43-04:00
FAILED gemma-4b lmbd1000 attempt=4180; retrying in 300s
START gemma-4b lmbd1000 GPUs=0,1,2,3 attempt=4181 2026-08-11T12:12:49-04:00
FAILED gemma-4b lmbd1000 attempt=4181; retrying in 300s
START gemma-4b lmbd1000 GPUs=0,1,2,3 attempt=4182 2026-08-11T12:17:54-04:00
FAILED gemma-4b lmbd1000 attempt=4182; retrying in 300s
START gemma-4b lmbd1000 GPUs=0,1,2,3 attempt=4183 2026-08-11T12:22:59-04:00
FAILED gemma-4b lmbd1000 attempt=4183; retrying in 300s
START gemma-4b lmbd1000 GPUs=0,1,2,3 attempt=4184 2026-08-11T12:28:04-04:00
FAILED gemma-4b lmbd1000 attempt=4184; retrying in 300s
START gemma-4b lmbd1000 GPUs=0,1,2,3 attempt=4185 2026-08-11T12:33:09-04:00
FAILED gemma-4b lmbd1000 attempt=4185; retrying in 300s
START gemma-4b lmbd1000 GPUs=0,1,2,3 attempt=4186 2026-08-11T12:38:14-04:00
FAILED gemma-4b lmbd1000 attempt=4186; retrying in 300s
START gemma-4b lmbd1000 GPUs=0,1,2,3 attempt=4187 2026-08-11T12:43:19-04:00
FAILED gemma-4b lmbd1000 attempt=4187; retrying in 300s
START gemma-4b lmbd1000 GPUs=0,1,2,3 attempt=4188 2026-08-11T12:48:24-04:00
FAILED gemma-4b lmbd1000 attempt=4188; retrying in 300s
START gemma-4b lmbd1000 GPUs=0,1,2,3 attempt=4189 2026-08-11T12:53:29-04:00
FAILED gemma-4b lmbd1000 attempt=4189; retrying in 300s
START gemma-4b lmbd1000 GPUs=0,1,2,3 attempt=4190 2026-08-11T12:58:35-04:00
FAILED gemma-4b lmbd1000 attempt=4190; retrying in 300s
START gemma-4b lmbd1000 GPUs=0,1,2,3 attempt=4191 2026-08-11T13:03:40-04:00
FAILED gemma-4b lmbd1000 attempt=4191; retrying in 300s
START gemma-4b lmbd1000 GPUs=0,1,2,3 attempt=4192 2026-08-11T13:08:45-04:00
FAILED gemma-4b lmbd1000 attempt=4192; retrying in 300s
START gemma-4b lmbd1000 GPUs=0,1,2,3 attempt=4193 2026-08-11T13:13:50-04:00
FAILED gemma-4b lmbd1000 attempt=4193; retrying in 300s
START gemma-4b lmbd1000 GPUs=0,1,2,3 attempt=4194 2026-08-11T13:18:55-04:00
FAILED gemma-4b lmbd1000 attempt=4194; retrying in 300s
START gemma-4b lmbd1000 GPUs=0,1,2,3 attempt=4195 2026-08-11T13:24:00-04:00
FAILED gemma-4b lmbd1000 attempt=4195; retrying in 300s
START gemma-4b lmbd1000 GPUs=0,1,2,3 attempt=4196 2026-08-11T13:29:05-04:00
FAILED gemma-4b lmbd1000 attempt=4196; retrying in 300s
START gemma-4b lmbd1000 GPUs=0,1,2,3 attempt=4197 2026-08-11T13:34:10-04:00
FAILED gemma-4b lmbd1000 attempt=4197; retrying in 300s
START gemma-4b lmbd1000 GPUs=0,1,2,3 attempt=4198 2026-08-11T13:39:15-04:00
FAILED gemma-4b lmbd1000 attempt=4198; retrying in 300s
START gemma-4b lmbd1000 GPUs=0,1,2,3 attempt=4199 2026-08-11T13:44:20-04:00
FAILED gemma-4b lmbd1000 attempt=4199; retrying in 300s
START gemma-4b lmbd1000 GPUs=0,1,2,3 attempt=4200 2026-08-11T13:49:25-04:00
FAILED gemma-4b lmbd1000 attempt=4200; retrying in 300s
START gemma-4b lmbd1000 GPUs=0,1,2,3 attempt=4201 2026-08-11T13:54:30-04:00
FAILED gemma-4b lmbd1000 attempt=4201; retrying in 300s
START gemma-4b lmbd1000 GPUs=0,1,2,3 attempt=4202 2026-08-11T13:59:36-04:00
FAILED gemma-4b lmbd1000 attempt=4202; retrying in 300s
START gemma-4b lmbd1000 GPUs=0,1,2,3 attempt=4203 2026-08-11T14:04:41-04:00
FAILED gemma-4b lmbd1000 attempt=4203; retrying in 300s
START gemma-4b lmbd1000 GPUs=0,1,2,3 attempt=4204 2026-08-11T14:09:46-04:00
FAILED gemma-4b lmbd1000 attempt=4204; retrying in 300s
START gemma-4b lmbd1000 GPUs=0,1,2,3 attempt=4205 2026-08-11T14:14:51-04:00
FAILED gemma-4b lmbd1000 attempt=4205; retrying in 300s
START gemma-4b lmbd1000 GPUs=0,1,2,3 attempt=4206 2026-08-11T14:19:56-04:00
FAILED gemma-4b lmbd1000 attempt=4206; retrying in 300s
START gemma-4b lmbd1000 GPUs=0,1,2,3 attempt=4207 2026-08-11T14:25:02-04:00
FAILED gemma-4b lmbd1000 attempt=4207; retrying in 300s
START gemma-4b lmbd1000 GPUs=0,1,2,3 attempt=4208 2026-08-11T14:30:07-04:00
FAILED gemma-4b lmbd1000 attempt=4208; retrying in 300s
START gemma-4b lmbd1000 GPUs=0,1,2,3 attempt=4209 2026-08-11T14:35:12-04:00
FAILED gemma-4b lmbd1000 attempt=4209; retrying in 300s
START gemma-4b lmbd1000 GPUs=0,1,2,3 attempt=4210 2026-08-11T14:40:17-04:00
FAILED gemma-4b lmbd1000 attempt=4210; retrying in 300s
START gemma-4b lmbd1000 GPUs=0,1,2,3 attempt=4211 2026-08-11T14:45:22-04:00
FAILED gemma-4b lmbd1000 attempt=4211; retrying in 300s
START gemma-4b lmbd1000 GPUs=0,1,2,3 attempt=4212 2026-08-11T14:50:27-04:00
FAILED gemma-4b lmbd1000 attempt=4212; retrying in 300s
START gemma-4b lmbd1000 GPUs=0,1,2,3 attempt=4213 2026-08-11T14:55:32-04:00
FAILED gemma-4b lmbd1000 attempt=4213; retrying in 300s
START gemma-4b lmbd1000 GPUs=0,1,2,3 attempt=4214 2026-08-11T15:00:37-04:00
FAILED gemma-4b lmbd1000 attempt=4214; retrying in 300s
START gemma-4b lmbd1000 GPUs=0,1,2,3 attempt=4215 2026-08-11T15:05:42-04:00
FAILED gemma-4b lmbd1000 attempt=4215; retrying in 300s
START gemma-4b lmbd1000 GPUs=0,1,2,3 attempt=4216 2026-08-11T15:10:47-04:00
FAILED gemma-4b lmbd1000 attempt=4216; retrying in 300s
START gemma-4b lmbd1000 GPUs=0,1,2,3 attempt=4217 2026-08-11T15:15:53-04:00
FAILED gemma-4b lmbd1000 attempt=4217; retrying in 300s
START gemma-4b lmbd1000 GPUs=0,1,2,3 attempt=4218 2026-08-11T15:20:58-04:00
FAILED gemma-4b lmbd1000 attempt=4218; retrying in 300s
START gemma-4b lmbd1000 GPUs=0,1,2,3 attempt=4219 2026-08-11T15:26:03-04:00
FAILED gemma-4b lmbd1000 attempt=4219; retrying in 300s
START gemma-4b lmbd1000 GPUs=0,1,2,3 attempt=4220 2026-08-11T15:31:08-04:00
FAILED gemma-4b lmbd1000 attempt=4220; retrying in 300s
START gemma-4b lmbd1000 GPUs=0,1,2,3 attempt=4221 2026-08-11T15:36:13-04:00
FAILED gemma-4b lmbd1000 attempt=4221; retrying in 300s
START gemma-4b lmbd1000 GPUs=0,1,2,3 attempt=4222 2026-08-11T15:41:18-04:00
FAILED gemma-4b lmbd1000 attempt=4222; retrying in 300s
START gemma-4b lmbd1000 GPUs=0,1,2,3 attempt=4223 2026-08-11T15:46:23-04:00
FAILED gemma-4b lmbd1000 attempt=4223; retrying in 300s
START gemma-4b lmbd1000 GPUs=0,1,2,3 attempt=4224 2026-08-11T15:51:28-04:00
FAILED gemma-4b lmbd1000 attempt=4224; retrying in 300s
START gemma-4b lmbd1000 GPUs=0,1,2,3 attempt=4225 2026-08-11T15:56:33-04:00
FAILED gemma-4b lmbd1000 attempt=4225; retrying in 300s
START gemma-4b lmbd1000 GPUs=0,1,2,3 attempt=4226 2026-08-11T16:01:39-04:00
FAILED gemma-4b lmbd1000 attempt=4226; retrying in 300s
START gemma-4b lmbd1000 GPUs=0,1,2,3 attempt=4227 2026-08-11T16:06:44-04:00
FAILED gemma-4b lmbd1000 attempt=4227; retrying in 300s
START gemma-4b lmbd1000 GPUs=0,1,2,3 attempt=4228 2026-08-11T16:11:49-04:00
FAILED gemma-4b lmbd1000 attempt=4228; retrying in 300s
START gemma-4b lmbd1000 GPUs=0,1,2,3 attempt=4229 2026-08-11T16:16:54-04:00
FAILED gemma-4b lmbd1000 attempt=4229; retrying in 300s
START gemma-4b lmbd1000 GPUs=0,1,2,3 attempt=4230 2026-08-11T16:21:59-04:00
FAILED gemma-4b lmbd1000 attempt=4230; retrying in 300s
START gemma-4b lmbd1000 GPUs=0,1,2,3 attempt=4231 2026-08-11T16:27:04-04:00
FAILED gemma-4b lmbd1000 attempt=4231; retrying in 300s
START gemma-4b lmbd1000 GPUs=0,1,2,3 attempt=4232 2026-08-11T16:32:09-04:00
FAILED gemma-4b lmbd1000 attempt=4232; retrying in 300s
START gemma-4b lmbd1000 GPUs=0,1,2,3 attempt=4233 2026-08-11T16:37:14-04:00
FAILED gemma-4b lmbd1000 attempt=4233; retrying in 300s
START gemma-4b lmbd1000 GPUs=0,1,2,3 attempt=4234 2026-08-11T16:42:19-04:00
FAILED gemma-4b lmbd1000 attempt=4234; retrying in 300s
START gemma-4b lmbd1000 GPUs=0,1,2,3 attempt=4235 2026-08-11T16:47:24-04:00
FAILED gemma-4b lmbd1000 attempt=4235; retrying in 300s
START gemma-4b lmbd1000 GPUs=0,1,2,3 attempt=4236 2026-08-11T16:52:30-04:00
FAILED gemma-4b lmbd1000 attempt=4236; retrying in 300s
START gemma-4b lmbd1000 GPUs=0,1,2,3 attempt=4237 2026-08-11T16:57:35-04:00
FAILED gemma-4b lmbd1000 attempt=4237; retrying in 300s
START gemma-4b lmbd1000 GPUs=0,1,2,3 attempt=4238 2026-08-11T17:02:40-04:00
FAILED gemma-4b lmbd1000 attempt=4238; retrying in 300s
START gemma-4b lmbd1000 GPUs=0,1,2,3 attempt=4239 2026-08-11T17:07:45-04:00
FAILED gemma-4b lmbd1000 attempt=4239; retrying in 300s
START gemma-4b lmbd1000 GPUs=0,1,2,3 attempt=4240 2026-08-11T17:12:50-04:00
FAILED gemma-4b lmbd1000 attempt=4240; retrying in 300s
START gemma-4b lmbd1000 GPUs=0,1,2,3 attempt=4241 2026-08-11T17:17:55-04:00
FAILED gemma-4b lmbd1000 attempt=4241; retrying in 300s
START gemma-4b lmbd1000 GPUs=0,1,2,3 attempt=4242 2026-08-11T17:23:00-04:00
FAILED gemma-4b lmbd1000 attempt=4242; retrying in 300s
START gemma-4b lmbd1000 GPUs=0,1,2,3 attempt=4243 2026-08-11T17:28:05-04:00
FAILED gemma-4b lmbd1000 attempt=4243; retrying in 300s
START gemma-4b lmbd1000 GPUs=0,1,2,3 attempt=4244 2026-08-11T17:33:10-04:00
FAILED gemma-4b lmbd1000 attempt=4244; retrying in 300s
START gemma-4b lmbd1000 GPUs=0,1,2,3 attempt=4245 2026-08-11T17:38:15-04:00
FAILED gemma-4b lmbd1000 attempt=4245; retrying in 300s
START gemma-4b lmbd1000 GPUs=0,1,2,3 attempt=4246 2026-08-11T17:43:21-04:00
FAILED gemma-4b lmbd1000 attempt=4246; retrying in 300s
START gemma-4b lmbd1000 GPUs=0,1,2,3 attempt=4247 2026-08-11T17:48:26-04:00
FAILED gemma-4b lmbd1000 attempt=4247; retrying in 300s
START gemma-4b lmbd1000 GPUs=0,1,2,3 attempt=4248 2026-08-11T17:53:31-04:00
FAILED gemma-4b lmbd1000 attempt=4248; retrying in 300s
START gemma-4b lmbd1000 GPUs=0,1,2,3 attempt=4249 2026-08-11T17:58:36-04:00
FAILED gemma-4b lmbd1000 attempt=4249; retrying in 300s
START gemma-4b lmbd1000 GPUs=0,1,2,3 attempt=4250 2026-08-11T18:03:41-04:00
FAILED gemma-4b lmbd1000 attempt=4250; retrying in 300s
START gemma-4b lmbd1000 GPUs=0,1,2,3 attempt=4251 2026-08-11T18:08:46-04:00
FAILED gemma-4b lmbd1000 attempt=4251; retrying in 300s
START gemma-4b lmbd1000 GPUs=0,1,2,3 attempt=4252 2026-08-11T18:13:51-04:00
FAILED gemma-4b lmbd1000 attempt=4252; retrying in 300s
START gemma-4b lmbd1000 GPUs=0,1,2,3 attempt=4253 2026-08-11T18:18:56-04:00
FAILED gemma-4b lmbd1000 attempt=4253; retrying in 300s
START gemma-4b lmbd1000 GPUs=0,1,2,3 attempt=4254 2026-08-11T18:24:01-04:00
FAILED gemma-4b lmbd1000 attempt=4254; retrying in 300s
START gemma-4b lmbd1000 GPUs=0,1,2,3 attempt=4255 2026-08-11T18:29:06-04:00
FAILED gemma-4b lmbd1000 attempt=4255; retrying in 300s
START gemma-4b lmbd1000 GPUs=0,1,2,3 attempt=4256 2026-08-11T18:34:12-04:00
FAILED gemma-4b lmbd1000 attempt=4256; retrying in 300s
START gemma-4b lmbd1000 GPUs=0,1,2,3 attempt=4257 2026-08-11T18:39:17-04:00
FAILED gemma-4b lmbd1000 attempt=4257; retrying in 300s
START gemma-4b lmbd1000 GPUs=0,1,2,3 attempt=4258 2026-08-11T18:44:22-04:00
FAILED gemma-4b lmbd1000 attempt=4258; retrying in 300s
START gemma-4b lmbd1000 GPUs=0,1,2,3 attempt=4259 2026-08-11T18:49:27-04:00
FAILED gemma-4b lmbd1000 attempt=4259; retrying in 300s
START gemma-4b lmbd1000 GPUs=0,1,2,3 attempt=4260 2026-08-11T18:54:32-04:00
FAILED gemma-4b lmbd1000 attempt=4260; retrying in 300s
START gemma-4b lmbd1000 GPUs=0,1,2,3 attempt=4261 2026-08-11T18:59:37-04:00
FAILED gemma-4b lmbd1000 attempt=4261; retrying in 300s
START gemma-4b lmbd1000 GPUs=0,1,2,3 attempt=4262 2026-08-11T19:04:42-04:00
FAILED gemma-4b lmbd1000 attempt=4262; retrying in 300s
START gemma-4b lmbd1000 GPUs=0,1,2,3 attempt=4263 2026-08-11T19:09:48-04:00
FAILED gemma-4b lmbd1000 attempt=4263; retrying in 300s
START gemma-4b lmbd1000 GPUs=0,1,2,3 attempt=4264 2026-08-11T19:14:53-04:00
FAILED gemma-4b lmbd1000 attempt=4264; retrying in 300s
START gemma-4b lmbd1000 GPUs=0,1,2,3 attempt=4265 2026-08-11T19:19:58-04:00
FAILED gemma-4b lmbd1000 attempt=4265; retrying in 300s
START gemma-4b lmbd1000 GPUs=0,1,2,3 attempt=4266 2026-08-11T19:25:03-04:00
FAILED gemma-4b lmbd1000 attempt=4266; retrying in 300s
START gemma-4b lmbd1000 GPUs=0,1,2,3 attempt=4267 2026-08-11T19:30:08-04:00
FAILED gemma-4b lmbd1000 attempt=4267; retrying in 300s
START gemma-4b lmbd1000 GPUs=0,1,2,3 attempt=4268 2026-08-11T19:35:13-04:00
FAILED gemma-4b lmbd1000 attempt=4268; retrying in 300s
START gemma-4b lmbd1000 GPUs=0,1,2,3 attempt=4269 2026-08-11T19:40:18-04:00
FAILED gemma-4b lmbd1000 attempt=4269; retrying in 300s
START gemma-4b lmbd1000 GPUs=0,1,2,3 attempt=4270 2026-08-11T19:45:23-04:00
FAILED gemma-4b lmbd1000 attempt=4270; retrying in 300s
START gemma-4b lmbd1000 GPUs=0,1,2,3 attempt=4271 2026-08-11T19:50:28-04:00
FAILED gemma-4b lmbd1000 attempt=4271; retrying in 300s
START gemma-4b lmbd1000 GPUs=0,1,2,3 attempt=4272 2026-08-11T19:55:33-04:00
FAILED gemma-4b lmbd1000 attempt=4272; retrying in 300s
START gemma-4b lmbd1000 GPUs=0,1,2,3 attempt=4273 2026-08-11T20:00:38-04:00
FAILED gemma-4b lmbd1000 attempt=4273; retrying in 300s
