index,checkpoint,method,n_tokens,spearman,top10_jaccard,random_floor_spearman,random_floor_top10_jaccard
0,final_quarter,Semantic,70,0.8660134721371708,0.2727272727272727,0.0057335316245297864,0.0768065268065268
0,final_quarter,Temperature,70,0.7009535473711836,0.4,-0.03796518239874027,0.05128205128205128
0,final_quarter,Fisher,70,0.787385180649112,0.16666666666666666,-0.002799405126410641,0.05576923076923076
1,final_quarter,Semantic,80,0.537177684013127,0.14285714285714285,0.018146976090014068,0.04095238095238095
1,final_quarter,Temperature,80,0.49985935302391,0.14285714285714285,0.012552742616033761,0.04963369963369964
1,final_quarter,Fisher,80,0.41915142991092363,0.23076923076923078,0.012703938115330524,0.048095238095238094
16,final_quarter,Semantic,70,0.7031230863441519,0.2727272727272727,0.025357361560668357,0.06410256410256411
16,final_quarter,Temperature,70,0.6757938937975679,0.4,0.03173475636427259,0.08304195804195803
16,final_quarter,Fisher,70,0.549470737468288,0.2727272727272727,-0.028594173738080653,0.05576923076923076
20,final_quarter,Semantic,81,0.691237579042457,0.38461538461538464,-0.018082655826558266,0.06801470588235295
20,final_quarter,Temperature,81,0.5224254742547425,0.38461538461538464,0.05434733514001805,0.06207983193277311
20,final_quarter,Fisher,81,0.5423441734417344,0.2,0.0038121047877145466,0.05772058823529412
24,final_quarter,Semantic,81,0.7032746160794942,0.5,-0.018367208672086716,0.05558823529411765
24,final_quarter,Temperature,81,0.6437443541102077,0.125,-0.046939927732610666,0.048161764705882355
24,final_quarter,Fisher,81,0.42689701897018967,0.38461538461538464,-0.023829042457091238,0.06808823529411764
38,final_quarter,Semantic,76,0.6482296650717703,0.3333333333333333,-0.027972658920027343,0.0663003663003663
38,final_quarter,Temperature,76,0.8244155844155845,0.3333333333333333,-0.0014928229665071757,0.0563003663003663
38,final_quarter,Fisher,76,0.6589747095010252,0.23076923076923078,-0.01835816814764183,0.041428571428571426
49,final_quarter,Semantic,73,0.9164506972726152,0.3333333333333333,0.022747747747747755,0.06677655677655678
49,final_quarter,Temperature,73,0.8373441935085771,0.45454545454545453,0.010633407379982723,0.0657142857142857
49,final_quarter,Fisher,73,0.8625509070714551,0.3333333333333333,-0.0030667653955325164,0.048571428571428564
51,final_quarter,Semantic,60,0.5869408168935816,0.2,-0.0021561544873575996,0.04272727272727274
51,final_quarter,Temperature,60,0.6519033064740207,0.2,-0.04203389830508475,0.06757575757575757
51,final_quarter,Fisher,60,0.7836065573770493,0.3333333333333333,0.0476521255904418,0.050909090909090904
55,final_quarter,Semantic,106,0.6676020857999345,0.375,0.014952767211628085,0.062493734335839615
55,final_quarter,Temperature,106,0.6348137138826612,0.375,0.0042678288031841195,0.06281537176274019
55,final_quarter,Fisher,106,0.7754288737184171,0.375,-0.009766984910698542,0.03904761904761904
57,final_quarter,Semantic,94,0.7395368999024672,0.1111111111111111,-0.015856662933930572,0.0655486756105951
57,final_quarter,Temperature,94,0.7393490589892714,0.17647058823529413,-0.010772676371780516,0.05273477812177503
57,final_quarter,Fisher,94,0.8210020590253946,0.3333333333333333,0.015469421666726869,0.05380116959064327
60,final_quarter,Semantic,75,0.8690753911806542,0.3333333333333333,0.018418207681365577,0.06142857142857142
60,final_quarter,Temperature,75,0.7368990042674252,0.45454545454545453,0.005955903271692745,0.05809523809523809
60,final_quarter,Fisher,75,0.7177524893314366,0.23076923076923078,0.051497866287339975,0.07238095238095238
64,final_quarter,Semantic,63,0.7223982334869432,0.2727272727272727,-0.020000480030721968,0.058974358974358966
64,final_quarter,Temperature,63,0.7301267281105991,0.2727272727272727,-0.019422043010752687,0.06730769230769232
64,final_quarter,Fisher,63,0.7773617511520738,0.5555555555555556,0.013829685099846403,0.08304195804195803
70,final_quarter,Semantic,66,0.6976098528337336,0.16666666666666666,-0.0023901471662665704,0.08012820512820512
70,final_quarter,Temperature,66,0.8037365619455173,0.2727272727272727,-0.03580002087464774,0.06025641025641025
70,final_quarter,Fisher,66,0.7417806074522494,0.2727272727272727,-0.030180565702953764,0.05979020979020979
71,final_quarter,Semantic,58,0.6103232950875143,0.3333333333333333,-0.020714263742348273,0.04181818181818182
71,final_quarter,Temperature,58,0.4745455104740226,0.0,-0.01549109477375496,0.06
71,final_quarter,Fisher,58,0.23165892522070816,0.0,-0.01767202928419822,0.05272727272727272
74,final_quarter,Semantic,73,0.6169011477230656,0.3333333333333333,0.027947982228804152,0.06736263736263737
74,final_quarter,Temperature,73,0.838732568184623,0.3333333333333333,0.04330803406145872,0.08985347985347986
74,final_quarter,Fisher,73,0.6739787732938419,0.45454545454545453,0.021143403677650253,0.06285714285714285
88,final_quarter,Semantic,86,0.5979055615830935,0.2857142857142857,0.010965611585452142,0.07264705882352941
88,final_quarter,Temperature,86,0.6124722864286051,0.38461538461538464,0.029898580121703856,0.0657563025210084
88,final_quarter,Fisher,86,0.33421387801311375,0.125,0.011743950186329543,0.05816176470588236
94,final_quarter,Semantic,60,0.38032786885245906,0.3333333333333333,-0.025382050569602677,0.061818181818181814
94,final_quarter,Temperature,60,0.27879966657404837,0.3333333333333333,0.0025951653237010278,0.06636363636363637
94,final_quarter,Fisher,60,0.8127813281467076,0.5,-0.015751597666018337,0.05181818181818182
95,final_quarter,Semantic,105,0.6968380675927845,0.29411764705882354,0.028828011611030473,0.06067251461988303
95,final_quarter,Temperature,105,0.3332262077545096,0.29411764705882354,-0.0018422143893841996,0.04956140350877193
95,final_quarter,Fisher,105,0.3640887414472321,0.1,-0.0048289446402653945,0.046942355889724306
99,final_quarter,Semantic,115,0.6900181488203267,0.14285714285714285,-0.010129803519292983,0.05677583286278938
99,final_quarter,Temperature,115,0.7190483705515663,0.2,0.006896946263710247,0.06846414455110107
99,final_quarter,Fisher,115,0.5946105894421211,0.2631578947368421,-0.02998106210052869,0.05482778091473743
105,final_quarter,Semantic,155,0.7980342238406755,0.28,0.026673648931713444,0.06452196466656979
105,final_quarter,Temperature,155,0.6593632174277335,0.391304347826087,0.011675260223647321,0.05774882144181366
105,final_quarter,Fisher,155,0.5585930198833424,0.23076923076923078,0.01615465179981309,0.044176598336776306
106,final_quarter,Semantic,103,0.5910468743135792,0.047619047619047616,0.00533156877388745,0.04670426065162907
106,final_quarter,Temperature,103,0.45554188815182534,0.29411764705882354,0.03456541317049599,0.056428571428571425
106,final_quarter,Fisher,103,0.8205750560119492,0.29411764705882354,0.046079163554891715,0.0503968253968254
107,final_quarter,Semantic,128,0.7351446621497894,0.5294117647058824,-0.0031364447903314404,0.05802173913043478
107,final_quarter,Temperature,128,0.8275155649148508,0.625,-0.00010443371177439632,0.059259834368530016
107,final_quarter,Fisher,128,0.7384636513459073,0.3,-0.01695459851675517,0.05623188405797101
108,final_quarter,Semantic,190,0.6937124661566658,0.52,-0.0007348213465601192,0.055411060411060406
108,final_quarter,Temperature,190,0.5327848416853652,0.46153846153846156,0.008344421262580538,0.05116434616434616
108,final_quarter,Fisher,190,0.4912096996417747,0.4074074074074074,-0.003857462154513683,0.03955535367300074
110,final_quarter,Semantic,85,0.7332225913621262,0.2857142857142857,0.012298221614227087,0.06522058823529411
110,final_quarter,Temperature,85,0.7603869454758647,0.2,0.0001592730115301956,0.07147058823529412
110,final_quarter,Fisher,85,0.8676959155755326,0.38461538461538464,-0.011396325972249363,0.05889705882352941
111,final_quarter,Semantic,51,0.8241628959276018,0.3333333333333333,-0.014357466063348414,0.06090909090909091
111,final_quarter,Temperature,51,0.6627149321266969,0.5,-0.0487918552036199,0.07348484848484847
111,final_quarter,Fisher,51,0.8171945701357465,0.3333333333333333,-0.004090497737556565,0.04090909090909091
113,final_quarter,Semantic,114,0.8320325631315689,0.6,0.0008242036410765249,0.04963297571993224
113,final_quarter,Temperature,114,0.6182904355926369,0.4117647058823529,-0.007598469046799375,0.04728966685488424
113,final_quarter,Fisher,114,0.5386322674712947,0.2631578947368421,0.024325145298799138,0.06911349520045171
115,final_quarter,Semantic,86,0.6288315486579555,0.2,-0.028961743478465963,0.08119747899159664
115,final_quarter,Temperature,86,0.6920798150856172,0.2,-0.005919147129581582,0.07147058823529412
115,final_quarter,Fisher,86,0.49442898249917444,0.2857142857142857,-0.008512665691777912,0.07183823529411765
126,final_quarter,Semantic,72,0.821531931313911,0.45454545454545453,0.0028651360216091033,0.08212454212454212
126,final_quarter,Temperature,72,0.7914013762942956,0.6,-0.03426426136729051,0.0701098901098901
126,final_quarter,Fisher,72,0.6385619653997041,0.3333333333333333,0.026509743391858003,0.07450549450549451
128,final_quarter,Semantic,66,0.8570086629788124,0.4,0.013764742719966605,0.0662004662004662
128,final_quarter,Temperature,66,0.86076609957207,0.2727272727272727,0.004421250391399646,0.03461538461538462
128,final_quarter,Fisher,66,0.9013464147792507,0.5555555555555556,-0.047871829662874454,0.06346153846153847
129,final_quarter,Semantic,122,0.7545642899864846,0.23809523809523808,0.01918009655641876,0.03902173913043479
129,final_quarter,Temperature,122,0.8450471051248922,0.3,-0.0002716268864355068,0.04268840579710146
129,final_quarter,Fisher,122,0.5586228318589919,0.23809523809523808,-0.00806982991927196,0.05044598155467721
130,final_quarter,Semantic,78,0.8641611553003957,0.45454545454545453,0.023413295565194288,0.027142857142857142
130,final_quarter,Temperature,78,0.8391481935785734,0.6,3.793674679751283e-05,0.04534798534798534
130,final_quarter,Fisher,78,0.8661591572983977,0.45454545454545453,-0.042792650387587096,0.05809523809523809
133,final_quarter,Semantic,59,0.8355932203389832,0.2,0.003512565751022794,0.0609090909090909
133,final_quarter,Temperature,59,0.573115137346581,0.2,-0.038462887200467574,0.07181818181818181
133,final_quarter,Fisher,59,0.6125657510227938,0.09090909090909091,-0.07553185271770896,0.048181818181818194
134,final_quarter,Semantic,52,0.6730982668829505,0.2,-0.013365491334414753,0.06545454545454546
134,final_quarter,Temperature,52,0.7392640655681721,0.7142857142857143,0.009596175189959887,0.06636363636363636
134,final_quarter,Fisher,52,0.5188252369162468,0.2,0.024797233842738832,0.0809090909090909
171,final_quarter,Semantic,61,0.7419883659439449,0.2727272727272727,0.057567424643046004,0.08222610722610721
171,final_quarter,Temperature,61,0.6978318350079322,0.2727272727272727,-0.020182443151771545,0.0944055944055944
171,final_quarter,Fisher,61,0.31623479640401897,0.16666666666666666,-0.008918561607615016,0.06043123543123543
175,final_quarter,Semantic,62,0.8647729848152905,0.5555555555555556,-0.018040341467099798,0.05128205128205128
175,final_quarter,Temperature,62,0.5856060033743798,0.4,-0.009516254941955626,0.06282051282051282
175,final_quarter,Fisher,62,0.6815995567978645,0.16666666666666666,-0.027470977814711296,0.05512820512820512
178,final_quarter,Semantic,65,0.7453671328671329,0.07692307692307693,0.008323863636363634,0.0564102564102564
178,final_quarter,Temperature,65,0.7237762237762237,0.16666666666666666,0.0032823426573426566,0.0641025641025641
178,final_quarter,Fisher,65,0.6378933566433567,0.07692307692307693,0.0125152972027972,0.07837995337995338
179,final_quarter,Semantic,61,0.7696456901110523,0.16666666666666666,-0.02311739820200951,0.05209790209790209
179,final_quarter,Temperature,61,0.7511898466419882,0.16666666666666666,0.022596509783183494,0.07837995337995338
179,final_quarter,Fisher,61,0.7529878371232152,0.2727272727272727,0.006594394500264403,0.06923076923076923
190,final_quarter,Semantic,85,0.7801641586867306,0.125,-0.009324799687316788,0.04522058823529411
190,final_quarter,Temperature,85,0.7626929841704124,0.2,-0.02151651358217706,0.051470588235294115
190,final_quarter,Fisher,85,0.7412155559898378,0.38461538461538464,0.02405217901113934,0.0795063025210084
192,final_quarter,Semantic,84,0.45167561000303735,0.2,-0.00544801052951302,0.06816176470588235
192,final_quarter,Temperature,84,0.838108737470892,0.5,0.010774526678141135,0.04602941176470589
192,final_quarter,Fisher,84,0.7779285208059127,0.38461538461538464,0.002603017110458637,0.061470588235294124
195,final_quarter,Semantic,54,0.790432628168477,0.5,0.08404040404040405,0.08454545454545453
195,final_quarter,Temperature,54,0.7855536497045931,0.3333333333333333,0.034453973699256714,0.07212121212121211
195,final_quarter,Fisher,54,0.7789212883552504,0.3333333333333333,-0.00442919763674481,0.08303030303030302
199,final_quarter,Semantic,134,0.6522051397149591,0.21739130434782608,-0.005018765820022695,0.06317378917378916
199,final_quarter,Temperature,134,0.7005448945747453,0.47368421052631576,-0.012716866793850295,0.07266381766381766
199,final_quarter,Fisher,134,0.6766892355266276,0.16666666666666666,0.03212957767553212,0.0439088319088319
201,final_quarter,Semantic,211,0.5795991364443479,0.2222222222222222,-0.016434639312221357,0.07158196889053385
201,final_quarter,Temperature,211,0.6868077822204623,0.2222222222222222,0.007184757476271382,0.06525696905118944
201,final_quarter,Fisher,211,0.6222914883560507,0.2222222222222222,-0.026805929919137467,0.04411109310428653
202,final_quarter,Semantic,132,0.7005734321925562,0.2727272727272727,-0.0104976180910291,0.054643874643874636
202,final_quarter,Temperature,132,0.7570244139147312,0.4,-0.004579109119085012,0.05019373219373219
202,final_quarter,Fisher,132,0.4982598759215874,0.16666666666666666,-0.0018580455302030243,0.07183537718320326
208,final_quarter,Semantic,80,0.48802156586966716,0.23076923076923078,-0.016176746366619782,0.054761904761904755
208,final_quarter,Temperature,80,0.4942569151429912,0.3333333333333333,0.0034024847632442576,0.058571428571428566
208,final_quarter,Fisher,80,0.6065869667135491,0.6,0.027187060478199722,0.052380952380952375
213,final_quarter,Semantic,135,0.8647449029362989,0.21739130434782608,0.0071397912398790345,0.05208262108262107
213,final_quarter,Temperature,135,0.8123207491952005,0.3333333333333333,-0.004725148765974051,0.055741360089186176
213,final_quarter,Fisher,135,0.844059116183787,0.21739130434782608,-0.00041971514974149094,0.05186894586894586
231,final_quarter,Semantic,145,0.7269209573295543,0.36363636363636365,-0.009608526216343885,0.04529493495010736
231,final_quarter,Temperature,145,0.6728192410643992,0.15384615384615385,0.007829672492520862,0.048852679887162645
231,final_quarter,Fisher,145,0.5831601322626356,0.2,-0.007241379310344825,0.04132668098185339
233,final_quarter,Semantic,93,0.6343737877114975,0.1111111111111111,-0.015395690967145114,0.06023391812865497
233,final_quarter,Temperature,93,0.676255557876518,0.25,0.002947539613858136,0.07530099759201928
233,final_quarter,Fisher,93,0.5125928799498671,0.1111111111111111,-0.014092387574229356,0.04649122807017544
235,final_quarter,Semantic,67,0.6148535397876926,0.2727272727272727,0.05363157474658793,0.06346153846153846
235,final_quarter,Temperature,67,0.7473461569159551,0.4,-0.011680900311277841,0.07837995337995338
235,final_quarter,Fisher,67,0.6736371617846597,0.5555555555555556,-0.018780429403783227,0.06282051282051283
238,final_quarter,Semantic,68,0.7658128793373286,0.16666666666666666,-0.06851166164064587,0.04889277389277389
238,final_quarter,Temperature,68,0.7862350650837882,0.16666666666666666,-0.02906057945566286,0.035256410256410256
238,final_quarter,Fisher,68,0.6782074283314882,0.07692307692307693,0.044543268313165615,0.0997086247086247
240,final_quarter,Semantic,55,0.773809523809524,0.5,-0.010710678210678216,0.11136363636363637
240,final_quarter,Temperature,55,0.5487734487734489,0.5,0.020512265512265513,0.061818181818181814
240,final_quarter,Fisher,55,0.7103174603174606,0.3333333333333333,-0.00753607503607504,0.045454545454545456
251,final_quarter,Semantic,106,0.4857042093860997,0.1,0.006221125022041971,0.060075187969924816
251,final_quarter,Temperature,106,0.3074136584628561,0.15789473684210525,0.01819281053983928,0.052218045112781955
251,final_quarter,Fisher,106,0.7116054109882359,0.375,-0.01997984734362798,0.0419423558897243
257,final_quarter,Semantic,55,0.8764069264069266,0.5,0.013979076479076476,0.05393939393939393
257,final_quarter,Temperature,55,0.7585137085137086,0.3333333333333333,-0.019354256854256856,0.04636363636363637
257,final_quarter,Fisher,55,0.8666666666666668,0.2,-0.007792207792207793,0.057272727272727274
259,final_quarter,Semantic,59,0.6786674459380481,0.3333333333333333,0.02643191116306253,0.057272727272727274
259,final_quarter,Temperature,59,0.8542957334891877,0.2,-0.007419637638807719,0.0609090909090909
259,final_quarter,Fisher,59,0.7241379310344829,0.2,0.027340736411455298,0.07181818181818181
264,final_quarter,Semantic,64,0.6583791208791208,0.2727272727272727,0.029532967032967032,0.04807692307692308
264,final_quarter,Temperature,64,0.9193681318681318,0.4,0.014391025641025634,0.0423076923076923
264,final_quarter,Fisher,64,0.7027930402930402,0.4,-0.05389652014652013,0.05722610722610723
265,final_quarter,Semantic,113,0.8282154501297493,0.4117647058823529,-0.021595748220107798,0.03794466403162055
265,final_quarter,Temperature,113,0.9130847029077119,0.5,-0.011836283185840707,0.04488989271597967
265,final_quarter,Fisher,113,0.8617339809701245,0.4117647058823529,-0.022156746955885293,0.05551101072840203
270,final_quarter,Semantic,68,0.7428713211436423,0.16666666666666666,0.0053040424476085025,0.07525641025641026
270,final_quarter,Temperature,68,0.6035805626598465,0.2727272727272727,-0.028747566515249838,0.045046620046620044
270,final_quarter,Fisher,68,0.510898194449746,0.2727272727272727,-0.02764629537733327,0.07179487179487179
274,final_quarter,Semantic,104,0.7795583057718981,0.375,-0.005641736903872827,0.04619047619047619
274,final_quarter,Temperature,104,0.7697855542515738,0.2222222222222222,0.020344073402325833,0.07431913116123642
274,final_quarter,Fisher,104,0.8205270457697644,0.375,-0.006474981329350262,0.05777777777777778
286,final_quarter,Semantic,98,0.8397439575642816,0.8181818181818182,0.0036436317732341274,0.05565875472996216
286,final_quarter,Temperature,98,0.6326658123418064,0.5384615384615384,-0.010143513825398947,0.056002751977984176
286,final_quarter,Fisher,98,0.45650912661221926,0.3333333333333333,0.037869543318733295,0.08025025799793603
304,final_quarter,Semantic,66,0.5848867550360088,0.4,-0.011240997808161993,0.04358974358974359
304,final_quarter,Temperature,66,0.4007723619663919,0.4,-0.008043001774345065,0.04038461538461538
304,final_quarter,Fisher,66,0.7647844692620813,0.4,0.000847510698256973,0.06410256410256411
316,final_quarter,Semantic,87,0.748414376321353,0.5,-0.006181198512794342,0.05227941176470589
316,final_quarter,Temperature,87,0.7908981555733761,0.5,-0.035860610920755265,0.03683823529411765
316,final_quarter,Fisher,87,0.650670700590508,0.2857142857142857,0.012165560982722165,0.05816176470588236
317,final_quarter,Semantic,79,0.3764849074975657,0.3333333333333333,0.017510954235637775,0.06523809523809523
317,final_quarter,Temperature,79,0.24357351509250244,0.14285714285714285,0.013111002921129506,0.042014652014652015
317,final_quarter,Fisher,79,0.37945472249269724,0.23076923076923078,0.014099318403115879,0.05142857142857142
325,final_quarter,Semantic,93,0.42068276088448564,0.1111111111111111,0.022554534332010382,0.0716890264877881
325,final_quarter,Temperature,93,0.5046701083226403,0.25,-0.003281758228641342,0.05209838321293429
325,final_quarter,Fisher,93,0.5108919459282025,0.17647058823529413,0.018230581003252665,0.0696938424492604
328,final_quarter,Semantic,132,0.7281232226993576,0.2727272727272727,0.004243867823618723,0.047720797720797715
328,final_quarter,Temperature,132,0.8076888960778073,0.47368421052631576,0.00901786040395924,0.04834188034188035
328,final_quarter,Fisher,132,0.7466619358945593,0.47368421052631576,0.04156157221645369,0.05587464387464387
333,final_quarter,Semantic,60,0.706974159488747,0.3333333333333333,0.014865240344540153,0.059999999999999984
333,final_quarter,Temperature,60,0.6914698527368714,0.7142857142857143,0.016129480411225337,0.07181818181818181
333,final_quarter,Fisher,60,0.694026118366213,0.2,0.012481244790219509,0.05
343,final_quarter,Semantic,125,0.6518832565284178,0.3,0.013134869431643626,0.061656126482213434
343,final_quarter,Temperature,125,0.6946298003072195,0.3,0.005894009216589861,0.0745325616412573
343,final_quarter,Fisher,125,0.6823778801843317,0.18181818181818182,0.006393548387096773,0.04411264822134388
347,final_quarter,Semantic,80,0.7460150023441163,0.23076923076923078,0.0351207219878106,0.047619047619047616
347,final_quarter,Temperature,80,0.6442803563056728,0.3333333333333333,-0.012022972339428036,0.04428571428571428
347,final_quarter,Fisher,80,0.6590014064697609,0.23076923076923078,-0.021086497890295368,0.03428571428571429
351,final_quarter,Semantic,92,0.5657876485365966,0.25,0.021151148991261196,0.07232542139662883
351,final_quarter,Temperature,92,0.48340859701308503,0.17647058823529413,0.013099733366213026,0.04625042999656002
351,final_quarter,Fisher,92,0.6233065672055854,0.17647058823529413,0.019911995437942136,0.07773477812177502
353,final_quarter,Semantic,179,0.6272341137823529,0.38461538461538464,-0.002244784801121501,0.057646257916656396
353,final_quarter,Temperature,179,0.6224468018329044,0.3333333333333333,0.010475592660012975,0.05364224722146923
353,final_quarter,Fisher,179,0.5445023329776327,0.3333333333333333,-0.024491138869708953,0.04638082505729564
359,final_quarter,Semantic,64,0.8599358974358973,0.16666666666666666,0.011842948717948719,0.04953379953379953
359,final_quarter,Temperature,64,0.7008699633699632,0.16666666666666666,-0.039244505494505484,0.04358974358974359
359,final_quarter,Fisher,64,0.6143772893772893,0.16666666666666666,0.019725274725274723,0.06427738927738927
360,final_quarter,Semantic,61,0.8371760973030142,0.2727272727272727,0.03445267054468536,0.06743589743589744
360,final_quarter,Temperature,61,0.9073506081438389,0.4,0.0030037017451084095,0.07179487179487179
360,final_quarter,Fisher,61,0.7269169751454256,0.07692307692307693,-0.029145954521417237,0.05192307692307692
373,final_quarter,Semantic,62,0.8159703860391329,0.2727272727272727,-0.027639696809448267,0.08304195804195803
373,final_quarter,Temperature,62,0.46110649442220036,0.16666666666666666,-0.014472060638110337,0.0662004662004662
373,final_quarter,Fisher,62,0.7488856991765507,0.4,-0.0023847296718793247,0.0608974358974359
390,final_quarter,Semantic,70,0.7677543522001574,0.2727272727272727,0.0014032018196133331,0.08688811188811188
390,final_quarter,Temperature,70,0.8989064823724959,0.2727272727272727,0.013031230863441521,0.05961538461538461
390,final_quarter,Fisher,70,0.6193858805003937,0.2727272727272727,-0.026912781034030265,0.0641025641025641
393,final_quarter,Semantic,48,0.8503039513677811,0.42857142857142855,0.009026270082501089,0.075
393,final_quarter,Temperature,48,0.8716891011723839,0.6666666666666666,0.012668258792878856,0.04027777777777778
393,final_quarter,Fisher,48,0.42672600955275725,0.1111111111111111,-0.03817846287451151,0.058333333333333334
402,final_quarter,Semantic,75,0.7178093883357041,0.3333333333333333,0.00011095305832148401,0.06571428571428571
402,final_quarter,Temperature,75,0.6730867709815078,0.23076923076923078,-0.008183499288762447,0.07498168498168498
402,final_quarter,Fisher,75,0.6957610241820767,0.3333333333333333,0.0017126600284495016,0.05904761904761905
403,final_quarter,Semantic,62,0.7748734607539474,0.5555555555555556,-0.024983002190828746,0.05979020979020979
403,final_quarter,Temperature,62,0.4950013850066732,0.16666666666666666,-0.05440809851174737,0.058974358974358966
403,final_quarter,Fisher,62,0.839842864697439,0.5555555555555556,0.019176046939135258,0.06555944055944056
404,final_quarter,Semantic,68,0.8646409894262701,0.5555555555555556,-0.015803336259877086,0.07692307692307691
404,final_quarter,Temperature,68,0.7076001068824673,0.5555555555555556,0.0014257357712715204,0.05641025641025641
404,final_quarter,Fisher,68,0.8362026186204526,0.4,0.023977936404931854,0.05064102564102564
406,final_quarter,Semantic,59,0.8869666861484513,0.3333333333333333,-0.07501753360607834,0.05181818181818182
406,final_quarter,Temperature,59,0.8408533021624782,0.5,0.046873173582700184,0.07636363636363636
406,final_quarter,Fisher,59,0.8648158971361779,0.2,-0.041317942723553484,0.0403030303030303
412,final_quarter,Semantic,59,0.46855639976621866,0.3333333333333333,-0.048424897720631216,0.04636363636363637
412,final_quarter,Temperature,59,0.44523670368205737,0.3333333333333333,-0.007764465225014607,0.055454545454545444
412,final_quarter,Fisher,59,0.5801870251315021,0.3333333333333333,0.016835184102863825,0.06545454545454546
418,final_quarter,Semantic,148,0.7134009780222629,0.25,0.00929028604004635,0.05610290093048714
418,final_quarter,Temperature,148,0.6011357200235437,0.25,-0.0034697209193853508,0.05733653319860217
418,final_quarter,Fisher,148,0.7486127409425588,0.25,0.0011433087655522928,0.05745968590796178
420,final_quarter,Semantic,78,0.8711415167111368,0.14285714285714285,0.026579749364559497,0.07010989010989009
420,final_quarter,Temperature,78,0.6983775717952931,0.14285714285714285,-0.023774959217997188,0.054761904761904755
420,final_quarter,Fisher,78,0.7348727222144943,0.3333333333333333,-0.004853374473627638,0.04534798534798534
425,final_quarter,Semantic,77,0.8641884431358114,0.23076923076923078,-0.006024238918975759,0.06142857142857142
425,final_quarter,Temperature,77,0.7683106367316893,0.6,0.025974025974025972,0.0519047619047619
425,final_quarter,Fisher,77,0.7552973342447026,0.45454545454545453,0.0788316946211683,0.10153846153846154
426,final_quarter,Semantic,75,0.6233001422475106,0.23076923076923078,0.009503556187766715,0.07142857142857142
426,final_quarter,Temperature,75,0.800597439544808,0.3333333333333333,-0.008211948790896161,0.0338095238095238
426,final_quarter,Fisher,75,0.5901280227596017,0.23076923076923078,-0.0022588904694167866,0.0557142857142857
428,final_quarter,Semantic,91,0.6561235865583692,0.3333333333333333,0.008212294951425387,0.07695218438252492
428,final_quarter,Temperature,91,0.7698996655518395,0.6666666666666666,-0.0017351489090619517,0.07337031303749571
428,final_quarter,Fisher,91,0.7691192865105909,0.42857142857142855,0.01246695333651855,0.06618507051943583
429,final_quarter,Semantic,145,0.7045937647614547,0.2,-0.02372539757518501,0.045021262262641575
429,final_quarter,Temperature,145,0.7136632026452526,0.36363636363636365,-0.0206748937175248,0.05016420361247946
429,final_quarter,Fisher,145,0.8100653440403085,0.42857142857142855,0.033600614076523386,0.07122752726201002
430,final_quarter,Semantic,99,0.7547309833024118,0.25,0.01291960420531849,0.06613347093223254
430,final_quarter,Temperature,99,0.7996536796536796,0.17647058823529413,0.008670377241805811,0.05765393876848984
430,final_quarter,Fisher,99,0.803426097711812,0.25,0.0047377860235003075,0.04619883040935672
432,final_quarter,Semantic,87,0.7910986367281475,0.2,0.016121418677553404,0.06485294117647059
432,final_quarter,Temperature,87,0.8008128599548004,0.2,0.007388641831304221,0.0544327731092437
432,final_quarter,Fisher,87,0.6265947364584092,0.125,0.029644783844864037,0.055955882352941175
436,final_quarter,Semantic,83,0.6890558750682171,0.2857142857142857,0.026006464883925946,0.0563235294117647
436,final_quarter,Temperature,83,0.6820242643046052,0.38461538461538464,0.02155660971411779,0.0685294117647059
436,final_quarter,Fisher,83,0.44972923051089375,0.2,-0.006613912094370508,0.07102941176470588
446,final_quarter,Semantic,124,0.6382690794649881,0.23809523809523808,-0.02470904799370574,0.06089855072463768
446,final_quarter,Temperature,124,0.6474461054287961,0.23809523809523808,-0.025722738001573563,0.057666666666666665
446,final_quarter,Fisher,124,0.3836664044059795,0.23809523809523808,-0.004803147128245474,0.06513438735177865
452,final_quarter,Semantic,73,0.8501480932987783,0.3333333333333333,-0.02346198938664693,0.05380952380952382
452,final_quarter,Temperature,73,0.8763729482907566,0.23076923076923078,0.010906454399605088,0.05047619047619049
452,final_quarter,Fisher,73,0.7786622238677035,0.23076923076923078,-0.0030297420708379603,0.07106227106227105
454,final_quarter,Semantic,90,0.5519446845289542,0.38461538461538464,-0.04251306745688767,0.05889705882352941
454,final_quarter,Temperature,90,0.5771659052557928,0.2857142857142857,0.005186648557435072,0.05485294117647059
454,final_quarter,Fisher,90,0.34505494505494505,0.2857142857142857,-0.034392723381487425,0.04595588235294118
460,final_quarter,Semantic,60,0.8187829952764658,0.3333333333333333,0.020533481522645176,0.041818181818181824
460,final_quarter,Temperature,60,0.8731314253959435,0.3333333333333333,0.004076132258960819,0.07606060606060605
460,final_quarter,Fisher,60,0.7090858571825508,0.2,-0.02696304529035844,0.053030303030303025
463,final_quarter,Semantic,122,0.7987317469706331,0.3,0.023854259948913,0.06389196310935441
463,final_quarter,Temperature,122,0.6692100019496333,0.3684210526315789,-0.0025256013297160493,0.05861264822134388
463,final_quarter,Fisher,122,0.757511871284544,0.23809523809523808,0.009357909728670516,0.059489459815546764
467,final_quarter,Semantic,62,0.8244315177154945,0.75,-0.012029412505351167,0.04294871794871795
467,final_quarter,Temperature,62,0.7393669260406437,0.5555555555555556,-0.03934174410113067,0.05128205128205128
467,final_quarter,Fisher,62,0.8195462214499761,0.5555555555555556,0.011943793911007021,0.0747086247086247
468,final_quarter,Semantic,77,0.7656816867343184,0.14285714285714285,-0.03138046164361953,0.031538461538461536
468,final_quarter,Temperature,77,0.48217571901782424,0.23076923076923078,-0.0017337925232662089,0.06296703296703296
468,final_quarter,Fisher,77,0.6820284978179715,0.06666666666666667,-0.009823071665176927,0.04476190476190476
469,final_quarter,Semantic,63,0.8652553763440859,0.5555555555555556,0.0029857910906297956,0.03141025641025641
469,final_quarter,Temperature,63,0.8340533794162828,0.5555555555555556,-0.03320852534562212,0.05512820512820512
469,final_quarter,Fisher,63,0.7358870967741936,0.75,-0.028434619815668204,0.08286713286713286
498,final_quarter,Semantic,147,0.799496029437321,0.6666666666666666,-0.004620737595297283,0.05457454422971665
498,final_quarter,Temperature,147,0.7672630696114062,0.6666666666666666,0.024306190451004538,0.06703086185844806
498,final_quarter,Fisher,147,0.8227376104088433,0.875,0.01099290512206363,0.03418382383899625
500,final_quarter,Semantic,194,0.649724496965563,0.25,0.009309578301619324,0.06290493875633195
500,final_quarter,Temperature,194,0.6118106774375136,0.2903225806451613,-0.012085975025988911,0.05389791179264862
500,final_quarter,Fisher,194,0.6038245820201912,0.21212121212121213,-0.006447305165322362,0.04720072877967614
502,final_quarter,Semantic,187,0.755869690485541,0.05555555555555555,-0.0005220969026532435,0.056705402881873465
502,final_quarter,Temperature,187,0.6401935704087588,0.05555555555555555,0.02396672526875604,0.06322755002902061
502,final_quarter,Fisher,187,0.639644863997886,0.05555555555555555,0.021824476343229628,0.059877687561511087
503,final_quarter,Semantic,73,0.7685425151178578,0.45454545454545453,-0.014354251511785755,0.05809523809523809
503,final_quarter,Temperature,73,0.7941503146982601,0.3333333333333333,0.004813032210292482,0.06296703296703296
503,final_quarter,Fisher,73,0.6213747994569914,0.3333333333333333,-0.025456621004566214,0.06904761904761905
504,final_quarter,Semantic,84,0.6024501366811785,0.125,-0.027586311633086967,0.05816176470588236
504,final_quarter,Temperature,84,0.8441024602612129,0.38461538461538464,-0.019776247848537005,0.07066176470588235
504,final_quarter,Fisher,84,0.572663764300901,0.125,-0.036290371570314874,0.0757563025210084
507,final_quarter,Semantic,72,0.823204064570069,0.45454545454545453,0.019957875104508332,0.06142857142857142
507,final_quarter,Temperature,72,0.6951572448388964,0.45454545454545453,-0.006453791240594253,0.06523809523809523
507,final_quarter,Fisher,72,0.7307865457585697,0.3333333333333333,-0.01582256093639462,0.06010989010989011
513,final_quarter,Semantic,78,0.726981878880613,0.23076923076923078,0.006149546655875765,0.08545787545787545
513,final_quarter,Temperature,78,0.6236927629332693,0.45454545454545453,-0.00590675147637173,0.07117216117216116
513,final_quarter,Fisher,78,0.6023723112330707,0.23076923076923078,0.012992071219919316,0.06952380952380952
514,final_quarter,Semantic,217,0.6192132076269395,0.41935483870967744,0.01593085443706929,0.056140018990274244
514,final_quarter,Temperature,217,0.5481111158086596,0.3333333333333333,-0.00805500359362449,0.05594346757421063
514,final_quarter,Fisher,217,0.5281242219685547,0.41935483870967744,-0.014317070420947306,0.049798150422086886
522,final_quarter,Semantic,156,0.6818732120560762,0.45454545454545453,0.01691738711257922,0.0555633243286191
522,final_quarter,Temperature,156,0.48121888384884065,0.23076923076923078,-0.010266156691059094,0.0487780073097092
522,final_quarter,Fisher,156,0.7724644781969622,0.3333333333333333,0.022272447092664887,0.05900418454367286
525,final_quarter,Semantic,106,0.6694964354989043,0.29411764705882354,-0.014646446834773405,0.06983709273182959
525,final_quarter,Temperature,106,0.7591354510416405,0.375,-0.004892561150716682,0.054122807017543864
525,final_quarter,Fisher,106,0.7078973222157846,0.2222222222222222,0.0032707761291785238,0.046942355889724306
528,final_quarter,Semantic,107,0.36410392053135837,0.1,-0.030505103940124224,0.03619047619047618
528,final_quarter,Temperature,107,0.7822449499402417,0.29411764705882354,0.009623523188150237,0.05408521303258147
528,final_quarter,Fisher,107,0.25265973079409865,0.1,0.031101706538137503,0.06329156223893066
529,final_quarter,Semantic,100,0.7262046204620461,0.42857142857142855,0.0019021902190219056,0.07856897144822841
529,final_quarter,Temperature,100,0.5148394839483947,0.25,-0.017029702970297024,0.07110423116615067
529,final_quarter,Fisher,100,0.5458265826582658,0.42857142857142855,-0.05636903690369037,0.06028551771585826
534,final_quarter,Semantic,68,0.6730159941978088,0.16666666666666666,-0.009457189754552047,0.06217948717948717
534,final_quarter,Temperature,68,0.619498415849143,0.2727272727272727,0.011934572660991719,0.06794871794871794
534,final_quarter,Fisher,68,0.7759667137458488,0.4,-0.00278085276940108,0.04871794871794871
536,final_quarter,Semantic,126,0.6330378702662168,0.3684210526315789,-0.04585946756655417,0.03935507246376812
536,final_quarter,Temperature,126,0.5941387326584178,0.3,0.02162039745031872,0.046467720685112
536,final_quarter,Fisher,126,0.7236025496812899,0.3684210526315789,-0.027265391826021744,0.0547536231884058
540,final_quarter,Semantic,68,0.8951024926518302,0.75,0.004926136580524489,0.08094405594405593
540,final_quarter,Temperature,68,0.8067335954498606,0.75,0.04270718021147459,0.08076923076923077
540,final_quarter,Fisher,68,0.913005305951063,0.4,-0.010913463373668738,0.07325174825174825
542,final_quarter,Semantic,82,0.7969982912680532,0.38461538461538464,-0.027894776939737263,0.045220588235294124
542,final_quarter,Temperature,82,0.5714674415820464,0.5,0.025941163026088086,0.08845588235294119
542,final_quarter,Fisher,82,0.8512206005594194,0.5,-0.009565633808948528,0.06264705882352942
552,final_quarter,Semantic,163,0.737736988821831,0.5454545454545454,0.0001821925172216979,0.07283705379714835
552,final_quarter,Temperature,163,0.5839969851641257,0.25925925925925924,0.013616639233876997,0.051835899315738024
552,final_quarter,Fisher,163,0.6941327081982478,0.36,0.016436536042252037,0.06568976050830888
557,final_quarter,Semantic,83,0.5345073674488896,0.5,-0.010540069686411146,0.04522058823529412
557,final_quarter,Temperature,83,0.7711682968809033,0.6363636363636364,-0.06866735233617395,0.03977941176470588
557,final_quarter,Fisher,83,0.5508794760925233,0.5,-0.004876999286343981,0.07147058823529412
561,final_quarter,Semantic,161,0.5927737520128825,0.4166666666666667,0.02296756383712906,0.062346652003910076
561,final_quarter,Temperature,161,0.6431677018633541,0.6190476190476191,0.028479123533471356,0.06021627565982405
561,final_quarter,Fisher,161,0.7408155049459398,0.4166666666666667,0.028369852772026694,0.06722711683014798
568,final_quarter,Semantic,60,0.6102250625173661,0.3333333333333333,-0.004701305918310644,0.05636363636363636
568,final_quarter,Temperature,60,0.5966101694915256,0.3333333333333333,0.029963878855237568,0.05545454545454546
568,final_quarter,Fisher,60,0.7155320922478468,0.3333333333333333,-0.01267852181161434,0.0709090909090909
572,final_quarter,Semantic,124,0.5235814319433516,0.3,-0.007178914240755308,0.06370355731225295
572,final_quarter,Temperature,124,0.5592950432730133,0.3684210526315789,-0.03604122738001573,0.06548945981554677
572,final_quarter,Fisher,124,0.5258095987411486,0.3,-0.014592604248623131,0.054210144927536244
575,final_quarter,Semantic,98,0.824723141365262,0.42857142857142855,0.010448903085132837,0.03864809081527347
575,final_quarter,Temperature,98,0.7150507813247136,0.3333333333333333,0.012287614202194468,0.03508771929824561
575,final_quarter,Fisher,98,0.7492492779679818,0.5384615384615384,-0.0005846387289686263,0.06518317853457173
595,final_quarter,Semantic,147,0.710621160719008,0.2,-0.0004610915080582402,0.05162835249042145
595,final_quarter,Temperature,147,0.779662105493808,0.42857142857142855,-0.005170609524816964,0.06984063828891417
595,final_quarter,Fisher,147,0.7678033079207246,0.2,-1.7000506237284386e-06,0.05519978106185003
596,final_quarter,Semantic,67,0.7511373613217337,0.16666666666666666,-0.0243375369143587,0.058974358974358966
596,final_quarter,Temperature,67,0.7076781866070717,0.2727272727272727,-0.008805571075105753,0.05064102564102564
596,final_quarter,Fisher,67,0.8029371857291087,0.4,0.07808284779311996,0.08286713286713286
601,final_quarter,Semantic,59,0.6323202805376973,0.3333333333333333,-0.022296902396259498,0.038181818181818185
601,final_quarter,Temperature,59,0.6806545879602574,0.2,0.052194623027469335,0.08757575757575757
601,final_quarter,Fisher,59,0.6270601987142024,0.09090909090909091,-0.012147866744593802,0.0709090909090909
604,final_quarter,Semantic,58,0.6097696022639885,0.5,-0.01725983573779569,0.05454545454545454
604,final_quarter,Temperature,58,0.6866713833092375,0.5,-0.015564920483558398,0.04636363636363637
604,final_quarter,Fisher,58,0.6160447875972808,0.5,0.012599587806453597,0.061818181818181814
606,final_quarter,Semantic,158,0.6917392170792519,0.23076923076923078,0.01867122835467378,0.052706181471476245
606,final_quarter,Temperature,158,0.7256567568102057,0.23076923076923078,-0.014586854367248336,0.05564701520207638
606,final_quarter,Fisher,158,0.6983505207960946,0.18518518518518517,0.03778270321087868,0.0736108904073309
612,final_quarter,Semantic,64,0.6306776556776557,0.2727272727272727,-0.017605311355311355,0.0791025641025641
612,final_quarter,Temperature,64,0.7864926739926739,0.16666666666666666,0.011614010989010989,0.050990675990675985
612,final_quarter,Fisher,64,0.5557234432234431,0.16666666666666666,0.010171703296703296,0.035256410256410256
619,final_quarter,Semantic,87,0.4526682219144127,0.2857142857142857,0.0029589195888313773,0.043823529411764706
619,final_quarter,Temperature,87,0.3721476999343879,0.125,0.018233761026463513,0.05147058823529412
619,final_quarter,Fisher,87,0.5518699424072318,0.38461538461538464,-0.03145549318364073,0.02720588235294118
621,final_quarter,Semantic,76,0.5314832535885167,0.23076923076923078,0.0707259056732741,0.07926739926739926
621,final_quarter,Temperature,76,0.4830075187969925,0.23076923076923078,-0.021778537252221463,0.06285714285714286
621,final_quarter,Fisher,76,0.5358031442241968,0.14285714285714285,0.04744907723855092,0.0657142857142857
623,final_quarter,Semantic,138,0.5160243750413823,0.21739130434782608,-0.008579895842133017,0.05056980056980056
623,final_quarter,Temperature,138,0.49130685930468576,0.2727272727272727,0.011444579658393244,0.05158404558404558
623,final_quarter,Fisher,138,0.6752521182038818,0.16666666666666666,0.008031936875127002,0.06203418803418802
629,final_quarter,Semantic,57,0.29303863106040967,0.2,-0.01607466943220119,0.07545454545454545
629,final_quarter,Temperature,57,0.5464739434793882,0.2,0.02582317863624579,0.0709090909090909
629,final_quarter,Fisher,57,0.28273269380347427,0.09090909090909091,-0.015533445683173459,0.08636363636363636
635,final_quarter,Semantic,119,0.6173693206095998,0.2631578947368421,-0.008884062099416034,0.04488989271597967
635,final_quarter,Temperature,119,0.5296467739638229,0.3333333333333333,0.030022432701894326,0.06728966685488424
635,final_quarter,Fisher,119,0.6519014385415184,0.2,-0.003705312633527988,0.05875211744776961
642,final_quarter,Semantic,67,0.5994492776757923,0.2727272727272727,0.059952909250538755,0.07709790209790209
642,final_quarter,Temperature,67,0.6134567802697742,0.2727272727272727,0.08157474658791607,0.0835081585081585
642,final_quarter,Fisher,67,0.7340968952031289,0.16666666666666666,0.044167531327320625,0.05192307692307692
645,final_quarter,Semantic,102,0.8420138987056902,0.2222222222222222,0.002575614500342098,0.0648370927318296
645,final_quarter,Temperature,102,0.8339958496135165,0.15789473684210525,0.04972434422197217,0.04404761904761906
645,final_quarter,Fisher,102,0.6523061786475621,0.2222222222222222,-0.012525233105834855,0.06011278195488723
648,final_quarter,Semantic,83,0.6773435204231559,0.2857142857142857,-0.038050459678435,0.07183823529411765
648,final_quarter,Temperature,83,0.7780739683472565,0.2,-0.014792619957180633,0.05808823529411765
648,final_quarter,Fisher,83,0.7369337979094076,0.5,-0.013885857016917838,0.061102941176470596
654,final_quarter,Semantic,127,0.5712528121484813,0.3,0.0028660479940007507,0.061511198945981546
654,final_quarter,Temperature,127,0.7939222440944882,0.625,-0.02048532995875516,0.043710144927536235
654,final_quarter,Fisher,127,0.30461426696662913,0.23809523809523808,-0.001592086145481817,0.050043478260869564
657,final_quarter,Semantic,74,0.7062125138837466,0.3333333333333333,0.0074031840059237365,0.04095238095238095
657,final_quarter,Temperature,74,0.43324694557571264,0.23076923076923078,0.020897445390596077,0.060952380952380945
657,final_quarter,Fisher,74,0.6693372824879673,0.45454545454545453,0.008504998148833766,0.06069597069597069
665,final_quarter,Semantic,73,0.7683882512649637,0.23076923076923078,-0.04146612365790448,0.048095238095238094
665,final_quarter,Temperature,73,0.7786313710971245,0.3333333333333333,0.03532487967419475,0.03761904761904762
665,final_quarter,Fisher,73,0.8175367147969889,0.45454545454545453,-0.005376095273355547,0.06952380952380952
666,final_quarter,Semantic,91,0.8107182672400063,0.42857142857142855,0.01426023252110209,0.05380116959064326
666,final_quarter,Temperature,91,0.8110208631947762,0.3333333333333333,0.045856824335085214,0.06618507051943583
666,final_quarter,Fisher,91,0.674247491638796,0.25,0.008518076126771782,0.05765393876848983
675,final_quarter,Semantic,64,0.6809523809523809,0.2727272727272727,-0.0010554029304029324,0.06171328671328672
675,final_quarter,Temperature,64,0.6670329670329669,0.2727272727272727,-0.020302197802197795,0.06317016317016316
675,final_quarter,Fisher,64,0.5156135531135531,0.2727272727272727,-0.06455815018315017,0.05512820512820512
690,final_quarter,Semantic,82,0.7421229633983087,0.2857142857142857,0.011487685157976085,0.05779411764705883
690,final_quarter,Temperature,82,0.7784743309280483,0.2,-0.02734950642679118,0.05963235294117647
690,final_quarter,Fisher,82,0.6789107650112646,0.2,0.019477367464437696,0.04889705882352942
696,final_quarter,Semantic,64,0.7480311355311354,0.16666666666666666,-0.006556776556776553,0.0694055944055944
696,final_quarter,Temperature,64,0.3838827838827838,0.07692307692307693,0.07056318681318682,0.03846153846153846
696,final_quarter,Fisher,64,0.8824633699633697,1.0,-0.004249084249084246,0.04679487179487178
702,final_quarter,Semantic,90,0.7083755196114746,0.2857142857142857,0.019805737333827216,0.058529411764705885
702,final_quarter,Temperature,90,0.8712598263160061,0.5,-0.001761534345804009,0.05227941176470587
702,final_quarter,Fisher,90,0.4957402148413384,0.2,0.01834218216240688,0.05367647058823529
711,final_quarter,Semantic,129,0.6722551431127014,0.4444444444444444,-0.008184257602862257,0.0718227931488801
711,final_quarter,Temperature,129,0.7488372093023258,0.3,-0.040581395348837215,0.04318840579710146
711,final_quarter,Fisher,129,0.6282032647584974,0.23809523809523808,-0.025269454382826483,0.06096772068511199
717,final_quarter,Semantic,162,0.7583920085920619,0.4166666666666667,-0.014655195530095505,0.07179679863147606
717,final_quarter,Temperature,162,0.7445244657834682,0.5454545454545454,0.001218384867357925,0.049137952101661775
717,final_quarter,Fisher,162,0.780216523348025,0.25925925925925924,0.010697596960600428,0.05891006842619746
719,final_quarter,Semantic,75,0.6949075391180654,0.23076923076923078,0.05045519203413941,0.08212454212454212
719,final_quarter,Temperature,75,0.42392603129445233,0.14285714285714285,0.002954480796586062,0.08937728937728937
719,final_quarter,Fisher,75,0.8185775248933143,0.45454545454545453,0.03461735419630156,0.0663003663003663
722,final_quarter,Semantic,61,0.48048651507139073,0.4,0.020692755156002118,0.07773892773892774
722,final_quarter,Temperature,61,0.4241671073506081,0.2727272727272727,-0.05620306716023267,0.06107226107226106
722,final_quarter,Fisher,61,0.5877313590692754,0.07692307692307693,0.05044420941300898,0.051923076923076926
723,final_quarter,Semantic,182,0.659192360940391,0.3103448275862069,-0.02219161148605945,0.05796785565167918
723,final_quarter,Temperature,182,0.48594598952356405,0.1875,0.010408557116282862,0.05511519923284629
723,final_quarter,Fisher,182,0.7249074627935239,0.35714285714285715,0.00628964369567576,0.05545081750964104
728,final_quarter,Semantic,55,0.6856421356421358,0.5,-0.027106782106782107,0.04909090909090909
728,final_quarter,Temperature,55,0.7437229437229439,0.5,-0.04282106782106783,0.05181818181818182
728,final_quarter,Fisher,55,0.6185425685425686,0.3333333333333333,-0.017196969696969704,0.07181818181818181
737,final_quarter,Semantic,72,0.6968615345038268,0.3333333333333333,-0.03155347610778829,0.055824175824175815
737,final_quarter,Temperature,72,0.7109781979548525,0.23076923076923078,0.019477136793362926,0.07714285714285714
737,final_quarter,Fisher,72,0.6298797350311918,0.23076923076923078,-0.0004196411344781034,0.07285714285714286
747,final_quarter,Semantic,108,0.8218106643040194,0.29411764705882354,-0.026853677822553757,0.05983709273182958
747,final_quarter,Temperature,108,0.8032333971629179,0.4666666666666667,-0.0017100612573475473,0.06352965747702591
747,final_quarter,Fisher,108,0.8325950060495203,0.4666666666666667,-0.0022773824154257985,0.0503968253968254
748,final_quarter,Semantic,86,0.7763479409406103,0.125,0.024647389027784333,0.0788970588235294
748,final_quarter,Temperature,86,0.7664606821076465,0.2857142857142857,-0.00477097976319638,0.06227941176470588
748,final_quarter,Fisher,86,0.7716118684843624,0.2,0.06241520826454078,0.057352941176470586
753,final_quarter,Semantic,92,0.7951543547616479,0.25,-0.020137015859316,0.08516941864465084
753,final_quarter,Temperature,92,0.7562535641077015,0.25,-0.006995669127506432,0.06608187134502924
753,final_quarter,Fisher,92,0.7854908065286746,0.25,-0.02281722485088544,0.08453302373581009
754,final_quarter,Semantic,75,0.8124608819345661,0.14285714285714285,0.015324324324324323,0.0463003663003663
754,final_quarter,Temperature,75,0.7230725462304409,0.14285714285714285,-0.05379516358463726,0.04047619047619048
754,final_quarter,Fisher,75,0.7474537695590328,0.14285714285714285,0.0023485064011379763,0.058571428571428566
769,final_quarter,Semantic,93,0.8020649935841961,0.3333333333333333,-0.023048402017248067,0.04824561403508772
769,final_quarter,Temperature,93,0.6962937542896361,0.25,0.0419093730416878,0.08054265565875474
769,final_quarter,Fisher,93,0.7759392438303839,0.3333333333333333,0.008680731700038798,0.060629514963880284
770,final_quarter,Semantic,63,0.8877688172043011,0.5555555555555556,-0.010397465437788023,0.035256410256410256
770,final_quarter,Temperature,63,0.7863863287250384,0.16666666666666666,-0.03680875576036866,0.06346153846153846
770,final_quarter,Fisher,63,0.7028609831029187,0.2727272727272727,-0.008945372503840244,0.06555944055944055
771,final_quarter,Semantic,63,0.7070852534562212,0.2727272727272727,0.006919642857142855,0.03461538461538462
771,final_quarter,Temperature,63,0.5656201996927803,0.4,0.030117127496159756,0.06555944055944056
771,final_quarter,Fisher,63,0.5784850230414746,0.4,-0.019225230414746546,0.07389277389277388
775,final_quarter,Semantic,101,0.917577169481654,0.5714285714285714,0.009630168899242867,0.04983709273182958
775,final_quarter,Temperature,101,0.9179732090856144,0.6923076923076923,-0.050738497379149684,0.05166666666666667
775,final_quarter,Fisher,101,0.7767850902737331,0.4666666666666667,-0.0036761793826441485,0.06440267335004178
776,final_quarter,Semantic,58,0.8575779015041989,0.3333333333333333,0.006158294626103544,0.08212121212121211
776,final_quarter,Temperature,58,0.8655756867329049,0.5,-0.026764895874988464,0.05545454545454546
776,final_quarter,Fisher,58,0.8663139438309392,0.5,-0.008545325909748075,0.06848484848484848
783,final_quarter,Semantic,86,0.7640077362139723,0.2857142857142857,0.038600877399877345,0.05970588235294118
783,final_quarter,Temperature,86,0.7932921364215293,0.2,-0.023148261710458036,0.053088235294117644
783,final_quarter,Fisher,86,0.7134204443605829,0.5,-3.7737629133449e-05,0.052647058823529415
785,final_quarter,Semantic,87,0.7981337027046729,0.38461538461538464,0.023763395786250634,0.06691176470588237
785,final_quarter,Temperature,87,0.9035321134358825,0.6363636363636364,-0.009334220310563534,0.05933823529411765
785,final_quarter,Fisher,87,0.7191805788437704,0.38461538461538464,0.01707552671867026,0.05301470588235294
798,final_quarter,Semantic,143,0.6093437079352572,0.42857142857142855,0.021185856397123996,0.07360847964296241
798,final_quarter,Temperature,143,0.6819454020158244,0.2,0.012711554877047837,0.05889436234263821
798,final_quarter,Fisher,143,0.7024032305722446,0.5,-0.02435569125709971,0.05743021346469622
800,final_quarter,Semantic,72,0.4110875297446782,0.3333333333333333,-0.011611679207666087,0.06999999999999998
800,final_quarter,Temperature,72,0.43327545179754323,0.45454545454545453,-0.022728149720239253,0.0701098901098901
800,final_quarter,Fisher,72,0.386487877033893,0.3333333333333333,0.022998263553926306,0.05963369963369962
801,final_quarter,Semantic,63,0.8469182027649771,0.4,-0.000590437788018433,0.06474358974358975
801,final_quarter,Temperature,63,0.6829877112135178,0.07692307692307693,-0.033148521505376345,0.046794871794871795
801,final_quarter,Fisher,63,0.6300403225806452,0.2727272727272727,0.00031201996927803026,0.0726107226107226
811,final_quarter,Semantic,65,0.609527972027972,0.4,-0.017301136363636373,0.09586247086247085
811,final_quarter,Temperature,65,0.6261800699300699,0.5555555555555556,0.010756118881118878,0.05576923076923077
811,final_quarter,Fisher,65,0.6819055944055944,0.4,-0.03703015734265734,0.06235431235431236
821,final_quarter,Semantic,66,0.6624986953345162,0.2727272727272727,-0.010671119924851268,0.04358974358974359
821,final_quarter,Temperature,66,0.5000104373238702,0.2727272727272727,-0.022717879135789577,0.06025641025641025
821,final_quarter,Fisher,66,0.3617785199874753,0.16666666666666666,-0.013036217513829457,0.06346153846153846
829,final_quarter,Semantic,88,0.6245465112183439,0.38461538461538464,0.014817195590151811,0.05933823529411765
829,final_quarter,Temperature,88,0.5260293755063226,0.2857142857142857,0.006791764995949428,0.05889705882352941
829,final_quarter,Fisher,88,0.7979289211369802,0.8,-0.0142782924166109,0.04485294117647059
831,final_quarter,Semantic,51,0.8321266968325791,0.3333333333333333,-0.005090497737556561,0.05575757575757576
831,final_quarter,Temperature,51,0.6871493212669683,0.2,-0.012280542986425341,0.05636363636363636
831,final_quarter,Fisher,51,0.6621719457013575,0.2,-0.04038009049773755,0.04090909090909091
839,final_quarter,Semantic,78,0.8794623098420566,0.3333333333333333,0.03127126038518443,0.030476190476190473
839,final_quarter,Temperature,78,0.8085205933307199,0.23076923076923078,0.003195538638576614,0.06296703296703296
839,final_quarter,Fisher,78,0.733658746316974,0.06666666666666667,-0.006073673162280758,0.06677655677655678
845,final_quarter,Semantic,109,0.8520526364563062,0.29411764705882354,-0.014589936057825964,0.03694235588972431
845,final_quarter,Temperature,109,0.7804930034287832,0.29411764705882354,0.006055972569734036,0.0674561403508772
845,final_quarter,Fisher,109,0.8296450745992031,0.29411764705882354,0.036030951719025116,0.06507518796992481
849,final_quarter,Semantic,62,0.5175140389312786,0.07692307692307693,0.012220795245649826,0.06684149184149184
849,final_quarter,Temperature,62,0.5267809926720556,0.2727272727272727,0.0753972450958173,0.09265734265734266
849,final_quarter,Fisher,62,0.7288408753242174,0.4,0.02939739618745436,0.0944055944055944
852,final_quarter,Semantic,59,0.7881355932203391,0.3333333333333333,0.02205143191116306,0.07090909090909091
852,final_quarter,Temperature,59,0.8083576855639978,0.3333333333333333,0.01821741671537113,0.04363636363636364
852,final_quarter,Fisher,59,0.7795441262419639,0.2,0.032104032729398005,0.050909090909090904
854,final_quarter,Semantic,97,0.7936829370923626,0.42857142857142855,0.01047890805806859,0.05736154110767113
854,final_quarter,Temperature,97,0.5484299389859036,0.25,0.02670287187039764,0.05209838321293429
854,final_quarter,Fisher,97,0.6868688196928255,0.42857142857142855,0.0024806701030927842,0.04683522531819745
856,final_quarter,Semantic,72,0.8071901730014792,0.14285714285714285,-0.0444514116663451,0.027142857142857142
856,final_quarter,Temperature,72,0.7325551482410445,0.23076923076923078,-0.01059071322914657,0.052490842490842494
856,final_quarter,Fisher,72,0.8744935365618369,0.23076923076923078,0.02696958003730144,0.052490842490842494
860,final_quarter,Semantic,113,0.7316521391975515,0.14285714285714285,-0.025161354714219174,0.06229249011857707
860,final_quarter,Temperature,113,0.7966265220573558,0.2631578947368421,0.05545154368221439,0.057910784867306594
860,final_quarter,Fisher,113,0.6748536163417393,0.2631578947368421,0.029481336083571768,0.053557312252964416
865,final_quarter,Semantic,62,0.6404019037546271,0.16666666666666666,0.0062501573871219535,0.08368298368298369
865,final_quarter,Temperature,62,0.8352597517060766,0.16666666666666666,0.03792903729445242,0.05128205128205129
865,final_quarter,Fisher,62,0.8826017979904812,0.4,-0.0026214399033013536,0.04294871794871795
866,final_quarter,Semantic,62,0.5864621893178212,0.75,0.01333887336002619,0.052564102564102565
866,final_quarter,Temperature,62,0.3167132532547657,0.07692307692307693,0.0034247437737654563,0.07115384615384615
866,final_quarter,Fisher,62,0.3578101785399511,0.5555555555555556,-0.055906423912769766,0.04825174825174825
878,final_quarter,Semantic,68,0.6679390769935489,0.16666666666666666,0.013690498912089163,0.06812354312354311
878,final_quarter,Temperature,68,0.7134786425926632,0.2727272727272727,-0.029928999503759973,0.03846153846153846
878,final_quarter,Fisher,68,0.6553040424476083,0.16666666666666666,0.05969385807535214,0.07773892773892774
879,final_quarter,Semantic,159,0.5201098638643421,0.14285714285714285,0.01241596011464055,0.057929739687248016
879,final_quarter,Temperature,159,0.7957965130164797,0.391304347826087,-0.0018938082159063781,0.058620983926879366
879,final_quarter,Fisher,159,0.49564425603057083,0.10344827586206896,0.03459607117267734,0.055897028444303186
883,final_quarter,Semantic,106,0.538484016424415,0.5714285714285714,0.021895357331788302,0.058767752715121135
883,final_quarter,Temperature,106,0.5664659797969619,0.15789473684210525,0.023415371438647758,0.07832915622389307
883,final_quarter,Fisher,106,0.5752626143033478,0.15789473684210525,0.0008101367861551238,0.05348370927318295
887,final_quarter,Semantic,71,0.7130784708249496,0.14285714285714285,0.012520120724346075,0.07391941391941391
887,final_quarter,Temperature,71,0.7056673373574781,0.14285714285714285,-0.015065392354124746,0.06725274725274726
887,final_quarter,Fisher,71,0.7046613011401742,0.14285714285714285,-0.0009624413145539915,0.06238095238095237
890,final_quarter,Semantic,72,0.7642613672905011,0.14285714285714285,0.050996848671940334,0.05619047619047618
890,final_quarter,Temperature,72,0.8264197054472958,0.3333333333333333,0.02359798057752911,0.09391941391941391
890,final_quarter,Fisher,72,0.824876197826227,0.14285714285714285,0.019554312174416368,0.03761904761904762
894,final_quarter,Semantic,89,0.6689649302008853,0.2,-0.049880830779707196,0.03602941176470588
894,final_quarter,Temperature,89,0.6763363976847123,0.6363636363636364,-0.009911474293496762,0.04602941176470589
894,final_quarter,Fisher,89,0.46775621382362964,0.058823529411764705,-0.05556860742254001,0.03426470588235294
896,final_quarter,Semantic,91,0.4299888517279822,0.1111111111111111,-0.02955566172957478,0.031578947368421054
896,final_quarter,Temperature,91,0.13275999362955884,0.05263157894736842,-0.008809523809523812,0.06554867561059512
896,final_quarter,Fisher,91,0.3158942506768594,0.25,-0.0431334607421564,0.0717406260749914
905,final_quarter,Semantic,57,0.7791029297381385,0.3333333333333333,-0.03227573243453461,0.057272727272727274
905,final_quarter,Temperature,57,0.7330178895514649,0.2,-0.020971610059631836,0.07181818181818181
905,final_quarter,Fisher,57,0.7302307492870106,0.2,0.0066696914700544495,0.048484848484848485
915,final_quarter,Semantic,60,0.7122534037232566,0.2,-0.015784940261183666,0.04090909090909091
915,final_quarter,Temperature,60,0.6566268407891083,0.3333333333333333,0.04919144206724091,0.07303030303030301
915,final_quarter,Fisher,60,0.8785773826062797,0.3333333333333333,-0.025443178660739103,0.055454545454545444
916,final_quarter,Semantic,76,0.7310184552289816,0.3333333333333333,-0.029048530416951473,0.06296703296703296
916,final_quarter,Temperature,76,0.8535885167464115,0.3333333333333333,0.0034572795625427226,0.057252747252747246
916,final_quarter,Fisher,76,0.8196855775803145,0.23076923076923078,-0.010846206425153795,0.026666666666666665
918,final_quarter,Semantic,65,0.8758304195804195,0.4,0.011145104895104898,0.06794871794871796
918,final_quarter,Temperature,65,0.8484702797202797,0.4,-0.07100087412587414,0.046794871794871795
918,final_quarter,Fisher,65,0.6958479020979021,0.16666666666666666,-0.021973339160839163,0.05897435897435897
924,final_quarter,Semantic,113,0.8545561913633642,0.3333333333333333,0.012873028810965467,0.04488989271597967
924,final_quarter,Temperature,113,0.7523454654334953,0.4117647058823529,-0.00649120034599774,0.05703557312252964
924,final_quarter,Fisher,113,0.8239653336882029,0.4117647058823529,0.01774070131079912,0.0585262563523433
927,final_quarter,Semantic,67,0.692313831909969,0.2727272727272727,0.004174315587836223,0.05192307692307692
927,final_quarter,Temperature,67,0.789488386942294,0.4,-0.01601684092904462,0.06171328671328671
927,final_quarter,Fisher,67,0.6258679862718495,0.07692307692307693,0.042710910687205686,0.07179487179487179
935,final_quarter,Semantic,96,0.6426071622354856,0.17647058823529413,-0.007608518719479112,0.05999312005503955
935,final_quarter,Temperature,96,0.7256375474769398,0.17647058823529413,-0.01285268583830711,0.056652046783625745
935,final_quarter,Fisher,96,0.5958084644601194,0.3333333333333333,0.006447368421052628,0.051805985552115574
936,final_quarter,Semantic,117,0.7807699800686357,0.2631578947368421,-0.0051637968499453,0.06798567565157954
936,final_quarter,Temperature,117,0.8055568043878972,0.3333333333333333,-0.00196166584243732,0.04531338226990401
936,final_quarter,Fisher,117,0.592103882869517,0.09090909090909091,0.02081741072097588,0.045087521174477695
939,final_quarter,Semantic,59,0.7732904734073642,0.09090909090909091,0.0013413208649912327,0.045454545454545456
939,final_quarter,Temperature,59,0.5389246054938632,0.09090909090909091,0.01930742255990649,0.05909090909090908
939,final_quarter,Fisher,59,0.706428988895383,0.2,0.0017329047340736397,0.041818181818181824
958,final_quarter,Semantic,71,0.7442320590207914,0.6,-0.02763749161636485,0.05868131868131867
958,final_quarter,Temperature,71,0.5175050301810865,0.23076923076923078,0.03079309188464117,0.06556776556776557
958,final_quarter,Fisher,71,0.5810194500335345,0.6,0.01661301140174379,0.059047619047619036
961,final_quarter,Semantic,149,0.5756466533647742,0.30434782608695654,0.013614728822782512,0.07021967496105427
961,final_quarter,Temperature,149,0.6673571558135316,0.36363636363636365,0.0036519136586250682,0.04460864805692391
961,final_quarter,Fisher,149,0.6881407582078723,0.25,-0.021640848902593872,0.0636878447223275
963,final_quarter,Semantic,78,0.6305466685213521,0.23076923076923078,-0.023691498375042676,0.06296703296703296
963,final_quarter,Temperature,78,0.6039403634340342,0.14285714285714285,-0.0020043247891349133,0.048095238095238094
963,final_quarter,Fisher,78,0.7368707242124963,0.23076923076923078,-0.009450043627258821,0.05523809523809524
968,final_quarter,Semantic,60,0.7369824951375383,0.2,0.03490136148930259,0.02727272727272727
968,final_quarter,Temperature,60,0.4695748819116422,0.3333333333333333,-0.0027340928035565386,0.04727272727272728
968,final_quarter,Fisher,60,0.7337038066129481,0.09090909090909091,0.05397332592386774,0.08303030303030302
976,final_quarter,Semantic,97,0.7410188302124973,0.5384615384615384,-0.003921865137807704,0.05209838321293429
976,final_quarter,Temperature,97,0.8154323585104143,0.6666666666666666,0.0018310803702924472,0.07061403508771928
976,final_quarter,Fisher,97,0.7575215653271616,0.6666666666666666,0.01652180201977698,0.05319487444100446
983,final_quarter,Semantic,73,0.7289275576946811,0.06666666666666667,-0.005078366037270147,0.048571428571428564
983,final_quarter,Temperature,73,0.7383993582623721,0.45454545454545453,0.054465938541281025,0.09307692307692308
983,final_quarter,Fisher,73,0.7914352708873259,0.3333333333333333,-0.03628440083919536,0.048571428571428564
993,final_quarter,Semantic,173,0.7380024196800645,0.38461538461538464,-0.0025259466650597276,0.05736822001527884
993,final_quarter,Temperature,173,0.7414557944847981,0.3333333333333333,-0.013849887127951013,0.05029029793735675
993,final_quarter,Fisher,173,0.613817671081115,0.2857142857142857,-0.016466571795430422,0.08214412011138766
995,final_quarter,Semantic,58,0.8732043434125936,0.7142857142857143,0.04310191024024117,0.06
995,final_quarter,Temperature,58,0.9093174197914423,0.5,0.046199513980743796,0.07303030303030303
995,final_quarter,Fisher,58,0.817773539635178,0.3333333333333333,-0.06427450859761914,0.07636363636363636
996,final_quarter,Semantic,72,0.7770596179818638,0.3333333333333333,-0.008532703067721397,0.055824175824175815
996,final_quarter,Temperature,72,0.7745835745063993,0.3333333333333333,-0.027064441443179637,0.05296703296703296
996,final_quarter,Fisher,72,0.6089459129204452,0.06666666666666667,0.0022043218213389938,0.05249084249084248
997,final_quarter,Semantic,72,0.8675155958582548,0.45454545454545453,-0.026766994662036154,0.06428571428571428
997,final_quarter,Temperature,72,0.7606920059167793,0.3333333333333333,-0.03145700688147148,0.07820512820512819
997,final_quarter,Fisher,72,0.7745835745063993,0.23076923076923078,-0.012418805067850024,0.04476190476190476
998,final_quarter,Semantic,65,0.8750437062937063,0.2727272727272727,0.02508304195804196,0.06474358974358975
998,final_quarter,Temperature,65,0.82618006993007,0.16666666666666666,0.004252622377622374,0.0685897435897436
998,final_quarter,Fisher,65,0.8670454545454546,0.4,0.07267482517482518,0.06025641025641025
0,final_half,Semantic,70,0.7581663896422011,0.16666666666666666,0.012509841658647537,0.0488927738927739
0,final_half,Temperature,70,0.7862654185985477,0.5555555555555556,0.005215641676143814,0.06555944055944055
0,final_half,Fisher,70,0.7451841483684717,0.07692307692307693,0.0041011285101915824,0.049533799533799536
1,final_half,Semantic,80,0.5787388654477262,0.23076923076923078,0.019995311767463667,0.05582417582417583
1,final_half,Temperature,80,0.374003750586029,0.23076923076923078,0.020244960150023437,0.07725274725274725
1,final_half,Fisher,80,0.44540553211439293,0.14285714285714285,0.04257969995311768,0.05153846153846153
16,final_half,Semantic,70,0.4317907444668008,0.07692307692307693,0.031101390954422194,0.05512820512820512
16,final_half,Temperature,70,0.6552882512466102,0.16666666666666666,-0.009650949173300675,0.059615384615384605
16,final_half,Fisher,70,0.4431283352287639,0.16666666666666666,0.03862829148805878,0.056585081585081576
20,final_half,Semantic,81,0.3936314363143631,0.125,0.0012059620596205987,0.05808823529411765
20,final_half,Temperature,81,0.4364724480578139,0.38461538461538464,0.01890921409214092,0.06183823529411765
20,final_half,Fisher,81,0.3464092140921409,0.2,-0.0028139114724480565,0.08612394957983192
24,final_half,Semantic,81,0.42075429087624205,0.2,-0.005941734417344173,0.05772058823529412
24,final_half,Temperature,81,0.5836043360433605,0.125,-0.029463640469738032,0.06227941176470588
24,final_half,Fisher,81,0.2510840108401084,0.2,0.004285230352303524,0.06649159663865548
38,final_half,Semantic,76,0.644155844155844,0.23076923076923078,-0.003228981544771019,0.058571428571428566
38,final_half,Temperature,76,0.803526999316473,0.14285714285714285,-0.013472317156527682,0.05523809523809523
38,final_half,Fisher,76,0.5499658236500342,0.14285714285714285,0.021686944634313053,0.05095238095238095
49,final_half,Semantic,73,0.7397568801678391,0.14285714285714285,0.03581698136492657,0.048571428571428564
49,final_half,Temperature,73,0.7828890534369988,0.14285714285714285,-0.006040972479328645,0.06010989010989011
49,final_half,Fisher,73,0.6974885844748859,0.06666666666666667,-0.0032472541034184914,0.08106227106227105
51,final_half,Semantic,60,0.6119477632675744,0.3333333333333333,-0.005862739649902754,0.06636363636363636
51,final_half,Temperature,60,0.6106140594609615,0.3333333333333333,0.03357043623228676,0.04272727272727273
51,final_half,Fisher,60,0.702917477076966,0.2,-0.05815782161711587,0.046363636363636364
55,final_half,Semantic,106,0.6242839509282818,0.29411764705882354,0.007001032823639069,0.04170426065162908
55,final_half,Temperature,106,0.5308562359876061,0.15789473684210525,0.020658488046955695,0.057731829573934836
55,final_half,Fisher,106,0.6441242411265334,0.2222222222222222,-0.009744313172280018,0.0627777777777778
57,final_half,Semantic,94,0.6922443376801647,0.1111111111111111,-0.013775241122710688,0.0654970760233918
57,final_half,Temperature,94,0.691594119134487,0.1111111111111111,-0.01198136040169057,0.07793257653938768
57,final_half,Fisher,94,0.7376006935664489,0.1111111111111111,-0.04039085359245746,0.04064327485380116
60,final_half,Semantic,75,0.7769843527738265,0.23076923076923078,0.004906116642958749,0.05249084249084248
60,final_half,Temperature,75,0.7183783783783783,0.6,0.02078947368421052,0.06069597069597069
60,final_half,Fisher,75,0.656728307254623,0.06666666666666667,0.05407823613086769,0.04714285714285714
64,final_half,Semantic,63,0.7400633640552996,0.2727272727272727,0.01593942012288787,0.060256410256410264
64,final_half,Temperature,63,0.7089093701996928,0.2727272727272727,-0.014818548387096776,0.09889277389277389
64,final_half,Fisher,63,0.7717453917050692,0.2727272727272727,0.007380472350230415,0.0641025641025641
70,final_half,Semantic,66,0.5754931635528652,0.0,-0.016219601294228163,0.026923076923076928
70,final_half,Temperature,66,0.7312597849911283,0.5555555555555556,-0.031706502452771124,0.027564102564102567
70,final_half,Fisher,66,0.698486588038827,0.4,-0.024888842500782805,0.04294871794871794
71,final_half,Semantic,58,0.4952782306438218,0.2,-0.0664585191793042,0.027272727272727275
71,final_half,Temperature,58,0.3664523670368206,0.09090909090909091,-0.051370389738226344,0.07757575757575755
71,final_half,Fisher,58,0.33052385493248027,0.09090909090909091,-0.03715586452982251,0.07303030303030303
74,final_half,Semantic,73,0.5592064667407134,0.23076923076923078,-0.11260644205849686,0.04380952380952381
74,final_half,Temperature,73,0.6851474762433667,0.23076923076923078,0.01743952856966556,0.07725274725274725
74,final_half,Fisher,73,0.5318092064667408,0.3333333333333333,0.015636184129334815,0.05963369963369963
88,final_half,Semantic,86,0.507901316099816,0.125,-0.023682249162696352,0.04742647058823529
88,final_half,Temperature,86,0.4101231190150479,0.2,-0.0426369168356998,0.046764705882352944
88,final_half,Fisher,86,0.303891693004387,0.2,0.024690787301287796,0.07595588235294118
94,final_half,Semantic,60,0.4909697138093916,0.2,-0.054845790497360394,0.04727272727272728
94,final_half,Temperature,60,0.44862461794943054,0.3333333333333333,0.020294526257293697,0.055454545454545444
94,final_half,Fisher,60,0.7368157821617117,0.09090909090909091,-0.020533481522645187,0.06636363636363636
95,final_half,Semantic,105,0.4761766535351441,0.15789473684210525,-0.017702674683806756,0.0493233082706767
95,final_half,Temperature,105,0.25908148455318264,0.15789473684210525,0.05293852374041054,0.06721804511278197
95,final_half,Fisher,105,0.22968069666182872,0.1,-0.012400995231183909,0.04507518796992481
99,final_half,Semantic,115,0.5059023120018937,0.14285714285714285,0.0029231436913122397,0.0736928289102202
99,final_half,Temperature,115,0.5004892290696757,0.2,-0.035305373628974984,0.05138339920948616
99,final_half,Fisher,115,0.39090980825376787,0.14285714285714285,0.003565848654620061,0.08171089779785431
105,final_half,Semantic,155,0.7503625406851213,0.28,-0.009891398923656989,0.055431961438635526
105,final_half,Temperature,155,0.3977313009571074,0.3333333333333333,0.03834923141374754,0.04865935695746596
105,final_half,Fisher,155,0.42364732042151393,0.23076923076923078,0.04243031162386001,0.05544467397637587
106,final_half,Semantic,103,0.46760093133593994,0.047619047619047616,-0.0015831612704828063,0.07273182957393484
106,final_half,Temperature,103,0.294743662961824,0.15789473684210525,0.004272833106356802,0.0790810359231412
106,final_half,Fisher,103,0.7081228309098099,0.2222222222222222,0.013275930237666387,0.052218045112781955
107,final_half,Semantic,128,0.6616576634316059,0.3684210526315789,0.024550791979490935,0.056612648221343875
107,final_half,Temperature,128,0.7169016663614722,0.3,-0.0022563404138436216,0.056398550724637675
107,final_half,Fisher,128,0.5944309650247208,0.3,0.008614207562717455,0.03302173913043478
108,final_half,Semantic,190,0.6086866380611216,0.4074074074074074,-0.025049797268039208,0.054009135185605774
108,final_half,Temperature,190,0.4150927055859545,0.4074074074074074,0.009465023816084718,0.053846115022585614
108,final_half,Fisher,190,0.4173234132451548,0.1875,-0.014493213837385787,0.0456095476683712
110,final_half,Semantic,85,0.6923392612859097,0.2857142857142857,-0.015987883525503226,0.06477941176470589
110,final_half,Temperature,85,0.7999022864959937,0.2857142857142857,0.04242427203439515,0.06764705882352942
110,final_half,Fisher,85,0.8565565761188195,0.2,-0.02592436974789917,0.04852941176470589
111,final_half,Semantic,51,0.842262443438914,0.2,-0.0009321266968325831,0.052727272727272734
111,final_half,Temperature,51,0.49710407239819,0.2,0.0027556561085972883,0.07181818181818181
111,final_half,Fisher,51,0.8918552036199093,0.3333333333333333,0.008090497737556563,0.05181818181818182
113,final_half,Semantic,114,0.5491464328385413,0.5,0.0041436989935400275,0.06398080180688875
113,final_half,Temperature,114,0.4630485409367976,0.3333333333333333,0.004064721249063404,0.07422508841273143
113,final_half,Fisher,114,0.28067070330693994,0.14285714285714285,-0.03022174520564591,0.06160926030491247
115,final_half,Semantic,86,0.6519647153167601,0.2,0.051814708240954764,0.05183823529411765
115,final_half,Temperature,86,0.48871173168545684,0.2,0.02250577857446106,0.02977941176470588
115,final_half,Fisher,86,0.5203358648992877,0.2857142857142857,-0.009506108778715973,0.06345588235294117
126,final_half,Semantic,72,0.5789761399446911,0.3333333333333333,-0.028815357900829647,0.030476190476190473
126,final_half,Temperature,72,0.6233198276416491,0.3333333333333333,-0.013213068364525049,0.06619047619047619
126,final_half,Fisher,72,0.3635925139880379,0.14285714285714285,-0.01851887581194933,0.0519047619047619
128,final_half,Semantic,66,0.7697526354242774,0.4,0.009585638242354668,0.07261072261072261
128,final_half,Temperature,66,0.9089447865567271,0.5555555555555556,-0.01380231708589918,0.05
128,final_half,Fisher,66,0.8633963051873501,0.4,0.0031645965974324195,0.08304195804195805
129,final_half,Semantic,122,0.7068015768899052,0.23809523809523808,-0.021380538693613456,0.05427931488801054
129,final_half,Temperature,122,0.787694839419604,0.3684210526315789,-0.001884204995687675,0.05404347826086957
129,final_half,Fisher,122,0.5249569593650143,0.23809523809523808,0.007541115785090924,0.05875362318840579
130,final_half,Semantic,78,0.7812314268010471,0.23076923076923078,-0.03597668154630179,0.048571428571428564
130,final_half,Temperature,78,0.8013631937682569,0.23076923076923078,-0.06781193490054249,0.03761904761904762
130,final_half,Fisher,78,0.8073066174331998,0.23076923076923078,-0.016420288572187303,0.054285714285714284
133,final_half,Semantic,59,0.7573348918760959,0.2,-0.0020017533606078316,0.08272727272727272
133,final_half,Temperature,59,0.5559322033898306,0.2,-0.028194038573933378,0.07999999999999999
133,final_half,Fisher,59,0.5632963179427237,0.09090909090909091,0.07888077147866747,0.06848484848484847
134,final_half,Semantic,52,0.6293007769145395,0.2,-0.027140783744557327,0.06545454545454546
134,final_half,Temperature,52,0.5861862887390079,0.7142857142857143,-0.05081533339025015,0.04727272727272728
134,final_half,Fisher,52,0.3875181422351233,0.2,-0.014424144113378293,0.06545454545454545
171,final_half,Semantic,61,0.7116340560549972,0.16666666666666666,0.040962453728186125,0.07243589743589743
171,final_half,Temperature,61,0.804283447911158,0.16666666666666666,0.006692226335272342,0.06282051282051282
171,final_half,Fisher,61,0.6291909042834479,0.16666666666666666,0.0020809095716552138,0.07470862470862472
175,final_half,Semantic,62,0.8376772178993225,0.2727272727272727,0.011170708367958497,0.06794871794871796
175,final_half,Temperature,62,0.4499257132784368,0.2727272727272727,0.0006496940394349184,0.04807692307692307
175,final_half,Fisher,62,0.8038830550729017,0.07692307692307693,0.014434287728840875,0.0641025641025641
178,final_half,Semantic,65,0.7811625874125875,0.16666666666666666,-0.032956730769230766,0.04807692307692308
178,final_half,Temperature,65,0.6270104895104894,0.16666666666666666,-0.033321678321678316,0.05525641025641026
178,final_half,Fisher,65,0.738243006993007,0.0,0.010002185314685313,0.06474358974358974
179,final_half,Semantic,61,0.7734003172924377,0.16666666666666666,-0.06911422527763086,0.06346153846153846
179,final_half,Temperature,61,0.7133262823902695,0.16666666666666666,0.007771020624008458,0.08794871794871795
179,final_half,Fisher,61,0.6527763088313061,0.16666666666666666,-0.051641988365943935,0.03974358974358975
190,final_half,Semantic,85,0.7226499902286495,0.058823529411764705,-0.008914402970490527,0.06852941176470588
190,final_half,Temperature,85,0.6135235489544656,0.125,-0.005833496189173347,0.03602941176470588
190,final_half,Fisher,85,0.7368575337111589,0.2,0.011927887434043386,0.06441176470588236
192,final_half,Semantic,84,0.4628733421079275,0.2,-0.000825149336843171,0.05522058823529412
192,final_half,Temperature,84,0.8430900070871722,0.5,-0.013379568694947858,0.06654411764705884
192,final_half,Fisher,84,0.6958590665181735,0.38461538461538464,-0.03489217373696467,0.05441176470588235
195,final_half,Semantic,54,0.7789212883552504,0.3333333333333333,0.002950257289879935,0.046363636363636364
195,final_half,Temperature,54,0.7070325900514579,0.2,0.019672193634457786,0.07454545454545454
195,final_half,Fisher,54,0.7558986087287973,0.3333333333333333,-0.037602439489231934,0.028181818181818186
199,final_half,Semantic,134,0.5650519333158769,0.12,0.021154129103854166,0.048236467236467226
199,final_half,Temperature,134,0.589241761119216,0.21739130434782608,0.0001261861120462851,0.04989173789173788
199,final_half,Fisher,134,0.5474756543099041,0.12,-0.022028204840459358,0.07490883190883191
201,final_half,Semantic,211,0.4379389634777277,0.1,0.014781300698764707,0.06131423501814881
201,final_half,Temperature,211,0.4438228944443735,0.07317073170731707,-0.009103741648675926,0.058375334251681385
201,final_half,Fisher,211,0.6017769318225368,0.2222222222222222,0.01598350813096409,0.053533531131375725
202,final_half,Semantic,132,0.6333373336185709,0.16666666666666666,-0.0007325739748399423,0.054039886039886034
202,final_half,Temperature,132,0.7304659984451064,0.3333333333333333,-0.012624378433940505,0.0421994301994302
202,final_half,Fisher,132,0.6878107830297463,0.2727272727272727,-0.0023696472270196656,0.0663247863247863
208,final_half,Semantic,80,0.3403422409751524,0.3333333333333333,0.024229957805907174,0.06725274725274724
208,final_half,Temperature,80,0.6353258321612753,0.45454545454545453,-0.04567041725269574,0.04095238095238095
208,final_half,Fisher,80,0.5083919362400375,0.14285714285714285,-0.020412564463197374,0.06619047619047617
213,final_half,Semantic,135,0.8250560920885769,0.12,0.007829236172080778,0.05542735042735042
213,final_half,Temperature,135,0.6623841576431568,0.21739130434782608,-0.02116842259291777,0.05578632478632478
213,final_half,Fisher,135,0.7292898253828894,0.12,0.03317676324261047,0.06253276353276352
231,final_half,Semantic,145,0.6030664462289403,0.25,0.0006550149582742852,0.05614605700812597
231,final_half,Temperature,145,0.5900055109431585,0.15384615384615385,0.025747913714375688,0.04870215990905646
231,final_half,Fisher,145,0.49029680365296796,0.15384615384615385,-0.007616713903322308,0.06301524146351732
233,final_half,Semantic,93,0.5502819969562233,0.25,0.010441347617200322,0.048538011695906436
233,final_half,Temperature,93,0.43460356300916103,0.1111111111111111,0.01892289099101787,0.07799707602339181
233,final_half,Fisher,93,0.5201724806779863,0.05263157894736842,-0.017991853421264664,0.06260319917440661
235,final_half,Semantic,67,0.586559182696145,0.2727272727272727,-0.057919626466597506,0.06107226107226107
235,final_half,Temperature,67,0.7334583765663661,0.4,0.0018756484954904624,0.07192307692307692
235,final_half,Fisher,67,0.4211429483598053,0.2727272727272727,-0.006421103040945007,0.07051282051282051
238,final_half,Semantic,68,0.7110737870748558,0.16666666666666666,-0.003477497423369085,0.06346153846153846
238,final_half,Temperature,68,0.7374508531511241,0.2727272727272727,0.009199526663358399,0.07564102564102565
238,final_half,Fisher,68,0.5792648013131273,0.0,-0.039905332671679956,0.06427738927738927
240,final_half,Semantic,55,0.5779942279942281,0.3333333333333333,0.014163059163059164,0.06303030303030302
240,final_half,Temperature,55,0.46789321789321797,0.2,0.021194083694083692,0.07727272727272727
240,final_half,Fisher,55,0.6922799422799424,0.3333333333333333,0.027139249639249647,0.07848484848484848
251,final_half,Semantic,106,0.4065848804695569,0.2222222222222222,-0.017960047358742477,0.06678362573099415
251,final_half,Temperature,106,0.4308285260850946,0.375,-0.009444038592336954,0.05535087719298246
251,final_half,Fisher,106,0.37002796181071623,0.15789473684210525,0.04439680580396503,0.076140350877193
257,final_half,Semantic,55,0.7553391053391054,0.09090909090909091,0.0317965367965368,0.0743939393939394
257,final_half,Temperature,55,0.7362914862914863,0.3333333333333333,-0.01204184704184704,0.061818181818181814
257,final_half,Fisher,55,0.8036075036075038,0.3333333333333333,0.006262626262626263,0.0709090909090909
259,final_half,Semantic,59,0.5762127410870836,0.2,0.045958503798947996,0.07484848484848484
259,final_half,Temperature,59,0.7893045002922269,0.3333333333333333,0.023877849210987727,0.061818181818181814
259,final_half,Fisher,59,0.6471069549970778,0.2,0.0013004091174751591,0.04727272727272728
264,final_half,Semantic,64,0.8445970695970696,0.16666666666666666,-0.018548534798534792,0.035897435897435895
264,final_half,Temperature,64,0.9360805860805861,0.5555555555555556,-0.0016094322344322328,0.03141025641025641
264,final_half,Fisher,64,0.7971611721611721,0.5555555555555556,0.016314102564102567,0.09205516705516704
265,final_half,Semantic,113,0.7057522123893806,0.3333333333333333,-0.013109654667642561,0.054404291360813095
265,final_half,Temperature,113,0.8239320646749618,0.5,0.002003626322443276,0.07109542631281761
265,final_half,Fisher,113,0.8441429902189103,0.5,-0.01399710559584803,0.060254093732354595
270,final_half,Semantic,68,0.6536626331259304,0.2727272727272727,0.002004046264839484,0.04294871794871794
270,final_half,Temperature,68,0.5213192350269114,0.16666666666666666,0.01747528342940031,0.04807692307692307
270,final_half,Fisher,68,0.5147535977401992,0.2727272727272727,0.01014429133106844,0.047435897435897434
274,final_half,Semantic,104,0.7367225008001708,0.2222222222222222,-0.00312973434332658,0.06716202270381838
274,final_half,Temperature,104,0.6349301184252641,0.15789473684210525,-0.009579110210178175,0.06011278195488723
274,final_half,Fisher,104,0.7574735943667983,0.29411764705882354,-0.024222234076603014,0.06567251461988305
286,final_half,Semantic,98,0.3415705551198923,0.42857142857142855,-0.03691384707585001,0.03771929824561403
286,final_half,Temperature,98,0.5817761031310368,0.25,-0.0049283068428871086,0.04712762297901617
286,final_half,Fisher,98,0.4980012623606143,0.42857142857142855,-0.002596765041536761,0.05706914344685242
304,final_half,Semantic,66,0.42189750547959515,0.2727272727272727,0.014413944264690542,0.027564102564102567
304,final_half,Temperature,66,0.07253940089760987,0.2727272727272727,0.03535747834255298,0.09294871794871794
304,final_half,Fisher,66,0.15670598058657764,0.16666666666666666,0.017568103538252795,0.07628205128205127
316,final_half,Semantic,87,0.6288000291608953,0.2857142857142857,0.00805478603193118,0.07772058823529412
316,final_half,Temperature,87,0.6114675220529269,0.2,-0.03926150032806006,0.04933823529411765
316,final_half,Fisher,87,0.5246774075964131,0.125,-0.029438835022235176,0.06575630252100842
317,final_half,Semantic,79,0.23033106134371958,0.14285714285714285,-0.012105647517039918,0.07857142857142856
317,final_half,Temperature,79,0.26555501460564757,0.23076923076923078,0.029677458617332043,0.04868131868131868
317,final_half,Fisher,79,0.2582521908471275,0.14285714285714285,-0.013644109055501463,0.04307692307692308
325,final_half,Semantic,93,0.4319924800811673,0.05263157894736842,0.0040441944436155315,0.06196680426556587
325,final_half,Temperature,93,0.5319447345647697,0.17647058823529413,0.01833800841514726,0.07237702098383213
325,final_half,Fisher,93,0.48263256841037266,0.1111111111111111,-0.033704604458237586,0.038355693154454765
328,final_half,Semantic,132,0.6154456230792107,0.16666666666666666,-0.005839198968969958,0.05573219373219372
328,final_half,Temperature,132,0.6598435714546601,0.2727272727272727,0.010054108205976423,0.058225071225071215
328,final_half,Fisher,132,0.5228407590802125,0.16666666666666666,-0.006221400134618291,0.04545868945868945
333,final_half,Semantic,60,0.7490969713809393,0.2,-0.045209780494581846,0.03636363636363636
333,final_half,Temperature,60,0.664684634620728,0.5,0.008705195887746597,0.06303030303030302
333,final_half,Fisher,60,0.5367602111697695,0.09090909090909091,-0.013100861350375113,0.06545454545454545
343,final_half,Semantic,125,0.47890015360983096,0.13043478260869565,-0.004503840245775735,0.058731884057971015
343,final_half,Temperature,125,0.680043010752688,0.3,-0.0002884792626728118,0.04352173913043479
343,final_half,Fisher,125,0.5708571428571428,0.08333333333333333,-0.00941874039938556,0.03683333333333334
347,final_half,Semantic,80,0.686826066572902,0.14285714285714285,0.01061533052039381,0.05761904761904761
347,final_half,Temperature,80,0.6852320675105485,0.23076923076923078,-0.008509142053445851,0.037142857142857144
347,final_half,Fisher,80,0.6692920768870136,0.23076923076923078,-0.030622362869198304,0.05142857142857142
351,final_half,Semantic,92,0.437356472419586,0.42857142857142855,0.013196831219271616,0.07724458204334364
351,final_half,Temperature,92,0.3635312793798067,0.3333333333333333,-0.032113958972303985,0.03742690058479531
351,final_half,Fisher,92,0.4883405514541559,0.25,0.032117812061711076,0.06717836257309942
353,final_half,Semantic,179,0.2843638189693051,0.16129032258064516,0.015592764630803679,0.05429557160107444
353,final_half,Temperature,179,0.5590149185027096,0.2413793103448276,0.0182820705961124,0.04307964094728801
353,final_half,Fisher,179,0.4344443746992237,0.2857142857142857,0.007898646245266042,0.05511172650878533
359,final_half,Semantic,64,0.818543956043956,0.16666666666666666,-0.03833333333333332,0.07128205128205128
359,final_half,Temperature,64,0.5312271062271062,0.07692307692307693,-0.03822802197802198,0.05512820512820512
359,final_half,Fisher,64,0.49180402930402933,0.07692307692307693,0.0568040293040293,0.0694055944055944
360,final_half,Semantic,61,0.7562136435748281,0.16666666666666666,-0.017808038075092538,0.05897435897435897
360,final_half,Temperature,61,0.9189317821258592,0.5555555555555556,0.040557905869910094,0.05961538461538461
360,final_half,Fisher,61,0.7384981491274457,0.07692307692307693,0.0197065044949762,0.09009324009324009
373,final_half,Semantic,62,0.6408551786658608,0.16666666666666666,0.015308101029941323,0.09243589743589745
373,final_half,Temperature,62,0.3153534285210647,0.16666666666666666,0.021593513132381455,0.06427738927738927
373,final_half,Fisher,62,0.707990229407469,0.2727272727272727,0.021205711263881544,0.06794871794871796
390,final_half,Semantic,70,0.7598110401539673,0.2727272727272727,-0.04943049601959584,0.04358974358974359
390,final_half,Temperature,70,0.8291663021607908,0.4,-0.025212142419735805,0.04807692307692307
390,final_half,Fisher,70,0.6767736855918117,0.2727272727272727,0.001215991601784624,0.06794871794871794
393,final_half,Semantic,48,0.8380373425966131,0.25,0.0205601389491967,0.07083333333333333
393,final_half,Temperature,48,0.7553191489361702,0.25,-0.007104863221884504,0.051388888888888894
393,final_half,Fisher,48,0.3513894919669996,0.1111111111111111,0.04045267042987407,0.05833333333333333
402,final_half,Semantic,75,0.5848364153627311,0.14285714285714285,-0.00481365576102418,0.06344322344322344
402,final_half,Temperature,75,0.612574679943101,0.14285714285714285,0.05247083926031294,0.08058608058608059
402,final_half,Fisher,75,0.5822190611664295,0.14285714285714285,0.02556187766714082,0.04582417582417582
403,final_half,Semantic,62,0.7256175870665559,0.2727272727272727,-0.05050237969328399,0.05576923076923076
403,final_half,Temperature,62,0.4479615219964242,0.4,0.018737881191609376,0.06794871794871794
403,final_half,Fisher,62,0.7328699856462946,0.16666666666666666,0.03184759890206744,0.05979020979020978
404,final_half,Semantic,68,0.7703935565141046,0.2727272727272727,-0.042352177730274464,0.08158508158508158
404,final_half,Temperature,68,0.6648089475894186,0.2727272727272727,-0.004271481467343589,0.07628205128205127
404,final_half,Fisher,68,0.7311524220330571,0.2727272727272727,0.031032179257166847,0.04055944055944055
406,final_half,Semantic,59,0.877440093512566,0.2,0.03129164231443602,0.061818181818181814
406,final_half,Temperature,59,0.8853302162478084,0.3333333333333333,-0.00978082992402104,0.04939393939393939
406,final_half,Fisher,59,0.8873173582700177,0.2,0.017954412624196378,0.08303030303030304
412,final_half,Semantic,59,0.29848042080654597,0.2,-0.020201636469900645,0.06545454545454545
412,final_half,Temperature,59,0.2849210987726476,0.2,0.0005669199298655725,0.06212121212121211
412,final_half,Fisher,59,0.39772063120981893,0.09090909090909091,-0.004158386908240797,0.02363636363636364
418,final_half,Semantic,148,0.5438129541677001,0.07142857142857142,-0.0020239730210967026,0.0730885015367774
418,final_half,Temperature,148,0.4858830889511619,0.25,0.035254519003320536,0.06639236242684518
418,final_half,Fisher,148,0.5430910982205326,0.2,0.026439362249525245,0.046592775041050895
420,final_half,Semantic,78,0.7278417784746899,0.14285714285714285,0.03165568608606583,0.06296703296703296
420,final_half,Temperature,78,0.698554609947015,0.14285714285714285,-0.011876730864072637,0.03666666666666667
420,final_half,Fisher,78,0.6029034256882359,0.14285714285714285,0.019857357832041376,0.05761904761904761
425,final_half,Semantic,77,0.7643146327356853,0.14285714285714285,-0.004357484620642515,0.04714285714285714
425,final_half,Temperature,77,0.6610757663389242,0.3333333333333333,-0.0006703822493296166,0.059157509157509156
425,final_half,Fisher,77,0.7297965192702035,0.3333333333333333,0.02152058467847942,0.07391941391941391
426,final_half,Semantic,75,0.6021337126600285,0.23076923076923078,-0.019433854907539117,0.05582417582417583
426,final_half,Temperature,75,0.7634708392603128,0.3333333333333333,0.027386913229018484,0.07666666666666665
426,final_half,Fisher,75,0.58651493598862,0.23076923076923078,-0.014611664295874818,0.05142857142857142
428,final_half,Semantic,91,0.5677177894569199,0.25,0.001786908743430482,0.05736154110767113
428,final_half,Temperature,91,0.6659499920369486,0.3333333333333333,0.005669692626214367,0.05964912280701754
428,final_half,Fisher,91,0.7431438127090302,0.25,0.024129638477464566,0.05829033367733059
429,final_half,Semantic,145,0.5554676428908832,0.15384615384615385,0.01723035742402771,0.06445139152035703
429,final_half,Temperature,145,0.6997283892300425,0.25,-0.009297157927885375,0.05599553703001979
429,final_half,Fisher,145,0.6584514249724451,0.30434782608695654,0.02953314438671075,0.06211422676939917
430,final_half,Semantic,99,0.6677674706246133,0.1111111111111111,0.011711811997526283,0.0696938424492604
430,final_half,Temperature,99,0.8006060606060607,0.17647058823529413,0.03084972170686457,0.07834107327141382
430,final_half,Fisher,99,0.7127025355596784,0.17647058823529413,0.017774891774891773,0.05736154110767113
432,final_half,Semantic,87,0.6501786104833418,0.125,0.025465663045855506,0.07147058823529412
432,final_half,Temperature,87,0.7754793322154989,0.2857142857142857,-0.0027547933221549943,0.0532563025210084
432,final_half,Fisher,87,0.6916599839615075,0.125,0.025285230006561195,0.05441176470588236
436,final_half,Semantic,83,0.5881784979639814,0.2,-0.012400822803408753,0.047794117647058834
436,final_half,Temperature,83,0.609126401074682,0.2,0.02710528525250829,0.07612394957983194
436,final_half,Fisher,83,0.3518114268922379,0.2,0.03443285336467821,0.07441176470588236
446,final_half,Semantic,124,0.7095200629425649,0.4444444444444444,-0.028253343823760813,0.06089855072463768
446,final_half,Temperature,124,0.5276789929189614,0.18181818181818182,-0.03394870180959873,0.05023188405797101
446,final_half,Fisher,124,0.3469331235247836,0.3,-0.004044059795436663,0.03883333333333334
452,final_half,Semantic,73,0.728773293841787,0.23076923076923078,-0.02479174379859312,0.04428571428571428
452,final_half,Temperature,73,0.8200049364432928,0.23076923076923078,0.011801184746390234,0.08271062271062271
452,final_half,Fisher,73,0.6818770825620142,0.23076923076923078,-0.024402998889300257,0.054285714285714284
454,final_half,Semantic,90,0.39801621599374404,0.2857142857142857,-0.03922212618841832,0.057352941176470586
454,final_half,Temperature,90,0.5536732929991356,0.38461538461538464,0.013269951022760013,0.06595588235294117
454,final_half,Fisher,90,0.39729184673004897,0.2,0.00016215993744083198,0.04264705882352941
460,final_half,Semantic,60,0.7502083912197834,0.3333333333333333,0.02583495415393165,0.0709090909090909
460,final_half,Temperature,60,0.7501528202278412,0.3333333333333333,0.04842734092803559,0.05848484848484849
460,final_half,Fisher,60,0.7492636843567659,0.3333333333333333,-0.032328424562378444,0.03636363636363636
463,final_half,Semantic,122,0.677695863803239,0.08333333333333333,0.005087551756157037,0.0725546772068511
463,final_half,Temperature,122,0.5653507192164456,0.13043478260869565,-0.012033533693960433,0.05025757575757576
463,final_half,Fisher,122,0.7493828914715106,0.13043478260869565,-0.016883164089736006,0.043521739130434785
467,final_half,Semantic,62,0.8104303593462769,0.4,-0.0037571453753368076,0.05961538461538461
467,final_half,Temperature,62,0.6901110523532522,0.2727272727272727,-0.03307647755030092,0.07371794871794872
467,final_half,Fisher,62,0.7850973281962177,0.2727272727272727,-0.02799224396263001,0.05128205128205129
468,final_half,Semantic,77,0.6272411798727587,0.06666666666666667,-0.01875492928124507,0.04714285714285714
468,final_half,Temperature,77,0.3942636311057363,0.45454545454545453,-0.010138545664861451,0.03047619047619048
468,final_half,Fisher,77,0.6863662653136335,0.14285714285714285,-0.03591277143908722,0.04428571428571428
469,final_half,Semantic,63,0.7746255760368663,0.2727272727272727,0.03564948156682028,0.07534965034965035
469,final_half,Temperature,63,0.5275537634408602,0.16666666666666666,-0.03498703917050691,0.047435897435897434
469,final_half,Fisher,63,0.5857334869431644,0.4,-0.02852102534562212,0.0628205128205128
498,final_half,Semantic,147,0.6343682234093193,0.42857142857142855,0.01857191969716432,0.05015051997810618
498,final_half,Temperature,147,0.7297561749616545,0.5,0.010103211962311768,0.05747336954233506
498,final_half,Fisher,147,0.5334192173722506,0.30434782608695654,0.01223507544446879,0.05990421455938698
500,final_half,Semantic,194,0.624273851248906,0.21212121212121213,0.0030721567306151434,0.0437636016583385
500,final_half,Temperature,194,0.5153184617849966,0.25,-0.001507973357767707,0.057860694702799954
500,final_half,Fisher,194,0.5132097644356605,0.21212121212121213,0.007306808890057644,0.06605460289670814
502,final_half,Semantic,187,0.7173501334145689,0.11764705882352941,0.01177957050418595,0.0736253977430448
502,final_half,Temperature,187,0.5878389042021002,0.08571428571428572,-0.0014658168751995712,0.04064779064779065
502,final_half,Fisher,187,0.5910081883879776,0.08571428571428572,-0.0006815704381209653,0.04915133621015973
503,final_half,Semantic,73,0.5602246081698137,0.3333333333333333,0.023290756509934597,0.07498168498168498
503,final_half,Temperature,73,0.7366407503393806,0.3333333333333333,-0.046598482043687536,0.04714285714285714
503,final_half,Fisher,73,0.5521720350487475,0.23076923076923078,0.0053282734789584126,0.07619047619047618
504,final_half,Semantic,84,0.5132530120481928,0.125,0.014598562316492864,0.05477941176470589
504,final_half,Temperature,84,0.8635010630758327,0.2857142857142857,0.002157537713880732,0.05772058823529412
504,final_half,Fisher,84,0.3804799028044953,0.058823529411764705,-0.022521008403361346,0.06227941176470588
507,final_half,Semantic,72,0.7846806868608914,0.23076923076923078,-0.005066242202070885,0.07117216117216117
507,final_half,Temperature,72,0.626792719789054,0.45454545454545453,0.0012508843012412375,0.10879120879120881
507,final_half,Fisher,72,0.6976654447231335,0.14285714285714285,-0.032289857868673236,0.047619047619047616
513,final_half,Semantic,78,0.43403432011026943,0.23076923076923078,-0.011083852856004758,0.06677655677655678
513,final_half,Temperature,78,0.38577877818384143,0.23076923076923078,-0.018019954728815485,0.059047619047619036
513,final_half,Fisher,78,0.4015098825225408,0.14285714285714285,-0.029742409489244937,0.052380952380952375
514,final_half,Semantic,217,0.4710313937156198,0.2222222222222222,0.012182387012218325,0.050892148124139044
514,final_half,Temperature,217,0.3513977555113986,0.15789473684210525,0.01204774353265031,0.06393328263719641
514,final_half,Fisher,217,0.3841596320880133,0.15789473684210525,0.001608675432291888,0.053324419955163
522,final_half,Semantic,156,0.5324619493922965,0.18518518518518517,0.027468192378814937,0.05489167858467079
522,final_half,Temperature,156,0.4065622481073477,0.14285714285714285,0.013771870209100534,0.04594817286697153
522,final_half,Fisher,156,0.6600433057798991,0.14285714285714285,0.00014303551390052583,0.0517538005190953
525,final_half,Semantic,106,0.7085925888606192,0.29411764705882354,0.01314104340378367,0.06956140350877195
525,final_half,Temperature,106,0.7974053454921027,0.4666666666666667,0.014304355492858403,0.0720593149540518
525,final_half,Fisher,106,0.5606821674181928,0.15789473684210525,-0.03745925384789783,0.04642857142857143
528,final_half,Semantic,107,0.27651403828444915,0.15789473684210525,-0.0005726013440702169,0.045037593984962404
528,final_half,Temperature,107,0.7059111659711201,0.29411764705882354,-0.01242138364779874,0.045672514619883045
528,final_half,Fisher,107,0.1779423578048159,0.1,0.051881404416230736,0.07035087719298247
529,final_half,Semantic,100,0.5819621962196219,0.25,0.047632163216321625,0.07524939800481598
529,final_half,Temperature,100,0.3694209420942094,0.17647058823529413,-0.02155535553555356,0.03801169590643275
529,final_half,Fisher,100,0.4689708970897089,0.3333333333333333,-0.010721872187218724,0.038355693154454765
534,final_half,Semantic,68,0.5745696072069321,0.16666666666666666,-0.009502996526319805,0.05512820512820512
534,final_half,Temperature,68,0.5733480932931251,0.2727272727272727,-0.016066725197541702,0.04294871794871794
534,final_half,Fisher,68,0.7482154445165476,0.07692307692307693,-0.025434210024048547,0.039743589743589734
536,final_half,Semantic,126,0.48175478065241845,0.13043478260869565,-0.008838095238095237,0.06296772068511199
536,final_half,Temperature,126,0.37555605549306337,0.18181818181818182,-0.013627596550431198,0.08608262751741011
536,final_half,Fisher,126,0.556013498312711,0.18181818181818182,-0.015200899887514063,0.0573227931488801
540,final_half,Semantic,68,0.7264190556170553,0.2727272727272727,-0.04925373134328357,0.0685897435897436
540,final_half,Temperature,68,0.7071038668549834,0.16666666666666666,-0.027819979386952694,0.054487179487179495
540,final_half,Fisher,68,0.8492957208840706,0.2727272727272727,-0.02477001183341604,0.06025641025641025
542,final_half,Semantic,82,0.7095808709091107,0.2857142857142857,0.005260064648839259,0.05558823529411765
542,final_half,Temperature,82,0.7453662890042555,0.38461538461538464,0.002170198408811397,0.042279411764705885
542,final_half,Fisher,82,0.726668190376683,0.38461538461538464,0.01758579031573449,0.061102941176470596
552,final_half,Semantic,163,0.5794636473972101,0.25925925925925924,0.005677063416850939,0.05552318232379411
552,final_half,Temperature,163,0.5415426649154017,0.3076923076923077,-0.001465298906567798,0.05459188660801564
552,final_half,Fisher,163,0.2978951568656791,0.0625,0.01511532855614855,0.05183589931573803
557,final_half,Semantic,83,0.6601528063473405,0.5,-0.018964359178875782,0.04779411764705883
557,final_half,Temperature,83,0.7998824566558919,0.5,0.007021115822173714,0.05154411764705883
557,final_half,Fisher,83,0.4828932454556903,0.5,-0.043340959657445104,0.05220588235294118
561,final_half,Semantic,161,0.49534736599954,0.3076923076923077,-0.0055811479181044395,0.06363453079178885
561,final_half,Temperature,161,0.5172331492983667,0.1724137931034483,0.02017210144927536,0.0619299853372434
561,final_half,Fisher,161,0.5502875546353808,0.0967741935483871,0.002401224982746722,0.05354044477028348
568,final_half,Semantic,60,0.6073353709363714,0.2,-0.006526813003612115,0.06545454545454545
568,final_half,Temperature,60,0.5060850236176717,0.2,0.01695748819116421,0.06727272727272726
568,final_half,Fisher,60,0.6878021672686858,0.2,-0.002453459294248399,0.07181818181818181
572,final_half,Semantic,124,0.38121164437450816,0.23809523809523808,-0.03486073957513768,0.05261264822134387
572,final_half,Temperature,124,0.407590873328088,0.23809523809523808,0.007706372934697091,0.06963438735177865
572,final_half,Fisher,124,0.33336270653029104,0.18181818181818182,0.020218095987411484,0.06846997929606624
575,final_half,Semantic,98,0.7243335947312383,0.25,-0.029773858934389125,0.03742690058479532
575,final_half,Temperature,98,0.6268640539627284,0.25,0.0015703000975460443,0.05999312005503956
575,final_half,Fisher,98,0.6268768050800451,0.25,0.034924035218586016,0.049466804265565864
595,final_half,Semantic,147,0.647194160892791,0.2,-0.02732548035874846,0.04065407772304323
595,final_half,Temperature,147,0.6387921329212914,0.30434782608695654,-0.0015368457638516373,0.06353521956970233
595,final_half,Fisher,147,0.5993660700118625,0.1111111111111111,0.012504250126559324,0.05584291187739464
596,final_half,Semantic,67,0.812195705962168,0.4,-0.044616489743794396,0.06876456876456875
596,final_half,Temperature,67,0.582089552238806,0.2727272727272727,0.042371697661425504,0.05641025641025641
596,final_half,Fisher,67,0.6178066884827201,0.16666666666666666,0.008653922898874613,0.05128205128205128
601,final_half,Semantic,59,0.626709526592636,0.09090909090909091,0.03779368790181182,0.0818181818181818
601,final_half,Temperature,59,0.45119812974868506,0.2,-0.01108416130917592,0.050909090909090904
601,final_half,Fisher,59,0.40420806545879606,0.09090909090909091,-0.026680303915838692,0.057272727272727274
604,final_half,Semantic,58,0.5238241717678181,0.3333333333333333,0.017490541080931434,0.06999999999999999
604,final_half,Temperature,58,0.6289642868128827,0.5,0.00891445445876527,0.06454545454545454
604,final_half,Fisher,58,0.5482481774277893,0.5,0.0386323787258913,0.06848484848484848
606,final_half,Semantic,158,0.6018887700632378,0.18518518518518517,-0.03324104484764033,0.048778007309709194
606,final_half,Temperature,158,0.6776495035437258,0.18518518518518517,0.005293910937554671,0.05347423062662217
606,final_half,Fisher,158,0.5983351562844657,0.14285714285714285,0.02745668652897427,0.06208750463477939
612,final_half,Semantic,64,0.6898351648351647,0.2727272727272727,-0.02414835164835164,0.06107226107226107
612,final_half,Temperature,64,0.7761446886446886,0.16666666666666666,0.015586080586080584,0.06410256410256408
612,final_half,Fisher,64,0.6294871794871794,0.16666666666666666,0.006572802197802199,0.06748251748251748
619,final_half,Semantic,87,0.354067944885908,0.2,-0.01155135962674054,0.04713235294117647
619,final_half,Temperature,87,0.27044907778668803,0.125,-0.03163866005686374,0.04191176470588236
619,final_half,Fisher,87,0.37869067580374716,0.2857142857142857,0.034484581176642125,0.07522058823529412
621,final_half,Semantic,76,0.45763499658236495,0.45454545454545453,0.023008885850991114,0.04238095238095238
621,final_half,Temperature,76,0.5032946001367055,0.3333333333333333,-0.0035379357484620648,0.04915750915750915
621,final_half,Fisher,76,0.4946274777853725,0.14285714285714285,0.01559671907040328,0.0738095238095238
623,final_half,Semantic,138,0.5080881026692451,0.16666666666666666,-0.009484713086401716,0.07914529914529914
623,final_half,Temperature,138,0.5271342430974293,0.2727272727272727,0.03328028786111067,0.054076923076923064
623,final_half,Fisher,138,0.6805810191580153,0.12,-0.025860238499140386,0.06205413105413106
629,final_half,Semantic,57,0.36816178376976927,0.3333333333333333,-0.04401088929219601,0.06090909090909091
629,final_half,Temperature,57,0.5587243971998964,0.2,0.0015556131708581802,0.04272727272727273
629,final_half,Fisher,57,0.33017889551464874,0.2,-0.016641820067409906,0.0609090909090909
635,final_half,Semantic,119,0.39864691639367617,0.2,-0.03143142002563738,0.04271597967250141
635,final_half,Temperature,119,0.35499216635806874,0.2631578947368421,-0.036926007691212084,0.04686617730095991
635,final_half,Fisher,119,0.46083891183592085,0.14285714285714285,0.01135272753169064,0.05937323546019198
642,final_half,Semantic,67,0.526698060499641,0.2727272727272727,0.014765743475137686,0.05897435897435897
642,final_half,Temperature,67,0.5445765823289969,0.2727272727272727,0.00741679304014686,0.051923076923076926
642,final_half,Fisher,67,0.479248144305212,0.07692307692307693,-0.004387820257003752,0.05273892773892773
645,final_half,Semantic,102,0.7131596654811112,0.1,-0.025885067090375517,0.05479949874686718
645,final_half,Temperature,102,0.7500834035430956,0.1,-0.009861408756523856,0.056942355889724315
645,final_half,Fisher,102,0.6047520228893251,0.2222222222222222,-0.007186840899966638,0.08884294068504596
648,final_half,Semantic,83,0.6244700054573695,0.2857142857142857,0.042258931195163926,0.07656512605042018
648,final_half,Temperature,83,0.7891776163889004,0.2857142857142857,0.004900088157508082,0.06735294117647059
648,final_half,Fisher,83,0.6214684522060366,0.2857142857142857,0.012604424667310352,0.05220588235294118
654,final_half,Semantic,127,0.5198783745781778,0.4444444444444444,0.00010867782152231102,0.06167786561264822
654,final_half,Temperature,127,0.35828529246344204,0.3,-0.015815991751031124,0.04083333333333334
654,final_half,Fisher,127,-0.030230596175478065,0.08333333333333333,0.009031976471691041,0.04954347826086957
657,final_half,Semantic,74,0.5990225842280635,0.23076923076923078,0.03533061828952239,0.0519047619047619
657,final_half,Temperature,74,0.40839689004072555,0.06666666666666667,-0.014757497223250645,0.05809523809523809
657,final_half,Fisher,74,0.6111662347278785,0.14285714285714285,-0.037175860792299134,0.056776556776556776
665,final_half,Semantic,73,0.7715660866345799,0.3333333333333333,-0.005584351474762435,0.05761904761904761
665,final_half,Temperature,73,0.7212760705911391,0.14285714285714285,0.04208472170800939,0.07772893772893771
665,final_half,Fisher,73,0.6893126002715044,0.23076923076923078,-0.05971553745526349,0.03857142857142857
666,final_half,Semantic,91,0.7554069119286511,0.25,0.029998407389711747,0.05799793601651186
666,final_half,Temperature,91,0.7500875935658545,0.3333333333333333,-0.0009340659340659363,0.052442380460956305
666,final_half,Fisher,91,0.5251473164516643,0.25,0.02581700907787864,0.06520467836257308
675,final_half,Semantic,64,0.6374542124542123,0.2727272727272727,0.04138736263736263,0.08513986013986014
675,final_half,Temperature,64,0.6566849816849816,0.2727272727272727,0.0006776556776556799,0.04294871794871795
675,final_half,Fisher,64,0.41034798534798533,0.2727272727272727,0.018244047619047615,0.0641025641025641
690,final_half,Semantic,82,0.7196373570161405,0.2857142857142857,-0.020783404621194806,0.04889705882352942
690,final_half,Temperature,82,0.7772553629150749,0.2857142857142857,0.027659690251520992,0.09274159663865547
690,final_half,Fisher,82,0.6947791164658635,0.2857142857142857,-0.03303838660876568,0.061050420168067235
696,final_half,Semantic,64,0.7329212454212454,0.16666666666666666,0.02012362637362637,0.0770979020979021
696,final_half,Temperature,64,0.43287545787545784,0.07692307692307693,0.024949633699633697,0.03205128205128205
696,final_half,Fisher,64,0.8682234432234431,1.0,-0.030716575091575084,0.05192307692307692
702,final_half,Semantic,90,0.618125694530189,0.38461538461538464,-0.03078734000082315,0.05477941176470589
702,final_half,Temperature,90,0.7790179857595588,0.38461538461538464,-0.024140428859529984,0.04852941176470588
702,final_half,Fisher,90,0.4330493476560892,0.2,-0.01074289006873276,0.03970588235294118
711,final_half,Semantic,129,0.653527504472272,0.5294117647058824,-0.006266491502683364,0.057426501035196684
711,final_half,Temperature,129,0.5257099731663686,0.23809523809523808,0.054516435599284443,0.06039855072463768
711,final_half,Fisher,129,0.6626900715563507,0.3,0.005763640429338104,0.05618840579710145
717,final_half,Semantic,162,0.41908741802046684,0.13333333333333333,0.0006127912769683909,0.0468933284457478
717,final_half,Temperature,162,0.3635974884307773,0.13333333333333333,-0.02464530223932731,0.04418499511241446
717,final_half,Fisher,162,0.7257709639678165,0.1724137931034483,0.01488594489394703,0.062483104122425595
719,final_half,Semantic,75,0.5501564722617354,0.14285714285714285,0.05641109530583214,0.06725274725274726
719,final_half,Temperature,75,0.30369843527738266,0.14285714285714285,0.02008819345661451,0.06296703296703296
719,final_half,Fisher,75,0.500597439544808,0.14285714285714285,0.031738264580369845,0.0757142857142857
722,final_half,Semantic,61,0.24003172924378635,0.16666666666666666,-0.0022686409307244846,0.06217948717948718
722,final_half,Temperature,61,0.4142252776308831,0.4,0.019056054997355888,0.07628205128205127
722,final_half,Fisher,61,0.37117927022739283,0.07692307692307693,-0.02273664727657324,0.07628205128205127
723,final_half,Semantic,182,0.5374144920381674,0.15151515151515152,0.005436181425675134,0.046216973275796804
723,final_half,Temperature,182,0.5499253033896635,0.11764705882352941,0.03164548520947398,0.049144901203724736
723,final_half,Fisher,182,0.5983780733350518,0.26666666666666666,0.017841491901812525,0.06276603188367894
728,final_half,Semantic,55,0.5484848484848486,0.5,-0.02531024531024532,0.06636363636363636
728,final_half,Temperature,55,0.6481240981240983,0.3333333333333333,0.026468253968253974,0.10848484848484849
728,final_half,Fisher,55,0.5146464646464648,0.0,-0.05808441558441559,0.04090909090909091
737,final_half,Semantic,72,0.5645700688147148,0.3333333333333333,0.04381149913177697,0.0801098901098901
737,final_half,Temperature,72,0.6293330760820633,0.23076923076923078,0.018060646986944498,0.054761904761904755
737,final_half,Fisher,72,0.47945205479452063,0.23076923076923078,-0.019219885523184772,0.05296703296703296
747,final_half,Semantic,108,0.7261996627511503,0.15789473684210525,-0.0024655367877523425,0.060588972431077706
747,final_half,Temperature,108,0.7804929168214771,0.2222222222222222,0.06005744662608248,0.08332915622389309
747,final_half,Fisher,108,0.7859231949088761,0.15789473684210525,0.007090323625520402,0.06511278195488722
748,final_half,Semantic,86,0.6418698995235623,0.0,0.010981650077833862,0.07073529411764706
748,final_half,Temperature,86,0.6248502287843766,0.058823529411764705,0.031651492994952596,0.06735294117647059
748,final_half,Fisher,86,0.5364120949101372,0.0,0.027206943723760556,0.053088235294117644
753,final_half,Semantic,92,0.7851979717337362,0.25,0.007585962424672102,0.051169590643274844
753,final_half,Temperature,92,0.6956213491977867,0.17647058823529413,0.028734028944407623,0.07003783969728242
753,final_half,Fisher,92,0.7653930921813109,0.25,-0.007665336066458084,0.08412452700378396
754,final_half,Semantic,75,0.7568421052631578,0.14285714285714285,0.01911522048364153,0.0645054945054945
754,final_half,Temperature,75,0.599402560455192,0.14285714285714285,-0.007724039829302985,0.06783882783882784
754,final_half,Fisher,75,0.6557325746799431,0.14285714285714285,0.04759459459459459,0.047619047619047616
769,final_half,Semantic,93,0.7145713347855926,0.17647058823529413,-0.028066903404852135,0.04420364637082903
769,final_half,Temperature,93,0.6378950195458207,0.1111111111111111,-0.0561181403121363,0.054437564499484004
769,final_half,Fisher,93,0.7490077884873623,0.1111111111111111,-0.013074811256005481,0.05565875472996216
770,final_half,Semantic,63,0.785426267281106,0.2727272727272727,0.005673963133640563,0.0687179487179487
770,final_half,Temperature,63,0.782018049155146,0.2727272727272727,-0.02100374423963134,0.047435897435897434
770,final_half,Fisher,63,0.6094950076804916,0.4,0.018653993855606763,0.06427738927738927
771,final_half,Semantic,63,0.7347830261136713,0.2727272727272727,0.018533986175115195,0.09667832167832167
771,final_half,Temperature,63,0.6442012288786482,0.5555555555555556,-0.05161290322580645,0.05576923076923077
771,final_half,Fisher,63,0.5751248079877113,0.2727272727272727,0.03658794162826421,0.05448717948717948
775,final_half,Semantic,101,0.7937099592312171,0.4666666666666667,0.008225975538730345,0.06987468671679199
775,final_half,Temperature,101,0.8983808969132207,0.6923076923076923,0.009371578334304013,0.07796992481203009
775,final_half,Fisher,101,0.8003727431566686,0.6923076923076923,-0.020997670355270826,0.054920634920634925
776,final_half,Semantic,58,0.8357993171121845,0.2,0.03618690208865238,0.08424242424242423
776,final_half,Temperature,58,0.8204189609031346,0.3333333333333333,0.021855486173059775,0.05454545454545454
776,final_half,Fisher,58,0.819311575256083,0.09090909090909091,0.06078624380940663,0.055454545454545444
783,final_half,Semantic,86,0.7728949478748998,0.2857142857142857,0.01963111467522053,0.05558823529411765
783,final_half,Temperature,86,0.7418934855417708,0.2,-0.018938629180621717,0.05183823529411765
783,final_half,Fisher,86,0.5573187414500683,0.2,-0.0050341997264021915,0.07730042016806724
785,final_half,Semantic,87,0.6419953342567616,0.38461538461538464,-0.01603393599183494,0.06656512605042017
785,final_half,Temperature,87,0.8349493329445212,0.6363636363636364,-0.011462054385069621,0.03308823529411765
785,final_half,Fisher,87,0.5353029087993001,0.2,-0.012881825472041994,0.058529411764705885
798,final_half,Semantic,143,0.5861075544174136,0.25,0.004668981253488294,0.05150519978106185
798,final_half,Temperature,143,0.45233756853475154,0.2,0.008566023178699238,0.06010062734200665
798,final_half,Fisher,143,0.3514970944548409,0.15384615384615385,0.0036713286713286686,0.053995621237000545
800,final_half,Semantic,72,0.37719467489870734,0.23076923076923078,0.021541578236542548,0.07772893772893771
800,final_half,Temperature,72,0.3301498488648788,0.45454545454545453,0.005603254228567757,0.09175824175824175
800,final_half,Fisher,72,0.30397453212425235,0.3333333333333333,-0.025721911376937422,0.058571428571428566
801,final_half,Semantic,63,0.5854934715821812,0.2727272727272727,-0.025897657450076807,0.06794871794871796
801,final_half,Temperature,63,0.5997983870967742,0.07692307692307693,0.036290322580645164,0.0747086247086247
801,final_half,Fisher,63,0.5776209677419355,0.16666666666666666,0.009382200460829495,0.07389277389277389
811,final_half,Semantic,65,0.4834353146853147,0.5555555555555556,0.021289335664335655,0.05337995337995338
811,final_half,Temperature,65,0.4928321678321678,0.5555555555555556,-0.02529064685314685,0.0423076923076923
811,final_half,Fisher,65,0.6494318181818182,0.4,0.0021547202797202814,0.06153846153846153
821,final_half,Semantic,66,0.34466130884041335,0.16666666666666666,0.02388059701492539,0.035897435897435895
821,final_half,Temperature,66,0.5260619977037888,0.16666666666666666,0.04456111053125979,0.039743589743589734
821,final_half,Fisher,66,0.12689698361340154,0.07692307692307693,-0.005521344327314475,0.07243589743589743
829,final_half,Semantic,88,0.7568947906026559,0.6363636363636364,-0.025887605227008566,0.05477941176470589
829,final_half,Temperature,88,0.5248494241132754,0.38461538461538464,0.05176640484660633,0.08691176470588236
829,final_half,Fisher,88,0.4770349758726358,0.2857142857142857,0.04117502025289705,0.0736029411764706
831,final_half,Semantic,51,0.8266063348416289,0.3333333333333333,0.05339366515837103,0.08878787878787878
831,final_half,Temperature,51,0.5737556561085972,0.2,-0.0486153846153846,0.05090909090909092
831,final_half,Fisher,51,0.6759276018099547,0.3333333333333333,0.01029411764705882,0.06303030303030302
839,final_half,Semantic,78,0.7309778828766169,0.3333333333333333,-0.004262825781813127,0.07058608058608058
839,final_half,Temperature,78,0.7322171499386688,0.3333333333333333,0.04176582910760125,0.07333333333333333
839,final_half,Fisher,78,0.6815083650526689,0.14285714285714285,0.06397652979931459,0.06571428571428571
845,final_half,Semantic,109,0.7574089519043649,0.375,-0.0016314521360392916,0.049323308270676686
845,final_half,Temperature,109,0.7445741821888612,0.375,-0.004299416180150126,0.05218045112781955
845,final_half,Fisher,109,0.8042628116022611,0.15789473684210525,-0.01760494856825132,0.05269423558897244
849,final_half,Semantic,62,0.573266853013019,0.07692307692307693,-0.014864898894512858,0.05641025641025641
849,final_half,Temperature,62,0.4167359170003274,0.16666666666666666,0.009700083100400391,0.05128205128205128
849,final_half,Fisher,62,0.6290700309737857,0.07692307692307693,-0.014522424517136307,0.05897435897435897
852,final_half,Semantic,59,0.8066043249561661,0.3333333333333333,-0.01637638807714787,0.04090909090909091
852,final_half,Temperature,59,0.7297486849795444,0.2,-0.04398889538281707,0.05181818181818182
852,final_half,Fisher,59,0.6976037405026302,0.2,0.06300993571011107,0.0709090909090909
854,final_half,Semantic,97,0.661411213970124,0.3333333333333333,0.017656611613717652,0.07605349157206742
854,final_half,Temperature,97,0.26821218177992845,0.17647058823529413,-0.04114835367136545,0.046250429996560025
854,final_half,Fisher,97,0.6538107511045654,0.42857142857142855,-0.06292736166631599,0.04098727210182318
856,final_half,Semantic,72,0.7766415846678245,0.14285714285714285,-0.06143964242073445,0.06783882783882783
856,final_half,Temperature,72,0.7470898450061099,0.23076923076923078,-0.019562351276609432,0.04915750915750916
856,final_half,Fisher,72,0.8411473406649946,0.23076923076923078,-0.008865521898514377,0.0482051282051282
860,final_half,Semantic,113,0.7195838046443543,0.2,0.001598991948898796,0.0550875211744777
860,final_half,Temperature,113,0.756919954754142,0.14285714285714285,-0.013151240934193894,0.062004517221908514
860,final_half,Fisher,113,0.6249500964801384,0.14285714285714285,-0.004057987890079188,0.05223037831733483
865,final_half,Semantic,62,0.5003903200624512,0.16666666666666666,-0.014887562640074532,0.08094405594405595
865,final_half,Temperature,62,0.7279846893807761,0.16666666666666666,-0.0501976782251769,0.08414918414918414
865,final_half,Fisher,62,0.7754778273022588,0.5555555555555556,0.0013774520913600766,0.058974358974358966
866,final_half,Semantic,62,0.5050741608118657,0.2727272727272727,0.029014630706857038,0.08397435897435898
866,final_half,Temperature,62,0.3254765682052832,0.16666666666666666,0.018397925008184126,0.06876456876456875
866,final_half,Fisher,62,0.36531439651481956,0.2727272727272727,0.04267583289264941,0.0726107226107226
878,final_half,Semantic,68,0.5967858915142954,0.07692307692307693,0.008621216169790436,0.03974358974358975
878,final_half,Temperature,68,0.5673550406535098,0.16666666666666666,-0.006248807115318544,0.07961538461538462
878,final_half,Fisher,68,0.631293659579341,0.07692307692307693,0.005040653509943889,0.035256410256410256
879,final_half,Semantic,159,0.3314515165989969,0.18518518518518517,0.007276540482445663,0.05151649981460882
879,final_half,Temperature,159,0.5469429185574397,0.23076923076923078,0.015028063052304752,0.05003337041156841
879,final_half,Fisher,159,0.36712741819918804,0.10344827586206896,-0.01943097683305469,0.046677790137189465
883,final_half,Semantic,106,0.4999319847847445,0.375,-0.01728493337027987,0.07832915622389307
883,final_half,Temperature,106,0.5135551804922286,0.15789473684210525,-0.03163060180870092,0.05305346700083542
883,final_half,Fisher,106,0.4896944353477593,0.29411764705882354,-0.009802755875758868,0.06487468671679199
887,final_half,Semantic,71,0.6404761904761904,0.14285714285714285,0.008848088531187124,0.07677655677655677
887,final_half,Temperature,71,0.7436284372904091,0.14285714285714285,-0.03721830985915493,0.037142857142857144
887,final_half,Fisher,71,0.8206908115358819,0.45454545454545453,-0.07315727699530515,0.05095238095238095
890,final_half,Semantic,72,0.7154479387741979,0.06666666666666667,-0.023832722361566666,0.044871794871794865
890,final_half,Temperature,72,0.7395009325358546,0.14285714285714285,0.026840954402212364,0.0663003663003663
890,final_half,Fisher,72,0.7621068879027592,0.14285714285714285,-0.03419030162711428,0.047619047619047616
894,final_half,Semantic,89,0.5693735103847464,0.2,0.018551242764725914,0.05779411764705883
894,final_half,Temperature,89,0.6428498467824311,0.5,-0.011510044262853255,0.02977941176470588
894,final_half,Fisher,89,0.47187606401089555,0.2857142857142857,-0.011456418113721488,0.07147058823529412
896,final_half,Semantic,91,0.3684344640866381,0.1111111111111111,0.007167542602325214,0.06618507051943584
896,final_half,Temperature,91,0.0348622392100653,0.05263157894736842,0.018690078037904127,0.06593567251461988
896,final_half,Fisher,91,0.11903169294473644,0.17647058823529413,0.0266037585602803,0.06847265221878225
905,final_half,Semantic,57,0.664117189525538,0.2,0.009644801659320716,0.05181818181818182
905,final_half,Temperature,57,0.634625356494685,0.3333333333333333,0.016340420015556134,0.06303030303030302
905,final_half,Fisher,57,0.6486258750324086,0.09090909090909091,-0.005418719211822654,0.05393939393939394
915,final_half,Semantic,60,0.6830230619616561,0.09090909090909091,0.001397610447346484,0.07212121212121211
915,final_half,Temperature,60,0.47535426507363165,0.2,0.019522089469297028,0.0709090909090909
915,final_half,Fisher,60,0.6800777993887193,0.09090909090909091,-0.01896915809947208,0.05181818181818182
916,final_half,Semantic,76,0.6968147641831851,0.23076923076923078,-0.030925495557074502,0.06153846153846153
916,final_half,Temperature,76,0.7954887218045112,0.14285714285714285,0.007673274094326728,0.03380952380952381
916,final_half,Fisher,76,0.728967874231032,0.23076923076923078,-0.013151059466848941,0.05523809523809523
918,final_half,Semantic,65,0.8251311188811189,0.2727272727272727,0.000312500000000001,0.06427738927738927
918,final_half,Temperature,65,0.7773164335664335,0.4,0.05173295454545455,0.05576923076923077
918,final_half,Fisher,65,0.7715472027972028,0.2727272727272727,-0.03219842657342657,0.06427738927738927
924,final_half,Semantic,113,0.6868803646283851,0.09090909090909091,-0.005042750682014776,0.07070016939582155
924,final_half,Temperature,113,0.6378584736176727,0.3333333333333333,0.025285697651207674,0.06392810088462261
924,final_half,Fisher,113,0.6830128418391112,0.2631578947368421,-0.008461141792534432,0.05460191981931112
927,final_half,Semantic,67,0.6888418868225717,0.2727272727272727,0.05923657115492059,0.08222610722610724
927,final_half,Temperature,67,0.7412802298667093,0.4,0.009499960092585205,0.04294871794871795
927,final_half,Fisher,67,0.6060739085322054,0.2727272727272727,-0.0206421103040945,0.058974358974358966
935,final_half,Semantic,96,0.5349701573521433,0.17647058823529413,0.002766549104720563,0.05782163742690057
935,final_half,Temperature,96,0.5953743895822029,0.17647058823529413,-0.02808667932718394,0.054678362573099416
935,final_half,Fisher,96,0.4395957677699403,0.1111111111111111,-0.0026010580575149254,0.0412796697626419
936,final_half,Semantic,117,0.7661136837057351,0.2,-0.014496695589623701,0.047882552230378315
936,final_half,Temperature,117,0.7087323352665258,0.2,0.02656491180746002,0.07197063805759456
936,final_half,Fisher,117,0.6525423728813559,0.14285714285714285,0.024839649927317957,0.04488989271597967
939,final_half,Semantic,59,0.7833430742255992,0.09090909090909091,-0.015344827586206899,0.03727272727272728
939,final_half,Temperature,59,0.5587375803623612,0.09090909090909091,-0.019520748100526012,0.03636363636363636
939,final_half,Fisher,59,0.6967270601987143,0.09090909090909091,-0.014728229105786094,0.0609090909090909
958,final_half,Semantic,71,0.4257880617035546,0.3333333333333333,0.008824614352783366,0.054871794871794874
958,final_half,Temperature,71,0.46026156941649893,0.14285714285714285,-0.040556673373574784,0.048095238095238094
958,final_half,Fisher,71,0.503755868544601,0.45454545454545453,-0.03327632461435278,0.054761904761904755
961,final_half,Semantic,149,0.5318120805369128,0.36363636363636365,-0.004347542173045527,0.04065407772304323
961,final_half,Temperature,149,0.4860910575004535,0.36363636363636365,-0.004945583167059678,0.07905667129805062
961,final_half,Fisher,149,0.5543732994739707,0.30434782608695654,-0.004989479412298206,0.08745568607637574
963,final_half,Semantic,78,0.7766537260208145,0.45454545454545453,0.04230200179567267,0.06190476190476189
963,final_half,Temperature,78,0.5969094196942297,0.14285714285714285,0.028947002364723882,0.05296703296703296
963,final_half,Fisher,78,0.7064707444454279,0.23076923076923078,-0.0035319111268478413,0.05809523809523809
968,final_half,Semantic,60,0.6675187552097807,0.2,-0.050288969158099474,0.05636363636363636
968,final_half,Temperature,60,0.3662128368991387,0.2,-0.016737982772992495,0.055454545454545444
968,final_half,Fisher,60,0.7004167824395667,0.09090909090909091,0.0011753264795776625,0.061818181818181814
976,final_half,Semantic,97,0.6935619608668209,0.5384615384615384,0.007882521565327164,0.04917440660474716
976,final_half,Temperature,97,0.6354407742478434,0.42857142857142855,-0.033436776772564694,0.046250429996560025
976,final_half,Fisher,97,0.7140884704397222,0.5384615384615384,-0.0016266042499474033,0.04035087719298245
983,final_half,Semantic,73,0.48784400839195363,0.0,-0.022055103048253737,0.04714285714285714
983,final_half,Temperature,73,0.592095520177712,0.45454545454545453,0.014377391089719856,0.08010989010989009
983,final_half,Fisher,73,0.5936998642478095,0.14285714285714285,0.008834690855238803,0.06285714285714285
993,final_half,Semantic,173,0.6666519878923289,0.2,-0.006459549160760391,0.04147536287242169
993,final_half,Temperature,173,0.6808154599941595,0.16129032258064516,-0.014856464763988487,0.0447679526355997
993,final_half,Fisher,173,0.6334462826390274,0.2,-0.0328748534053984,0.041375095492742556
995,final_half,Semantic,58,0.8190039681319019,0.5,0.027029438001784117,0.05727272727272727
995,final_half,Temperature,58,0.8436740594912179,0.2,-0.002820757328739735,0.06757575757575755
995,final_half,Fisher,58,0.856655080131656,0.09090909090909091,0.04719923713433204,0.07757575757575756
996,final_half,Semantic,72,0.6529037237121359,0.23076923076923078,0.0010257894398353565,0.06963369963369963
996,final_half,Temperature,72,0.7022316547687956,0.23076923076923078,0.0036722618817930453,0.07619047619047618
996,final_half,Fisher,72,0.3943018843655541,0.06666666666666667,0.00730111261174352,0.05047619047619047
997,final_half,Semantic,72,0.8030098398610844,0.3333333333333333,0.009529551739661708,0.05095238095238095
997,final_half,Temperature,72,0.7538426908482863,0.23076923076923078,0.019687761270821277,0.06571428571428571
997,final_half,Fisher,72,0.7222007846163742,0.14285714285714285,-0.016226123866486586,0.08249084249084249
998,final_half,Semantic,65,0.7891608391608391,0.16666666666666666,-0.037482517482517484,0.04294871794871794
998,final_half,Temperature,65,0.8031031468531469,0.2727272727272727,0.042154720279720274,0.06555944055944056
998,final_half,Fisher,65,0.821722027972028,0.16666666666666666,-0.030260052447552442,0.0564102564102564
0,all_blocks,Semantic,70,0.15310996413262182,0.07692307692307693,0.045660047239961525,0.05641025641025641
0,all_blocks,Temperature,70,0.09880150468025543,0.2727272727272727,-0.03245560318432332,0.07820512820512819
0,all_blocks,Fisher,70,0.20146968769136558,0.0,-0.0039734056512991,0.039743589743589734
1,all_blocks,Semantic,80,0.26427566807313646,0.06666666666666667,0.001364275668073138,0.054029304029304025
1,all_blocks,Temperature,80,0.1556962025316456,0.06666666666666667,-0.006833098921706517,0.048681318681318676
1,all_blocks,Fisher,80,0.16357243319268636,0.06666666666666667,0.004518284106891701,0.05095238095238095
16,all_blocks,Semantic,70,-0.144466800804829,0.16666666666666666,0.01817338815501706,0.03076923076923077
16,all_blocks,Temperature,70,0.03021607908319482,0.16666666666666666,0.007306447379931758,0.06491841491841491
16,all_blocks,Fisher,70,-0.011215116787682618,0.2727272727272727,-0.03746478873239436,0.03910256410256411
20,all_blocks,Semantic,81,0.034756097560975606,0.058823529411764705,-0.009181345980126468,0.07227941176470588
20,all_blocks,Temperature,81,0.0,0.125,0.011209349593495926,0.05808823529411765
20,all_blocks,Fisher,81,-0.07845528455284553,0.0,0.010329719963866304,0.07397058823529412
24,all_blocks,Semantic,81,-0.04509936766034327,0.2,0.01464543812104788,0.057794117647058815
24,all_blocks,Temperature,81,0.031029810298102978,0.125,-0.003818879855465219,0.05852941176470587
24,all_blocks,Fisher,81,-0.1143631436314363,0.2,0.018036359530261975,0.038970588235294125
38,all_blocks,Semantic,76,0.16010936431989062,0.23076923076923078,0.027248120300751875,0.05523809523809524
38,all_blocks,Temperature,76,0.31781271360218727,0.14285714285714285,0.016453861927546137,0.07058608058608058
38,all_blocks,Fisher,76,0.01520164046479836,0.23076923076923078,0.0455023923444976,0.048205128205128206
49,all_blocks,Semantic,73,0.059700111069974096,0.14285714285714285,0.027560779958040238,0.059047619047619036
49,all_blocks,Temperature,73,0.11372331235344936,0.06666666666666667,-0.03060903369122548,0.04428571428571428
49,all_blocks,Fisher,73,0.024435394298408,0.06666666666666667,-0.015429470566456872,0.03820512820512821
51,all_blocks,Semantic,60,0.31747707696582395,0.2,-0.008649624895804392,0.05272727272727272
51,all_blocks,Temperature,60,0.2972492358988608,0.3333333333333333,0.016421228118921924,0.06454545454545453
51,all_blocks,Fisher,60,0.3217004723534316,0.3333333333333333,-0.04273131425395944,0.05181818181818182
55,all_blocks,Semantic,106,-0.010272816585636195,0.15789473684210525,0.010440587449933243,0.04380952380952381
55,all_blocks,Temperature,106,-0.06902788623825479,0.1,0.0022263647126986932,0.05404761904761905
55,all_blocks,Fisher,106,0.027201047938131346,0.15789473684210525,0.017870368037886993,0.06273182957393485
57,all_blocks,Semantic,94,0.2110537152765235,0.25,-0.0007679803489506157,0.05736154110767113
57,all_blocks,Temperature,94,0.2269912942961384,0.17647058823529413,0.02569302459993498,0.04035087719298245
57,all_blocks,Fisher,94,0.2668280171946682,0.17647058823529413,-0.014520825055087968,0.06228070175438596
60,all_blocks,Semantic,75,0.0013086770981507823,0.06666666666666667,0.05587908961593171,0.07058608058608058
60,all_blocks,Temperature,75,-0.06159317211948791,0.14285714285714285,0.015580369843527741,0.05630036630036629
60,all_blocks,Fisher,75,-0.0746230440967283,0.06666666666666667,0.03350213371266002,0.0739194139194139
64,all_blocks,Semantic,63,0.36179915514592936,0.16666666666666666,-0.06702428955453148,0.06025641025641025
64,all_blocks,Temperature,63,0.342357910906298,0.16666666666666666,0.023569508448540704,0.08076923076923077
64,all_blocks,Fisher,63,0.47335829493087556,0.16666666666666666,-0.032582085253456225,0.035897435897435895
70,all_blocks,Semantic,66,0.04807431374595554,0.07692307692307693,0.017716313537209066,0.07645687645687646
70,all_blocks,Temperature,66,0.2685523431792089,0.4,-0.013349337229934246,0.05722610722610723
70,all_blocks,Fisher,66,0.13833629057509655,0.2727272727272727,0.006729986431478968,0.05961538461538461
71,all_blocks,Semantic,58,0.0792703559014427,0.2,0.0411024639330647,0.07212121212121211
71,all_blocks,Temperature,58,0.05373896459442001,0.0,0.01925312990248855,0.06
71,all_blocks,Fisher,58,-0.03798947983635301,0.09090909090909091,0.015672582977021753,0.04363636363636363
74,all_blocks,Semantic,73,0.00027767493520918185,0.14285714285714285,0.029942613846723438,0.06523809523809523
74,all_blocks,Temperature,73,0.10792299148463534,0.23076923076923078,-0.01647537948907812,0.06344322344322344
74,all_blocks,Fisher,73,0.15142539800074048,0.23076923076923078,-0.002830741700604715,0.05963369963369963
88,all_blocks,Semantic,86,0.21543469031558088,0.2,0.0026529553280815097,0.06014705882352942
88,all_blocks,Temperature,86,0.13984621916128118,0.2,-0.0007613566677673433,0.038970588235294125
88,all_blocks,Fisher,86,0.11610925043634134,0.125,-0.005649323081277415,0.06558823529411766
94,all_blocks,Semantic,60,0.13598221728257853,0.09090909090909091,-0.009849958321756048,0.05181818181818182
94,all_blocks,Temperature,60,0.10130591831064185,0.3333333333333333,0.005370936371214223,0.061818181818181814
94,all_blocks,Fisher,60,0.1574881911642123,0.0,0.04335093081411503,0.05757575757575757
95,all_blocks,Semantic,105,0.03355795148247978,0.1,-0.021872278664731497,0.0488095238095238
95,all_blocks,Temperature,105,0.02945262284884926,0.15789473684210525,-0.025147211279286753,0.06670426065162909
95,all_blocks,Fisher,105,-0.05627202985693552,0.1,-0.02054841385030064,0.0674561403508772
99,all_blocks,Semantic,115,0.0491201767537284,0.14285714285714285,-0.01543517714826797,0.05099378881987578
99,all_blocks,Temperature,115,0.007677740077329757,0.2,0.008836108261658645,0.04551101072840204
99,all_blocks,Fisher,115,0.01537915252899866,0.14285714285714285,-0.02887122228359505,0.0494635798983625
105,all_blocks,Semantic,155,0.13663433340852696,0.14285714285714285,-0.013478618156037509,0.049028020551936016
105,all_blocks,Temperature,155,0.03526795784860301,0.14285714285714285,0.0012384389803744642,0.060075215848297045
105,all_blocks,Fisher,155,-0.20765363668589476,0.06666666666666667,-0.0216046856369437,0.04519466073414905
106,all_blocks,Semantic,103,0.03768176426657295,0.1,-0.023732043228045518,0.07007518796992482
106,all_blocks,Temperature,103,0.05033387514826692,0.2222222222222222,0.003680314545534419,0.056741854636591496
106,all_blocks,Fisher,103,0.26912094187936564,0.1,-0.014867877696261477,0.054085213032581445
107,all_blocks,Semantic,128,0.2489470792895074,0.08333333333333333,0.01611655374473539,0.05604347826086957
107,all_blocks,Temperature,128,0.2980051730452298,0.3,0.010118911371543676,0.06693544137022397
107,all_blocks,Fisher,128,0.24079838857352134,0.18181818181818182,0.031791052462918884,0.06092028985507246
108,all_blocks,Semantic,190,0.17176886369501415,0.11764705882352941,0.020204087881133898,0.06091767091767092
108,all_blocks,Temperature,190,0.04426336346975642,0.11764705882352941,0.00025744990749124034,0.046367123425946954
108,all_blocks,Fisher,190,-0.018159709920525575,0.15151515151515152,-0.004196267282516939,0.06402204964704965
110,all_blocks,Semantic,85,0.2378737541528239,0.2857142857142857,-0.0004367793629079561,0.07147058823529412
110,all_blocks,Temperature,85,0.44369747899159667,0.38461538461538464,-0.007970490521790111,0.05639705882352941
110,all_blocks,Fisher,85,0.42263044752784834,0.2857142857142857,-0.026487199530975176,0.03566176470588235
111,all_blocks,Semantic,51,0.4038009049773755,0.2,-0.014932126696832576,0.0709090909090909
111,all_blocks,Temperature,51,0.22389140271493213,0.2,-0.007619909502262445,0.04636363636363637
111,all_blocks,Fisher,51,0.4176470588235293,0.2,-0.030791855203619906,0.07636363636363636
113,all_blocks,Semantic,114,0.0757092808975112,0.3333333333333333,-0.011078754986735788,0.07151891586674194
113,all_blocks,Temperature,114,0.09728843077296936,0.3333333333333333,0.04363297624592455,0.05894974590626765
113,all_blocks,Fisher,114,0.015742897065673032,0.09090909090909091,-0.009183694133371135,0.054404291360813095
115,all_blocks,Semantic,86,0.12541157601773667,0.2,-0.016723430350488233,0.05227941176470589
115,all_blocks,Temperature,86,0.08686258785791781,0.2857142857142857,0.0348195669607057,0.053088235294117644
115,all_blocks,Fisher,86,0.08793811028822113,0.2857142857142857,0.014694089343836972,0.05183823529411764
126,all_blocks,Semantic,72,-0.036851244453019495,0.3333333333333333,0.0008521448324651127,0.059047619047619036
126,all_blocks,Temperature,72,0.08000514502540358,0.23076923076923078,0.009949192874139817,0.05476190476190477
126,all_blocks,Fisher,72,-0.022991832272171848,0.14285714285714285,-0.028974532124252366,0.06190476190476191
128,all_blocks,Semantic,66,0.34562154263646805,0.16666666666666666,-0.0026281181505062087,0.056585081585081576
128,all_blocks,Temperature,66,0.32027972027972035,0.16666666666666666,0.024417075461851588,0.03653846153846154
128,all_blocks,Fisher,66,0.32441290053230354,0.16666666666666666,-0.01582507045193613,0.035897435897435895
129,all_blocks,Semantic,122,0.30444351185145774,0.23809523809523808,-0.002701729225665106,0.07058036890645586
129,all_blocks,Temperature,122,0.26413566804683086,0.18181818181818182,0.029532980196351217,0.05896772068511199
129,all_blocks,Fisher,122,0.13206948625508474,0.13043478260869565,-0.014460001123517538,0.07661490683229813
130,all_blocks,Semantic,78,0.11478395022698817,0.23076923076923078,-0.02436424335158512,0.04428571428571428
130,all_blocks,Temperature,78,0.21046042565029907,0.14285714285714285,0.005925719849770485,0.048571428571428564
130,all_blocks,Fisher,78,0.3503964390040339,0.23076923076923078,0.012099293111951338,0.054761904761904755
133,all_blocks,Semantic,59,0.22162478082992404,0.2,-0.0035330216247808285,0.08272727272727272
133,all_blocks,Temperature,59,0.032144944476914086,0.2,0.0029368790181180625,0.05090909090909092
133,all_blocks,Fisher,59,0.14815897136177678,0.2,0.004143775569842195,0.04393939393939394
134,all_blocks,Semantic,52,0.3542218048322377,0.3333333333333333,-0.00429864253393665,0.06636363636363636
134,all_blocks,Temperature,52,0.3358661316485956,0.09090909090909091,-0.006360454196192263,0.07090909090909091
134,all_blocks,Fisher,52,0.28105523776999913,0.2,-0.03983607956970886,0.0609090909090909
171,all_blocks,Semantic,61,0.2861977789529349,0.16666666666666666,0.03075621364357482,0.08158508158508158
171,all_blocks,Temperature,61,0.4205182443151771,0.2727272727272727,-0.002956107879428871,0.07389277389277389
171,all_blocks,Fisher,61,0.264516129032258,0.07692307692307693,-0.0031332628239026964,0.0662004662004662
175,all_blocks,Semantic,62,0.32754148724534765,0.07692307692307693,0.014819571403389487,0.047435897435897434
175,all_blocks,Temperature,62,-0.030797512024376122,0.16666666666666666,-0.02445669965500743,0.0738927738927739
175,all_blocks,Fisher,62,0.2515423937951701,0.0,0.02183274155775478,0.06876456876456877
178,all_blocks,Semantic,65,0.3109265734265734,0.16666666666666666,-0.020690559440559437,0.06427738927738927
178,all_blocks,Temperature,65,0.21770104895104894,0.16666666666666666,0.044475524475524476,0.0685897435897436
178,all_blocks,Fisher,65,0.3167395104895105,0.0,-0.05261145104895106,0.04358974358974359
179,all_blocks,Semantic,61,0.12966684294024325,0.16666666666666666,-0.051623479640401905,0.0694055944055944
179,all_blocks,Temperature,61,-0.06509783183500792,0.16666666666666666,-0.036110523532522476,0.05337995337995338
179,all_blocks,Fisher,61,0.13395029085140137,0.16666666666666666,-0.021057641459545216,0.07402097902097901
190,all_blocks,Semantic,85,0.13847957787766269,0.058823529411764705,0.017923588039867107,0.0788970588235294
190,all_blocks,Temperature,85,0.15161227281610318,0.125,0.025476841899550524,0.08575630252100841
190,all_blocks,Fisher,85,0.22116474496775457,0.2,-0.0055120187609927745,0.06514705882352942
192,all_blocks,Semantic,84,0.2214032600992204,0.2857142857142857,-0.03956565758833654,0.06286764705882353
192,all_blocks,Temperature,84,0.25698086463501063,0.2857142857142857,-0.008937936620431304,0.06897058823529413
192,all_blocks,Fisher,84,0.35192872329654756,0.2,0.004209780297661229,0.061911764705882354
195,all_blocks,Semantic,54,0.5945873832666285,0.2,-0.003910806174957117,0.0709090909090909
195,all_blocks,Temperature,54,0.4943396226415093,0.2,0.07600533638269487,0.07454545454545454
195,all_blocks,Fisher,54,0.47779683628740227,0.3333333333333333,-0.019771297884505424,0.06
199,all_blocks,Semantic,134,0.050905871644284846,0.12,-0.0014718388009825555,0.04433618233618233
199,all_blocks,Temperature,134,0.08032269729048991,0.12,-0.042133193680719216,0.06053846153846154
199,all_blocks,Fisher,134,0.10115088716816918,0.07692307692307693,0.007075150562974604,0.06976068376068377
201,all_blocks,Semantic,211,0.03845888529783728,0.1282051282051282,-0.005210395881503814,0.05101226056983289
201,all_blocks,Temperature,211,0.05094595112479401,0.07317073170731707,0.006686743909760986,0.05985797809677561
201,all_blocks,Fisher,211,0.007220142818819383,0.07317073170731707,0.021661578160728657,0.05104494076939371
202,all_blocks,Semantic,132,0.04608328593864953,0.16666666666666666,0.02984117128351761,0.05557264957264957
202,all_blocks,Temperature,132,0.11256280882636847,0.12,-0.037670425195535685,0.04576068376068375
202,all_blocks,Fisher,132,0.11054875217189397,0.12,0.023880137540241996,0.06239031339031338
208,all_blocks,Semantic,80,0.09920300046882327,0.3333333333333333,0.012478902953586498,0.062380952380952384
208,all_blocks,Temperature,80,0.23248945147679326,0.23076923076923078,-0.019920300046882326,0.03428571428571429
208,all_blocks,Fisher,80,0.13699015471167372,0.3333333333333333,-0.04124355368026255,0.06296703296703296
213,all_blocks,Semantic,135,0.3531704223978149,0.12,-0.01401253536240367,0.05003418803418802
213,all_blocks,Temperature,135,0.28530387279289826,0.12,-0.0017200760901375455,0.058188034188034185
213,all_blocks,Fisher,135,0.32770949175690184,0.12,0.01597185640425325,0.05977492877492877
231,all_blocks,Semantic,145,0.09752007557864902,0.1111111111111111,0.006688316800503857,0.05626920971748558
231,all_blocks,Temperature,145,0.05012202802708234,0.07142857142857142,0.004794520547945206,0.05547555892383479
231,all_blocks,Fisher,145,-0.07538576602109903,0.07142857142857142,-0.0022655880963627756,0.06341206686034273
233,all_blocks,Semantic,93,0.1493390230073707,0.17647058823529413,0.009975082808629998,0.06023391812865497
233,all_blocks,Temperature,93,0.16046969651756138,0.17647058823529413,0.05151666616931753,0.0824733402132783
233,all_blocks,Fisher,93,0.2234937781623944,0.1111111111111111,0.013609710244397366,0.054437564499484004
235,all_blocks,Semantic,67,-0.16026817782744035,0.16666666666666666,-0.015474100087796316,0.06025641025641025
235,all_blocks,Temperature,67,-0.0650889935349988,0.2727272727272727,0.05101963444808046,0.0488927738927739
235,all_blocks,Fisher,67,-0.046492138239284865,0.2727272727272727,0.03785617367706921,0.047435897435897434
238,all_blocks,Semantic,68,0.023132419742718627,0.16666666666666666,-0.025506737412680842,0.06666666666666667
238,all_blocks,Temperature,68,0.15501775012406,0.16666666666666666,0.02493224415009352,0.06666666666666667
238,all_blocks,Fisher,68,0.08917051570790548,0.0,-0.008310111844867735,0.07179487179487179
240,all_blocks,Semantic,55,0.1593795093795094,0.2,0.006360028860028855,0.08303030303030302
240,all_blocks,Temperature,55,0.002886002886002887,0.2,-0.04681096681096682,0.041818181818181824
240,all_blocks,Fisher,55,0.2052669552669553,0.2,-0.05658730158730161,0.06727272727272728
251,all_blocks,Semantic,106,0.07319948610726253,0.2222222222222222,-0.017014383958485528,0.05979949874686717
251,all_blocks,Temperature,106,0.029760435297377635,0.29411764705882354,-0.021162808272665444,0.062301587301587316
251,all_blocks,Fisher,106,0.03924226012041212,0.2222222222222222,0.02136685391843212,0.05642857142857144
257,all_blocks,Semantic,55,0.35519480519480523,0.09090909090909091,0.031399711399711414,0.04090909090909091
257,all_blocks,Temperature,55,0.284992784992785,0.2,0.016013708513708518,0.05545454545454546
257,all_blocks,Fisher,55,0.2797979797979799,0.09090909090909091,-0.011204906204906204,0.06636363636363636
259,all_blocks,Semantic,59,0.11899473991817654,0.2,-0.005692577440093517,0.04636363636363637
259,all_blocks,Temperature,59,-0.020689655172413793,0.2,0.021025715955581538,0.04727272727272727
259,all_blocks,Fisher,59,0.06008182349503216,0.09090909090909091,-0.03588836937463472,0.05090909090909092
264,all_blocks,Semantic,64,-0.1779304029304029,0.07692307692307693,-0.018585164835164834,0.06043123543123543
264,all_blocks,Temperature,64,-0.13246336996336994,0.16666666666666666,0.021721611721611724,0.07068764568764568
264,all_blocks,Fisher,64,-0.11483516483516483,0.16666666666666666,0.06251602564102565,0.06346153846153847
265,all_blocks,Semantic,113,0.23415563244394175,0.09090909090909091,0.00243196486792202,0.06846414455110107
265,all_blocks,Temperature,113,0.31477476878035804,0.09090909090909091,-0.021154102069332624,0.057713156408808586
265,all_blocks,Fisher,113,0.3077051034666312,0.09090909090909091,0.0366237773637634,0.057684923771880295
270,all_blocks,Semantic,68,0.14200099248005493,0.16666666666666666,-0.031280299270908876,0.03846153846153846
270,all_blocks,Temperature,68,0.2359812192235752,0.16666666666666666,0.01233919914494026,0.06025641025641025
270,all_blocks,Fisher,68,0.187922281177234,0.2727272727272727,0.045167385578501355,0.05576923076923077
274,all_blocks,Semantic,104,0.25537181265336606,0.2222222222222222,0.026488850954870375,0.06281537176274019
274,all_blocks,Temperature,104,0.03608236423770404,0.1,0.005073082257548275,0.07035087719298247
274,all_blocks,Fisher,104,0.14909847434119278,0.1,0.021234930118425272,0.07122389306599833
286,all_blocks,Semantic,98,-0.025470356840018103,0.17647058823529413,-0.0038865405581164037,0.06413828689370485
286,all_blocks,Temperature,98,0.03480417471580947,0.25,0.011677473238592528,0.046250429996560025
286,all_blocks,Fisher,98,-0.008052330585467551,0.1111111111111111,-0.011440940012368582,0.04035087719298246
304,all_blocks,Semantic,66,0.033211564554848146,0.2727272727272727,0.030884041331802538,0.059615384615384605
304,all_blocks,Temperature,66,-0.0566329193194865,0.07692307692307693,0.0048011689802734585,0.046794871794871795
304,all_blocks,Fisher,66,-0.20517691263959925,0.07692307692307693,-0.01578540862122952,0.04807692307692307
316,all_blocks,Semantic,87,0.07199096012247576,0.058823529411764705,0.018164503900269736,0.05014705882352941
316,all_blocks,Temperature,87,-0.011226944667201283,0.0,-0.024830502296420497,0.06514705882352942
316,all_blocks,Fisher,87,0.09059925639717138,0.0,-0.0001248450827440406,0.06102941176470589
317,all_blocks,Semantic,79,0.017015579357351512,0.14285714285714285,0.018809639727361247,0.06952380952380952
317,all_blocks,Temperature,79,0.06497078870496592,0.06666666666666667,-0.019959834469328138,0.0557142857142857
317,all_blocks,Fisher,79,-0.012244401168451803,0.14285714285714285,-0.017602239532619277,0.04582417582417582
325,all_blocks,Semantic,93,0.06882814598191637,0.1111111111111111,0.019752469338426188,0.0757094943240454
325,all_blocks,Temperature,93,0.15654561188863356,0.25,0.008024976873265493,0.07495700034399724
325,all_blocks,Fisher,93,0.12448151353286979,0.17647058823529413,0.013814866760168304,0.060285517715858286
328,all_blocks,Semantic,132,0.12760562057468444,0.037037037037037035,0.02763640537847046,0.04268091168091167
328,all_blocks,Temperature,132,0.1806076607201557,0.07692307692307693,0.01450668656373759,0.06605982905982906
328,all_blocks,Fisher,132,0.0666308380249722,0.037037037037037035,-0.033289851972053655,0.05973789173789172
333,all_blocks,Semantic,60,0.3364823562100584,0.2,0.017143651014170598,0.08666666666666666
333,all_blocks,Temperature,60,0.2031119755487636,0.3333333333333333,-0.0038482911919977764,0.03636363636363636
333,all_blocks,Fisher,60,0.16982495137538206,0.2,-0.018085579327591004,0.02818181818181818
343,all_blocks,Semantic,125,0.028651305683563742,0.13043478260869565,0.000996927803379418,0.06146772068511199
343,all_blocks,Temperature,125,0.12105069124423962,0.08333333333333333,0.01914930875576036,0.04752173913043479
343,all_blocks,Fisher,125,0.0878463901689708,0.13043478260869565,9.124423963133426e-05,0.06351515151515151
347,all_blocks,Semantic,80,0.073159868729489,0.14285714285714285,0.0400644631973746,0.0783150183150183
347,all_blocks,Temperature,80,0.09807782466010315,0.23076923076923078,0.040189873417721525,0.0706959706959707
347,all_blocks,Fisher,80,-0.02723863103609939,0.23076923076923078,0.0070850914205344605,0.06915750915750915
351,all_blocks,Semantic,92,-0.08217869087434305,0.17647058823529413,-0.01985419909683584,0.04619883040935672
351,all_blocks,Temperature,92,-0.11283387019712406,0.1111111111111111,-0.007833330764607061,0.060921912624698996
351,all_blocks,Fisher,92,-0.12433148898787046,0.1111111111111111,0.021933326140899774,0.054729962160302716
353,all_blocks,Semantic,179,-0.03247965183185822,0.09090909090909091,-0.003391396229573372,0.04634660169052958
353,all_blocks,Temperature,179,0.01504613646349884,0.09090909090909091,0.0004001632038164577,0.04707410236822002
353,all_blocks,Fisher,179,0.035262486138137386,0.09090909090909091,0.012856903730671856,0.04317990832696715
359,all_blocks,Semantic,64,0.5051282051282051,0.2727272727272727,-0.020391483516483518,0.0726107226107226
359,all_blocks,Temperature,64,0.3602564102564102,0.16666666666666666,0.03678571428571429,0.07855477855477855
359,all_blocks,Fisher,64,0.32738095238095233,0.16666666666666666,0.02009844322344323,0.08543123543123542
360,all_blocks,Semantic,61,0.332258064516129,0.07692307692307693,0.006380222104706503,0.07628205128205129
360,all_blocks,Temperature,61,0.37884717080909563,0.16666666666666666,-0.024624537281861446,0.06794871794871796
360,all_blocks,Fisher,61,0.22823902696985723,0.0,-0.03894235854045479,0.05897435897435897
373,all_blocks,Semantic,62,0.2505854800936768,0.16666666666666666,0.00033743798947395156,0.06025641025641025
373,all_blocks,Temperature,62,0.1041776837652036,0.07692307692307693,0.028178590315026064,0.07243589743589743
373,all_blocks,Fisher,62,0.3025106393694442,0.2727272727272727,-0.03865175895847499,0.08543123543123543
390,all_blocks,Semantic,70,0.453416149068323,0.2727272727272727,0.01649724433557869,0.07756410256410255
390,all_blocks,Temperature,70,0.491313095967107,0.07692307692307693,0.0019000962295512244,0.04953379953379953
390,all_blocks,Fisher,70,0.2677106114950573,0.2727272727272727,0.0051561543172075905,0.039102564102564095
393,all_blocks,Semantic,48,0.2845201910551454,0.25,-0.03876465479808945,0.06388888888888888
393,all_blocks,Temperature,48,0.15468953538862354,0.1111111111111111,0.07954298740772905,0.04722222222222222
393,all_blocks,Fisher,48,0.04971775944420321,0.1111111111111111,-0.0004993486756404708,0.075
402,all_blocks,Semantic,75,0.058890469416785204,0.14285714285714285,-0.05471550497866288,0.03333333333333333
402,all_blocks,Temperature,75,0.20529160739687055,0.23076923076923078,-0.007293029871977231,0.06285714285714286
402,all_blocks,Fisher,75,0.061820768136557604,0.23076923076923078,-0.014108108108108103,0.07117216117216116
403,all_blocks,Semantic,62,0.2310946589106293,0.16666666666666666,-0.06684545843720884,0.07325174825174825
403,all_blocks,Temperature,62,0.08629850671098688,0.2727272727272727,-0.055788068797058755,0.032051282051282055
403,all_blocks,Fisher,62,0.28604165092795447,0.16666666666666666,0.037483316965072656,0.08397435897435898
404,all_blocks,Semantic,68,0.20238958659388473,0.2727272727272727,0.006113295415505588,0.062354312354312345
404,all_blocks,Temperature,68,0.16154521510096576,0.2727272727272727,0.0016681299385425854,0.06346153846153847
404,all_blocks,Fisher,68,0.28476543115623926,0.2727272727272727,-0.021632247967324502,0.07243589743589743
406,all_blocks,Semantic,59,0.22437171244886037,0.2,-0.005590298071303338,0.046363636363636364
406,all_blocks,Temperature,59,0.27153711279953247,0.2,0.016072472238457043,0.06636363636363636
406,all_blocks,Fisher,59,0.18533021624780832,0.2,0.023103448275862064,0.07181818181818181
412,all_blocks,Semantic,59,0.02478082992402104,0.3333333333333333,-0.014880187025131506,0.06999999999999999
412,all_blocks,Temperature,59,0.09970777323202806,0.3333333333333333,-0.014590882524839277,0.06666666666666667
412,all_blocks,Fisher,59,0.049795441262419644,0.2,0.02897136177673875,0.07303030303030303
418,all_blocks,Semantic,148,-0.06225359724880339,0.034482758620689655,0.015173226918193367,0.051751505199781056
418,all_blocks,Temperature,148,-0.05123696494741558,0.15384615384615385,0.0007266683201486643,0.05390194097090648
418,all_blocks,Fisher,148,0.014840617908690778,0.15384615384615385,0.01380003479715848,0.04896004378763
420,all_blocks,Semantic,78,0.350927553459199,0.14285714285714285,-0.005373107904753474,0.06238095238095237
420,all_blocks,Temperature,78,0.1540358375801414,0.14285714285714285,-0.01274421780750895,0.030000000000000006
420,all_blocks,Fisher,78,0.20838655015870206,0.14285714285714285,-0.00041603965654598565,0.08058608058608058
425,all_blocks,Semantic,77,0.3473368736526631,0.3333333333333333,0.04944397707555601,0.05344322344322344
425,all_blocks,Temperature,77,0.14772070035227927,0.45454545454545453,0.008925285241074712,0.060109890109890096
425,all_blocks,Fisher,77,0.16060255533939743,0.23076923076923078,-0.01444608023555392,0.06476190476190476
426,all_blocks,Semantic,75,0.1262873399715505,0.3333333333333333,-0.0001621621621621626,0.062380952380952384
426,all_blocks,Temperature,75,0.06386913229018491,0.14285714285714285,-0.02568136557610241,0.08153846153846153
426,all_blocks,Fisher,75,0.058605974395448075,0.14285714285714285,0.033368421052631575,0.0706959706959707
428,all_blocks,Semantic,91,0.16950151297977384,0.25,-0.016048733874820836,0.052390780873753005
428,all_blocks,Temperature,91,0.09144768275203059,0.25,-0.02249323140627489,0.05904282765737874
428,all_blocks,Fisher,91,0.20055741360089185,0.1111111111111111,-0.0004140786749482421,0.045592535259717924
429,all_blocks,Semantic,145,-0.012970398362462603,0.034482758620689655,-0.005947291765076365,0.05574923161130059
429,all_blocks,Temperature,145,-0.022874350495984883,0.07142857142857142,0.024616398992284676,0.0467159277504105
429,all_blocks,Fisher,145,-0.019721303731695793,0.1111111111111111,0.008786805227523226,0.061031114479390344
430,all_blocks,Semantic,99,0.2727025355596784,0.25,-0.0197291280148423,0.038355693154454765
430,all_blocks,Temperature,99,0.42170686456400736,0.17647058823529413,0.012479901051329623,0.032800137598899215
430,all_blocks,Fisher,99,0.2835374149659864,0.1111111111111111,0.021320964749536177,0.04518403852769178
432,all_blocks,Semantic,87,0.2667492892031785,0.125,0.008904097105781146,0.04779411764705882
432,all_blocks,Temperature,87,0.2856309688707443,0.125,0.003728038200772767,0.05514705882352942
432,all_blocks,Fisher,87,0.1903659692352555,0.2,0.012108150470219436,0.058529411764705885
436,all_blocks,Semantic,83,0.13983459972293355,0.2,0.028129591536879217,0.06816176470588235
436,all_blocks,Temperature,83,0.2395365433860879,0.125,0.016325930901305574,0.06808823529411764
436,all_blocks,Fisher,83,0.04202174551866,0.2,-0.07383401200621299,0.05227941176470589
446,all_blocks,Semantic,124,0.3054162077104642,0.18181818181818182,0.009316129032258062,0.055489459815546774
446,all_blocks,Temperature,124,0.13479779701022815,0.13043478260869565,-0.03372273800157356,0.04300000000000001
446,all_blocks,Fisher,124,-0.062294256490951994,0.08333333333333333,-0.01212273800157356,0.05404347826086957
452,all_blocks,Semantic,73,0.20446131062569423,0.14285714285714285,-0.00642508947303468,0.07344322344322343
452,all_blocks,Temperature,73,0.19119461927681108,0.3333333333333333,-0.024443107491052697,0.05963369963369963
452,all_blocks,Fisher,73,0.19394051585832411,0.14285714285714285,-0.024689929655683084,0.04963369963369964
454,all_blocks,Semantic,90,-0.017722352553813228,0.2,-0.00473638720829732,0.04823529411764706
454,all_blocks,Temperature,90,0.08033090505000616,0.2,-0.012456681894884143,0.036029411764705886
454,all_blocks,Fisher,90,-0.013409062847265094,0.2857142857142857,-0.05139976128740172,0.05816176470588234
460,all_blocks,Semantic,60,0.36115587663239795,0.2,0.026762989719366498,0.07606060606060605
460,all_blocks,Temperature,60,0.41511530980828015,0.3333333333333333,0.03420672409002501,0.04727272727272728
460,all_blocks,Fisher,60,0.46407335370936387,0.2,0.04155876632397889,0.05636363636363636
463,all_blocks,Semantic,122,0.10083569877833991,0.08333333333333333,0.012240393098958764,0.06508695652173913
463,all_blocks,Temperature,122,0.0920524352242574,0.18181818181818182,0.011133397880517214,0.06205862977602108
463,all_blocks,Fisher,122,0.20608285611375288,0.08333333333333333,0.03386975788197118,0.07888801054018443
467,all_blocks,Semantic,62,0.4545088262697993,0.16666666666666666,0.021772304902923627,0.08525641025641027
467,all_blocks,Temperature,62,0.3196847221172975,0.2727272727272727,0.05591146030067236,0.06474358974358975
467,all_blocks,Fisher,62,0.37548790007806404,0.16666666666666666,-0.022321271184306612,0.060256410256410264
468,all_blocks,Semantic,77,0.1593143698406856,0.14285714285714285,-0.005071244544928757,0.06582417582417581
468,all_blocks,Temperature,77,0.1454860928545139,0.3333333333333333,0.005443240969556761,0.08761904761904761
468,all_blocks,Fisher,77,0.21273463378726534,0.06666666666666667,0.018577475156422527,0.05915750915750915
469,all_blocks,Semantic,63,0.2664650537634409,0.16666666666666666,0.03430299539170507,0.07534965034965034
469,all_blocks,Temperature,63,-0.13061635944700462,0.16666666666666666,0.01041186635944701,0.06491841491841491
469,all_blocks,Fisher,63,-0.02553763440860215,0.16666666666666666,-0.015586597542242703,0.05512820512820512
498,all_blocks,Semantic,147,-0.062259631731255996,0.1111111111111111,0.011217311804395953,0.06454507178645111
498,all_blocks,Temperature,147,0.12387702211576967,0.15384615384615385,-0.027532697640329735,0.04662224748431644
498,all_blocks,Fisher,147,-0.09456437147239498,0.15384615384615385,0.007472666963860704,0.04540440402509367
500,all_blocks,Semantic,194,0.11307170474949974,0.14285714285714285,-0.002234183742650167,0.04780063464273991
500,all_blocks,Temperature,194,0.046461193312323054,0.1111111111111111,-0.014564310749343595,0.0571326097641887
500,all_blocks,Fisher,194,0.05512279505121767,0.1111111111111111,-0.009329054578774146,0.04983230772704457
502,all_blocks,Semantic,187,0.12377458626802565,0.02702702702702703,0.005511012666125912,0.04485918691801044
502,all_blocks,Temperature,187,0.05694801786690842,0.02702702702702703,-0.01561546874942652,0.07527466350995762
502,all_blocks,Fisher,187,0.09650993360468914,0.08571428571428572,-0.009553272235455608,0.07245420219684925
503,all_blocks,Semantic,73,0.1131371097124522,0.14285714285714285,0.02481488337652721,0.09223443223443224
503,all_blocks,Temperature,73,0.28649882759471806,0.23076923076923078,0.016137541651240282,0.06677655677655678
503,all_blocks,Fisher,73,0.1801184746390226,0.14285714285714285,0.006682710107367642,0.04915750915750915
504,all_blocks,Semantic,84,0.07866761162296244,0.125,-0.005180722891566266,0.05772058823529412
504,all_blocks,Temperature,84,0.13903006985926902,0.2,-0.010091120785663663,0.06558823529411764
504,all_blocks,Fisher,84,0.019925078465120986,0.125,-0.0027832337754378905,0.023529411764705882
507,all_blocks,Semantic,72,0.25885909061675993,0.0,-0.005479452054794521,0.0701098901098901
507,all_blocks,Temperature,72,0.2016849958196669,0.14285714285714285,-0.009124380989131133,0.06402930402930403
507,all_blocks,Fisher,72,0.3288314361052158,0.0,-0.010500675284584218,0.06344322344322344
513,all_blocks,Semantic,78,0.01043260536931423,0.14285714285714285,-0.009800326256022455,0.062380952380952384
513,all_blocks,Temperature,78,-0.07312940224332629,0.23076923076923078,0.045639170955626654,0.05190476190476191
513,all_blocks,Fisher,78,-0.025303810113936693,0.14285714285714285,0.030211560591307425,0.05677655677655676
514,all_blocks,Semantic,217,0.10151636860722389,0.1282051282051282,-0.008089530573993434,0.061089561790072286
514,all_blocks,Temperature,217,0.15246597800607867,0.1282051282051282,0.00800714731981379,0.052651241743697785
514,all_blocks,Fisher,217,0.09413299698887151,0.1282051282051282,0.005844454779050814,0.05253644823695873
522,all_blocks,Semantic,156,-0.06421583347821276,0.14285714285714285,0.009799434179956063,0.06376608930557762
522,all_blocks,Temperature,156,-0.13997566025509314,0.14285714285714285,0.018553997882126094,0.053724243868848984
522,all_blocks,Fisher,156,0.010522988414913625,0.06666666666666667,0.027334323781827374,0.05837097068465256
525,all_blocks,Semantic,106,0.1678061314457012,0.15789473684210525,-0.017356475300400534,0.041942355889724316
525,all_blocks,Temperature,106,0.28595107942665693,0.29411764705882354,-0.016032445776758948,0.056942355889724315
525,all_blocks,Fisher,106,0.2006549613320906,0.15789473684210525,0.01768395596644583,0.05269423558897244
528,all_blocks,Semantic,107,-0.08025235604145849,0.15789473684210525,-7.298340484727036e-05,0.06035087719298247
528,all_blocks,Temperature,107,0.25045553400340914,0.15789473684210525,0.021278336174298085,0.0659482038429407
528,all_blocks,Fisher,107,0.055722094868629876,0.15789473684210525,0.0019622249652226737,0.0674561403508772
529,all_blocks,Semantic,100,0.10390639063906391,0.25,-0.025254125412541257,0.0586343309253526
529,all_blocks,Temperature,100,-0.07278727872787277,0.17647058823529413,-0.0033699369936993685,0.04981080151358789
529,all_blocks,Fisher,100,0.051353135313531355,0.17647058823529413,-0.002658265826582654,0.07559339525283798
534,all_blocks,Semantic,68,0.2501813184715807,0.16666666666666666,0.04377791350154597,0.06346153846153846
534,all_blocks,Temperature,68,0.2330037790586708,0.16666666666666666,0.009361758980035882,0.023076923076923078
534,all_blocks,Fisher,68,0.3190059930526396,0.16666666666666666,-0.031299385425812114,0.035256410256410256
536,all_blocks,Semantic,126,0.12426546681664792,0.18181818181818182,0.010426096737907764,0.06618840579710145
536,all_blocks,Temperature,126,0.06167529058867643,0.18181818181818182,-0.009537007874015749,0.043898550724637685
536,all_blocks,Fisher,126,0.16419647544056995,0.23809523809523808,0.008158980127484066,0.045688405797101456
540,all_blocks,Semantic,68,0.12447990227888688,0.16666666666666666,-0.01128946062526244,0.07534965034965034
540,all_blocks,Temperature,68,0.20483261442149858,0.2727272727272727,-0.02157880673359545,0.05897435897435897
540,all_blocks,Fisher,68,0.21311600564950184,0.2727272727272727,-0.01899454135969767,0.06025641025641025
542,all_blocks,Semantic,82,0.1749327935046419,0.2,0.015214244511923034,0.06102941176470589
542,all_blocks,Temperature,82,0.1676842872846399,0.2,-0.046109641819309766,0.04852941176470589
542,all_blocks,Fisher,82,0.19809318575113463,0.2857142857142857,0.023666481644736125,0.0763235294117647
552,all_blocks,Semantic,163,0.027047622214463454,0.0967741935483871,-0.005367405412295429,0.060434384164222865
552,all_blocks,Temperature,163,0.005622336386963052,0.0967741935483871,0.014723372182597078,0.05859726295210166
552,all_blocks,Fisher,163,-0.06507390227276506,0.0625,-0.0046517975404702944,0.04730999511241447
557,all_blocks,Semantic,83,0.03958691910499139,0.125,0.04642017547542084,0.06772058823529412
557,all_blocks,Temperature,83,0.18181436547584062,0.2,-0.018448008060115026,0.05404411764705883
557,all_blocks,Fisher,83,0.10994500650686369,0.2,0.03528714159774988,0.06816176470588237
561,all_blocks,Semantic,161,-0.06104209799861975,0.0967741935483871,-0.017397055440533705,0.05205400782013685
561,all_blocks,Temperature,161,-0.04690303657694963,0.13333333333333333,-0.02376308373590983,0.05437377810361681
561,all_blocks,Fisher,161,0.0400851161720727,0.0625,-0.008391131815044858,0.04409029814271749
568,all_blocks,Semantic,60,0.029674909697138104,0.3333333333333333,-0.009838844123367604,0.052727272727272734
568,all_blocks,Temperature,60,0.06012781328146709,0.3333333333333333,-0.05378438455126424,0.0709090909090909
568,all_blocks,Fisher,60,0.033787163100861356,0.2,-0.01682689636010003,0.05
572,all_blocks,Semantic,124,0.10479307631785995,0.18181818181818182,-0.03852305271439811,0.04968840579710146
572,all_blocks,Temperature,124,-0.02914870180959874,0.13043478260869565,-0.014130920535011799,0.04735507246376812
572,all_blocks,Fisher,124,0.06612745869394177,0.08333333333333333,-0.031485759244689215,0.04971014492753624
575,all_blocks,Semantic,98,0.15189768503465115,0.17647058823529413,-0.025843964577396093,0.05765393876848986
575,all_blocks,Temperature,98,0.019566589522406894,0.17647058823529413,0.005162927401513556,0.04824561403508772
575,all_blocks,Fisher,98,0.05901854650013706,0.1111111111111111,0.006645244789574678,0.054729962160302716
595,all_blocks,Semantic,147,0.04652471873606903,0.15384615384615385,-0.00292786496309001,0.054025093680266104
595,all_blocks,Temperature,147,0.2143423826398386,0.25,-0.02034885038798933,0.056592775041050904
595,all_blocks,Fisher,147,0.16895103098625605,0.15384615384615385,0.009184429047442743,0.05336617405582923
596,all_blocks,Semantic,67,0.1800223481522867,0.0,0.025239444488786022,0.07773892773892774
596,all_blocks,Temperature,67,0.28030968153882996,0.2727272727272727,-0.009344321174874293,0.07645687645687646
596,all_blocks,Fisher,67,0.04709074946124991,0.0,-0.02481243515045096,0.07564102564102565
601,all_blocks,Semantic,59,0.20537697253068385,0.09090909090909091,0.035078901227352424,0.08757575757575756
601,all_blocks,Temperature,59,0.1213909994155465,0.2,0.044757451782583293,0.08045454545454545
601,all_blocks,Fisher,59,0.043015780245470495,0.09090909090909091,0.011846873173582706,0.06545454545454545
604,all_blocks,Semantic,58,0.38294010889292196,0.3333333333333333,-0.037681872712172014,0.07636363636363636
604,all_blocks,Temperature,58,0.2461779814820511,0.2,0.03732197237688025,0.050909090909090904
604,all_blocks,Fisher,58,0.05743025008459197,0.3333333333333333,-0.0468147282291058,0.0759090909090909
606,all_blocks,Semantic,158,0.145006001286968,0.23076923076923078,-0.007988329056116975,0.044979606970708186
606,all_blocks,Temperature,158,0.13685520392966402,0.18518518518518517,0.009780348333254736,0.06294507124318025
606,all_blocks,Fisher,158,0.1528829756647433,0.14285714285714285,0.004807114529503666,0.06396319249489438
612,all_blocks,Semantic,64,0.5679945054945055,0.16666666666666666,-0.03779990842490842,0.04871794871794871
612,all_blocks,Temperature,64,0.556135531135531,0.16666666666666666,-0.018161630036630034,0.059615384615384605
612,all_blocks,Fisher,64,0.47435897435897434,0.2727272727272727,-0.026359890109890104,0.05337995337995338
619,all_blocks,Semantic,87,0.17516585259167453,0.125,-0.056262302252679156,0.044852941176470595
619,all_blocks,Temperature,87,0.13554348618502587,0.125,0.001623897353648753,0.038970588235294125
619,all_blocks,Fisher,87,0.055022964205001086,0.125,-0.01624352992636873,0.06220588235294118
621,all_blocks,Semantic,76,-0.06827067669172933,0.14285714285714285,-0.010043745727956254,0.06428571428571428
621,all_blocks,Temperature,76,0.010444292549555707,0.23076923076923078,0.029529733424470267,0.09212454212454212
621,all_blocks,Fisher,76,-0.06463431305536568,0.06666666666666667,0.019423103212576898,0.048095238095238094
623,all_blocks,Semantic,138,-0.07970291491338821,0.12,-0.023617716426668246,0.047897435897435905
623,all_blocks,Temperature,138,-0.17351349006481895,0.07692307692307693,-0.01137311667644621,0.04606267806267805
623,all_blocks,Fisher,138,-0.021856713296452647,0.12,0.013459698759557886,0.04989173789173788
629,all_blocks,Semantic,57,-0.004537205081669692,0.2,-0.00759333679025149,0.04727272727272728
629,all_blocks,Temperature,57,0.09301270417422869,0.3333333333333333,0.018874773139745917,0.07318181818181818
629,all_blocks,Fisher,57,0.054187192118226604,0.09090909090909091,-0.01757194710915219,0.06454545454545454
635,all_blocks,Semantic,119,-0.03171912832929783,0.14285714285714285,-0.02621457057399231,0.040965556182947484
635,all_blocks,Temperature,119,-0.02956131605184447,0.2,-0.000522005412334426,0.057684923771880295
635,all_blocks,Fisher,119,-0.08284432417034611,0.14285714285714285,0.007847528842045298,0.06073969508752116
642,all_blocks,Semantic,67,0.17243993934072954,0.2727272727272727,0.002805491260276161,0.032867132867132866
642,all_blocks,Temperature,67,0.0960172400031926,0.2727272727272727,0.009446085082608352,0.06491841491841491
642,all_blocks,Fisher,67,0.050881953867028505,0.0,0.006894005906297395,0.059615384615384626
645,all_blocks,Semantic,102,0.2986073021922409,0.15789473684210525,-0.01886446782885028,0.04293233082706767
645,all_blocks,Temperature,102,0.33767974170346793,0.15789473684210525,0.005534037127299251,0.0651545530492899
645,all_blocks,Fisher,102,0.2632215820097144,0.15789473684210525,0.005738163764977301,0.06257727652464495
648,all_blocks,Semantic,83,0.18435414130389152,0.2,-0.044986566474959064,0.05191176470588236
648,all_blocks,Temperature,83,0.20353889425297006,0.2,-0.01387641156962344,0.046838235294117646
648,all_blocks,Fisher,83,0.20584778136937995,0.125,0.017089962638008483,0.06264705882352942
654,all_blocks,Semantic,127,-0.22191366704161974,0.08333333333333333,0.019277570772403448,0.07594202898550724
654,all_blocks,Temperature,127,-0.2330450881139857,0.08333333333333333,-0.015618555493063365,0.04535507246376812
654,all_blocks,Fisher,127,-0.17779808773903258,0.08333333333333333,0.02198104143232096,0.051500000000000004
657,all_blocks,Semantic,74,0.11259533506108846,0.23076923076923078,0.007035912624953722,0.05142857142857142
657,all_blocks,Temperature,74,0.15933358015549792,0.14285714285714285,-0.015181044057756382,0.03868131868131868
657,all_blocks,Fisher,74,0.05711958533876341,0.23076923076923078,-0.012404294705664565,0.06619047619047619
665,all_blocks,Semantic,73,0.44718005676909794,0.14285714285714285,-0.02768419104035543,0.05857142857142857
665,all_blocks,Temperature,73,0.3573059360730594,0.3333333333333333,-0.006230717018388255,0.04476190476190476
665,all_blocks,Fisher,73,0.2535480686165618,0.14285714285714285,-0.007731704307046773,0.06523809523809523
666,all_blocks,Semantic,91,0.3632266284440198,0.25,0.013227424749163885,0.0567251461988304
666,all_blocks,Temperature,91,0.33932154801720027,0.25,0.026740723045070875,0.061988304093567245
666,all_blocks,Fisher,91,0.22576843446408665,0.17647058823529413,-0.0048383500557413585,0.05536635706914343
675,all_blocks,Semantic,64,0.230540293040293,0.2727272727272727,0.009871794871794872,0.06923076923076923
675,all_blocks,Temperature,64,0.2874084249084249,0.2727272727272727,0.021188186813186804,0.08030303030303029
675,all_blocks,Fisher,64,0.1325091575091575,0.16666666666666666,-0.025570054945054942,0.06025641025641025
690,all_blocks,Semantic,82,0.20301259237491975,0.2857142857142857,0.025042174116520287,0.051102941176470594
690,all_blocks,Temperature,82,0.22070939584897856,0.2,0.01797215964127513,0.06102941176470589
690,all_blocks,Fisher,82,0.09913910384083761,0.2,0.001181963626865188,0.06433823529411765
696,all_blocks,Semantic,64,0.23379120879120877,0.16666666666666666,0.007195512820512817,0.0641025641025641
696,all_blocks,Temperature,64,0.18621794871794872,0.16666666666666666,0.001046245421245423,0.07389277389277388
696,all_blocks,Fisher,64,0.34436813186813187,0.16666666666666666,0.012799908424908423,0.05273892773892773
702,all_blocks,Semantic,90,0.1074782895007614,0.125,-0.002956743630900938,0.05926470588235294
702,all_blocks,Temperature,90,0.19389225007202535,0.125,0.020393464213688928,0.05477941176470589
702,all_blocks,Fisher,90,0.14535950940445322,0.2,-0.00033172819689673665,0.061470588235294124
711,all_blocks,Semantic,129,0.16171735241502688,0.23809523809523808,-0.01239741726296959,0.039543478260869576
711,all_blocks,Temperature,129,0.08111024150268338,0.18181818181818182,0.011801487030411449,0.07017786561264822
711,all_blocks,Fisher,129,0.12646466905187836,0.23809523809523808,0.00682552549194991,0.046065217391304356
717,all_blocks,Semantic,162,-0.09949319818618298,0.0,0.005765346949662764,0.053976661779081135
717,all_blocks,Temperature,162,-0.006363601722364059,0.0625,0.014438277014964132,0.060102028347996085
717,all_blocks,Fisher,162,0.20028621388984152,0.0967741935483871,-0.012486010378781786,0.060529081133919846
719,all_blocks,Semantic,75,0.0867140825035562,0.23076923076923078,-0.015563300142247504,0.04095238095238095
719,all_blocks,Temperature,75,-0.045775248933143664,0.14285714285714285,-0.050302987197724046,0.04630036630036629
719,all_blocks,Fisher,75,0.07766714082503555,0.14285714285714285,-0.03944238975817923,0.0338095238095238
722,all_blocks,Semantic,61,0.010206240084611316,0.2727272727272727,0.03131676361713379,0.09312354312354311
722,all_blocks,Temperature,61,0.025436277102062393,0.2727272727272727,-0.013204653622421994,0.08607226107226108
722,all_blocks,Fisher,61,-0.03463775780010576,0.07692307692307693,0.0204865150713908,0.08910256410256409
723,all_blocks,Semantic,182,-0.1990094861211608,0.11764705882352941,0.019321788618048015,0.06722195839842898
723,all_blocks,Temperature,182,-0.18645289137092416,0.08571428571428572,0.01032296206646356,0.059809978045272175
723,all_blocks,Fisher,182,-0.23323954371866698,0.08571428571428572,-0.0022115372174243654,0.05662389280036338
728,all_blocks,Semantic,55,0.32467532467532473,0.2,-0.03955266955266955,0.09757575757575757
728,all_blocks,Temperature,55,0.3829725829725831,0.2,-0.06424963924963926,0.07939393939393939
728,all_blocks,Fisher,55,0.1721500721500722,0.09090909090909091,0.00987734487734488,0.07666666666666665
737,all_blocks,Semantic,72,0.21187857740047594,0.14285714285714285,-0.017181169207022968,0.07142857142857142
737,all_blocks,Temperature,72,0.15615152099813498,0.3333333333333333,-0.031621004566210045,0.06296703296703296
737,all_blocks,Fisher,72,0.15174609299633418,0.14285714285714285,0.016493022059296425,0.06142857142857142
747,all_blocks,Semantic,108,0.26148218011375,0.15789473684210525,-0.011821810664304015,0.0493233082706767
747,all_blocks,Temperature,108,0.34613735745520013,0.15789473684210525,0.0010917716996770382,0.06646198830409358
747,all_blocks,Fisher,108,0.3419550906475368,0.2222222222222222,-0.015228119313689064,0.050075187969924814
748,all_blocks,Semantic,86,0.17075333742157647,0.0,-0.018774470493891218,0.06477941176470589
748,all_blocks,Temperature,86,0.08331525071937355,0.058823529411764705,0.020531157130053303,0.052720588235294116
748,all_blocks,Fisher,86,0.13912920420774566,0.058823529411764705,-0.0028208877777253657,0.05227941176470589
753,all_blocks,Semantic,92,0.2695929596350353,0.17647058823529413,0.013154447235793662,0.05239078087375302
753,all_blocks,Temperature,92,0.3188970916881155,0.17647058823529413,0.005516853413066599,0.05039559683522532
753,all_blocks,Fisher,92,0.3154138988641092,0.17647058823529413,-0.00031903580290677455,0.04654282765737874
754,all_blocks,Semantic,75,0.2535704125177809,0.23076923076923078,-0.008160739687055477,0.047619047619047616
754,all_blocks,Temperature,75,0.23783783783783785,0.23076923076923078,-0.002941678520625886,0.047619047619047616
754,all_blocks,Fisher,75,0.2682219061166429,0.23076923076923078,0.028294452347083922,0.08164835164835163
769,all_blocks,Semantic,93,0.17157052908000356,0.0,0.014631016681089796,0.07266941864465083
769,all_blocks,Temperature,93,0.04680552654352302,0.0,0.004560442839664591,0.04098727210182318
769,all_blocks,Fisher,93,0.10829279937930826,0.05263157894736842,0.010254841693772195,0.06879514963880289
770,all_blocks,Semantic,63,0.33630952380952384,0.16666666666666666,-0.03658314132104455,0.05064102564102565
770,all_blocks,Temperature,63,0.25432027649769584,0.2727272727272727,-0.0065284178187403966,0.06107226107226108
770,all_blocks,Fisher,63,0.24692780337941628,0.2727272727272727,0.04551171274961598,0.07243589743589743
771,all_blocks,Semantic,63,0.1289842549923195,0.16666666666666666,-0.004620295698924736,0.08863636363636362
771,all_blocks,Temperature,63,0.14909754224270352,0.16666666666666666,-0.029013056835637478,0.0694055944055944
771,all_blocks,Fisher,63,0.05342741935483871,0.07692307692307693,0.025482430875576036,0.039102564102564095
775,all_blocks,Semantic,101,0.08998252766453115,0.15789473684210525,0.0010203843913803128,0.057218045112781966
775,all_blocks,Temperature,101,0.10668608037274314,0.15789473684210525,0.0006820034944670927,0.07086466165413535
775,all_blocks,Fisher,101,0.10198019801980196,0.15789473684210525,0.0026400698893418763,0.04380952380952381
776,all_blocks,Semantic,58,0.2644498446584023,0.0,-0.00675812851825648,0.07181818181818181
776,all_blocks,Temperature,58,0.16903011473745733,0.09090909090909091,0.019954474145621213,0.041818181818181824
776,all_blocks,Fisher,58,0.30259312805684585,0.2,-0.04347411486050017,0.03575757575757576
783,all_blocks,Semantic,86,0.29330628803245434,0.125,0.01258927307891881,0.07147058823529412
783,all_blocks,Temperature,86,0.34710127836218685,0.2,0.02909005141751969,0.05522058823529412
783,all_blocks,Fisher,86,0.1560356620595311,0.125,0.007646587103165245,0.06772058823529412
785,all_blocks,Semantic,87,0.34402566158781067,0.125,0.004575526718670264,0.04602941176470588
785,all_blocks,Temperature,87,0.4257855216155136,0.2,-0.019226142742582192,0.05735294117647059
785,all_blocks,Fisher,87,0.20937522781949405,0.0,6.470073631259926e-05,0.06889705882352942
798,all_blocks,Semantic,143,0.095903509635904,0.07142857142857142,-0.0006715995272333322,0.053281335522714836
798,all_blocks,Temperature,143,0.016604287731048294,0.07142857142857142,-0.01654293476476575,0.054421919077091485
798,all_blocks,Fisher,143,0.001744147870908434,0.07142857142857142,-0.011598788535408255,0.052285166940339356
800,all_blocks,Semantic,72,-0.018650717087915623,0.14285714285714285,0.001234806096855096,0.06476190476190477
800,all_blocks,Temperature,72,0.08859090616759921,0.23076923076923078,0.02546948356807512,0.08117216117216117
800,all_blocks,Fisher,72,-0.028908611486269217,0.23076923076923078,-0.04516206830021223,0.08164835164835164
801,all_blocks,Semantic,63,0.06398809523809523,0.2727272727272727,0.07394153225806452,0.10501165501165502
801,all_blocks,Temperature,63,0.2133736559139785,0.07692307692307693,0.02596966205837174,0.044871794871794865
801,all_blocks,Fisher,63,0.09749423963133641,0.2727272727272727,0.003112999231950845,0.06491841491841491
811,all_blocks,Semantic,65,0.13566433566433567,0.4,0.009191433566433564,0.0824009324009324
811,all_blocks,Temperature,65,0.3325611888111888,0.5555555555555556,-0.0007167832167832213,0.06217948717948718
811,all_blocks,Fisher,65,0.2681381118881119,0.4,0.005850087412587412,0.07722610722610722
821,all_blocks,Semantic,66,0.0034443168771526983,0.4,0.023847197578540875,0.08222610722610722
821,all_blocks,Temperature,66,-0.0034025675816720595,0.2727272727272727,0.019375848032564452,0.06491841491841491
821,all_blocks,Fisher,66,0.030998851894374287,0.16666666666666666,-0.0003987057718400994,0.06427738927738927
829,all_blocks,Semantic,88,-0.024867035328096938,0.2,0.04053397203339086,0.06441176470588236
829,all_blocks,Temperature,88,0.02567715120989046,0.2,-0.027712127082526156,0.05441176470588236
829,all_blocks,Fisher,88,-0.06387587615793738,0.2,-0.0019081751259201884,0.05558823529411765
831,all_blocks,Semantic,51,0.40081447963800904,0.2,-0.0003212669683257924,0.06515151515151514
831,all_blocks,Temperature,51,0.30570135746606336,0.2,0.004289592760180991,0.06999999999999999
831,all_blocks,Fisher,51,0.3566515837104072,0.2,0.04409502262443439,0.0590909090909091
839,all_blocks,Semantic,78,0.09773770533264203,0.14285714285714285,-0.005648781598148682,0.048095238095238094
839,all_blocks,Temperature,78,0.09490509490509491,0.06666666666666667,0.007324321248371879,0.041428571428571426
839,all_blocks,Fisher,78,0.05277001479533125,0.06666666666666667,0.01696910684252456,0.06999999999999999
845,all_blocks,Semantic,109,0.24278565471226024,0.2222222222222222,0.04745575016217219,0.08090225563909775
845,all_blocks,Temperature,109,0.24451858029839685,0.29411764705882354,0.024136780650542124,0.06329156223893066
845,all_blocks,Fisher,109,0.35546288573811513,0.1,0.006884904086738952,0.06408521303258147
849,all_blocks,Semantic,62,0.006874669487043893,0.07692307692307693,0.07776434741003753,0.06346153846153846
849,all_blocks,Temperature,62,-0.07123970688222407,0.16666666666666666,-0.012203167887990737,0.027564102564102567
849,all_blocks,Fisher,62,0.15942685905668455,0.07692307692307693,-0.026017979904812267,0.07453379953379954
852,all_blocks,Semantic,59,0.16832261835184106,0.2,0.018755113968439513,0.05545454545454546
852,all_blocks,Temperature,59,0.0924021040327294,0.2,0.05537112799532438,0.055454545454545444
852,all_blocks,Fisher,59,0.13787258912916425,0.2,-0.0392781998831093,0.05636363636363637
854,all_blocks,Semantic,97,0.037279086892488954,0.1111111111111111,-0.0019619187881338104,0.05706914344685242
854,all_blocks,Temperature,97,0.002892909741216074,0.05263157894736842,-0.036791894592888695,0.04269005847953215
854,all_blocks,Fisher,97,0.17838733431516934,0.17647058823529413,-0.04279928466231854,0.05829033367733057
856,all_blocks,Semantic,72,0.5009968486719404,0.14285714285714285,-0.02658048749115699,0.059047619047619036
856,all_blocks,Temperature,72,0.467039681008425,0.14285714285714285,-0.02645990095826099,0.052967032967032965
856,all_blocks,Fisher,72,0.4728599909962057,0.23076923076923078,-0.03941089459129206,0.06069597069597069
860,all_blocks,Semantic,113,0.16129649344600439,0.14285714285714285,-0.008353849224831993,0.05469226425748165
860,all_blocks,Temperature,113,0.1694723534499967,0.09090909090909091,-0.017911205003659593,0.06109542631281761
860,all_blocks,Fisher,113,0.15545778162219712,0.14285714285714285,-0.030356311131811836,0.06307735742518351
865,all_blocks,Semantic,62,0.28443000679912367,0.2727272727272727,0.02209211553473849,0.04294871794871794
865,all_blocks,Temperature,62,0.39840346503487695,0.2727272727272727,-0.01261615169600363,0.046794871794871795
865,all_blocks,Fisher,62,0.3591700032736521,0.4,0.004323739014378885,0.06923076923076923
866,all_blocks,Semantic,62,0.16265014731434616,0.2727272727272727,-0.03335096069099243,0.05576923076923077
866,all_blocks,Temperature,62,0.00954395507541991,0.07692307692307693,-0.05805192515927578,0.05722610722610723
866,all_blocks,Fisher,62,0.08876633678325906,0.16666666666666666,-0.04072675077434464,0.06491841491841492
878,all_blocks,Semantic,68,0.2599916020918425,0.07692307692307693,-0.045577737908920876,0.05141025641025641
878,all_blocks,Temperature,68,0.23911134862770544,0.07692307692307693,-0.026976371340229798,0.0641025641025641
878,all_blocks,Fisher,68,0.17624155437645533,0.0,0.02238233385502156,0.05961538461538461
879,all_blocks,Semantic,159,0.055024480534989255,0.06666666666666667,0.01758015882493432,0.06083214153292017
879,all_blocks,Temperature,159,0.1940261523764032,0.14285714285714285,0.013847325053737758,0.050775759073868075
879,all_blocks,Fisher,159,-0.0043348459517554335,0.10344827586206896,-0.022804663243372346,0.06092695587690026
883,all_blocks,Semantic,106,0.01802151296067713,0.1,0.006508300375343228,0.04221804511278195
883,all_blocks,Temperature,106,0.07348162329647077,0.1,-0.019433206539536996,0.06479949874686718
883,all_blocks,Fisher,106,0.04631584250699045,0.15789473684210525,0.011042144242637981,0.04142857142857143
887,all_blocks,Semantic,71,0.19510395707578804,0.23076923076923078,-0.02528001341381623,0.07344322344322345
887,all_blocks,Temperature,71,0.12743125419181756,0.23076923076923078,-0.03981723675385646,0.048571428571428564
887,all_blocks,Fisher,71,0.10845070422535211,0.23076923076923078,-0.028871562709590876,0.05296703296703296
890,all_blocks,Semantic,72,0.4426329667502734,0.14285714285714285,-0.017599202521062455,0.05582417582417583
890,all_blocks,Temperature,72,0.42954530837996013,0.14285714285714285,0.007791497845520616,0.04428571428571428
890,all_blocks,Fisher,72,0.5163997684738569,0.14285714285714285,0.060849572319763345,0.07714285714285712
894,all_blocks,Semantic,89,0.20992509363295883,0.2,0.003437180796731357,0.06906512605042017
894,all_blocks,Temperature,89,0.18180115764385432,0.2857142857142857,-0.015631596867551924,0.06485294117647059
894,all_blocks,Fisher,89,0.0660708205652026,0.2,0.028713823629553974,0.07323529411764707
896,all_blocks,Semantic,91,0.031485905398948875,0.1111111111111111,-0.007000318522057654,0.06291709666322669
896,all_blocks,Temperature,91,-0.22962255136168183,0.05263157894736842,0.023670966714444974,0.054093567251461985
896,all_blocks,Fisher,91,-0.1326644370122631,0.17647058823529413,-0.015040611562350694,0.05010319917440661
905,all_blocks,Semantic,57,0.18012704174228678,0.2,-0.034664246823956454,0.052727272727272734
905,all_blocks,Temperature,57,0.3135208711433757,0.2,-0.008095670210007783,0.05181818181818182
905,all_blocks,Fisher,57,0.14454239045890588,0.09090909090909091,-0.05245009074410164,0.04272727272727273
915,all_blocks,Semantic,60,0.14181717143651018,0.2,-0.014490136148930261,0.03636363636363636
915,all_blocks,Temperature,60,0.06185051403167548,0.09090909090909091,-0.02740205612670187,0.0609090909090909
915,all_blocks,Fisher,60,0.31097527090858573,0.09090909090909091,0.01793831619894415,0.05181818181818182
916,all_blocks,Semantic,76,0.21033492822966507,0.3333333333333333,-0.03307860560492139,0.04095238095238095
916,all_blocks,Temperature,76,0.28043745727956254,0.14285714285714285,-0.02698974709501025,0.06736263736263735
916,all_blocks,Fisher,76,0.39357484620642513,0.3333333333333333,0.009811346548188654,0.07439560439560439
918,all_blocks,Semantic,65,0.2950174825174825,0.07692307692307693,-0.006424825174825172,0.0391025641025641
918,all_blocks,Temperature,65,0.2020541958041958,0.16666666666666666,-0.0010008741258741235,0.07261072261072261
918,all_blocks,Fisher,65,0.2582167832167832,0.0,0.004005681818181821,0.08222610722610722
924,all_blocks,Semantic,113,0.2555891942244993,0.09090909090909091,0.06535032270942844,0.0918196677464412
924,all_blocks,Temperature,113,0.16664448732450599,0.14285714285714285,0.008982633575088165,0.07298849891527237
924,all_blocks,Fisher,113,0.1746290505023621,0.09090909090909091,-0.021612382726728337,0.052292490118577076
927,all_blocks,Semantic,67,0.19829994412961932,0.16666666666666666,0.014107271130976146,0.04807692307692307
927,all_blocks,Temperature,67,0.2737648655120121,0.16666666666666666,-0.0058783621996967034,0.0673076923076923
927,all_blocks,Fisher,67,0.2517758799584963,0.07692307692307693,-0.015340410248224124,0.04358974358974359
935,all_blocks,Semantic,96,-0.09074877916440585,0.1111111111111111,0.012818773738469883,0.057705538355693156
935,all_blocks,Temperature,96,0.021039066739012475,0.17647058823529413,0.013700488334237653,0.04391124871001031
935,all_blocks,Fisher,96,-0.17122897449810093,0.1111111111111111,0.02659997287032013,0.0586343309253526
936,all_blocks,Semantic,117,0.27174841523175824,0.2,0.0004623177329197162,0.06943534726143422
936,all_blocks,Temperature,117,0.32773606677756295,0.14285714285714285,0.0005698421975452922,0.08223037831733483
936,all_blocks,Fisher,117,0.16739348708957125,0.14285714285714285,-0.02669866175126257,0.05400903444381705
939,all_blocks,Semantic,59,0.02969023962594974,0.09090909090909091,-0.03989772063120983,0.055454545454545444
939,all_blocks,Temperature,59,0.23834015195791938,0.09090909090909091,-0.03190239625949738,0.05181818181818182
939,all_blocks,Fisher,59,0.1077147866744594,0.09090909090909091,-0.0041174751607247215,0.045454545454545456
958,all_blocks,Semantic,71,0.09557344064386318,0.14285714285714285,-0.043760898725687454,0.052490842490842494
958,all_blocks,Temperature,71,0.04292421193829644,0.23076923076923078,0.006666666666666661,0.05190476190476191
958,all_blocks,Fisher,71,0.10251509054325955,0.14285714285714285,0.003871562709590874,0.05142857142857142
961,all_blocks,Semantic,149,0.09235262107745329,0.1111111111111111,-0.007125340105205882,0.052424108458591225
961,all_blocks,Temperature,149,0.13700344639941958,0.1111111111111111,0.004045165971340465,0.05259041724558966
961,all_blocks,Fisher,149,0.2208198802829675,0.15384615384615385,0.03309504806820244,0.05067049808429119
963,all_blocks,Semantic,78,0.20092565662185913,0.23076923076923078,3.0349397438007157e-05,0.048095238095238094
963,all_blocks,Temperature,78,0.23706673073761683,0.23076923076923078,0.007094171651133683,0.03428571428571429
963,all_blocks,Fisher,78,0.24083511425283574,0.23076923076923078,-0.023309601790614448,0.0706959706959707
968,all_blocks,Semantic,60,0.2974715198666297,0.3333333333333333,0.009669352597943878,0.04272727272727273
968,all_blocks,Temperature,60,0.09569324812447903,0.3333333333333333,0.021144762434009447,0.06
968,all_blocks,Fisher,60,0.37293692692414565,0.09090909090909091,0.016140594609613784,0.042727272727272725
976,all_blocks,Semantic,97,-0.057490006311803066,0.17647058823529413,0.010814222596254997,0.07600189198486411
976,all_blocks,Temperature,97,-0.10684041657900271,0.17647058823529413,-0.01139214706501157,0.051148090815273474
976,all_blocks,Fisher,97,-0.035819482432148116,0.25,0.009725436566379132,0.050395596835225306
983,all_blocks,Semantic,73,0.09234234234234236,0.14285714285714285,-0.057774898185857106,0.048095238095238094
983,all_blocks,Temperature,73,0.25808342589164507,0.14285714285714285,-0.016901147723065536,0.0580952380952381
983,all_blocks,Fisher,73,0.27027027027027034,0.23076923076923078,-0.0032657657657657697,0.05761904761904761
993,all_blocks,Semantic,173,0.06182931521200014,0.09090909090909091,0.007571929857090541,0.06949404248502919
993,all_blocks,Temperature,173,0.09337786409927179,0.058823529411764705,0.015440525469218614,0.05814553093964858
993,all_blocks,Fisher,173,0.0949585363253311,0.09090909090909091,-0.010528273637075805,0.045828877005347594
995,all_blocks,Semantic,58,0.28062997939032275,0.2,-0.021563259405087826,0.06090909090909091
995,all_blocks,Temperature,58,0.2010827770771171,0.09090909090909091,-0.007582515611061552,0.06757575757575757
995,all_blocks,Fisher,58,0.1794887569596112,0.09090909090909091,0.05757790150419885,0.045454545454545456
996,all_blocks,Semantic,72,0.1824876197826227,0.23076923076923078,0.004353977747765128,0.05476190476190477
996,all_blocks,Temperature,72,0.2225223487040968,0.23076923076923078,-0.012385040838639139,0.07439560439560439
996,all_blocks,Fisher,72,0.01549938902823333,0.14285714285714285,-0.014984886487877037,0.06952380952380952
997,all_blocks,Semantic,72,0.10228953630458552,0.14285714285714285,0.004788089266190755,0.0557142857142857
997,all_blocks,Temperature,72,0.1457650009646923,0.14285714285714285,-0.018169978776770217,0.06249084249084249
997,all_blocks,Fisher,72,0.08749758826934209,0.06666666666666667,0.011749951765386842,0.041428571428571426
998,all_blocks,Semantic,65,0.2451048951048951,0.16666666666666666,-0.005904720279720282,0.06889277389277389
998,all_blocks,Temperature,65,0.08409090909090909,0.16666666666666666,0.007600524475524478,0.058974358974358966
998,all_blocks,Fisher,65,0.2582167832167832,0.07692307692307693,0.01940559440559441,0.0673076923076923
